period,approved_percent,bd_percent,debit_reversal_success_percent,td_percent,total_debit_reversal_count_in_mn,total_volume_in_mn,type_name,upi_remitter_banks
2020-01,91.5,5.57,82.78,2.93,,14.96,remitter,Airtel Payments Bank
2020-01,79.82,17.08,34.39,3.1,,11.63,remitter,Allahabad Bank
2020-01,93.3,5.78,79.94,0.92,,35.29,remitter,Andhra Bank
2020-01,96.81,2.95,89.37,0.24,,129.87,remitter,Axis Bank Ltd.
2020-01,90.0,9.04,86.93,0.96,,49.58,remitter,Bank of Baroda
2020-01,88.69,8.67,58.44,2.63,,39.25,remitter,Bank of India
2020-01,90.53,8.01,52.15,1.46,,15.86,remitter,Bank of Maharashtra
2020-01,87.92,11.05,63.31,1.04,,37.03,remitter,Canara Bank
2020-01,90.12,9.16,76.81,0.72,,26.45,remitter,Central Bank Of India
2020-01,95.17,4.06,51.16,0.77,,8.33,remitter,Citibank
2020-01,83.87,12.35,33.66,3.78,,13.51,remitter,Corporation Bank
2020-01,83.75,15.75,83.94,0.5,,12.35,remitter,Federal Bank
2020-01,94.62,4.78,72.73,0.6,,117.52,remitter,HDFC BANK LTD
2020-01,94.1,5.89,98.34,0.01,,91.71,remitter,ICICI Bank
2020-01,92.24,7.38,91.6,0.38,,19.19,remitter,IDBI Bank Limited
2020-01,91.45,7.94,70.06,0.61,,8.1,remitter,INDUSIND BANK
2020-01,87.25,10.26,33.14,2.49,,23.81,remitter,Indian Bank
2020-01,87.7,11.47,83.54,0.82,,13.25,remitter,Indian Overseas Bank
2020-01,86.02,12.9,45.3,1.08,,13.73,remitter,Karnataka Bank
2020-01,89.99,9.57,95.16,0.43,,7.4,remitter,Karur Vysya Bank
2020-01,92.94,6.55,74.91,0.51,,39.63,remitter,Kotak Mahindra Bank
2020-01,89.29,10.57,93.52,0.14,,11.67,remitter,Oriental Bank of Commerce
2020-01,92.79,7.18,98.87,0.03,,103.11,remitter,Paytm Payments Bank
2020-01,90.68,7.66,49.87,1.67,,52.28,remitter,Punjab National Bank
2020-01,91.61,6.9,68.36,1.49,,347.46,remitter,State Bank Of India
2020-01,92.91,6.48,77.11,0.61,,17.06,remitter,Syndicate Bank
2020-01,79.88,16.0,21.46,4.12,,11.39,remitter,UCO Bank
2020-01,92.37,6.98,73.1,0.65,,33.68,remitter,Union Bank of India
2020-01,83.3,16.19,97.87,0.51,,13.54,remitter,Vijaya Bank
2020-01,96.64,3.02,74.74,0.34,,21.22,remitter,Yes Bank Ltd
2020-02,91.92,5.85,92.45,2.24,,13.89,remitter,Airtel Payments Bank
2020-02,80.42,18.51,56.98,1.07,,12.18,remitter,Allahabad Bank
2020-02,94.29,5.34,84.95,0.38,,35.98,remitter,Andhra Bank
2020-02,96.38,3.32,76.77,0.3,,116.04,remitter,Axis Bank Ltd.
2020-02,91.74,7.25,62.73,1.01,,41.2,remitter,Bank Of India
2020-02,90.89,8.31,95.07,0.8,,50.88,remitter,Bank of Baroda
2020-02,91.52,8.21,90.64,0.27,,16.12,remitter,Bank of Maharashtra
2020-02,87.83,10.36,48.51,1.81,,38.1,remitter,Canara Bank
2020-02,90.94,8.58,86.64,0.48,,26.91,remitter,Central Bank Of India
2020-02,95.48,3.68,68.97,0.84,,8.54,remitter,Citibank
2020-02,84.76,11.47,33.21,3.76,,13.52,remitter,Corporation Bank
2020-02,89.97,8.64,83.3,1.39,,11.81,remitter,Federal Bank
2020-02,94.34,4.53,92.31,1.13,,120.61,remitter,HDFC BANK LTD
2020-02,94.15,5.8,94.62,0.05,,93.76,remitter,ICICI Bank
2020-02,93.27,6.58,95.5,0.15,,19.67,remitter,IDBI Bank Limited
2020-02,92.27,6.97,61.42,0.77,,8.42,remitter,INDUSIND BANK
2020-02,88.12,9.77,39.25,2.1,,24.87,remitter,Indian Bank
2020-02,85.38,11.4,73.45,3.22,,13.43,remitter,Indian Overseas Bank
2020-02,88.61,10.87,70.35,0.52,,14.09,remitter,Karnataka Bank
2020-02,89.52,9.1,78.06,1.38,,7.71,remitter,Karur Vysya Bank
2020-02,92.58,6.56,61.49,0.86,,40.8,remitter,Kotak Mahindra Bank
2020-02,91.77,8.2,99.25,0.03,,11.73,remitter,Oriental Bank of Commerce
2020-02,93.25,6.75,99.36,0.0,,115.52,remitter,Paytm Payments Bank
2020-02,85.03,7.94,74.06,7.03,,54.97,remitter,Punjab National Bank
2020-02,92.13,6.78,69.73,1.09,,349.84,remitter,State Bank Of India
2020-02,92.45,6.4,73.17,1.15,,17.42,remitter,Syndicate Bank
2020-02,84.16,15.51,81.33,0.33,,11.86,remitter,UCO Bank
2020-02,89.36,8.61,94.56,2.03,,35.16,remitter,Union Bank of India
2020-02,84.98,13.9,97.75,1.12,,13.4,remitter,Vijaya Bank
2020-02,95.67,3.64,83.17,0.69,,19.69,remitter,Yes Bank Ltd
2020-03,91.89,6.57,48.84,1.54,,12.78,remitter,Airtel Payments Bank
2020-03,76.73,22.2,30.63,1.07,,12.4,remitter,Allahabad Bank
2020-03,93.47,6.37,48.37,0.15,,35.02,remitter,Andhra Bank
2020-03,96.76,3.17,46.75,0.08,,112.34,remitter,Axis Bank Ltd.
2020-03,89.86,9.74,48.54,0.4,,49.82,remitter,Bank of Baroda
2020-03,91.28,7.93,38.88,0.8,,40.57,remitter,Bank of India
2020-03,90.37,8.89,37.87,0.74,,14.8,remitter,Bank of Maharashtra
2020-03,85.77,11.61,27.45,2.62,,36.42,remitter,Canara Bank
2020-03,90.74,8.87,47.5,0.39,,25.86,remitter,Central Bank Of India
2020-03,94.42,3.84,26.76,1.75,,7.45,remitter,Citibank
2020-03,84.54,13.18,28.35,2.27,,13.21,remitter,Corporation Bank
2020-03,94.76,4.99,42.92,0.25,,6.43,remitter,DBS Bank India Limited
2020-03,92.53,6.04,47.27,1.42,,11.14,remitter,Federal Bank
2020-03,94.74,4.91,48.92,0.35,,111.49,remitter,HDFC BANK LTD
2020-03,94.23,5.65,46.39,0.12,,91.56,remitter,ICICI Bank
2020-03,92.62,7.07,47.29,0.3,,19.04,remitter,IDBI Bank Limited
2020-03,88.07,10.01,25.32,1.92,,24.23,remitter,Indian Bank
2020-03,86.62,12.04,46.72,1.34,,13.5,remitter,Indian Overseas Bank
2020-03,89.99,7.62,24.87,2.4,,7.88,remitter,INDUSIND BANK
2020-03,88.6,11.25,45.38,0.15,,13.32,remitter,Karnataka Bank
2020-03,88.96,9.98,43.11,1.06,,7.42,remitter,Karur Vysya Bank
2020-03,92.57,6.76,48.25,0.68,,38.21,remitter,Kotak Mahindra Bank
2020-03,90.76,8.87,45.69,0.37,,11.29,remitter,Oriental Bank of Commerce
2020-03,92.33,7.67,46.43,0.01,,100.93,remitter,Paytm Payments Bank
2020-03,92.57,7.25,45.42,0.19,,51.47,remitter,Punjab National Bank
2020-03,90.72,7.44,32.13,1.84,,338.19,remitter,State Bank Of India
2020-03,92.16,6.97,39.22,0.88,,16.89,remitter,Syndicate Bank
2020-03,82.65,16.52,35.54,0.82,,11.75,remitter,UCO Bank
2020-03,89.16,9.32,47.34,1.52,,34.27,remitter,Union Bank of India
2020-03,83.1,16.03,49.34,0.87,,12.86,remitter,Vijaya Bank
2020-04,89.59,8.85,91.67,1.56,,9.12,remitter,Airtel Payments Bank
2020-04,71.65,26.44,34.76,1.91,,10.33,remitter,Allahabad Bank
2020-04,92.52,6.62,42.96,0.86,,26.67,remitter,Andhra Bank
2020-04,96.54,3.3,73.25,0.16,,92.96,remitter,Axis Bank Ltd.
2020-04,88.99,10.69,95.11,0.33,,42.49,remitter,Bank of Baroda
2020-04,90.83,8.31,51.05,0.86,,34.99,remitter,Bank of India
2020-04,90.69,9.14,91.22,0.17,,11.67,remitter,Bank of Maharashtra
2020-04,86.69,13.13,93.23,0.17,,29.14,remitter,Canara Bank
2020-04,89.9,9.33,70.74,0.77,,21.96,remitter,Central Bank Of India
2020-04,84.08,14.56,38.23,1.36,,10.97,remitter,Corporation Bank
2020-04,83.82,15.94,94.92,0.24,,5.9,remitter,Dena Bank
2020-04,93.1,6.71,96.31,0.19,,8.16,remitter,Federal Bank
2020-04,94.76,5.22,94.42,0.02,,65.05,remitter,ICICI Bank
2020-04,92.98,6.59,77.62,0.43,,15.18,remitter,IDBI Bank Limited
2020-04,87.61,11.12,40.07,1.27,,18.95,remitter,Indian Bank
2020-04,87.4,11.17,66.88,1.44,,11.02,remitter,Indian Overseas Bank
2020-04,91.84,7.72,70.14,0.44,,6.27,remitter,INDUSIND BANK
2020-04,94.79,5.03,97.41,0.18,,79.76,remitter,HDFC BANK LTD
2020-04,88.31,11.39,61.15,0.3,,9.31,remitter,Karnataka Bank
2020-04,87.03,11.37,45.59,1.61,,5.45,remitter,Karur Vysya Bank
2020-04,93.07,6.88,96.83,0.06,,25.96,remitter,Kotak Mahindra Bank
2020-04,88.06,11.92,95.92,0.03,,9.68,remitter,Oriental Bank of Commerce
2020-04,91.21,8.78,94.86,0.01,,68.72,remitter,Paytm Payments Bank
2020-04,89.71,9.01,50.55,1.28,,42.05,remitter,Punjab National Bank
2020-04,91.76,7.74,95.07,0.49,,298.45,remitter,State Bank Of India
2020-04,92.82,6.69,68.18,0.49,,12.92,remitter,Syndicate Bank
2020-04,82.62,17.04,72.55,0.33,,10.46,remitter,UCO Bank
2020-04,91.02,8.8,88.69,0.18,,28.49,remitter,Union Bank of India
2020-04,81.18,18.24,97.78,0.59,,10.19,remitter,Vijaya Bank
2020-04,91.33,8.64,97.26,0.03,,5.13,remitter,Yes Bank Ltd
2020-05,92.58,6.75,99.52,0.67,3.82,365.64,remitter,State Bank Of India
2020-05,96.54,2.62,30.63,0.84,1.04,124.97,remitter,Axis Bank Ltd.
2020-05,94.59,4.86,69.16,0.55,1.16,99.88,remitter,HDFC BANK LTD
2020-05,94.94,5.06,99.24,0.01,0.33,78.15,remitter,ICICI Bank
2020-05,91.7,8.3,98.62,0.0,0.41,74.64,remitter,Paytm Payments Bank
2020-05,93.2,6.7,90.86,0.11,0.5,50.95,remitter,Punjab National Bank
2020-05,90.89,8.45,91.65,0.67,0.51,49.75,remitter,Bank of Baroda
2020-05,92.85,6.68,64.46,0.47,0.53,42.52,remitter,Bank of India
2020-05,88.66,10.94,85.06,0.41,0.35,35.52,remitter,Canara Bank
2020-05,91.86,7.42,86.02,0.72,0.27,33.63,remitter,Union Bank of India
2020-05,94.4,5.36,77.65,0.24,0.25,32.92,remitter,Andhra Bank
2020-05,93.17,6.46,76.21,0.37,0.26,31.97,remitter,Kotak Mahindra Bank
2020-05,91.67,8.17,98.84,0.16,0.26,25.97,remitter,Central Bank Of India
2020-05,87.98,10.49,31.23,1.53,0.4,22.84,remitter,Indian Bank
2020-05,92.99,6.09,62.73,0.92,0.27,18.3,remitter,IDBI Bank Limited
2020-05,93.65,6.26,93.16,0.09,0.12,15.85,remitter,Syndicate Bank
2020-05,90.91,8.86,83.74,0.23,0.11,14.18,remitter,Bank of Maharashtra
2020-05,89.51,10.16,86.38,0.33,0.13,13.16,remitter,Indian Overseas Bank
2020-05,87.01,11.23,40.6,1.76,0.21,12.68,remitter,Corporation Bank
2020-05,84.96,14.83,82.4,0.22,0.12,12.48,remitter,UCO Bank
2020-05,82.7,14.35,98.67,2.94,0.34,12.25,remitter,Vijaya Bank
2020-05,74.67,21.64,19.79,3.69,0.44,11.63,remitter,Allahabad Bank
2020-05,89.19,10.5,91.91,0.31,0.11,11.42,remitter,Oriental Bank of Commerce
2020-05,87.66,10.54,22.76,1.8,0.24,11.37,remitter,Karnataka Bank
2020-05,95.55,4.38,99.64,0.07,0.03,10.58,remitter,Yes Bank Ltd
2020-05,90.34,9.33,87.8,0.33,0.07,10.5,remitter,Airtel Payments Bank
2020-05,94.24,5.23,87.18,0.53,0.1,10.16,remitter,Federal Bank
2020-05,93.01,6.74,76.09,0.26,0.07,7.52,remitter,INDUSIND BANK
2020-05,85.1,13.85,88.69,1.05,0.12,6.85,remitter,Dena Bank
2020-05,87.66,11.83,97.69,0.51,0.08,6.77,remitter,Karur Vysya Bank
2020-06,91.41,6.58,97.32,2.01,7.19,390.6,remitter,State Bank Of India
2020-06,96.77,3.05,90.63,0.19,0.51,119.3,remitter,Axis Bank Ltd.
2020-06,94.79,5.09,96.35,0.12,0.96,113.32,remitter,HDFC BANK LTD
2020-06,94.58,5.25,79.05,0.17,0.63,86.65,remitter,ICICI Bank
2020-06,92.06,7.93,90.29,0.01,0.56,84.36,remitter,Paytm Payments Bank
2020-06,91.91,7.93,87.88,0.16,0.65,56.52,remitter,Punjab National Bank
2020-06,90.69,8.72,94.7,0.59,0.59,53.61,remitter,Bank of Baroda
2020-06,93.18,6.48,76.99,0.35,0.58,45.81,remitter,Bank of India
2020-06,88.93,10.84,91.99,0.23,0.4,40.62,remitter,Canara Bank
2020-06,94.01,5.76,92.05,0.23,0.37,38.12,remitter,Andhra Bank
2020-06,92.58,6.71,96.81,0.71,0.3,37.05,remitter,Kotak Mahindra Bank
2020-06,90.56,7.78,88.15,1.67,0.35,36.66,remitter,Union Bank of India
2020-06,90.32,9.14,88.48,0.54,0.42,28.25,remitter,Central Bank Of India
2020-06,86.48,11.51,30.94,2.01,0.58,25.72,remitter,Indian Bank
2020-06,93.2,6.46,92.01,0.33,0.22,20.39,remitter,IDBI Bank Limited
2020-06,91.75,6.94,60.68,1.31,0.33,18.28,remitter,Syndicate Bank
2020-06,90.52,9.46,98.6,0.02,0.12,15.61,remitter,Bank of Maharashtra
2020-06,83.49,13.49,43.79,3.02,0.23,14.54,remitter,Corporation Bank
2020-06,89.49,9.99,92.61,0.52,0.16,14.5,remitter,Indian Overseas Bank
2020-06,88.92,9.72,30.45,1.35,0.28,13.85,remitter,Karnataka Bank
2020-06,84.43,13.91,44.68,1.65,0.27,13.33,remitter,UCO Bank
2020-06,82.33,14.5,99.18,3.16,0.26,13.24,remitter,Vijaya Bank
2020-06,89.69,10.27,98.66,0.04,0.11,12.69,remitter,Oriental Bank of Commerce
2020-06,94.33,5.09,99.03,0.58,0.14,12.22,remitter,Federal Bank
2020-06,94.63,5.04,73.7,0.33,0.08,12.21,remitter,Yes Bank Ltd
2020-06,81.36,16.88,33.95,1.75,0.28,12.02,remitter,Allahabad Bank
2020-06,89.04,10.45,78.3,0.52,0.11,11.8,remitter,Airtel Payments Bank
2020-06,93.27,6.65,95.4,0.08,0.07,8.69,remitter,INDUSIND BANK
2020-06,89.45,9.39,62.26,1.16,0.16,7.75,remitter,Karur Vysya Bank
2020-06,82.75,14.49,80.52,2.77,0.25,7.12,remitter,Dena Bank
2020-07,92.27,6.9,96.16,0.83,6.57,439.34,remitter,State Bank Of India
2020-07,94.76,4.8,93.17,0.44,1.82,125.56,remitter,HDFC BANK LTD
2020-07,96.33,3.28,71.65,0.4,0.94,123.62,remitter,Axis Bank Ltd.
2020-07,92.38,7.6,93.24,0.02,0.96,97.69,remitter,Paytm Payments Bank
2020-07,94.38,5.3,89.12,0.32,1.07,95.87,remitter,ICICI Bank
2020-07,92.12,7.58,82.07,0.3,1.07,63.91,remitter,Punjab National Bank
2020-07,89.63,8.35,91.52,2.02,0.95,61.78,remitter,Bank of Baroda
2020-07,91.04,6.92,40.02,2.04,1.74,52.24,remitter,Bank of India
2020-07,80.28,16.99,61.15,2.73,1.41,48.75,remitter,Canara Bank
2020-07,93.18,6.07,72.68,0.75,0.8,42.97,remitter,Andhra Bank
2020-07,89.76,7.09,86.18,3.15,0.59,41.64,remitter,Union Bank of India
2020-07,90.64,6.57,64.78,2.8,1.19,41.49,remitter,Kotak Mahindra Bank
2020-07,91.09,8.46,88.54,0.45,0.55,31.54,remitter,Central Bank Of India
2020-07,86.4,11.28,11.36,2.32,0.82,29.54,remitter,Indian Bank
2020-07,93.34,6.37,94.38,0.28,0.33,23.09,remitter,IDBI Bank Limited
2020-07,91.85,7.07,69.14,1.08,0.44,20.9,remitter,Syndicate Bank
2020-07,90.02,9.61,91.37,0.37,0.19,17.64,remitter,Bank of Maharashtra
2020-07,88.91,10.18,83.97,0.91,0.35,16.83,remitter,Indian Overseas Bank
2020-07,85.83,12.28,49.4,1.89,0.36,16.53,remitter,Corporation Bank
2020-07,86.44,13.12,79.4,0.43,0.24,15.49,remitter,UCO Bank
2020-07,87.99,11.56,89.32,0.45,0.19,15.3,remitter,Airtel Payments Bank
2020-07,85.98,10.8,31.3,3.22,0.42,15.13,remitter,Karnataka Bank
2020-07,90.08,9.88,98.13,0.04,0.17,14.21,remitter,Oriental Bank of Commerce
2020-07,84.4,13.92,90.48,1.68,0.3,14.14,remitter,Vijaya Bank
2020-07,94.49,5.23,97.7,0.28,0.15,14.02,remitter,Federal Bank
2020-07,80.8,15.73,27.76,3.48,0.54,13.36,remitter,Allahabad Bank
2020-07,94.52,4.24,31.76,1.25,0.22,13.24,remitter,Yes Bank Ltd
2020-07,92.54,6.72,72.22,0.74,0.16,10.14,remitter,INDUSIND BANK
2020-07,87.21,9.9,55.86,2.89,0.35,8.92,remitter,Karur Vysya Bank
2020-07,85.0,14.02,96.65,0.98,0.17,7.95,remitter,Dena Bank
2020-08,87.93,8.26,83.53,3.81,13.73,447.03,remitter,State Bank Of India
2020-08,96.12,3.24,69.01,0.64,1.91,143.37,remitter,Axis Bank Ltd.
2020-08,94.9,4.85,97.91,0.25,2.77,141.51,remitter,HDFC BANK LTD
2020-08,91.93,8.04,97.72,0.04,1.61,111.45,remitter,Paytm Payments Bank
2020-08,94.7,5.26,96.57,0.04,1.51,107.44,remitter,ICICI Bank
2020-08,90.49,8.46,77.74,1.04,2.18,70.38,remitter,Punjab National Bank
2020-08,88.81,8.72,61.53,2.47,2.48,70.05,remitter,Bank of Baroda
2020-08,92.71,6.65,76.98,0.64,1.57,58.45,remitter,Bank of India
2020-08,79.19,15.66,46.13,5.15,2.81,52.21,remitter,Canara Bank
2020-08,91.62,6.75,85.68,1.64,1.09,47.48,remitter,Kotak Mahindra Bank
2020-08,90.36,7.3,85.78,2.34,1.27,46.46,remitter,Union Bank of India
2020-08,93.38,6.08,87.33,0.53,1.29,46.1,remitter,Andhra Bank
2020-08,90.7,8.32,79.79,0.99,1.06,35.27,remitter,Central Bank Of India
2020-08,85.91,11.64,46.87,2.45,1.16,33.17,remitter,Indian Bank
2020-08,93.24,6.24,94.96,0.52,0.59,25.65,remitter,IDBI Bank Limited
2020-08,89.48,9.13,95.36,1.38,0.67,24.14,remitter,Syndicate Bank
2020-08,90.85,8.91,96.52,0.24,0.33,19.96,remitter,Bank of Maharashtra
2020-08,89.64,9.95,94.47,0.42,0.42,18.84,remitter,Indian Overseas Bank
2020-08,80.61,13.61,57.55,5.78,0.59,18.35,remitter,Corporation Bank
2020-08,87.45,12.03,92.84,0.52,0.31,18.17,remitter,Airtel Payments Bank
2020-08,87.15,12.0,74.06,0.85,0.49,17.58,remitter,Karnataka Bank
2020-08,86.43,13.01,84.65,0.56,0.42,17.45,remitter,UCO Bank
2020-08,94.24,5.16,99.9,0.61,0.3,16.04,remitter,Federal Bank
2020-08,95.79,4.0,91.7,0.21,0.13,15.89,remitter,Yes Bank Ltd
2020-08,89.64,10.2,95.85,0.16,0.3,15.46,remitter,Oriental Bank of Commerce
2020-08,79.65,15.65,43.53,4.69,0.62,14.79,remitter,Allahabad Bank
2020-08,75.03,11.89,82.84,nan,0.46,13.42,remitter,Vijaya Bank
2020-08,90.56,8.03,74.89,1.4,0.27,11.49,remitter,INDUSIND BANK
2020-08,86.62,11.28,68.36,2.1,0.4,9.99,remitter,Karur Vysya Bank
2020-08,84.54,14.39,96.41,1.07,0.25,8.88,remitter,Dena Bank
2020-09,87.59,7.1,78.49,5.31,8.04,510.21,remitter,State Bank Of India
2020-09,95.22,3.2,35.52,1.58,1.72,157.86,remitter,Axis Bank Ltd.
2020-09,93.96,5.18,88.64,0.87,1.96,154.17,remitter,HDFC BANK LTD
2020-09,91.66,8.05,98.28,0.29,1.14,132.54,remitter,Paytm Payments Bank
2020-09,94.21,5.1,81.95,0.7,0.89,115.58,remitter,ICICI Bank
2020-09,89.11,9.37,88.26,1.52,1.32,83.91,remitter,Bank of Baroda
2020-09,90.66,7.14,41.98,2.2,1.88,77.22,remitter,Punjab National Bank
2020-09,90.42,6.49,33.36,3.09,1.85,64.83,remitter,Bank of India
2020-09,77.53,16.54,45.26,5.93,1.62,58.48,remitter,Canara Bank
2020-09,91.57,6.84,83.96,1.59,1.01,54.76,remitter,Kotak Mahindra Bank
2020-09,89.43,7.51,90.26,3.05,0.6,51.8,remitter,Union Bank of India
2020-09,92.79,6.32,71.48,0.88,0.65,50.98,remitter,Andhra Bank
2020-09,90.41,8.33,68.25,1.26,0.7,39.02,remitter,Central Bank Of India
2020-09,84.64,11.73,21.44,3.63,1.18,36.1,remitter,Indian Bank
2020-09,92.1,6.11,69.89,1.79,0.45,28.16,remitter,IDBI Bank Limited
2020-09,91.51,7.8,94.94,0.69,0.37,26.67,remitter,Syndicate Bank
2020-09,91.03,8.88,96.83,0.09,0.16,22.41,remitter,Bank of Maharashtra
2020-09,88.27,11.35,88.29,0.38,0.21,22.22,remitter,Airtel Payments Bank
2020-09,89.1,9.84,80.06,1.06,0.36,20.51,remitter,Indian Overseas Bank
2020-09,96.22,3.55,96.83,0.23,0.09,20.33,remitter,Yes Bank Ltd
2020-09,85.06,13.66,58.94,1.28,0.26,20.01,remitter,Karnataka Bank
2020-09,83.61,11.64,52.62,4.75,0.32,19.58,remitter,Corporation Bank
2020-09,84.63,13.57,65.16,1.8,0.27,18.88,remitter,UCO Bank
2020-09,92.66,5.41,98.7,1.93,0.41,17.62,remitter,Federal Bank
2020-09,90.76,9.2,99.16,0.04,0.15,16.69,remitter,Oriental Bank of Commerce
2020-09,79.35,17.59,44.87,3.06,0.35,16.11,remitter,Allahabad Bank
2020-09,91.46,7.09,71.82,1.45,0.15,12.45,remitter,INDUSIND BANK
2020-09,83.19,13.81,69.75,3.0,0.26,11.14,remitter,Karur Vysya Bank
2020-09,83.69,12.53,65.04,3.77,0.31,9.69,remitter,Dena Bank
2020-09,79.87,7.7,37.71,12.44,0.97,9.28,remitter,United Bank of India
2020-10,89.15,7.1,83.88,3.74,13.16,599.24,remitter,State Bank Of India
2020-10,96.64,3.2,91.35,0.16,0.96,184.44,remitter,Axis Bank Ltd.
2020-10,94.37,4.83,90.81,0.81,2.52,179.5,remitter,HDFC BANK LTD
2020-10,91.66,8.33,99.71,0.02,1.23,138.93,remitter,Paytm Payments Bank
2020-10,93.9,5.85,91.11,0.26,1.14,133.83,remitter,ICICI Bank
2020-10,90.04,8.68,94.27,1.28,1.38,99.49,remitter,Bank of Baroda
2020-10,90.22,8.2,60.14,1.58,1.75,85.59,remitter,Punjab National Bank
2020-10,88.82,6.93,29.46,4.25,2.71,72.41,remitter,Bank of India
2020-10,73.19,17.02,60.12,9.8,2.3,64.99,remitter,Canara Bank
2020-10,91.12,6.51,83.94,2.36,1.05,63.31,remitter,Kotak Mahindra Bank
2020-10,88.51,7.42,76.47,4.06,0.84,60.35,remitter,Union Bank of India
2020-10,91.86,5.77,47.66,2.37,1.29,57.46,remitter,Andhra Bank
2020-10,90.9,8.51,86.96,0.59,0.64,44.04,remitter,Central Bank Of India
2020-10,84.23,11.85,27.99,3.92,1.37,41.54,remitter,Indian Bank
2020-10,93.46,6.26,95.86,0.28,0.37,32.13,remitter,IDBI Bank Limited
2020-10,91.82,6.75,93.26,1.43,0.61,30.81,remitter,Syndicate Bank
2020-10,91.04,8.76,94.09,0.21,0.22,26.18,remitter,Bank of Maharashtra
2020-10,96.16,3.5,96.94,0.34,0.12,26.09,remitter,Yes Bank Ltd
2020-10,89.7,9.55,93.54,0.74,0.38,23.44,remitter,Indian Overseas Bank
2020-10,86.15,12.94,70.78,0.92,0.35,23.12,remitter,Karnataka Bank
2020-10,87.33,12.09,78.25,0.58,0.28,20.94,remitter,UCO Bank
2020-10,86.47,12.94,83.01,0.59,0.26,20.94,remitter,Airtel Payments Bank
2020-10,92.97,5.59,89.57,1.44,0.36,20.42,remitter,Federal Bank
2020-10,70.79,14.37,30.74,14.84,0.58,20.18,remitter,Corporation Bank
2020-10,90.59,9.37,98.99,0.04,0.19,18.46,remitter,Oriental Bank of Commerce
2020-10,79.64,18.91,46.29,1.45,0.34,18.42,remitter,Allahabad Bank
2020-10,93.08,6.62,98.99,0.31,0.15,15.78,remitter,INDUSIND BANK
2020-10,84.75,13.09,68.34,2.15,0.26,12.48,remitter,Karur Vysya Bank
2020-10,79.84,16.66,96.39,3.49,0.33,10.63,remitter,Dena Bank
2020-10,86.09,9.46,61.72,4.46,0.61,9.9,remitter,United Bank of India
2020-11,90.52,6.35,91.7,3.12,11.95,607.92,remitter,State Bank Of India
2020-11,97.16,2.27,44.6,0.56,1.75,241.92,remitter,Axis Bank Ltd.
2020-11,93.46,4.69,89.06,1.85,4.01,179.4,remitter,HDFC BANK LTD
2020-11,92.71,7.22,95.01,0.08,1.23,169.25,remitter,Paytm Payments Bank
2020-11,94.69,5.1,88.16,0.2,1.08,140.01,remitter,ICICI Bank
2020-11,91.97,7.49,99.31,0.54,1.0,101.93,remitter,Bank of Baroda
2020-11,90.79,7.2,46.09,2.01,1.96,84.8,remitter,Punjab National Bank
2020-11,89.67,7.03,37.24,3.3,2.02,70.54,remitter,Bank of India
2020-11,93.55,6.12,95.95,0.34,0.69,66.39,remitter,Kotak Mahindra Bank
2020-11,88.51,6.69,35.73,4.8,1.95,63.99,remitter,Union Bank of India
2020-11,87.21,12.04,92.14,0.75,0.75,63.22,remitter,Canara Bank
2020-11,92.57,5.21,49.4,2.21,1.24,58.25,remitter,Andhra Bank
2020-11,90.87,8.38,82.55,0.75,0.68,44.74,remitter,Central Bank Of India
2020-11,84.74,11.28,22.89,3.98,1.37,42.49,remitter,Indian Bank
2020-11,94.16,5.71,94.42,0.13,0.34,31.84,remitter,IDBI Bank Limited
2020-11,91.75,6.88,86.03,1.36,0.51,31.56,remitter,Syndicate Bank
2020-11,96.81,2.96,97.91,0.24,0.08,27.62,remitter,Yes Bank Ltd
2020-11,91.84,8.06,96.6,0.1,0.2,26.56,remitter,Bank of Maharashtra
2020-11,88.47,11.16,92.44,0.38,0.23,26.03,remitter,Airtel Payments Bank
2020-11,89.92,8.86,93.64,1.22,0.32,24.16,remitter,Indian Overseas Bank
2020-11,86.8,12.4,70.4,0.8,0.26,22.93,remitter,Karnataka Bank
2020-11,87.87,11.8,86.56,0.33,0.23,21.89,remitter,UCO Bank
2020-11,94.3,4.99,92.41,0.7,0.26,21.63,remitter,Federal Bank
2020-11,82.35,15.79,55.58,1.86,0.31,18.22,remitter,Allahabad Bank
2020-11,90.4,9.52,98.12,0.08,0.16,17.34,remitter,Oriental Bank of Commerce
2020-11,93.39,6.46,98.67,0.15,0.13,16.37,remitter,INDUSIND BANK
2020-11,68.35,18.12,33.51,13.53,0.4,14.34,remitter,Corporation Bank
2020-11,87.63,11.27,75.32,1.1,0.19,12.67,remitter,Karur Vysya Bank
2020-11,88.86,9.76,85.1,1.38,0.45,10.61,remitter,United Bank of India
2020-11,94.79,3.83,97.47,1.38,0.08,9.62,remitter,Citibank
2020-12,84.83,6.21,80.14,8.96,23.27,641.62,remitter,State Bank Of India
2020-12,94.86,4.59,95.95,0.55,2.31,198.89,remitter,HDFC BANK LTD
2020-12,96.53,3.15,77.68,0.32,1.33,189.24,remitter,Axis Bank Ltd.
2020-12,94.26,4.9,76.34,0.85,1.77,150.54,remitter,ICICI Bank
2020-12,91.57,8.4,99.14,0.03,1.36,147.56,remitter,Paytm Payments Bank
2020-12,90.92,7.97,91.52,1.11,1.54,116.17,remitter,Bank of Baroda
2020-12,88.78,10.3,63.13,0.92,2.08,107.95,remitter,Punjab National Bank
2020-12,81.37,7.88,33.69,10.75,3.9,80.6,remitter,Union Bank of India
2020-12,91.4,6.66,46.17,1.94,1.99,78.57,remitter,Bank of India
2020-12,93.16,6.29,97.27,0.55,0.81,73.67,remitter,Kotak Mahindra Bank
2020-12,88.32,11.52,96.95,0.16,0.76,70.49,remitter,Canara Bank
2020-12,93.37,5.61,73.78,1.01,1.17,62.89,remitter,Andhra Bank
2020-12,91.02,8.38,87.9,0.6,0.81,48.68,remitter,Central Bank Of India
2020-12,85.9,11.22,35.7,2.87,1.18,46.22,remitter,Indian Bank
2020-12,93.71,5.95,94.35,0.34,0.49,34.93,remitter,IDBI Bank Limited
2020-12,91.65,6.64,86.78,1.71,0.74,33.58,remitter,Syndicate Bank
2020-12,94.81,4.64,77.38,0.55,0.18,29.27,remitter,Yes Bank Ltd
2020-12,90.86,8.09,81.96,1.05,0.31,28.88,remitter,Bank of Maharashtra
2020-12,89.73,8.6,91.33,1.66,0.49,26.12,remitter,Indian Overseas Bank
2020-12,87.79,10.85,58.6,1.36,0.38,24.69,remitter,Karnataka Bank
2020-12,86.9,12.73,95.38,0.37,0.26,23.96,remitter,Airtel Payments Bank
2020-12,92.8,4.97,91.4,2.23,0.61,23.79,remitter,Federal Bank
2020-12,88.73,10.42,75.61,0.85,0.37,22.99,remitter,UCO Bank
2020-12,83.52,13.95,52.77,2.54,0.44,18.76,remitter,Allahabad Bank
2020-12,93.66,6.28,98.55,0.06,0.18,18.08,remitter,INDUSIND BANK
2020-12,87.53,10.67,74.03,1.8,0.28,14.16,remitter,Karur Vysya Bank
2020-12,91.32,8.49,89.13,0.19,0.11,11.02,remitter,IDFC FIRST Bank
2020-12,93.84,3.87,76.86,2.3,0.11,10.43,remitter,Citibank
2020-12,95.18,4.74,91.51,0.08,0.08,9.74,remitter,DBS Bank India Limited
2020-12,82.92,12.53,64.25,4.55,0.53,9.47,remitter,United Bank of India
2021-01,91.73,6.83,98.04,1.44,9.19,664.75,remitter,State Bank Of India
2021-01,94.03,4.62,94.83,1.35,2.29,206.65,remitter,HDFC BANK LTD
2021-01,96.39,3.51,87.2,0.1,1.06,173.38,remitter,Axis Bank Ltd.
2021-01,92.81,5.22,51.74,1.97,2.79,152.06,remitter,ICICI Bank
2021-01,91.85,8.1,96.8,0.05,1.24,145.61,remitter,Paytm Payments Bank
2021-01,91.48,8.04,98.0,0.47,1.19,126.31,remitter,Bank of Baroda
2021-01,90.22,8.13,54.16,1.66,2.34,118.43,remitter,Punjab National Bank
2021-01,79.75,7.36,26.29,12.89,6.05,85.95,remitter,Union Bank of India
2021-01,93.02,6.46,77.87,0.51,0.93,82.24,remitter,Bank of India
2021-01,81.13,16.74,87.68,2.14,1.93,81.7,remitter,Canara Bank
2021-01,93.18,6.37,96.69,0.45,0.88,77.16,remitter,Kotak Mahindra Bank
2021-01,78.09,11.51,44.84,10.4,3.08,56.64,remitter,Andhra Bank
2021-01,91.81,7.57,93.02,0.62,0.75,50.57,remitter,Central Bank Of India
2021-01,80.15,10.02,20.01,9.83,1.68,47.13,remitter,Indian Bank
2021-01,94.24,5.58,91.95,0.18,0.38,36.09,remitter,IDBI Bank Limited
2021-01,91.82,7.89,91.68,0.29,0.19,30.11,remitter,Bank of Maharashtra
2021-01,90.17,8.81,88.21,1.02,0.55,26.87,remitter,Indian Overseas Bank
2021-01,84.61,13.29,51.12,2.1,0.48,25.46,remitter,Karnataka Bank
2021-01,92.71,5.79,80.11,1.5,0.45,24.88,remitter,Federal Bank
2021-01,96.0,3.67,90.32,0.33,0.1,24.84,remitter,Yes Bank Ltd
2021-01,90.0,9.67,86.51,0.33,0.26,23.81,remitter,UCO Bank
2021-01,85.68,13.36,92.93,0.96,0.25,23.49,remitter,Airtel Payments Bank
2021-01,86.86,12.25,81.38,0.89,0.35,22.49,remitter,Syndicate Bank
2021-01,84.13,14.52,64.6,1.36,0.28,19.9,remitter,Allahabad Bank
2021-01,93.75,6.04,91.9,0.21,0.17,19.48,remitter,INDUSIND BANK
2021-01,89.3,9.71,81.19,0.98,0.27,14.37,remitter,Karur Vysya Bank
2021-01,90.52,8.36,53.23,1.12,0.17,11.91,remitter,IDFC FIRST Bank
2021-01,94.64,3.74,97.85,1.62,0.08,10.75,remitter,Citibank
2021-01,95.01,4.85,84.49,0.14,0.08,10.0,remitter,DBS Bank India Limited
2021-01,91.83,7.8,87.35,0.37,0.1,9.22,remitter,South Indian Bank
2021-02,91.34,7.45,98.57,1.2,5.99,656.92,remitter,State Bank Of India
2021-02,95.22,4.47,96.58,0.31,1.62,207.27,remitter,HDFC BANK LTD
2021-02,94.94,4.24,94.04,0.83,1.16,164.27,remitter,Axis Bank Ltd.
2021-02,92.45,7.43,94.04,0.11,1.16,149.32,remitter,Paytm Payments Bank
2021-02,93.94,5.19,89.58,0.87,1.62,148.98,remitter,ICICI Bank
2021-02,92.15,7.46,96.68,0.39,0.96,131.16,remitter,Bank of Baroda
2021-02,92.55,6.74,81.62,0.7,1.6,119.36,remitter,Punjab National Bank
2021-02,82.83,16.34,93.72,0.83,0.98,95.94,remitter,Canara Bank
2021-02,88.13,7.67,29.11,4.2,2.77,88.8,remitter,Union Bank of India
2021-02,92.52,6.0,59.05,1.49,1.03,82.65,remitter,Bank of India
2021-02,92.91,6.4,88.21,0.68,0.7,77.82,remitter,Kotak Mahindra Bank
2021-02,92.09,7.33,89.69,0.58,0.53,50.38,remitter,Central Bank Of India
2021-02,76.63,13.09,28.43,10.28,2.83,49.48,remitter,Indian Bank
2021-02,97.53,2.26,72.17,0.21,0.1,39.68,remitter,Yes Bank Ltd
2021-02,79.45,5.54,38.41,15.0,4.15,37.01,remitter,Andhra Bank
2021-02,94.01,5.56,86.58,0.42,0.33,35.83,remitter,IDBI Bank Limited
2021-02,89.64,7.65,55.28,2.7,0.3,30.01,remitter,Bank of Maharashtra
2021-02,90.51,8.46,78.83,1.04,0.39,26.85,remitter,Indian Overseas Bank
2021-02,86.33,12.34,44.82,1.33,0.28,25.05,remitter,Karnataka Bank
2021-02,93.98,4.87,80.81,1.14,0.29,24.62,remitter,Federal Bank
2021-02,85.71,12.71,76.89,1.58,0.26,23.49,remitter,Airtel Payments Bank
2021-02,92.08,7.27,79.83,0.65,0.22,23.29,remitter,UCO Bank
2021-02,92.63,5.83,93.58,1.54,0.37,20.08,remitter,INDUSIND BANK
2021-02,90.19,9.07,84.39,0.73,0.14,14.33,remitter,Karur Vysya Bank
2021-02,90.59,8.6,58.86,0.81,0.12,12.25,remitter,IDFC FIRST Bank
2021-02,94.32,3.73,89.88,1.95,0.06,10.42,remitter,Citibank
2021-02,94.85,4.71,58.17,0.44,0.08,9.98,remitter,DBS Bank India Limited
2021-02,92.95,6.05,78.37,1.0,0.07,8.94,remitter,South Indian Bank
2021-02,89.7,6.73,52.09,3.58,0.16,8.93,remitter,Bandhan Bank
2021-02,77.23,15.94,25.88,6.83,0.28,8.47,remitter,Allahabad Bank
2021-03,92.28,6.82,98.23,0.9,5.92,775.55,remitter,State Bank Of India
2021-03,95.27,4.6,98.98,0.13,1.46,244.63,remitter,HDFC BANK LTD
2021-03,95.57,3.83,49.92,0.6,1.29,186.9,remitter,Axis Bank Ltd.
2021-03,94.03,4.95,78.93,1.01,1.99,173.82,remitter,ICICI Bank
2021-03,92.65,7.3,96.79,0.05,1.18,173.09,remitter,Paytm Payments Bank
2021-03,91.83,7.82,98.51,0.34,0.95,158.7,remitter,Bank of Baroda
2021-03,91.4,7.15,52.57,1.45,2.31,142.78,remitter,Punjab National Bank
2021-03,86.74,12.92,94.73,0.34,0.81,114.82,remitter,Canara Bank
2021-03,89.95,7.93,50.67,2.12,1.47,111.46,remitter,Union Bank of India
2021-03,93.09,6.2,70.57,0.71,0.9,98.25,remitter,Bank of India
2021-03,92.83,6.31,95.37,0.85,0.74,92.3,remitter,Kotak Mahindra Bank
2021-03,82.44,11.17,61.89,6.39,3.38,70.06,remitter,Indian Bank
2021-03,91.3,7.45,72.23,1.25,0.92,59.96,remitter,Central Bank Of India
2021-03,89.04,5.84,53.1,5.12,1.83,42.91,remitter,Andhra Bank
2021-03,93.87,5.74,81.81,0.39,0.33,42.09,remitter,IDBI Bank Limited
2021-03,95.9,3.79,64.84,0.3,0.14,41.87,remitter,Yes Bank Ltd
2021-03,91.7,7.58,66.45,0.73,0.26,34.72,remitter,Bank of Maharashtra
2021-03,89.97,8.12,80.36,1.9,0.26,32.17,remitter,Indian Overseas Bank
2021-03,88.68,10.46,47.47,0.86,0.26,29.55,remitter,Karnataka Bank
2021-03,94.69,4.98,95.02,0.34,0.19,29.44,remitter,Federal Bank
2021-03,86.81,11.89,79.67,1.3,0.34,27.69,remitter,Airtel Payments Bank
2021-03,91.61,7.08,65.28,1.31,0.29,27.59,remitter,UCO Bank
2021-03,93.6,5.52,64.05,0.88,0.25,25.71,remitter,INDUSIND BANK
2021-03,87.89,8.77,52.35,3.34,0.26,17.17,remitter,Karur Vysya Bank
2021-03,92.23,7.33,69.82,0.45,0.11,14.72,remitter,IDFC FIRST Bank
2021-03,94.88,4.1,96.34,1.02,0.05,11.77,remitter,Citibank
2021-03,93.74,4.78,31.44,1.48,0.14,11.45,remitter,DBS Bank India Limited
2021-03,92.65,7.21,95.0,0.14,0.06,10.9,remitter,South Indian Bank
2021-03,89.71,6.66,73.45,3.63,0.13,10.57,remitter,Bandhan Bank
2021-03,84.73,14.66,91.41,0.6,0.07,9.63,remitter,City Union Bank
2021-04,92.11,6.82,98.22,1.07,4.94,755.71,remitter,State Bank Of India
2021-04,95.04,4.78,98.34,0.17,1.4,231.53,remitter,HDFC BANK LTD
2021-04,95.73,3.85,47.69,0.42,1.3,191.12,remitter,Axis Bank Ltd.
2021-04,94.76,5.0,79.37,0.24,0.83,164.83,remitter,ICICI Bank
2021-04,92.68,7.32,99.61,0.01,1.17,164.47,remitter,Paytm Payments Bank
2021-04,92.02,7.6,99.47,0.38,0.87,152.8,remitter,Bank of Baroda
2021-04,91.54,7.32,50.87,1.14,1.85,132.92,remitter,Punjab National Bank
2021-04,90.94,8.43,71.29,0.63,1.0,113.21,remitter,Union Bank of India
2021-04,88.46,11.28,94.91,0.26,0.74,112.33,remitter,Canara Bank
2021-04,94.05,5.3,73.72,0.65,0.9,93.46,remitter,Bank of India
2021-04,93.1,6.07,87.31,0.83,0.88,88.09,remitter,Kotak Mahindra Bank
2021-04,74.06,12.29,60.33,13.65,6.44,67.27,remitter,Indian Bank
2021-04,91.22,7.86,69.51,0.92,0.69,56.36,remitter,Central Bank Of India
2021-04,93.55,5.13,64.54,1.32,0.7,42.5,remitter,Andhra Bank
2021-04,93.8,5.79,82.06,0.41,0.3,39.68,remitter,IDBI Bank Limited
2021-04,96.17,3.41,77.45,0.42,0.11,34.68,remitter,Yes Bank Ltd
2021-04,91.89,8.0,97.38,0.11,0.17,31.71,remitter,Bank of Maharashtra
2021-04,91.44,7.96,82.14,0.6,0.29,31.12,remitter,Indian Overseas Bank
2021-04,87.39,11.64,87.2,0.97,0.27,29.38,remitter,Airtel Payments Bank
2021-04,89.27,10.07,56.89,0.67,0.22,28.29,remitter,Karnataka Bank
2021-04,94.19,5.49,99.33,0.32,0.18,27.97,remitter,Federal Bank
2021-04,92.77,6.79,80.4,0.44,0.21,26.88,remitter,UCO Bank
2021-04,94.35,5.62,99.3,0.02,0.12,24.93,remitter,INDUSIND BANK
2021-04,85.46,9.19,46.93,5.35,0.56,16.52,remitter,Karur Vysya Bank
2021-04,92.21,6.94,49.66,0.85,0.16,14.24,remitter,IDFC FIRST Bank
2021-04,95.02,3.71,96.64,1.27,0.04,10.92,remitter,Citibank
2021-04,93.95,5.58,80.7,0.47,0.06,10.49,remitter,DBS Bank India Limited
2021-04,91.33,6.72,75.82,1.94,0.08,10.44,remitter,Bandhan Bank
2021-04,92.44,7.48,99.18,0.08,0.05,10.3,remitter,South Indian Bank
2021-04,86.61,13.33,95.25,0.06,0.06,9.15,remitter,India Post Payment Bank
2021-05,92.51,6.41,92.21,1.08,5.84,738.71,remitter,State Bank Of India
2021-05,95.06,4.88,99.95,0.06,1.18,215.12,remitter,HDFC BANK LTD
2021-05,96.07,3.82,87.97,0.11,0.68,172.04,remitter,Axis Bank Ltd.
2021-05,94.68,5.25,94.54,0.08,0.65,151.71,remitter,ICICI Bank
2021-05,92.12,7.64,99.05,0.24,0.92,150.93,remitter,Bank of Baroda
2021-05,92.98,6.91,98.13,0.11,1.01,145.0,remitter,Paytm Payments Bank
2021-05,91.52,7.01,67.83,1.47,1.32,130.87,remitter,Punjab National Bank
2021-05,91.79,7.65,74.53,0.56,0.95,114.27,remitter,Union Bank of India
2021-05,88.62,10.72,89.29,0.66,1.09,107.2,remitter,Canara Bank
2021-05,94.63,4.98,83.13,0.39,0.79,92.96,remitter,Bank of India
2021-05,93.13,5.82,94.86,1.05,1.09,82.44,remitter,Kotak Mahindra Bank
2021-05,83.33,10.97,52.58,5.7,2.35,62.87,remitter,Indian Bank
2021-05,92.12,7.54,94.12,0.34,0.51,55.45,remitter,Central Bank Of India
2021-05,94.6,4.63,68.15,0.77,0.44,40.94,remitter,Andhra Bank
2021-05,94.16,5.54,92.16,0.3,0.25,38.53,remitter,IDBI Bank Limited
2021-05,92.31,7.56,96.64,0.12,0.16,32.23,remitter,Bank of Maharashtra
2021-05,96.81,3.07,98.55,0.12,0.07,32.04,remitter,Yes Bank Ltd
2021-05,91.82,7.25,90.21,0.93,0.22,30.28,remitter,Indian Overseas Bank
2021-05,86.78,12.01,91.25,1.21,0.24,29.46,remitter,Airtel Payments Bank
2021-05,92.91,6.58,87.96,0.51,0.2,26.2,remitter,UCO Bank
2021-05,94.72,5.14,97.81,0.14,0.12,25.31,remitter,Federal Bank
2021-05,89.2,9.92,52.21,0.87,0.2,24.68,remitter,Karnataka Bank
2021-05,93.81,6.13,98.59,0.06,0.12,22.54,remitter,INDUSIND BANK
2021-05,89.7,9.33,71.62,0.98,0.14,15.1,remitter,Karur Vysya Bank
2021-05,92.0,7.83,83.46,0.17,0.08,12.93,remitter,IDFC FIRST Bank
2021-05,90.32,6.63,10.68,3.05,0.17,10.37,remitter,Bandhan Bank
2021-05,86.44,13.22,88.27,0.33,0.08,10.25,remitter,India Post Payment Bank
2021-05,95.55,3.71,85.08,0.74,0.05,9.45,remitter,Citibank
2021-05,93.75,6.13,99.67,0.12,0.04,9.38,remitter,South Indian Bank
2021-05,95.1,4.83,95.86,0.07,0.05,8.98,remitter,DBS Bank India Limited
2021-06,92.9,6.26,93.3,0.84,6.21,812.88,remitter,State Bank Of India
2021-06,95.25,4.69,99.44,0.06,1.25,243.87,remitter,HDFC BANK LTD
2021-06,95.56,4.08,63.06,0.36,1.04,176.88,remitter,Axis Bank Ltd.
2021-06,94.66,5.17,75.0,0.17,0.9,171.43,remitter,ICICI Bank
2021-06,91.53,7.69,95.06,0.78,1.1,168.54,remitter,Bank of Baroda
2021-06,93.19,6.71,93.73,0.1,1.1,158.54,remitter,Paytm Payments Bank
2021-06,84.14,9.96,61.59,5.9,4.78,146.76,remitter,Punjab National Bank
2021-06,89.89,8.23,40.87,1.88,2.02,130.72,remitter,Union Bank of India
2021-06,91.0,8.74,96.94,0.26,0.81,118.46,remitter,Canara Bank
2021-06,94.29,4.83,73.49,0.88,0.94,103.01,remitter,Bank of India
2021-06,94.09,5.53,96.98,0.38,0.56,95.22,remitter,Kotak Mahindra Bank
2021-06,85.69,10.94,41.39,3.38,1.26,72.18,remitter,Indian Bank
2021-06,92.48,7.26,97.75,0.26,0.52,61.18,remitter,Central Bank Of India
2021-06,93.41,5.42,89.3,1.18,0.32,43.22,remitter,IDBI Bank Limited
2021-06,96.99,2.83,97.07,0.18,0.08,37.08,remitter,Yes Bank Ltd
2021-06,91.3,7.37,68.12,1.33,0.24,36.55,remitter,Bank of Maharashtra
2021-06,83.64,14.62,89.87,1.74,0.27,33.79,remitter,Airtel Payments Bank
2021-06,92.71,6.97,93.83,0.31,0.23,33.43,remitter,Indian Overseas Bank
2021-06,90.51,6.51,58.63,2.99,0.34,29.58,remitter,UCO Bank
2021-06,94.48,5.29,96.89,0.22,0.14,28.97,remitter,Federal Bank
2021-06,83.25,10.49,24.8,6.27,0.63,27.64,remitter,Karnataka Bank
2021-06,91.34,6.27,63.6,2.39,0.41,24.39,remitter,INDUSIND BANK
2021-06,90.65,8.52,77.28,0.83,0.14,16.79,remitter,Karur Vysya Bank
2021-06,90.21,8.09,44.79,1.71,0.2,14.66,remitter,IDFC FIRST Bank
2021-06,85.57,14.16,87.0,0.27,0.1,12.47,remitter,India Post Payment Bank
2021-06,89.59,6.53,11.46,3.89,0.2,11.71,remitter,Bandhan Bank
2021-06,93.28,6.64,99.69,0.07,0.05,10.73,remitter,South Indian Bank
2021-06,95.8,3.94,94.02,0.26,0.04,10.29,remitter,Citibank
2021-06,95.15,4.75,93.69,0.1,0.05,9.93,remitter,DBS Bank India Limited
2021-06,92.11,7.27,84.08,0.62,0.05,8.55,remitter,City Union Bank
2021-07,91.19,6.28,80.28,2.53,13.25,936.08,remitter,State Bank Of India
2021-07,95.28,4.66,99.41,0.06,1.71,290.73,remitter,HDFC BANK LTD
2021-07,94.64,5.11,75.51,0.25,1.11,210.7,remitter,Axis Bank Ltd.
2021-07,94.84,5.12,93.62,0.03,0.96,204.12,remitter,ICICI Bank
2021-07,92.31,7.27,99.14,0.43,1.23,195.78,remitter,Bank of Baroda
2021-07,93.45,6.19,79.71,0.35,1.53,191.3,remitter,Paytm Payments Bank
2021-07,89.52,9.4,85.15,1.08,1.69,158.02,remitter,Punjab National Bank
2021-07,87.8,9.63,39.33,2.57,2.98,153.7,remitter,Union Bank of India
2021-07,91.32,8.23,94.37,0.45,1.0,139.91,remitter,Canara Bank
2021-07,93.49,4.76,62.26,1.75,1.45,116.61,remitter,Bank of India
2021-07,94.27,5.42,86.5,0.3,0.77,115.72,remitter,Kotak Mahindra Bank
2021-07,77.11,11.35,29.28,11.54,4.1,78.43,remitter,Indian Bank
2021-07,92.38,7.0,88.99,0.62,0.75,69.47,remitter,Central Bank Of India
2021-07,94.3,5.36,87.06,0.34,0.39,49.17,remitter,IDBI Bank Limited
2021-07,96.32,3.23,87.16,0.45,0.12,40.7,remitter,Yes Bank Ltd
2021-07,92.01,7.31,77.97,0.68,0.27,40.34,remitter,Bank of Maharashtra
2021-07,85.36,11.57,76.0,3.07,0.47,39.84,remitter,Airtel Payments Bank
2021-07,92.36,6.66,84.4,0.98,0.4,38.87,remitter,Indian Overseas Bank
2021-07,94.72,5.13,99.79,0.16,0.19,35.56,remitter,Federal Bank
2021-07,89.53,6.52,36.78,3.94,0.64,34.29,remitter,UCO Bank
2021-07,87.85,8.35,37.33,3.8,0.66,31.27,remitter,Karnataka Bank
2021-07,89.27,6.61,73.97,4.12,0.78,27.56,remitter,INDUSIND BANK
2021-07,90.11,8.16,62.48,1.73,0.3,20.14,remitter,Karur Vysya Bank
2021-07,91.69,7.27,64.04,1.04,0.23,17.73,remitter,IDFC FIRST Bank
2021-07,80.86,16.87,85.1,2.27,0.13,16.87,remitter,India Post Payment Bank
2021-07,88.05,7.16,17.74,4.79,0.3,13.45,remitter,Bandhan Bank
2021-07,92.6,7.11,94.91,0.29,0.08,12.92,remitter,South Indian Bank
2021-07,95.77,3.96,99.25,0.27,0.05,12.42,remitter,Citibank
2021-07,94.88,4.79,90.74,0.34,0.08,11.63,remitter,DBS Bank India Limited
2021-07,92.63,6.84,91.15,0.54,0.08,10.51,remitter,City Union Bank
2021-08,90.6,6.73,87.39,2.66,11.09,1018.15,remitter,State Bank Of India
2021-08,95.0,4.71,96.84,0.28,2.21,314.36,remitter,HDFC BANK LTD
2021-08,95.92,3.62,70.47,0.46,1.29,235.25,remitter,Axis Bank Ltd.
2021-08,92.58,7.21,98.47,0.21,1.39,219.01,remitter,Bank of Baroda
2021-08,94.79,5.13,87.16,0.08,1.06,217.79,remitter,ICICI Bank
2021-08,95.07,4.74,88.73,0.19,1.26,212.37,remitter,Paytm Payments Bank
2021-08,86.19,8.3,74.48,5.51,6.05,173.85,remitter,Punjab National Bank
2021-08,89.69,8.26,43.61,2.05,2.89,170.46,remitter,Union Bank of India
2021-08,91.4,7.95,93.65,0.66,1.16,153.75,remitter,Canara Bank
2021-08,94.42,4.82,75.49,0.76,1.25,129.28,remitter,Bank of India
2021-08,93.82,5.58,91.51,0.59,1.01,129.15,remitter,Kotak Mahindra Bank
2021-08,81.32,14.37,52.72,4.31,2.31,86.39,remitter,Indian Bank
2021-08,92.22,7.05,72.07,0.74,0.93,75.71,remitter,Central Bank Of India
2021-08,93.84,5.76,86.48,0.4,0.39,53.18,remitter,IDBI Bank Limited
2021-08,86.55,12.43,81.72,1.02,0.41,46.0,remitter,Airtel Payments Bank
2021-08,92.67,7.02,86.47,0.31,0.25,44.88,remitter,Bank of Maharashtra
2021-08,92.47,7.25,95.59,0.27,0.3,43.07,remitter,Indian Overseas Bank
2021-08,95.69,3.69,80.14,0.63,0.17,40.43,remitter,Yes Bank Ltd
2021-08,94.94,4.91,96.04,0.15,0.22,40.38,remitter,Federal Bank
2021-08,85.9,6.81,25.49,7.29,0.97,37.41,remitter,UCO Bank
2021-08,87.1,7.81,28.25,5.1,0.85,34.56,remitter,Karnataka Bank
2021-08,92.41,7.3,99.02,0.29,0.23,28.76,remitter,INDUSIND BANK
2021-08,91.33,8.34,91.97,0.33,0.15,21.88,remitter,Karur Vysya Bank
2021-08,85.99,13.28,68.97,0.73,0.2,20.39,remitter,India Post Payment Bank
2021-08,91.98,7.24,81.49,0.78,0.22,19.85,remitter,IDFC FIRST Bank
2021-08,87.52,7.17,11.43,5.31,0.11,14.67,remitter,Bandhan Bank
2021-08,93.78,6.15,99.89,0.08,0.07,14.2,remitter,South Indian Bank
2021-08,93.88,4.45,99.48,1.67,0.05,13.2,remitter,Citibank
2021-08,94.81,4.85,94.76,0.34,0.08,12.21,remitter,DBS Bank India Limited
2021-08,80.52,17.8,98.73,1.68,0.1,12.2,remitter,Fino Payments Bank
2021-08,92.91,6.8,99.47,0.29,0.07,11.49,remitter,City Union Bank
2021-08,96.51,3.08,90.8,0.41,0.07,10.27,remitter,Standard Chartered
2021-08,77.79,18.89,23.31,3.31,0.13,9.23,remitter,Andhra Pradesh Grameena Vikas Bank
2021-08,80.3,8.29,68.55,11.41,0.2,8.5,remitter,Tamilnad Mercantile Bank
2021-08,91.27,7.89,62.4,0.84,0.1,8.5,remitter,Ujjivan Small Finance Bank
2021-08,94.79,4.63,91.41,0.58,0.08,7.9,remitter,Saraswat Bank
2021-08,82.19,10.83,14.04,6.98,0.44,7.81,remitter,Punjab and Sind Bank
2021-08,82.43,16.76,74.98,0.82,0.08,7.66,remitter,Pragathi Krishna Gramin Bank
2021-08,84.33,15.24,80.07,0.43,0.07,7.41,remitter,Equitas Bank
2021-08,81.05,17.0,29.6,1.94,0.09,7.13,remitter,Maharashtra Gramin Bank
2021-08,93.08,6.46,92.12,0.46,0.07,6.96,remitter,AU small Finance Bank
2021-08,63.86,33.99,43.53,2.15,0.15,6.56,remitter,Andhra Pragathi Grameena Bank
2021-08,86.67,9.63,67.81,3.7,0.06,6.0,remitter,Jammu and Kashmir Bank
2021-08,85.75,13.47,94.08,0.78,0.03,4.99,remitter,Kerala Gramin Bank
2021-08,82.8,15.43,41.12,1.77,0.07,4.96,remitter,Rajasthan Marudhara Gramin Bank
2021-08,90.82,8.44,90.62,0.74,0.03,4.57,remitter,RBL
2021-08,87.7,7.75,90.62,4.55,0.03,4.24,remitter,Sarva Haryana Gramin Bank
2021-08,84.63,9.48,74.87,5.89,0.07,4.15,remitter,Baroda Rajasthan Kshetriya Gramin Bank
2021-08,90.93,7.22,3.03,1.85,0.02,4.1,remitter,ESAF Small Finance Bank Ltd.
2021-08,75.94,20.56,27.99,3.5,0.1,4.08,remitter,Purvanchal Bank
2021-09,89.52,7.0,96.04,3.48,14.87,1036.45,remitter,State Bank Of India
2021-09,94.77,5.16,98.43,0.07,1.7,327.32,remitter,HDFC Bank Ltd
2021-09,92.28,7.53,98.46,0.19,1.38,231.73,remitter,Bank Of Baroda
2021-09,94.29,5.16,43.31,0.55,2.06,225.22,remitter,ICICI Bank
2021-09,95.19,4.14,60.12,0.67,1.5,214.22,remitter,Axis Bank Ltd
2021-09,94.83,5.05,95.58,0.12,1.06,212.36,remitter,Paytm Payments Bank
2021-09,88.56,10.66,67.35,0.78,1.87,195.42,remitter,Union Bank Of India
2021-09,92.8,6.5,83.46,0.7,1.8,179.64,remitter,Punjab National Bank
2021-09,91.38,8.25,93.72,0.37,1.24,163.54,remitter,Canara Bank
2021-09,92.72,5.74,83.86,1.54,2.09,137.75,remitter,Kotak Mahindra Bank
2021-09,93.95,4.9,79.26,1.15,1.73,135.81,remitter,Bank Of India
2021-09,87.35,7.81,49.55,4.84,2.66,89.65,remitter,Indian Bank
2021-09,92.35,6.9,85.45,0.75,0.94,79.06,remitter,Central Bank Of India
2021-09,93.75,5.89,89.49,0.36,0.39,55.6,remitter,IDBI Bank Limited
2021-09,86.85,12.08,81.26,1.07,0.41,46.68,remitter,Airtel Payments Bank
2021-09,90.27,7.57,68.25,2.16,0.35,46.64,remitter,Bank Of Maharashtra
2021-09,91.94,6.46,83.61,1.6,0.44,44.84,remitter,Indian Overseas Bank
2021-09,94.59,5.2,93.34,0.21,0.25,43.42,remitter,Federal Bank
2021-09,94.4,4.52,46.99,1.08,0.38,39.88,remitter,Yes Bank Ltd
2021-09,88.18,7.46,29.47,4.36,0.9,39.01,remitter,UCO Bank
2021-09,83.17,7.76,16.41,9.07,1.35,35.81,remitter,Karnataka Bank
2021-09,89.39,7.03,89.94,3.58,1.03,29.99,remitter,IndusInd Bank
2021-09,79.69,17.82,54.46,2.49,0.36,25.54,remitter,India Post Payment Bank
2021-09,90.49,8.74,78.34,0.77,0.18,22.84,remitter,Karur Vysya Bank
2021-09,92.75,6.37,64.71,0.88,0.23,21.28,remitter,IDFC First Bank
2021-09,82.62,9.28,10.77,8.1,0.18,15.93,remitter,Bandhan Bank
2021-09,92.97,6.76,95.41,0.27,0.09,15.2,remitter,South Indian Bank
2021-09,81.03,17.55,94.9,1.42,0.13,13.87,remitter,Fino Payments Bank
2021-09,92.6,4.08,98.75,3.32,0.44,13.05,remitter,Citibank
2021-09,94.7,5.02,93.07,0.28,0.07,12.27,remitter,DBS Bank India Limited
2021-09,92.89,6.59,94.14,0.52,0.08,12.01,remitter,City Union Bank
2021-09,94.29,3.18,78.42,2.53,0.09,10.39,remitter,Standard Chartered
2021-09,90.11,8.15,46.72,1.74,0.14,9.09,remitter,Ujjivan Small Finance Bank
2021-09,79.97,17.91,30.86,2.12,0.11,8.95,remitter,Andhra Pradesh Grameena Vikas Bank
2021-09,81.49,7.97,90.22,10.54,0.58,8.95,remitter,Tamilnad Mercantile Bank
2021-09,64.45,13.99,7.61,21.56,1.45,8.8,remitter,Punjab And Sind Bank
2021-09,83.24,14.5,52.68,2.26,0.12,8.69,remitter,Equitas Bank
2021-09,84.09,13.2,62.94,2.71,0.12,8.3,remitter,Pragathi Krishna Gramin Bank
2021-09,94.64,4.52,69.92,0.84,0.07,8.04,remitter,Saraswat Bank
2021-09,93.06,6.46,92.03,0.48,0.07,7.47,remitter,AU Small Finance Bank
2021-09,85.11,14.06,52.07,0.83,0.06,7.19,remitter,Maharashtra Gramin Bank
2021-09,87.08,10.98,69.4,1.94,0.07,6.56,remitter,Jammu And Kashmir Bank
2021-09,73.12,23.8,18.43,3.08,0.13,5.95,remitter,Andhra Pragathi Grameena Bank
2021-09,83.31,14.21,90.31,2.48,0.06,5.51,remitter,Kerala Gramin Bank
2021-09,82.79,15.34,32.14,1.87,0.08,5.14,remitter,Rajasthan Marudhara Gramin Bank
2021-09,89.57,7.36,22.47,3.07,0.03,4.66,remitter,ESAF Small Finance Bank Ltd.
2021-09,90.37,8.18,52.23,1.45,0.05,4.66,remitter,RBL
2021-09,76.7,19.82,27.98,3.48,0.11,4.58,remitter,Purvanchal Bank
2021-09,89.48,8.17,66.24,2.35,0.07,4.38,remitter,Sarva Haryana Gramin Bank
2021-09,85.44,10.22,27.91,4.34,0.12,4.36,remitter,Baroda Rajasthan Kshetriya Gramin Bank
2021-10,92.02,7.02,99.43,0.96,7.15,1193.24,remitter,State Bank Of India
2021-10,94.43,5.27,90.55,0.3,1.61,381.13,remitter,HDFC BANK LTD
2021-10,91.61,7.12,64.27,1.27,1.85,265.61,remitter,Bank of Baroda
2021-10,94.89,4.96,85.52,0.15,0.88,262.75,remitter,ICICI Bank
2021-10,88.23,10.3,39.88,1.47,1.16,256.7,remitter,Union Bank of India
2021-10,95.15,4.01,57.52,0.84,0.81,249.31,remitter,Axis Bank Ltd
2021-10,95.21,4.72,98.27,0.07,1.01,248.26,remitter,Paytm Payments Bank
2021-10,88.51,7.08,82.08,4.41,2.54,205.66,remitter,Punjab National Bank
2021-10,92.42,7.22,95.76,0.36,0.98,183.45,remitter,Canara Bank
2021-10,93.04,5.89,89.42,1.07,0.83,161.27,remitter,Kotak Mahindra Bank
2021-10,92.23,5.25,47.86,2.52,1.25,154.84,remitter,Bank of India
2021-10,85.08,6.59,30.0,8.33,1.62,102.35,remitter,Indian Bank
2021-10,91.28,6.95,55.73,1.77,0.79,89.81,remitter,Central Bank Of India
2021-10,92.1,5.92,72.51,1.98,0.31,63.23,remitter,IDBI Bank Limited
2021-10,91.17,7.82,74.95,1.01,0.23,54.13,remitter,Bank of Maharashtra
2021-10,85.36,12.84,78.7,1.8,0.36,52.97,remitter,Airtel Payments Bank
2021-10,92.0,6.19,66.67,1.81,0.31,50.52,remitter,Indian Overseas Bank
2021-10,94.77,5.07,97.51,0.16,0.22,50.1,remitter,Federal Bank
2021-10,94.84,4.6,48.5,0.56,0.08,48.12,remitter,Yes Bank Ltd
2021-10,88.09,7.08,34.76,4.83,0.26,44.76,remitter,UCO Bank
2021-10,88.61,7.52,20.43,3.87,0.17,39.04,remitter,Karnataka Bank
2021-10,90.62,7.25,55.19,2.13,0.25,35.65,remitter,INDUSIND BANK
2021-10,69.38,19.82,35.69,10.8,0.8,32.24,remitter,India Post Payment Bank
2021-10,89.95,9.22,72.06,0.83,0.14,25.54,remitter,Karur Vysya Bank
2021-10,93.96,5.61,65.5,0.43,0.1,24.59,remitter,IDFC FIRST Bank
2021-10,84.56,10.51,14.14,4.93,0.02,17.27,remitter,Bandhan Bank
2021-10,79.11,18.3,93.7,2.59,0.12,17.12,remitter,Fino Payments Bank
2021-10,92.41,7.53,98.51,0.06,0.06,17.11,remitter,South Indian Bank
2021-10,91.48,5.06,90.39,3.46,0.42,14.78,remitter,Citibank
2021-10,92.83,6.61,92.16,0.56,0.07,13.49,remitter,City Union Bank
2021-10,94.73,5.02,86.16,0.25,0.05,13.47,remitter,DBS Bank India Limited
2021-10,94.6,3.38,62.52,2.02,0.09,11.97,remitter,Standard Chartered
2021-10,82.48,14.51,43.36,3.01,0.06,10.53,remitter,Equitas Bank
2021-10,69.49,10.07,65.18,20.44,0.45,10.38,remitter,Tamilnad Mercantile Bank
2021-10,90.77,7.95,43.72,1.28,0.05,10.21,remitter,Ujjivan Small Finance Bank
2021-10,80.67,15.75,13.0,3.58,0.02,9.88,remitter,Andhra Pradesh Grameena Vikas Bank
2021-10,94.02,5.29,93.74,0.69,0.07,9.57,remitter,Saraswat Bank
2021-10,69.08,15.22,5.1,15.7,0.06,9.31,remitter,Punjab and Sind Bank
2021-10,80.94,11.57,25.22,7.49,0.07,9.07,remitter,Pragathi Krishna Gramin Bank
2021-10,92.85,6.33,85.45,0.82,0.09,8.69,remitter,AU small Finance Bank
2021-10,85.27,11.69,63.44,3.04,0.05,8.35,remitter,Jammu and Kashmir Bank
2021-10,85.41,13.9,46.02,0.69,0.03,8.34,remitter,Maharashtra Gramin Bank
2021-10,75.76,22.47,15.15,1.77,0.01,6.57,remitter,Andhra Pragathi Grameena Bank
2021-10,82.33,14.24,51.78,3.43,0.06,6.22,remitter,Kerala Gramin Bank
2021-10,82.72,15.37,28.79,1.91,0.02,5.83,remitter,Rajasthan Marudhara Gramin Bank
2021-10,73.35,19.45,15.23,7.2,0.03,5.54,remitter,Purvanchal Bank
2021-10,87.69,9.1,80.51,3.21,0.02,5.5,remitter,ESAF Small Finance Bank Ltd.
2021-10,92.1,7.79,97.41,0.11,0.03,5.42,remitter,RBL
2021-10,89.7,8.15,71.94,2.15,0.06,5.05,remitter,Sarva Haryana Gramin Bank
2021-10,82.09,9.51,19.39,8.4,0.03,5.04,remitter,Baroda Rajasthan Kshetriya Gramin Bank
2021-11,92.13,7.01,97.75,0.86,6.35,1176.24,remitter,STATE BANK OF INDIA
2021-11,94.69,5.24,99.45,0.07,1.56,368.77,remitter,HDFC BANK LTD
2021-11,91.7,7.03,65.11,1.27,3.14,261.95,remitter,BANK OF BARODA
2021-11,94.67,4.81,82.04,0.52,1.69,253.34,remitter,ICICI BANK
2021-11,91.02,8.25,58.71,0.73,2.08,253.21,remitter,UNION BANK OF INDIA
2021-11,94.94,4.96,96.02,0.1,0.96,246.9,remitter,PAYTM PAYMENTS BANK
2021-11,95.78,3.93,81.31,0.29,0.96,245.3,remitter,AXIS BANK LTD
2021-11,91.92,7.05,86.42,1.03,1.62,199.26,remitter,PUNJAB NATIONAL BANK
2021-11,92.91,6.8,93.64,0.29,0.94,183.94,remitter,CANARA BANK
2021-11,93.43,5.73,80.39,0.84,1.34,162.08,remitter,KOTAK MAHINDRA BANK
2021-11,94.53,4.88,79.2,0.59,1.04,152.46,remitter,BANK OF INDIA
2021-11,89.86,6.15,42.68,3.98,2.79,100.11,remitter,INDIAN BANK
2021-11,92.32,6.87,80.0,0.81,0.86,86.16,remitter,CENTRAL BANK OF INDIA
2021-11,93.85,5.8,82.8,0.35,0.35,61.15,remitter,IDBI BANK LIMITED
2021-11,86.28,12.33,83.02,1.39,0.31,53.8,remitter,AIRTEL PAYMENTS BANK
2021-11,94.77,5.07,96.16,0.16,0.24,52.84,remitter,FEDERAL BANK
2021-11,94.05,5.08,84.22,0.87,0.28,51.89,remitter,BANK OF MAHARASHTRA
2021-11,93.19,5.97,86.05,0.84,0.29,50.11,remitter,INDIAN OVERSEAS BANK
2021-11,92.22,7.24,66.58,0.54,0.14,44.22,remitter,YES BANK LTD
2021-11,90.87,6.37,47.36,2.77,0.5,44.19,remitter,UCO BANK
2021-11,90.14,7.01,17.95,2.85,0.93,39.22,remitter,KARNATAKA BANK
2021-11,92.19,7.71,97.45,0.1,0.17,35.61,remitter,INDUSIND BANK
2021-11,77.69,16.7,24.69,5.61,1.11,30.09,remitter,INDIA POST PAYMENT BANK
2021-11,91.1,8.36,84.98,0.54,0.17,24.89,remitter,KARUR VYSYA BANK
2021-11,94.38,5.34,74.54,0.28,0.13,24.13,remitter,IDFC FIRST BANK
2021-11,80.75,17.06,93.1,2.19,0.13,17.51,remitter,FINO PAYMENTS BANK
2021-11,94.18,5.78,99.35,0.04,0.06,17.4,remitter,SOUTH INDIAN BANK
2021-11,89.22,9.01,13.66,1.78,0.1,16.67,remitter,BANDHAN BANK
2021-11,94.35,4.8,99.16,0.85,0.13,13.8,remitter,CITIBANK
2021-11,92.37,6.43,79.38,1.2,0.11,13.01,remitter,CITY UNION BANK
2021-11,94.44,4.91,70.41,0.65,0.08,12.68,remitter,DBS BANK INDIA LIMITED
2021-11,96.48,2.98,93.79,0.54,0.09,11.44,remitter,STANDARD CHARTERED
2021-11,83.73,14.83,54.43,1.45,0.11,10.68,remitter,EQUITAS BANK
2021-11,91.75,7.49,59.95,0.76,0.09,10.21,remitter,UJJIVAN SMALL FINANCE BANK
2021-11,80.6,14.7,12.88,4.69,0.14,10.03,remitter,ANDHRA PRADESH GRAMEENA VIKAS BANK
2021-11,83.33,13.76,33.04,2.91,0.1,9.2,remitter,TAMILNAD MERCANTILE BANK
2021-11,94.16,4.23,52.35,1.6,0.08,9.18,remitter,SARASWAT BANK
2021-11,59.79,14.03,7.36,26.19,1.58,8.84,remitter,PUNJAB AND SIND BANK
2021-11,83.14,14.82,29.54,2.04,0.1,8.79,remitter,MAHARASHTRA GRAMIN BANK
2021-11,86.43,11.61,50.64,1.95,0.09,8.66,remitter,PRAGATHI KRISHNA GRAMIN BANK
2021-11,93.65,6.07,98.92,0.28,0.06,8.65,remitter,AU SMALL FINANCE BANK
2021-11,88.79,9.19,63.56,2.01,0.08,8.61,remitter,JAMMU AND KASHMIR BANK
2021-11,70.63,26.24,11.68,3.13,0.13,6.97,remitter,ANDHRA PRAGATHI GRAMEENA BANK
2021-11,84.97,13.3,72.24,1.73,0.05,6.5,remitter,KERALA GRAMIN BANK
2021-11,80.93,14.15,21.95,4.92,0.1,5.97,remitter,RAJASTHAN MARUDHARA GRAMIN BANK
2021-11,87.42,9.36,77.23,3.23,0.03,5.85,remitter,ESAF SMALL FINANCE BANK LTD.
2021-11,90.65,7.52,58.22,1.83,0.05,5.37,remitter,RBL
2021-11,76.4,17.91,16.06,5.68,0.16,5.34,remitter,PURVANCHAL BANK
2021-11,84.63,7.47,54.75,7.89,0.09,5.12,remitter,SARVA HARYANA GRAMIN BANK
2021-11,84.8,9.33,25.51,5.87,0.1,4.81,remitter,BARODA RAJASTHAN KSHETRIYA GRAMIN BANK
2021-12,88.63,6.94,82.07,4.43,18.29,1296.56,remitter,State Bank Of India
2021-12,94.62,5.19,96.87,0.19,2.7,410.13,remitter,HDFC BANK LTD
2021-12,92.61,7.2,99.67,0.19,2.02,289.1,remitter,Bank of Baroda
2021-12,91.1,8.5,83.54,0.4,2.85,281.76,remitter,Union Bank of India
2021-12,95.19,4.7,90.8,0.11,1.48,280.71,remitter,ICICI Bank
2021-12,94.73,4.71,82.09,0.56,1.73,267.13,remitter,Paytm Payments Bank
2021-12,95.84,4.14,98.45,0.02,1.35,254.57,remitter,Axis Bank Ltd
2021-12,88.55,7.94,80.82,3.51,3.4,218.34,remitter,Punjab National Bank
2021-12,92.33,7.26,98.23,0.41,1.44,205.52,remitter,Canara Bank
2021-12,93.45,5.37,83.15,1.18,2.45,181.89,remitter,Kotak Mahindra Bank
2021-12,93.92,4.84,84.98,1.24,1.96,169.1,remitter,Bank of India
2021-12,90.66,5.92,61.32,3.42,3.65,114.41,remitter,Indian Bank
2021-12,92.17,6.75,86.15,1.08,1.5,94.11,remitter,Central Bank Of India
2021-12,93.33,5.69,75.05,0.98,0.67,66.97,remitter,IDBI Bank Limited
2021-12,94.26,5.19,87.25,0.55,0.48,60.58,remitter,Federal Bank
2021-12,86.17,12.36,85.12,1.47,0.56,59.33,remitter,Airtel Payments Bank
2021-12,94.01,5.18,75.97,0.81,0.46,57.93,remitter,Bank of Maharashtra
2021-12,93.09,6.05,76.76,0.86,0.69,56.25,remitter,Indian Overseas Bank
2021-12,88.99,7.69,42.6,3.32,1.18,48.69,remitter,UCO Bank
2021-12,91.38,7.56,64.86,1.06,0.25,46.64,remitter,Yes Bank Ltd
2021-12,89.3,7.11,22.46,3.59,1.21,43.84,remitter,Karnataka Bank
2021-12,92.07,7.25,89.48,0.68,0.39,39.46,remitter,INDUSIND BANK
2021-12,80.61,18.53,93.63,0.86,0.26,38.48,remitter,India Post Payment Bank
2021-12,89.04,9.1,70.61,1.86,0.37,28.02,remitter,Karur Vysya Bank
2021-12,93.78,5.63,59.96,0.59,0.27,26.73,remitter,IDFC FIRST Bank
2021-12,76.07,21.87,97.28,2.06,0.19,20.95,remitter,Fino Payments Bank
2021-12,93.51,6.31,95.48,0.18,0.13,19.63,remitter,South Indian Bank
2021-12,85.69,13.54,14.16,0.77,0.17,19.21,remitter,Bandhan Bank
2021-12,94.27,4.78,99.77,0.95,0.16,15.31,remitter,Citibank
2021-12,91.92,6.66,81.96,1.42,0.17,15.01,remitter,City Union Bank
2021-12,94.47,4.98,77.68,0.55,0.1,13.68,remitter,DBS Bank India Limited
2021-12,96.74,2.96,88.88,0.3,0.07,12.87,remitter,Standard Chartered
2021-12,83.95,15.18,84.47,0.87,0.12,12.44,remitter,Equitas Bank
2021-12,74.97,16.26,12.41,8.77,0.43,11.59,remitter,Andhra Pradesh Grameena Vikas Bank
2021-12,90.01,7.63,40.56,2.36,0.23,11.45,remitter,Ujjivan Small Finance Bank
2021-12,86.08,10.67,32.99,3.25,0.18,10.45,remitter,Tamilnad Mercantile Bank
2021-12,82.04,16.35,40.89,1.61,0.12,10.03,remitter,Maharashtra Gramin Bank
2021-12,95.54,4.16,84.27,0.3,0.06,9.97,remitter,Saraswat Bank
2021-12,91.56,6.14,17.99,2.3,0.22,9.9,remitter,AU small Finance Bank
2021-12,87.65,11.75,84.3,0.6,0.09,9.74,remitter,Pragathi Krishna Gramin Bank
2021-12,88.35,10.63,73.99,1.02,0.09,9.66,remitter,Jammu and Kashmir Bank
2021-12,76.81,19.05,33.62,4.14,0.21,8.97,remitter,Punjab and Sind Bank
2021-12,72.43,22.48,16.01,5.09,0.25,7.75,remitter,Andhra Pragathi Grameena Bank
2021-12,86.83,12.74,92.28,0.43,0.05,7.06,remitter,Kerala Gramin Bank
2021-12,75.74,18.39,18.85,5.87,0.22,7.01,remitter,Rajasthan Marudhara Gramin Bank
2021-12,83.09,13.99,84.83,2.92,0.05,6.8,remitter,ESAF Small Finance Bank Ltd.
2021-12,90.55,8.48,68.16,0.97,0.06,5.97,remitter,RBL
2021-12,80.31,8.42,26.44,11.27,0.18,5.77,remitter,Baroda Rajasthan Kshetriya Gramin Bank
2021-12,85.76,7.62,74.12,6.62,0.1,5.52,remitter,Sarva Haryana Gramin Bank
2021-12,79.52,14.33,16.54,6.15,0.17,5.17,remitter,Telangana Grameena bank
2022-01,91.7,7.1,95.66,1.21,8.17,1291.88,remitter,State Bank Of India
2022-01,94.01,5.71,91.3,0.29,2.52,406.61,remitter,HDFC Bank Ltd
2022-01,92.13,7.38,98.88,0.49,1.55,299.12,remitter,Bank of Baroda
2022-01,90.21,8.82,46.8,0.97,3.17,287.21,remitter,Union Bank of India
2022-01,95.14,4.69,69.88,0.17,1.22,274.0,remitter,ICICI Bank
2022-01,94.95,4.97,94.04,0.08,1.06,262.28,remitter,Paytm Payments Bank
2022-01,95.25,4.49,97.79,0.25,0.96,243.68,remitter,Axis Bank Ltd
2022-01,92.49,6.9,90.03,0.61,1.67,213.48,remitter,Punjab National Bank
2022-01,92.47,7.05,92.99,0.47,1.26,206.3,remitter,Canara Bank
2022-01,94.3,5.42,86.27,0.29,0.93,186.34,remitter,Kotak Mahindra Bank
2022-01,93.02,5.38,50.4,1.6,1.82,171.56,remitter,Bank of India
2022-01,88.38,6.29,40.42,5.33,4.23,115.76,remitter,Indian Bank
2022-01,90.13,6.97,63.32,2.9,2.34,95.53,remitter,Central Bank Of India
2022-01,94.57,4.69,64.13,0.75,0.57,66.58,remitter,IDBI Bank Limited
2022-01,93.07,5.39,71.18,1.55,0.55,62.84,remitter,Federal Bank
2022-01,86.08,11.94,72.95,1.98,0.59,62.35,remitter,Airtel Payments Bank
2022-01,93.98,5.36,83.88,0.66,0.33,59.9,remitter,Bank of Maharashtra
2022-01,93.65,6.03,85.81,0.32,0.36,56.35,remitter,Indian Overseas Bank
2022-01,93.93,5.92,95.73,0.15,0.11,49.25,remitter,Yes Bank Ltd
2022-01,91.28,7.47,52.87,1.25,0.56,48.84,remitter,UCO Bank
2022-01,76.03,17.56,15.73,6.42,2.33,46.7,remitter,India Post Payment Bank
2022-01,88.64,8.92,32.26,2.44,0.5,43.45,remitter,Karnataka Bank
2022-01,90.66,8.82,92.96,0.52,0.27,39.77,remitter,IndusInd Bank
2022-01,92.69,6.07,32.94,1.24,0.36,27.57,remitter,IDFC First Bank
2022-01,90.87,8.2,66.96,0.93,0.25,27.44,remitter,Karur Vysya Bank
2022-01,78.89,18.67,99.04,2.44,0.21,23.19,remitter,Fino Payments Bank
2022-01,87.73,10.99,14.62,1.28,0.17,19.49,remitter,Bandhan Bank
2022-01,92.59,7.17,95.71,0.24,0.08,19.31,remitter,South Indian Bank
2022-01,92.94,5.77,53.46,1.29,0.14,17.27,remitter,DBS Bank India Limited
2022-01,89.16,6.49,66.19,4.35,0.32,14.54,remitter,City Union Bank
2022-01,94.68,4.59,99.5,0.72,0.07,14.16,remitter,Citibank
2022-01,83.5,15.72,82.94,0.78,0.1,13.53,remitter,Equitas Small Finance Bank
2022-01,67.73,17.88,5.74,14.39,0.59,12.37,remitter,Andhra Pradesh Grameena Vikas Bank
2022-01,94.56,3.44,50.59,2.0,0.11,12.23,remitter,Standard Chartered
2022-01,89.62,7.81,36.94,2.57,0.22,11.96,remitter,Ujjivan Small Finance Bank
2022-01,90.33,8.76,38.94,0.91,0.11,10.67,remitter,Tamilnad Mercantile Bank
2022-01,82.13,15.25,15.73,2.62,0.19,10.52,remitter,Maharashtra Gramin Bank
2022-01,92.78,6.36,0.03,0.86,0.11,10.33,remitter,AU small Finance Bank
2022-01,94.69,4.89,74.07,0.43,0.06,10.21,remitter,Saraswat Bank
2022-01,87.48,11.41,64.09,1.11,0.08,10.21,remitter,Pragathi Krishna Gramin Bank
2022-01,89.15,9.41,79.09,1.43,0.07,9.8,remitter,Jammu and Kashmir Bank
2022-01,88.55,11.08,89.9,0.37,0.07,9.6,remitter,Punjab and Sind Bank
2022-01,61.73,33.23,5.75,5.04,0.26,8.63,remitter,Andhra Pragathi Grameena Bank
2022-01,75.62,14.19,7.37,10.19,0.32,7.57,remitter,Rajasthan Marudhara Gramin Bank
2022-01,87.13,12.14,87.28,0.73,0.04,7.18,remitter,Kerala Gramin Bank
2022-01,84.3,11.88,75.8,3.81,0.05,6.81,remitter,ESAF Small Finance Bank Ltd.
2022-01,91.98,7.87,92.58,0.15,0.03,6.05,remitter,RBL Bank
2022-01,87.79,9.44,33.87,2.77,0.09,5.75,remitter,Baroda Rajasthan Kshetriya Gramin Bank
2022-01,88.63,8.19,79.14,3.19,0.09,5.65,remitter,Sarva Haryana Gramin Bank
2022-01,78.85,15.2,7.75,5.96,0.16,5.26,remitter,Telangana Grameena bank
2022-02,90.66,6.79,75.33,2.55,11.28,1242.45,remitter,State Bank Of India
2022-02,94.62,5.2,96.32,0.19,2.37,400.52,remitter,HDFC Bank Ltd
2022-02,92.42,6.89,96.92,0.69,1.83,294.86,remitter,Bank of Baroda
2022-02,90.55,8.32,47.42,1.14,3.52,280.49,remitter,Union Bank of India
2022-02,95.18,4.75,94.64,0.07,1.06,263.34,remitter,Paytm Payments Bank
2022-02,94.42,5.3,88.66,0.28,1.55,259.62,remitter,ICICI Bank
2022-02,95.45,4.18,67.14,0.36,1.68,248.03,remitter,Axis Bank Ltd
2022-02,92.73,6.0,80.38,1.27,2.57,207.63,remitter,Punjab National Bank
2022-02,92.88,6.72,86.79,0.39,1.31,204.75,remitter,Canara Bank
2022-02,92.9,5.67,83.89,1.44,2.46,187.06,remitter,Kotak Mahindra Bank
2022-02,92.9,5.19,45.86,1.91,2.21,166.31,remitter,Bank of India
2022-02,87.11,6.59,34.7,6.3,3.55,114.49,remitter,Indian Bank
2022-02,91.53,6.88,76.3,1.59,1.58,91.62,remitter,Central Bank Of India
2022-02,94.0,5.48,86.47,0.52,0.41,65.0,remitter,Federal Bank
2022-02,95.29,4.43,90.67,0.29,0.43,64.77,remitter,IDBI Bank Limited
2022-02,86.12,12.37,72.15,1.52,0.64,61.39,remitter,Airtel Payments Bank
2022-02,94.0,5.15,80.07,0.86,0.34,58.24,remitter,Bank of Maharashtra
2022-02,92.81,5.94,72.03,1.25,0.82,56.56,remitter,Indian Overseas Bank
2022-02,94.68,5.05,67.7,0.28,0.11,53.95,remitter,Yes Bank Ltd
2022-02,92.84,6.3,64.59,0.86,0.51,48.24,remitter,UCO Bank
2022-02,80.74,16.11,28.2,3.15,1.1,46.47,remitter,India Post Payment Bank
2022-02,90.88,7.75,45.48,1.37,0.39,42.93,remitter,Karnataka Bank
2022-02,91.72,7.72,88.87,0.56,0.33,39.64,remitter,IndusInd Bank
2022-02,90.89,8.51,78.4,0.6,0.23,27.14,remitter,Karur Vysya Bank
2022-02,92.84,6.33,56.43,0.83,0.23,26.84,remitter,IDFC FIRST Bank
2022-02,81.19,15.88,91.9,2.93,0.24,23.81,remitter,Fino Payments Bank
2022-02,91.98,7.8,97.15,0.22,0.09,19.25,remitter,South Indian Bank
2022-02,89.28,9.68,14.19,1.03,0.17,19.15,remitter,Bandhan Bank
2022-02,93.77,5.9,81.62,0.33,0.09,16.64,remitter,DBS Bank India Limited
2022-02,91.96,6.58,91.15,1.46,0.18,14.32,remitter,City Union Bank
2022-02,83.73,15.31,78.93,0.96,0.12,13.88,remitter,Equitas Small Finance Bank
2022-02,94.96,4.88,99.05,0.17,0.04,13.65,remitter,Citibank
2022-02,96.44,3.07,81.27,0.48,0.07,11.92,remitter,Standard Chartered
2022-02,88.8,7.89,34.4,3.31,0.3,11.81,remitter,Ujjivan Small Finance Bank
2022-02,90.18,8.92,42.89,0.9,0.14,10.92,remitter,Tamilnad Mercantile Bank
2022-02,78.91,15.8,21.53,5.29,0.12,10.71,remitter,Andhra Pradesh Grameena Vikas Bank
2022-02,93.36,6.38,0.02,0.26,0.08,10.51,remitter,AU small Finance Bank
2022-02,85.79,10.82,50.63,3.39,0.17,10.41,remitter,Pragathi Krishna Gramin Bank
2022-02,77.38,14.62,19.94,8.0,0.16,10.27,remitter,Maharashtra Gramin Bank
2022-02,86.27,9.24,28.76,4.49,0.21,10.04,remitter,Jammu and Kashmir Bank
2022-02,94.3,4.08,56.48,1.62,0.14,9.79,remitter,Saraswat Bank
2022-02,83.04,12.94,50.51,4.02,0.14,9.72,remitter,Punjab and Sind Bank
2022-02,69.16,26.39,9.48,4.45,0.21,7.44,remitter,Andhra Pragathi Grameena Bank
2022-02,80.18,15.08,12.98,4.74,0.18,7.25,remitter,Rajasthan Marudhara Gramin Bank
2022-02,87.02,11.9,76.84,1.09,0.06,7.02,remitter,Kerala Gramin Bank
2022-02,87.36,10.65,85.68,1.99,0.05,6.49,remitter,ESAF Small Finance Bank Ltd.
2022-02,91.62,7.83,88.13,0.55,0.04,6.08,remitter,RBL Bank
2022-02,81.09,8.47,12.84,10.44,0.28,5.94,remitter,Baroda Rajasthan Kshetriya Gramin Bank
2022-02,85.73,11.06,73.42,3.2,0.1,5.82,remitter,Sarva Haryana Gramin Bank
2022-02,82.04,13.75,13.28,4.21,0.11,5.15,remitter,Karnataka Vikas Grameena Bank
2022-03,91.98,6.87,99.1,1.15,7.41,1482.61,remitter,State Bank Of India
2022-03,94.36,5.38,85.8,0.26,2.91,476.94,remitter,HDFC Bank Ltd
2022-03,92.74,6.9,99.54,0.36,1.97,349.91,remitter,Bank of Baroda
2022-03,90.71,8.07,55.71,1.22,2.65,325.96,remitter,Union Bank of India
2022-03,95.35,4.62,98.41,0.03,0.92,313.91,remitter,Paytm Payments Bank
2022-03,94.19,5.26,83.46,0.55,1.53,306.56,remitter,ICICI Bank
2022-03,95.37,4.49,82.78,0.15,1.31,293.88,remitter,Axis Bank Ltd
2022-03,92.87,6.11,81.95,1.02,2.17,248.39,remitter,Punjab National Bank
2022-03,90.7,7.73,61.67,1.57,2.88,248.09,remitter,Canara Bank
2022-03,92.82,5.65,89.21,1.53,2.9,224.76,remitter,Kotak Mahindra Bank
2022-03,94.45,5.05,68.83,0.5,1.35,195.89,remitter,Bank of India
2022-03,89.49,7.59,55.69,2.92,2.65,131.47,remitter,Indian Bank
2022-03,91.08,6.67,66.8,2.26,2.12,107.95,remitter,Central Bank Of India
2022-03,94.21,5.69,97.47,0.1,0.32,79.55,remitter,Federal Bank
2022-03,94.61,4.4,77.56,0.98,0.54,76.63,remitter,IDBI Bank Limited
2022-03,86.37,12.26,72.44,1.37,0.62,75.44,remitter,Airtel Payments Bank
2022-03,94.09,5.15,75.53,0.75,0.4,68.87,remitter,Bank of Maharashtra
2022-03,93.1,5.68,76.53,1.21,0.53,66.95,remitter,Indian Overseas Bank
2022-03,93.58,6.24,0.0,0.18,0.12,61.53,remitter,Yes Bank Ltd
2022-03,83.22,16.36,82.54,0.42,0.37,59.04,remitter,India Post Payment Bank
2022-03,91.69,6.22,49.66,2.09,0.69,57.85,remitter,UCO Bank
2022-03,92.54,6.6,47.43,0.85,0.38,50.49,remitter,Karnataka Bank
2022-03,90.32,8.27,78.85,1.41,0.61,47.0,remitter,IndusInd Bank
2022-03,91.91,7.09,46.68,1.0,0.36,32.19,remitter,IDFC FIRST Bank
2022-03,91.45,7.78,73.24,0.77,0.25,31.98,remitter,Karur Vysya Bank
2022-03,79.79,15.01,78.2,5.2,0.34,30.13,remitter,Fino Payments Bank
2022-03,84.46,12.18,11.11,3.35,0.3,23.4,remitter,Bandhan Bank
2022-03,92.48,7.11,92.24,0.4,0.11,22.87,remitter,South Indian Bank
2022-03,92.48,5.5,91.68,2.02,0.09,19.26,remitter,DBS Bank Ltd
2022-03,87.64,10.06,71.46,2.29,0.26,17.34,remitter,City Union Bank
2022-03,81.51,14.78,66.62,3.71,0.14,16.44,remitter,Equitas Small Finance Bank
2022-03,93.59,6.12,86.47,0.29,0.07,16.1,remitter,Citibank
2022-03,96.67,3.01,92.94,0.32,0.08,14.26,remitter,Standard Chartered
2022-03,91.72,7.34,47.47,0.94,0.15,13.88,remitter,Ujjivan Small Finance Bank
2022-03,76.38,16.48,4.59,7.14,0.47,13.18,remitter,Andhra Pradesh Grameena Vikas Bank
2022-03,91.31,8.07,44.92,0.61,0.1,13.05,remitter,Tamilnad Mercantile Bank
2022-03,93.51,6.21,0.01,0.28,0.09,12.76,remitter,AU small Finance Bank
2022-03,85.69,11.21,54.31,3.09,0.15,12.54,remitter,Pragathi Krishna Gramin Bank
2022-03,84.56,10.46,34.54,4.97,0.23,12.45,remitter,Jammu and Kashmir Bank
2022-03,88.58,10.9,76.05,0.52,0.1,12.35,remitter,Punjab and Sind Bank
2022-03,81.97,17.21,26.64,0.82,0.1,12.17,remitter,Maharashtra Gramin Bank
2022-03,95.75,3.88,88.57,0.37,0.07,11.41,remitter,Saraswat Bank
2022-03,64.81,18.3,5.14,16.9,0.45,9.68,remitter,Rajasthan Marudhara Gramin Bank
2022-03,67.16,25.09,3.86,7.75,0.44,8.97,remitter,Andhra Pragathi Grameena Bank
2022-03,87.74,11.98,91.43,0.28,0.04,8.23,remitter,Kerala Gramin Bank
2022-03,86.68,11.84,85.74,1.48,0.05,7.87,remitter,ESAF Small Finance Bank Ltd.
2022-03,86.44,13.16,83.96,0.41,0.04,7.14,remitter,RBL Bank
2022-03,87.1,8.03,37.98,4.87,0.11,7.0,remitter,Sarva Haryana Gramin Bank
2022-03,74.1,11.12,10.58,14.79,0.27,6.78,remitter,Baroda Rajasthan Kshetriya Gramin Bank
2022-03,77.67,16.0,6.83,6.33,0.25,6.36,remitter,Karnataka Vikas Grameena Bank
2022-04,90.3,6.87,95.68,2.83,8.38,1540.38,remitter,State Bank Of India
2022-04,94.08,5.31,95.17,0.61,3.29,496.36,remitter,HDFC Bank Ltd
2022-04,93.18,6.51,98.94,0.31,1.98,360.74,remitter,Bank of Baroda
2022-04,91.35,8.09,66.96,0.57,3.01,346.76,remitter,Union Bank of India
2022-04,94.17,4.63,63.74,1.2,3.06,325.45,remitter,ICICI Bank
2022-04,95.53,4.45,99.58,0.02,1.04,316.18,remitter,Paytm Payments Bank
2022-04,94.0,5.25,77.11,0.76,1.39,303.67,remitter,Axis Bank Ltd
2022-04,93.09,6.05,85.7,0.86,2.36,261.09,remitter,Punjab National Bank
2022-04,89.84,8.12,80.4,2.04,4.63,255.29,remitter,Canara Bank
2022-04,91.7,5.47,89.86,2.83,3.72,232.63,remitter,Kotak Mahindra Bank
2022-04,94.25,5.24,71.04,0.51,1.57,202.42,remitter,Bank of India
2022-04,92.05,7.13,78.64,0.81,1.2,138.63,remitter,Indian Bank
2022-04,91.78,5.92,59.35,2.31,2.05,109.91,remitter,Central Bank Of India
2022-04,94.02,5.69,90.07,0.29,0.49,84.01,remitter,Federal Bank
2022-04,94.76,4.41,67.01,0.83,0.66,78.15,remitter,IDBI Bank Limited
2022-04,87.37,11.68,88.24,0.94,0.7,77.26,remitter,Airtel Payments Bank
2022-04,93.46,5.64,73.06,0.9,0.57,71.17,remitter,Bank of Maharashtra
2022-04,93.03,5.64,76.12,1.33,0.8,70.22,remitter,Indian Overseas Bank
2022-04,81.2,17.29,67.74,1.5,0.6,66.48,remitter,India Post Payment Bank
2022-04,93.61,5.89,0.0,0.5,0.32,61.17,remitter,Yes Bank Ltd
2022-04,93.43,6.13,74.33,0.45,0.51,61.14,remitter,UCO Bank
2022-04,90.45,7.72,36.72,1.83,0.58,51.3,remitter,Karnataka Bank
2022-04,91.36,8.37,93.93,0.27,0.29,49.05,remitter,IndusInd Bank
2022-04,92.12,6.57,42.68,1.31,0.38,33.01,remitter,IDFC FIRST Bank
2022-04,92.57,7.28,93.95,0.15,0.18,32.79,remitter,Karur Vysya Bank
2022-04,82.51,12.86,79.01,4.63,0.38,31.73,remitter,Fino Payments Bank
2022-04,85.38,11.79,17.92,2.83,0.19,24.1,remitter,Bandhan Bank
2022-04,92.83,6.43,97.12,0.74,0.19,22.87,remitter,South Indian Bank
2022-04,94.56,5.17,96.53,0.27,0.09,19.33,remitter,DBS Bank Ltd
2022-04,89.57,9.61,82.07,0.82,0.14,17.42,remitter,City Union Bank
2022-04,84.38,15.27,94.37,0.35,0.11,16.93,remitter,Equitas Small Finance Bank
2022-04,94.97,4.45,94.86,0.59,0.07,16.56,remitter,Citibank
2022-04,96.53,2.9,96.28,0.57,0.1,14.91,remitter,Standard Chartered
2022-04,90.92,7.04,55.64,2.04,0.15,14.48,remitter,Ujjivan Small Finance Bank
2022-04,91.56,8.08,56.86,0.36,0.08,13.74,remitter,Tamilnad Mercantile Bank
2022-04,76.9,19.17,14.73,3.92,0.21,13.57,remitter,Andhra Pradesh Grameena Vikas Bank
2022-04,93.48,6.33,0.03,0.19,0.09,13.42,remitter,AU small Finance Bank
2022-04,86.25,12.98,74.71,0.77,0.1,13.28,remitter,Punjab and Sind Bank
2022-04,86.01,9.64,53.22,4.35,0.16,13.27,remitter,Jammu and Kashmir Bank
2022-04,86.09,11.3,56.54,2.61,0.21,12.98,remitter,Pragathi Krishna Gramin Bank
2022-04,78.01,16.47,17.55,5.52,0.22,12.86,remitter,Maharashtra Gramin Bank
2022-04,94.77,4.47,79.26,0.76,0.07,11.82,remitter,Saraswat Bank
2022-04,68.38,22.66,10.8,8.96,0.22,8.98,remitter,Rajasthan Marudhara Gramin Bank
2022-04,67.91,23.18,6.53,8.91,0.35,8.73,remitter,Andhra Pragathi Grameena Bank
2022-04,87.77,11.75,85.07,0.48,0.06,8.23,remitter,Kerala Gramin Bank
2022-04,86.83,11.98,96.76,1.19,0.04,7.96,remitter,ESAF Small Finance Bank Ltd.
2022-04,85.43,8.07,5.09,6.5,0.11,7.33,remitter,Sarva Haryana Gramin Bank
2022-04,88.44,10.5,72.5,1.06,0.06,6.96,remitter,RBL Bank
2022-04,72.65,21.19,11.92,6.16,0.17,6.71,remitter,Karnataka Vikas Grameena Bank
2022-04,84.59,11.27,63.14,4.14,0.05,6.28,remitter,Baroda Rajasthan Kshetriya Gramin Bank
2022-05,90.26,7.31,92.47,2.44,6.99,1644.91,remitter,State Bank Of India
2022-05,94.2,5.64,99.46,0.16,2.02,532.02,remitter,HDFC Bank Ltd
2022-05,92.71,6.7,89.41,0.59,2.42,387.88,remitter,Bank of Baroda
2022-05,91.52,8.15,76.68,0.34,1.82,370.84,remitter,Union Bank of India
2022-05,94.87,4.86,93.47,0.27,1.27,342.09,remitter,ICICI Bank
2022-05,95.66,4.32,99.47,0.02,0.87,323.77,remitter,Paytm Payments Bank
2022-05,95.52,4.31,84.06,0.17,1.15,316.26,remitter,Axis Bank Ltd
2022-05,93.01,6.3,91.79,0.69,1.58,277.91,remitter,Punjab National Bank
2022-05,88.78,8.43,82.93,2.8,2.72,266.56,remitter,Canara Bank
2022-05,92.4,5.56,93.51,2.03,2.45,247.84,remitter,Kotak Mahindra Bank
2022-05,94.52,5.25,89.37,0.23,0.92,215.62,remitter,Bank of India
2022-05,92.45,6.76,77.52,0.79,0.84,150.62,remitter,Indian Bank
2022-05,91.43,5.97,56.85,2.6,1.62,115.32,remitter,Central Bank Of India
2022-05,93.29,6.05,90.03,0.66,0.44,93.99,remitter,Federal Bank
2022-05,85.92,12.33,79.05,1.75,0.67,87.23,remitter,Airtel Payments Bank
2022-05,94.58,4.95,92.21,0.47,0.37,83.34,remitter,IDBI Bank Limited
2022-05,76.77,21.86,71.11,1.36,0.47,78.09,remitter,India Post Payment Bank
2022-05,93.81,5.94,99.06,0.25,0.3,76.31,remitter,Indian Overseas Bank
2022-05,93.87,5.53,92.23,0.6,0.33,75.56,remitter,Bank of Maharashtra
2022-05,92.2,7.42,0.0,0.38,0.09,68.85,remitter,Yes Bank Ltd
2022-05,92.44,6.39,66.56,1.17,0.48,66.2,remitter,UCO Bank
2022-05,86.83,7.32,20.35,5.85,0.82,55.32,remitter,Karnataka Bank
2022-05,91.19,7.86,76.78,0.95,0.32,52.03,remitter,IndusInd Bank
2022-05,91.5,6.28,36.64,2.22,0.33,37.03,remitter,IDFC FIRST Bank
2022-05,91.7,7.9,89.39,0.4,0.13,35.28,remitter,Karur Vysya Bank
2022-05,84.3,12.85,61.58,2.85,0.38,34.39,remitter,Fino Payments Bank
2022-05,80.41,16.72,60.61,2.87,0.16,26.8,remitter,Bandhan Bank
2022-05,91.97,5.47,91.1,2.56,0.18,24.34,remitter,South Indian Bank
2022-05,83.81,15.22,78.92,0.97,0.11,18.85,remitter,Equitas Small Finance Bank
2022-05,90.94,8.13,92.19,0.93,0.08,18.71,remitter,City Union Bank
2022-05,94.76,4.54,99.8,0.7,0.04,17.12,remitter,Citibank
2022-05,95.24,4.65,95.2,0.11,0.05,16.12,remitter,DBS Bank Ltd
2022-05,86.86,7.48,33.14,5.66,0.25,15.98,remitter,Ujjivan Small Finance Bank
2022-05,96.48,3.08,97.76,0.44,0.08,15.74,remitter,Standard Chartered
2022-05,86.08,9.57,57.38,4.35,0.17,15.3,remitter,Jammu and Kashmir Bank
2022-05,90.69,7.99,31.1,1.32,0.1,14.92,remitter,Tamilnad Mercantile Bank
2022-05,72.6,16.91,0.0,10.49,0.44,14.75,remitter,Andhra Pradesh Grameena Vikas Bank
2022-05,92.79,6.48,0.04,0.73,0.1,14.66,remitter,AU small Finance Bank
2022-05,88.87,10.77,86.89,0.36,0.08,14.58,remitter,Punjab and Sind Bank
2022-05,82.03,11.6,45.2,6.37,0.26,14.32,remitter,Pragathi Krishna Gramin Bank
2022-05,76.12,18.64,20.17,5.23,0.11,13.74,remitter,Maharashtra Gramin Bank
2022-05,94.59,4.12,67.34,1.3,0.06,12.28,remitter,Saraswat Bank
2022-05,75.96,14.11,0.0,9.93,0.27,9.25,remitter,Rajasthan Marudhara Gramin Bank
2022-05,81.98,17.02,82.07,1.0,0.03,9.11,remitter,ESAF Small Finance Bank Ltd.
2022-05,71.42,19.62,6.14,8.96,0.29,9.05,remitter,Andhra Pragathi Grameena Bank
2022-05,84.87,11.83,58.8,3.29,0.1,8.98,remitter,Kerala Gramin Bank
2022-05,85.34,8.17,17.33,6.49,0.09,8.05,remitter,Sarva Haryana Gramin Bank
2022-05,89.18,8.29,76.76,2.53,0.04,7.34,remitter,RBL Bank
2022-05,75.01,7.83,18.46,17.16,0.26,7.2,remitter,Baroda Rajasthan Kshetriya Gramin Bank
2022-05,81.76,15.27,12.7,2.97,0.1,6.45,remitter,Karnataka Vikas Grameena Bank
2022-06,87.98,6.96,84.61,5.06,13.07,1625.09,remitter,State Bank Of India
2022-06,94.44,5.48,98.92,0.08,1.91,529.76,remitter,HDFC Bank Ltd
2022-06,92.4,6.42,83.45,1.17,3.9,383.61,remitter,Bank of Baroda
2022-06,91.07,7.5,65.94,1.42,3.17,368.31,remitter,Union Bank of India
2022-06,94.84,4.69,92.67,0.47,1.19,343.52,remitter,ICICI Bank
2022-06,94.74,4.44,77.52,0.81,1.28,309.01,remitter,Axis Bank Ltd
2022-06,95.64,4.3,98.11,0.06,0.97,307.3,remitter,Paytm Payments Bank
2022-06,93.08,6.3,94.65,0.62,1.51,274.44,remitter,Punjab National Bank
2022-06,90.84,8.49,92.04,0.67,1.33,267.83,remitter,Canara Bank
2022-06,93.8,5.42,95.74,0.78,1.45,251.49,remitter,Kotak Mahindra Bank
2022-06,94.65,5.11,94.42,0.24,0.92,210.67,remitter,Bank of India
2022-06,93.34,6.09,93.35,0.57,0.63,151.58,remitter,Indian Bank
2022-06,88.47,5.71,45.95,5.82,2.74,111.89,remitter,Central Bank Of India
2022-06,93.17,5.93,96.69,0.9,0.4,96.37,remitter,Federal Bank
2022-06,86.71,11.53,78.65,1.76,1.03,90.81,remitter,Airtel Payments Bank
2022-06,59.8,30.9,36.51,9.29,1.78,87.61,remitter,India Post Payment Bank
2022-06,95.01,4.28,89.09,0.71,0.43,81.74,remitter,IDBI Bank Limited
2022-06,93.23,5.64,93.29,1.13,0.6,76.9,remitter,Indian Overseas Bank
2022-06,93.88,5.12,86.43,1.0,0.38,73.73,remitter,Bank of Maharashtra
2022-06,91.72,7.85,0.0,0.43,0.2,73.71,remitter,Yes Bank Ltd
2022-06,93.13,6.26,76.01,0.61,0.43,65.98,remitter,UCO Bank
2022-06,83.56,6.95,13.85,9.49,1.24,55.02,remitter,Karnataka Bank
2022-06,91.38,7.97,93.25,0.65,0.24,52.65,remitter,IndusInd Bank
2022-06,66.16,30.38,67.02,3.46,0.43,41.21,remitter,Fino Payments Bank
2022-06,91.48,5.75,44.99,2.78,0.39,38.9,remitter,IDFC FIRST Bank
2022-06,88.81,9.87,87.59,1.32,0.15,35.43,remitter,Karur Vysya Bank
2022-06,79.51,19.18,70.51,1.31,0.2,27.4,remitter,Bandhan Bank
2022-06,92.55,6.06,95.31,1.39,0.17,24.62,remitter,South Indian Bank
2022-06,80.09,14.41,54.91,5.5,0.19,19.63,remitter,Equitas Small Finance Bank
2022-06,90.71,7.8,97.82,1.49,0.08,18.76,remitter,City Union Bank
2022-06,94.68,4.29,97.83,1.03,0.04,16.78,remitter,Citibank
2022-06,57.71,26.61,4.74,15.68,0.86,16.62,remitter,Andhra Pradesh Grameena Vikas Bank
2022-06,78.84,8.44,33.8,12.72,0.53,16.55,remitter,Ujjivan Small Finance Bank
2022-06,95.26,4.51,98.0,0.23,0.06,15.97,remitter,DBS Bank Ltd
2022-06,96.23,2.91,93.2,0.85,0.1,15.71,remitter,Standard Chartered
2022-06,62.03,30.64,38.02,7.34,0.24,15.47,remitter,Maharashtra Gramin Bank
2022-06,91.78,7.89,51.39,0.34,0.07,15.15,remitter,Tamilnad Mercantile Bank
2022-06,92.86,6.38,0.12,0.76,0.1,14.75,remitter,AU small Finance Bank
2022-06,88.65,10.05,73.94,1.3,0.1,14.74,remitter,Punjab and Sind Bank
2022-06,82.17,10.43,52.29,7.4,0.24,14.49,remitter,Jammu and Kashmir Bank
2022-06,85.56,11.59,50.32,2.85,0.2,14.22,remitter,Pragathi Krishna Gramin Bank
2022-06,95.01,3.76,79.77,1.24,0.07,12.07,remitter,Saraswat Bank
2022-06,66.27,18.83,3.21,14.89,0.51,10.16,remitter,Rajasthan Marudhara Gramin Bank
2022-06,77.62,19.54,69.48,2.84,0.07,9.76,remitter,ESAF Small Finance Bank Ltd.
2022-06,70.2,22.28,59.93,7.52,0.24,9.28,remitter,Andhra Pragathi Grameena Bank
2022-06,86.27,12.11,57.57,1.62,0.07,9.11,remitter,Kerala Gramin Bank
2022-06,79.0,7.65,40.18,13.35,0.21,8.27,remitter,Sarva Haryana Gramin Bank
2022-06,89.69,8.95,83.5,1.36,0.04,7.41,remitter,RBL Bank
2022-06,74.54,21.67,19.01,3.79,0.15,6.79,remitter,Telangana Grameena bank
2022-06,78.29,18.22,45.45,3.49,0.1,6.78,remitter,Karnataka Vikas Grameena Bank
2022-07,92.06,7.26,98.83,0.68,7.91,1709.44,remitter,State Bank Of India
2022-07,94.55,5.37,98.77,0.08,2.44,570.34,remitter,HDFC Bank Ltd
2022-07,92.49,6.45,90.55,1.06,2.25,405.95,remitter,Bank of Baroda
2022-07,92.15,7.54,88.4,0.31,2.1,391.0,remitter,Union Bank of India
2022-07,94.96,4.66,89.64,0.38,1.71,359.49,remitter,ICICI Bank
2022-07,92.97,6.05,75.12,0.97,1.41,328.07,remitter,Axis Bank Ltd
2022-07,95.75,4.2,97.56,0.05,0.95,315.91,remitter,Paytm Payments Bank
2022-07,91.83,7.17,84.58,1.0,2.23,289.34,remitter,Punjab National Bank
2022-07,90.64,7.89,86.45,1.46,2.75,285.57,remitter,Canara Bank
2022-07,91.92,5.5,93.26,2.58,3.38,270.94,remitter,Kotak Mahindra Bank
2022-07,93.85,5.0,76.35,1.14,1.42,220.54,remitter,Bank of India
2022-07,93.56,5.81,90.44,0.62,0.89,162.24,remitter,Indian Bank
2022-07,76.28,11.99,44.99,11.73,5.9,118.89,remitter,Central Bank Of India
2022-07,94.26,5.6,98.74,0.14,0.44,103.47,remitter,Federal Bank
2022-07,86.79,10.77,77.32,2.43,1.34,102.04,remitter,Airtel Payments Bank
2022-07,94.86,4.97,0.0,0.17,0.0,92.32,remitter,Yes Bank Ltd
2022-07,95.04,4.23,91.46,0.73,0.52,86.0,remitter,IDBI Bank Limited
2022-07,79.18,17.59,61.38,3.23,0.96,84.67,remitter,India Post Payment Bank
2022-07,93.44,5.54,95.45,1.02,0.55,81.55,remitter,Indian Overseas Bank
2022-07,93.2,5.43,84.2,1.36,0.56,77.46,remitter,Bank of Maharashtra
2022-07,92.8,6.35,74.32,0.84,0.5,70.69,remitter,UCO Bank
2022-07,81.72,7.6,17.35,10.68,1.58,57.65,remitter,Karnataka Bank
2022-07,93.04,6.64,97.26,0.33,0.29,56.37,remitter,IndusInd Bank
2022-07,92.75,5.68,54.88,1.57,0.32,42.82,remitter,IDFC FIRST Bank
2022-07,82.06,14.63,61.82,3.31,0.57,40.16,remitter,Fino Payments Bank
2022-07,91.3,7.43,89.21,1.27,0.21,36.87,remitter,Karur Vysya Bank
2022-07,85.08,12.44,77.34,2.48,0.26,28.23,remitter,Bandhan Bank
2022-07,92.36,6.74,0.0,0.9,0.0,26.24,remitter,South Indian Bank
2022-07,82.94,15.5,85.58,1.56,0.14,20.88,remitter,Equitas Small Finance Bank
2022-07,91.76,7.19,0.0,1.06,0.0,19.61,remitter,City Union Bank
2022-07,95.76,4.06,0.0,0.18,0.0,17.63,remitter,Citibank
2022-07,87.88,8.39,64.85,3.73,0.19,16.75,remitter,Ujjivan Small Finance Bank
2022-07,95.16,4.6,0.0,0.24,0.0,16.62,remitter,DBS Bank Ltd
2022-07,95.63,2.81,0.0,1.56,0.0,16.55,remitter,Standard Chartered
2022-07,89.24,7.87,0.0,2.88,0.0,16.46,remitter,Tamilnad Mercantile Bank
2022-07,93.31,6.44,0.0,0.26,0.0,15.99,remitter,AU small Finance Bank
2022-07,90.47,9.37,0.0,0.16,0.01,15.97,remitter,Punjab and Sind Bank
2022-07,65.92,24.61,0.0,9.46,0.0,15.7,remitter,Andhra Pradesh Grameena Vikas Bank
2022-07,55.41,30.04,0.0,14.55,0.0,15.5,remitter,Maharashtra Gramin Bank
2022-07,85.77,11.38,0.0,2.85,0.01,15.08,remitter,Pragathi Krishna Gramin Bank
2022-07,89.61,8.06,0.0,2.33,0.0,14.74,remitter,Jammu and Kashmir Bank
2022-07,95.39,4.19,0.0,0.42,0.0,12.72,remitter,Saraswat Bank
2022-07,64.02,24.95,0.0,11.03,0.01,10.97,remitter,Rajasthan Marudhara Gramin Bank
2022-07,84.55,13.31,0.0,2.13,0.01,9.77,remitter,ESAF Small Finance Bank Ltd.
2022-07,87.07,11.28,0.0,1.65,0.0,9.6,remitter,Kerala Gramin Bank
2022-07,78.15,17.64,86.64,4.21,0.18,9.17,remitter,Andhra Pragathi Grameena Bank
2022-07,81.14,10.97,0.0,7.89,0.01,8.75,remitter,Sarva Haryana Gramin Bank
2022-07,89.82,8.06,0.0,2.12,0.01,7.99,remitter,RBL Bank
2022-07,64.67,20.32,0.0,15.0,0.0,7.27,remitter,Telangana Grameena bank
2022-07,83.41,14.24,0.0,2.34,0.01,6.78,remitter,Karnataka Vikas Grameena Bank
2022-08,91.26,7.23,9123.0,1.51,8.02,1793.55,remitter,State Bank Of India
2022-08,93.45,5.47,9410.0,1.07,3.44,594.28,remitter,HDFC Bank Ltd
2022-08,93.04,6.82,9878.0,0.13,1.68,432.55,remitter,Bank of Baroda
2022-08,91.35,7.55,6994.0,1.1,1.8,406.68,remitter,Union Bank of India
2022-08,93.84,4.53,8420.0,1.63,1.75,379.89,remitter,ICICI Bank
2022-08,92.64,6.57,5796.0,0.79,0.89,339.15,remitter,Axis Bank Ltd
2022-08,95.64,4.34,9868.0,0.02,0.82,322.02,remitter,Paytm Payments Bank
2022-08,92.51,5.88,8424.0,1.61,2.37,305.33,remitter,Punjab National Bank
2022-08,91.49,7.64,8429.0,0.87,1.47,297.1,remitter,Canara Bank
2022-08,92.74,5.64,9529.0,1.61,1.17,286.52,remitter,Kotak Mahindra Bank
2022-08,94.17,5.3,8395.0,0.53,0.95,230.16,remitter,Bank of India
2022-08,92.6,6.32,8580.0,1.09,0.79,170.2,remitter,Indian Bank
2022-08,85.62,12.63,7387.0,1.75,0.87,118.87,remitter,Airtel Payments Bank
2022-08,81.96,10.89,3667.0,7.15,1.22,113.76,remitter,Central Bank Of India
2022-08,93.62,6.12,9597.0,0.25,0.41,109.19,remitter,Federal Bank
2022-08,79.57,18.5,6532.0,1.93,0.43,97.79,remitter,India Post Payment Bank
2022-08,94.4,5.46,0.0,0.14,0.0,91.23,remitter,Yes Bank Ltd
2022-08,94.88,4.39,8625.0,0.73,0.47,89.05,remitter,IDBI Bank Limited
2022-08,93.59,5.74,9505.0,0.68,0.44,86.15,remitter,Indian Overseas Bank
2022-08,92.55,5.41,6210.0,2.04,0.33,79.97,remitter,Bank of Maharashtra
2022-08,92.71,6.14,7155.0,1.15,0.36,75.13,remitter,UCO Bank
2022-08,93.05,6.75,9689.0,0.2,0.26,59.38,remitter,IndusInd Bank
2022-08,86.01,7.37,1773.0,6.62,0.2,58.99,remitter,Karnataka Bank
2022-08,92.31,5.84,6157.0,1.85,0.19,47.41,remitter,IDFC FIRST Bank
2022-08,78.41,15.59,6629.0,6.0,0.58,46.31,remitter,Fino Payments Bank
2022-08,90.97,7.46,7890.0,1.57,0.2,38.25,remitter,Karur Vysya Bank
2022-08,85.22,10.95,8036.0,3.82,0.28,29.21,remitter,Bandhan Bank
2022-08,93.53,6.09,9648.0,0.38,0.1,27.96,remitter,South Indian Bank
2022-08,81.32,15.91,5795.0,2.78,0.11,21.68,remitter,Equitas Small Finance Bank
2022-08,91.55,7.38,8435.0,1.06,0.08,20.53,remitter,City Union Bank
2022-08,89.89,7.46,5923.0,2.65,0.09,17.83,remitter,Ujjivan Small Finance Bank
2022-08,91.98,6.33,7.0,1.69,0.0,17.57,remitter,AU small Finance Bank
2022-08,94.45,4.32,9268.0,1.24,0.07,17.51,remitter,Citibank
2022-08,88.81,10.33,7605.0,0.86,0.1,17.27,remitter,Punjab and Sind Bank
2022-08,88.0,8.69,4973.0,3.31,0.07,17.12,remitter,Tamilnad Mercantile Bank
2022-08,95.44,3.04,7417.0,1.52,0.08,16.91,remitter,Standard Chartered
2022-08,95.16,4.68,9579.0,0.15,0.06,16.88,remitter,DBS Bank Ltd
2022-08,88.51,7.03,7055.0,4.46,0.09,16.21,remitter,Jammu and Kashmir Bank
2022-08,85.97,11.15,5844.0,2.88,0.11,14.98,remitter,Pragathi Krishna Gramin Bank
2022-08,72.5,17.13,1092.0,10.37,0.06,14.67,remitter,Andhra Pradesh Grameena Vikas Bank
2022-08,71.27,17.87,1510.0,10.86,0.05,14.43,remitter,Maharashtra Gramin Bank
2022-08,95.67,3.85,9143.0,0.48,0.05,13.33,remitter,Saraswat Bank
2022-08,83.48,14.05,6349.0,2.48,0.05,10.54,remitter,ESAF Small Finance Bank Ltd.
2022-08,79.27,13.28,1622.0,7.44,0.04,10.48,remitter,Rajasthan Marudhara Gramin Bank
2022-08,87.57,11.15,6983.0,1.27,0.04,10.22,remitter,Kerala Gramin Bank
2022-08,79.41,15.55,8174.0,5.04,0.14,9.05,remitter,Andhra Pragathi Grameena Bank
2022-08,86.62,10.36,7588.0,3.02,0.09,8.89,remitter,Sarva Haryana Gramin Bank
2022-08,89.57,8.1,8208.0,2.33,0.06,8.63,remitter,RBL Bank
2022-08,79.06,7.83,2406.0,13.11,0.06,7.52,remitter,Baroda Rajasthan Kshetriya Gramin Bank
2022-08,74.76,10.31,2336.0,14.94,0.07,7.19,remitter,Baroda UP Gramin Bank
2022-09,90.39,6.77,84.7,2.84,11.29,1865.75,remitter,State Bank Of India
2022-09,94.46,5.41,98.02,0.13,2.39,610.12,remitter,HDFC Bank Ltd
2022-09,92.95,6.8,97.38,0.24,1.69,450.27,remitter,Bank of Baroda
2022-09,90.65,7.79,63.86,1.56,1.95,420.12,remitter,Union Bank of India
2022-09,94.07,4.86,82.9,1.06,1.35,370.12,remitter,ICICI Bank
2022-09,95.55,4.36,85.73,0.09,1.07,344.25,remitter,Axis Bank Ltd
2022-09,95.83,4.13,96.59,0.04,0.78,340.75,remitter,Paytm Payments Bank
2022-09,91.99,5.65,77.72,2.35,2.77,318.28,remitter,Punjab National Bank
2022-09,90.83,7.01,81.45,2.16,2.2,305.88,remitter,Canara Bank
2022-09,93.56,5.65,93.25,0.79,1.2,300.14,remitter,Kotak Mahindra Bank
2022-09,94.42,4.71,75.37,0.87,0.98,236.49,remitter,Bank of India
2022-09,91.75,5.94,72.57,2.31,1.06,175.26,remitter,Indian Bank
2022-09,78.7,18.19,65.62,3.11,0.69,131.86,remitter,Airtel Payments Bank
2022-09,65.85,25.08,44.49,9.07,0.6,119.05,remitter,India Post Payment Bank
2022-09,85.79,9.92,37.93,4.29,0.85,114.42,remitter,Central Bank Of India
2022-09,94.17,5.54,91.32,0.29,0.44,111.27,remitter,Federal Bank
2022-09,90.6,9.12,0.0,0.28,0.0,99.75,remitter,Yes Bank Ltd
2022-09,94.52,4.12,82.09,1.36,0.51,91.74,remitter,IDBI Bank Limited
2022-09,93.81,5.36,94.43,0.83,0.47,88.59,remitter,Indian Overseas Bank
2022-09,89.86,6.31,61.31,3.83,0.52,83.51,remitter,Bank of Maharashtra
2022-09,90.4,6.21,47.69,3.39,0.54,79.57,remitter,UCO Bank
2022-09,92.65,6.92,84.22,0.43,0.27,61.95,remitter,IndusInd Bank
2022-09,86.87,7.17,24.61,5.96,0.22,60.11,remitter,Karnataka Bank
2022-09,90.32,5.89,36.19,3.78,0.16,50.04,remitter,IDFC FIRST Bank
2022-09,77.01,15.14,72.43,7.85,0.81,49.9,remitter,Fino Payments Bank
2022-09,91.71,7.47,87.45,0.82,0.19,38.75,remitter,Karur Vysya Bank
2022-09,76.81,19.57,88.01,3.63,0.35,32.04,remitter,Bandhan Bank
2022-09,93.47,6.4,89.45,0.13,0.08,28.73,remitter,South Indian Bank
2022-09,77.94,13.56,52.4,8.5,0.18,22.35,remitter,Equitas Small Finance Bank
2022-09,92.2,6.77,95.35,1.03,0.08,21.09,remitter,City Union Bank
2022-09,86.62,7.05,46.98,6.33,0.1,18.79,remitter,Ujjivan Small Finance Bank
2022-09,91.06,6.29,0.07,2.66,0.0,18.54,remitter,AU small Finance Bank
2022-09,88.3,10.84,73.2,0.86,0.1,18.02,remitter,Punjab and Sind Bank
2022-09,89.86,7.12,73.74,3.02,0.11,17.61,remitter,Jammu and Kashmir Bank
2022-09,95.43,4.03,89.64,0.54,0.05,17.22,remitter,Citibank
2022-09,92.41,7.45,77.82,0.14,0.04,17.19,remitter,Tamilnad Mercantile Bank
2022-09,96.09,2.82,84.82,1.09,0.07,16.99,remitter,Standard Chartered
2022-09,94.33,4.72,93.51,0.96,0.07,16.59,remitter,DBS Bank Ltd
2022-09,58.81,22.1,6.69,19.09,0.04,16.48,remitter,Maharashtra Gramin Bank
2022-09,66.53,19.54,10.73,13.93,0.07,15.32,remitter,Andhra Pradesh Grameena Vikas Bank
2022-09,83.9,12.18,72.67,3.92,0.13,15.28,remitter,Pragathi Krishna Gramin Bank
2022-09,95.98,3.71,92.15,0.31,0.04,13.3,remitter,Saraswat Bank
2022-09,73.49,25.05,86.86,1.46,0.06,11.74,remitter,ESAF Small Finance Bank Ltd.
2022-09,75.0,11.5,8.06,13.5,0.04,11.61,remitter,Rajasthan Marudhara Gramin Bank
2022-09,86.06,11.28,60.99,2.66,0.05,10.72,remitter,Kerala Gramin Bank
2022-09,70.8,21.62,74.7,7.58,0.09,10.24,remitter,Sarva Haryana Gramin Bank
2022-09,75.51,15.02,84.78,9.47,0.25,9.35,remitter,Andhra Pragathi Grameena Bank
2022-09,89.83,8.4,80.1,1.77,0.06,9.0,remitter,RBL Bank
2022-09,72.18,10.69,46.25,17.13,0.06,7.74,remitter,Baroda UP Gramin Bank
2022-09,87.24,9.01,56.52,3.74,0.04,7.27,remitter,Baroda Rajasthan Kshetriya Gramin Bank
2022-10,92.21,6.59,94.48,1.19,8.78,1972.78,remitter,State Bank Of India
2022-10,94.45,5.34,96.96,0.22,0.97,660.29,remitter,HDFC Bank Ltd
2022-10,93.37,6.32,96.1,0.3,0.96,478.92,remitter,Bank of Baroda
2022-10,91.4,7.44,73.3,1.16,0.73,446.71,remitter,Union Bank of India
2022-10,94.75,4.76,90.59,0.49,0.91,401.27,remitter,ICICI Bank
2022-10,95.68,4.28,92.66,0.05,0.93,371.17,remitter,Axis Bank Ltd
2022-10,95.98,4.0,98.24,0.02,0.98,362.51,remitter,Paytm Payments Bank
2022-10,93.61,5.71,82.38,0.68,0.82,333.94,remitter,Punjab National Bank
2022-10,93.7,6.13,79.42,0.17,0.79,325.73,remitter,Kotak Mahindra Bank
2022-10,93.44,6.4,91.97,0.16,0.92,323.12,remitter,Canara Bank
2022-10,94.31,4.62,70.67,1.07,0.71,252.93,remitter,Bank of India
2022-10,93.46,5.58,80.19,0.96,0.8,185.22,remitter,Indian Bank
2022-10,77.77,17.18,71.61,5.05,0.72,140.51,remitter,Airtel Payments Bank
2022-10,86.2,9.42,33.63,4.38,0.34,119.96,remitter,Central Bank Of India
2022-10,94.6,5.22,96.56,0.18,0.97,118.98,remitter,Federal Bank
2022-10,81.27,16.1,80.98,2.63,0.81,114.22,remitter,India Post Payment Bank
2022-10,94.71,4.09,83.61,1.2,0.84,97.92,remitter,IDBI Bank Limited
2022-10,93.87,5.2,95.92,0.93,0.96,94.16,remitter,Indian Overseas Bank
2022-10,96.21,3.62,0.0,0.17,0.0,92.51,remitter,Yes Bank Ltd
2022-10,93.6,5.14,90.59,1.25,0.91,88.07,remitter,Bank of Maharashtra
2022-10,92.09,6.14,46.95,1.76,0.47,82.78,remitter,UCO Bank
2022-10,93.82,5.82,93.75,0.36,0.94,67.0,remitter,IndusInd Bank
2022-10,87.04,7.32,29.23,5.63,0.29,62.54,remitter,Karnataka Bank
2022-10,91.05,5.26,46.81,3.68,0.47,55.62,remitter,IDFC FIRST Bank
2022-10,82.71,15.11,73.71,2.18,0.74,54.25,remitter,Fino Payments Bank
2022-10,92.21,7.44,96.94,0.35,0.97,40.45,remitter,Karur Vysya Bank
2022-10,93.64,6.22,96.12,0.14,0.96,30.59,remitter,South Indian Bank
2022-10,90.43,7.22,92.03,2.35,0.92,30.23,remitter,Bandhan Bank
2022-10,92.56,6.56,90.99,0.88,0.91,22.2,remitter,City Union Bank
2022-10,81.26,13.91,44.77,4.83,0.45,22.13,remitter,Equitas Small Finance Bank
2022-10,88.35,6.67,59.24,4.98,0.59,19.94,remitter,Ujjivan Small Finance Bank
2022-10,90.14,6.73,75.74,3.14,0.76,19.69,remitter,Jammu and Kashmir Bank
2022-10,93.32,6.25,79.9,0.42,0.8,19.57,remitter,AU small Finance Bank
2022-10,78.83,14.05,22.27,7.13,0.22,18.58,remitter,Punjab and Sind Bank
2022-10,95.42,4.2,97.54,0.38,0.98,18.52,remitter,Citibank
2022-10,91.96,7.68,74.23,0.36,0.74,18.51,remitter,Tamilnad Mercantile Bank
2022-10,95.89,2.74,94.98,1.37,0.95,18.42,remitter,Standard Chartered
2022-10,94.46,4.79,96.03,0.75,0.96,17.23,remitter,DBS Bank Ltd
2022-10,61.62,28.36,19.53,10.03,0.2,17.07,remitter,Maharashtra Gramin Bank
2022-10,77.12,16.65,19.43,6.23,0.19,15.18,remitter,Andhra Pradesh Grameena Vikas Bank
2022-10,86.8,12.3,84.1,0.9,0.84,15.16,remitter,Pragathi Krishna Gramin Bank
2022-10,95.46,4.0,82.85,0.54,0.83,15.11,remitter,Saraswat Bank
2022-10,71.92,12.81,8.64,15.27,0.09,12.45,remitter,Rajasthan Marudhara Gramin Bank
2022-10,88.5,11.14,95.24,0.36,0.95,11.85,remitter,Kerala Gramin Bank
2022-10,89.61,8.71,87.4,1.68,0.87,10.85,remitter,ESAF Small Finance Bank Ltd.
2022-10,73.28,16.67,43.37,10.04,0.43,10.11,remitter,Andhra Pragathi Grameena Bank
2022-10,91.83,7.37,88.71,0.8,0.89,9.75,remitter,RBL Bank
2022-10,86.58,9.2,85.18,4.22,0.85,9.22,remitter,Sarva Haryana Gramin Bank
2022-10,81.13,10.56,27.94,8.32,0.28,7.84,remitter,Baroda Rajasthan Kshetriya Gramin Bank
2022-10,84.01,10.99,46.32,5.01,0.46,7.82,remitter,Baroda UP Gramin Bank
2022-11,92.82,6.3,80.4,0.88,8.51,1951.85,remitter,State Bank Of India
2022-11,94.68,5.16,99.46,0.16,2.29,649.64,remitter,HDFC Bank Ltd
2022-11,93.69,6.17,99.38,0.15,1.69,475.43,remitter,Bank of Baroda
2022-11,92.47,7.07,78.57,0.46,2.04,447.27,remitter,Union Bank of India
2022-11,94.6,4.75,67.84,0.65,2.91,396.06,remitter,ICICI Bank
2022-11,96.02,3.83,67.34,0.15,2.04,384.42,remitter,Axis Bank Ltd
2022-11,96.01,3.82,93.6,0.17,1.66,364.0,remitter,Paytm Payments Bank
2022-11,92.47,6.32,72.91,1.21,1.34,332.82,remitter,Canara Bank
2022-11,92.48,5.61,77.31,1.9,1.21,328.34,remitter,Punjab National Bank
2022-11,94.62,5.07,71.21,0.31,1.18,325.86,remitter,Kotak Mahindra Bank
2022-11,94.97,4.38,69.29,0.65,1.1,249.69,remitter,Bank of India
2022-11,93.72,5.57,70.54,0.71,0.98,188.36,remitter,Indian Bank
2022-11,81.21,13.36,45.26,5.43,1.78,140.25,remitter,Airtel Payments Bank
2022-11,93.88,5.53,74.3,0.59,0.94,122.16,remitter,Federal Bank
2022-11,81.41,15.23,73.79,3.36,1.02,121.93,remitter,India Post Payment Bank
2022-11,88.09,8.95,91.37,2.96,0.47,117.72,remitter,Central Bank Of India
2022-11,93.58,5.27,94.66,1.15,0.49,95.82,remitter,Indian Overseas Bank
2022-11,94.39,4.27,75.92,1.35,0.52,95.5,remitter,IDBI Bank Limited
2022-11,93.61,4.69,47.79,1.7,0.87,87.16,remitter,Bank of Maharashtra
2022-11,91.91,5.84,94.87,2.26,0.6,83.44,remitter,UCO Bank
2022-11,94.81,4.34,93.5,0.85,0.3,80.19,remitter,Yes Bank Ltd
2022-11,93.88,5.68,80.08,0.44,0.34,66.86,remitter,INDUSIND BANK
2022-11,85.92,7.53,83.33,6.55,0.3,62.76,remitter,Karnataka Bank
2022-11,89.48,5.99,29.94,4.53,1.01,56.3,remitter,IDFC FIRST Bank
2022-11,81.88,16.09,47.55,2.03,0.43,54.03,remitter,Fino Payments Bank
2022-11,91.68,7.13,56.68,1.19,0.26,40.64,remitter,Karur Vysya Bank
2022-11,93.95,5.87,93.38,0.18,0.24,31.42,remitter,South Indian Bank
2022-11,90.25,6.53,98.27,3.22,0.11,31.07,remitter,Bandhan Bank
2022-11,92.79,6.28,64.69,0.93,0.15,22.51,remitter,City Union Bank
2022-11,86.38,13.09,96.99,0.53,0.1,21.51,remitter,Equitas Bank
2022-11,87.84,6.64,95.31,5.52,0.09,21.45,remitter,Jammu and Kashmir Bank
2022-11,89.69,6.55,88.48,3.76,0.09,19.93,remitter,Ujjivan Small Finance Bank
2022-11,93.71,5.94,62.66,0.35,0.17,19.43,remitter,AU small Finance Bank
2022-11,51.76,42.89,93.9,5.35,0.09,19.41,remitter,Maharashtra Gramin Bank
2022-11,91.64,7.21,27.49,1.15,0.23,18.78,remitter,Tamilnad Mercantile Bank
2022-11,95.99,2.59,87.0,1.42,0.07,18.34,remitter,Standard Chartered
2022-11,88.48,9.83,76.5,1.68,0.07,18.14,remitter,Punjab and Sind Bank
2022-11,95.45,4.07,95.73,0.48,0.06,17.81,remitter,Citibank
2022-11,95.17,4.73,53.62,0.11,0.09,17.33,remitter,DBS Bank India Limited
2022-11,86.54,12.67,21.84,0.78,0.2,15.27,remitter,Pragathi Krishna Gramin Bank
2022-11,85.56,12.28,35.4,2.16,0.12,14.66,remitter,Andhra Pradesh Grameena Vikas Bank
2022-11,95.83,3.57,93.96,0.6,0.04,14.61,remitter,Saraswat Bank
2022-11,88.69,10.93,45.06,0.37,0.09,12.77,remitter,Kerala Gramin Bank
2022-11,79.24,11.94,94.36,8.83,0.07,11.61,remitter,Rajasthan Marudhara Gramin Bank
2022-11,89.5,9.0,42.87,1.5,0.1,11.29,remitter,ESAF Small Finance Bank Ltd.
2022-11,90.98,7.19,87.11,1.83,0.05,9.68,remitter,RBL
2022-11,77.93,17.06,41.25,5.01,0.1,9.67,remitter,Andhra Pragathi Grameena Bank
2022-11,87.1,10.98,99.45,1.92,0.05,9.11,remitter,Sarva Haryana Gramin Bank
2022-11,82.96,12.5,35.54,4.53,0.13,7.82,remitter,Baroda UP Gramin Bank
2022-11,83.3,10.93,43.8,5.77,0.07,7.4,remitter,Baroda Rajasthan Kshetriya Gramin Bank
2022-12,91.25,6.3,95.9,2.45,14.35,2128.94,remitter,State Bank Of India
2022-12,94.08,5.23,92.33,0.69,4.32,700.19,remitter,HDFC Bank Ltd
2022-12,88.84,6.3,72.57,4.86,5.54,509.92,remitter,Bank of Baroda
2022-12,91.84,7.01,69.01,1.15,3.59,487.38,remitter,Union Bank of India
2022-12,95.23,3.6,65.75,1.17,3.11,426.32,remitter,ICICI Bank
2022-12,95.47,4.24,85.19,0.29,1.93,397.64,remitter,Axis Bank Ltd
2022-12,95.96,3.89,72.44,0.15,1.94,386.5,remitter,Paytm Payments Bank
2022-12,92.66,6.85,93.23,0.49,2.62,361.0,remitter,Canara Bank
2022-12,93.44,5.53,92.35,1.03,1.32,354.8,remitter,Punjab National Bank
2022-12,93.9,4.83,80.49,1.27,1.24,351.8,remitter,Kotak Mahindra Bank
2022-12,94.98,4.81,73.26,0.2,1.57,268.67,remitter,Bank of India
2022-12,93.35,5.78,97.07,0.88,0.89,206.07,remitter,Indian Bank
2022-12,84.9,14.55,55.9,0.56,2.89,154.16,remitter,Airtel Payments Bank
2022-12,69.58,17.68,77.04,12.74,1.21,147.96,remitter,India Post Payment Bank
2022-12,93.45,6.49,81.4,0.06,1.06,131.59,remitter,Federal Bank
2022-12,88.58,9.87,99.15,1.55,0.57,128.39,remitter,Central Bank Of India
2022-12,90.82,5.56,85.16,3.62,0.85,104.59,remitter,Indian Overseas Bank
2022-12,94.47,4.14,82.76,1.38,0.62,102.97,remitter,IDBI Bank Limited
2022-12,92.99,4.78,53.95,2.23,0.76,93.22,remitter,Bank of Maharashtra
2022-12,93.2,6.1,80.82,0.7,0.47,89.57,remitter,UCO Bank
2022-12,92.84,6.17,69.75,0.99,0.53,72.7,remitter,IndusInd Bank
2022-12,91.4,7.76,86.9,0.84,0.34,67.08,remitter,Karnataka Bank
2022-12,92.59,5.95,82.55,1.46,0.31,66.27,remitter,IDFC FIRST Bank
2022-12,82.72,16.02,67.43,1.25,0.39,58.33,remitter,Fino Payments Bank
2022-12,92.6,6.72,94.4,0.68,0.31,48.46,remitter,Yes Bank Ltd
2022-12,91.3,7.29,49.34,1.41,0.27,43.7,remitter,Karur Vysya Bank
2022-12,93.02,5.39,89.88,1.59,0.15,34.0,remitter,South Indian Bank
2022-12,89.66,8.33,90.1,2.01,0.18,33.77,remitter,Bandhan Bank
2022-12,92.51,6.51,84.01,0.98,0.14,24.42,remitter,City Union Bank
2022-12,85.78,13.19,37.35,1.03,0.35,23.33,remitter,Equitas Small Finance Bank
2022-12,88.91,7.85,91.73,3.24,0.13,22.34,remitter,Jammu and Kashmir Bank
2022-12,87.15,7.48,48.84,5.36,0.16,22.1,remitter,Ujjivan Small Finance Bank
2022-12,93.14,5.81,88.71,1.05,0.09,21.24,remitter,AU small Finance Bank
2022-12,91.71,8.06,53.45,0.24,0.13,20.67,remitter,Tamilnad Mercantile Bank
2022-12,93.49,4.71,98.94,1.8,0.07,20.13,remitter,DBS Bank Ltd
2022-12,83.64,9.77,67.49,6.59,0.17,20.12,remitter,Punjab and Sind Bank
2022-12,96.71,2.74,82.4,0.55,0.08,19.53,remitter,Standard Chartered
2022-12,94.91,4.13,44.43,0.97,0.15,19.24,remitter,Citibank
2022-12,82.8,13.36,93.76,3.84,0.1,17.34,remitter,Andhra Pradesh Grameena Vikas Bank
2022-12,71.35,23.55,31.55,5.1,0.2,16.64,remitter,Maharashtra Gramin Bank
2022-12,84.14,13.76,40.99,2.1,0.19,16.46,remitter,Pragathi Krishna Gramin Bank
2022-12,95.72,3.58,41.02,0.69,0.16,15.79,remitter,Saraswat Bank
2022-12,87.55,11.16,83.59,1.29,0.07,14.09,remitter,Kerala Gramin Bank
2022-12,84.18,13.67,84.66,2.15,0.11,12.97,remitter,ESAF Small Finance Bank Ltd.
2022-12,81.74,12.24,62.81,6.03,0.09,12.33,remitter,Rajasthan Marudhara Gramin Bank
2022-12,76.5,16.82,98.88,6.68,0.07,11.05,remitter,Sarva Haryana Gramin Bank
2022-12,79.84,14.92,70.93,5.24,0.07,10.58,remitter,Andhra Pragathi Grameena Bank
2022-12,88.19,7.5,56.49,4.3,0.09,10.28,remitter,RBL Bank
2022-12,82.44,13.17,56.53,4.4,0.09,8.57,remitter,Baroda UP Gramin Bank
2022-12,85.52,11.49,47.53,2.99,0.17,7.68,remitter,Baroda Rajasthan Kshetriya Gramin Bank
2023-01,91.62,6.19,96.0,2.2,12.0,2153.2,remitter,State Bank Of India
2023-01,95.29,4.37,97.71,0.35,2.61,708.14,remitter,HDFC BANK LTD
2023-01,93.0,6.12,82.99,0.87,2.83,522.75,remitter,Bank of Baroda
2023-01,93.0,6.6,81.66,0.4,2.31,500.43,remitter,Union Bank of India
2023-01,95.62,3.34,91.47,1.04,2.22,421.23,remitter,ICICI Bank
2023-01,95.64,3.88,90.07,0.48,1.24,390.33,remitter,Axis Bank Ltd.
2023-01,96.32,3.61,89.58,0.07,0.9,389.61,remitter,Paytm Payments Bank
2023-01,94.43,4.72,15.2,0.85,2.26,371.3,remitter,Kotak Mahindra Bank
2023-01,93.21,6.32,86.22,0.47,1.78,369.95,remitter,Canara Bank
2023-01,92.81,5.57,53.26,1.62,3.46,364.04,remitter,Punjab National Bank
2023-01,94.88,4.5,75.07,0.62,1.33,273.77,remitter,Bank of India
2023-01,93.64,5.59,84.56,0.77,1.04,213.14,remitter,Indian Bank
2023-01,83.53,15.88,97.11,0.59,0.83,173.73,remitter,Airtel Payments Bank
2023-01,68.12,18.91,70.58,12.96,2.75,159.78,remitter,India Post Payment Bank
2023-01,94.54,5.4,98.41,0.06,0.44,133.32,remitter,Federal Bank
2023-01,89.97,8.88,78.08,1.15,1.24,130.32,remitter,Central Bank Of India
2023-01,94.07,5.14,95.9,0.79,0.48,104.67,remitter,Indian Overseas Bank
2023-01,93.9,3.97,86.08,2.13,0.72,104.4,remitter,IDBI Bank Limited
2023-01,94.02,4.69,85.25,1.29,0.38,94.74,remitter,Bank of Maharashtra
2023-01,93.03,6.03,68.02,0.94,0.61,92.46,remitter,UCO Bank
2023-01,95.4,3.91,91.05,0.69,0.18,75.46,remitter,Yes Bank Ltd
2023-01,93.48,6.05,90.69,0.47,0.35,74.98,remitter,INDUSIND BANK
2023-01,94.38,4.82,58.42,0.79,0.34,72.81,remitter,IDFC FIRST Bank
2023-01,89.4,9.21,77.61,1.39,0.25,68.47,remitter,Karnataka Bank
2023-01,79.03,15.53,50.39,5.44,1.13,68.27,remitter,Fino Payments Bank
2023-01,92.38,6.94,79.74,0.68,0.19,43.55,remitter,Karur Vysya Bank
2023-01,85.78,8.82,69.17,5.4,0.54,35.86,remitter,Bandhan Bank
2023-01,94.46,5.26,87.34,0.28,0.11,33.93,remitter,South Indian Bank
2023-01,92.78,6.38,97.29,0.84,0.11,24.81,remitter,City Union Bank
2023-01,91.59,7.25,83.03,1.16,0.13,24.02,remitter,Jammu and Kashmir Bank
2023-01,84.67,13.0,64.32,2.33,0.14,23.44,remitter,Equitas Bank
2023-01,88.59,6.97,49.41,4.44,0.21,22.65,remitter,Ujjivan Small Finance Bank
2023-01,93.85,6.01,97.88,0.14,0.1,21.95,remitter,AU small Finance Bank
2023-01,95.6,4.31,93.93,0.09,0.07,21.51,remitter,DBS Bank India Limited
2023-01,90.07,8.34,54.0,1.59,0.11,21.15,remitter,Tamilnad Mercantile Bank
2023-01,82.29,16.78,69.58,0.94,0.15,20.36,remitter,Punjab and Sind Bank
2023-01,96.35,2.67,84.74,0.98,0.1,19.02,remitter,Standard Chartered
2023-01,95.06,4.04,93.43,0.9,0.07,18.45,remitter,Citibank
2023-01,84.81,11.32,44.79,3.87,0.11,17.28,remitter,Andhra Pradesh Grameena Vikas Bank
2023-01,86.54,12.68,92.02,0.78,0.09,16.31,remitter,Pragathi Krishna Gramin Bank
2023-01,79.69,14.63,36.27,5.68,0.15,16.24,remitter,Maharashtra Gramin Bank
2023-01,95.6,3.84,74.67,0.55,0.05,16.14,remitter,Saraswat Bank
2023-01,88.71,10.47,86.36,0.82,0.08,14.62,remitter,Kerala Gramin Bank
2023-01,82.67,16.2,84.62,1.12,0.05,13.53,remitter,ESAF Small Finance Bank Ltd.
2023-01,80.76,11.92,29.85,7.32,0.13,13.29,remitter,Rajasthan Marudhara Gramin Bank
2023-01,79.36,11.31,49.73,9.33,0.1,10.72,remitter,Sarva Haryana Gramin Bank
2023-01,90.93,7.44,72.58,1.63,0.07,10.64,remitter,RBL
2023-01,83.5,13.64,14.05,2.86,0.13,9.99,remitter,Andhra Pragathi Grameena Bank
2023-01,79.21,11.93,35.44,8.86,0.15,9.71,remitter,Baroda UP Gramin Bank
2023-01,81.15,9.94,29.79,8.91,0.12,8.11,remitter,Baroda Rajasthan Kshetriya Gramin Bank
2023-02,89.0,6.43,81.67,4.57,18.42,1987.68,remitter,State Bank Of India
2023-02,95.96,3.76,93.36,0.28,2.93,681.04,remitter,HDFC BANK LTD
2023-02,92.92,5.81,88.16,1.28,2.83,502.38,remitter,Bank of Baroda
2023-02,93.64,4.96,54.32,1.4,4.03,472.1,remitter,Union Bank of India
2023-02,96.5,3.29,93.18,0.21,1.27,397.14,remitter,ICICI Bank
2023-02,95.47,4.5,89.52,0.04,1.26,367.84,remitter,Axis Bank Ltd
2023-02,96.17,3.77,92.69,0.06,0.84,360.42,remitter,Paytm Payments Bank
2023-02,93.36,5.26,66.32,1.38,1.7,358.4,remitter,Kotak Mahindra Bank
2023-02,93.13,6.21,83.96,0.66,2.21,354.92,remitter,Canara Bank
2023-02,94.68,4.98,96.95,0.33,1.7,351.6,remitter,Punjab National Bank
2023-02,95.35,4.34,84.48,0.32,1.23,258.24,remitter,Bank of India
2023-02,93.39,5.11,67.72,1.49,1.49,202.78,remitter,Indian Bank
2023-02,86.21,13.11,93.03,0.67,0.91,162.94,remitter,Airtel Payments Bank
2023-02,57.4,23.33,31.89,19.26,6.49,154.66,remitter,India Post Payment Bank
2023-02,94.17,5.34,86.6,0.48,0.53,127.02,remitter,Federal Bank
2023-02,90.05,8.78,74.98,1.18,1.16,123.73,remitter,Central Bank Of India
2023-02,94.23,5.3,94.74,0.47,0.48,100.8,remitter,Indian Overseas Bank
2023-02,94.77,4.02,86.98,1.2,0.57,97.58,remitter,IDBI Bank Limited
2023-02,94.51,4.68,86.51,0.81,0.36,89.07,remitter,Bank of Maharashtra
2023-02,93.47,5.87,79.26,0.66,0.5,87.9,remitter,UCO Bank
2023-02,93.9,5.89,96.05,0.21,0.33,72.18,remitter,INDUSIND BANK
2023-02,91.83,4.93,35.14,3.24,0.64,67.51,remitter,IDFC FIRST Bank
2023-02,95.49,4.13,92.3,0.38,0.17,66.76,remitter,Yes Bank Ltd
2023-02,76.37,15.66,47.82,7.97,1.62,66.29,remitter,Fino Payments Bank
2023-02,90.29,7.59,53.91,2.11,0.34,62.94,remitter,Karnataka Bank
2023-02,92.07,6.79,80.44,1.14,0.21,40.92,remitter,Karur Vysya Bank
2023-02,85.65,11.75,77.08,2.6,0.4,33.89,remitter,Bandhan Bank
2023-02,93.93,5.15,67.41,0.92,0.16,32.46,remitter,South Indian Bank
2023-02,92.89,6.25,94.83,0.86,0.1,23.61,remitter,City Union Bank
2023-02,88.47,6.49,43.97,5.03,0.32,23.46,remitter,Jammu and Kashmir Bank
2023-02,89.06,10.5,93.42,0.44,0.1,21.75,remitter,Equitas Bank
2023-02,92.25,6.71,63.25,1.05,0.14,21.17,remitter,Ujjivan Small Finance Bank
2023-02,94.57,5.36,96.9,0.07,0.1,20.98,remitter,AU small Finance Bank
2023-02,90.23,8.07,65.78,1.71,0.1,20.22,remitter,Tamilnad Mercantile Bank
2023-02,95.38,4.21,87.64,0.41,0.08,20.16,remitter,DBS Bank India Limited
2023-02,86.81,12.41,78.29,0.78,0.13,19.12,remitter,Punjab and Sind Bank
2023-02,96.88,2.54,91.16,0.58,0.07,18.03,remitter,Standard Chartered
2023-02,95.34,3.7,94.69,0.95,0.06,16.98,remitter,Citibank
2023-02,80.56,12.46,32.54,6.98,0.17,16.28,remitter,Andhra Pradesh Grameena Vikas Bank
2023-02,95.25,3.36,84.8,1.39,0.04,15.08,remitter,Saraswat Bank
2023-02,87.61,10.88,81.24,1.5,0.14,15.04,remitter,Pragathi Krishna Gramin Bank
2023-02,82.05,15.61,48.33,2.34,0.12,14.93,remitter,Maharashtra Gramin Bank
2023-02,89.2,10.23,91.07,0.57,0.07,14.21,remitter,Kerala Gramin Bank
2023-02,77.06,21.9,85.84,1.04,0.06,13.6,remitter,ESAF Small Finance Bank Ltd.
2023-02,80.63,10.95,48.4,8.41,0.09,12.76,remitter,Rajasthan Marudhara Gramin Bank
2023-02,93.16,6.49,95.27,0.35,0.04,10.51,remitter,RBL
2023-02,77.17,14.54,23.55,8.29,0.11,10.06,remitter,Andhra Pragathi Grameena Bank
2023-02,83.21,7.66,17.54,9.13,0.25,10.03,remitter,Sarva Haryana Gramin Bank
2023-02,85.45,12.15,75.51,2.39,0.06,8.91,remitter,Baroda UP Gramin Bank
2023-02,82.62,11.38,45.77,6.0,0.07,7.42,remitter,Baroda Rajasthan Kshetriya Gramin Bank
2023-03,92.46,5.09,89.61,2.45,15.95,2260.05,remitter,State Bank Of India
2023-03,94.41,4.74,93.27,0.85,4.53,778.92,remitter,HDFC BANK LTD
2023-03,93.72,5.89,96.77,0.39,2.06,572.31,remitter,Bank of Baroda
2023-03,94.84,4.65,75.6,0.51,2.6,538.68,remitter,Union Bank of India
2023-03,96.09,3.11,95.14,0.8,2.72,444.82,remitter,ICICI Bank
2023-03,95.79,4.14,89.86,0.07,1.29,413.87,remitter,Axis Bank Ltd.
2023-03,95.11,4.78,82.94,0.12,1.75,409.55,remitter,Punjab National Bank
2023-03,93.97,5.81,93.2,0.22,1.68,405.45,remitter,Canara Bank
2023-03,95.76,4.03,78.26,0.21,1.22,404.99,remitter,Paytm Payments Bank
2023-03,93.76,5.35,65.63,0.89,1.77,404.38,remitter,Kotak Mahindra Bank
2023-03,95.42,4.06,76.8,0.53,1.32,293.39,remitter,Bank of India
2023-03,92.72,5.5,73.1,1.78,1.52,236.53,remitter,Indian Bank
2023-03,86.62,13.09,93.66,0.3,0.82,193.35,remitter,Airtel Payments Bank
2023-03,75.27,20.47,53.49,4.26,1.16,158.88,remitter,India Post Payment Bank
2023-03,94.6,5.1,92.18,0.31,0.51,142.93,remitter,Federal Bank
2023-03,90.23,8.68,77.95,1.09,1.26,141.31,remitter,Central Bank Of India
2023-03,94.72,4.75,94.65,0.53,0.51,114.43,remitter,Indian Overseas Bank
2023-03,89.17,3.67,76.2,7.16,1.44,111.97,remitter,IDBI Bank Limited
2023-03,93.78,5.72,80.64,0.51,0.53,101.76,remitter,UCO Bank
2023-03,91.86,4.4,57.63,3.74,0.58,100.81,remitter,Bank of Maharashtra
2023-03,94.08,5.59,92.66,0.32,0.37,83.58,remitter,INDUSIND BANK
2023-03,95.31,4.26,81.87,0.43,0.2,78.15,remitter,Yes Bank Ltd
2023-03,77.59,20.33,61.41,2.08,0.51,73.73,remitter,Fino Payments Bank
2023-03,92.2,6.53,78.84,1.28,0.24,72.22,remitter,Karnataka Bank
2023-03,92.41,6.39,67.52,1.2,0.3,65.54,remitter,IDFC FIRST Bank
2023-03,92.75,6.71,88.19,0.54,0.18,45.86,remitter,Karur Vysya Bank
2023-03,88.08,8.84,79.98,3.07,0.42,37.63,remitter,Bandhan Bank
2023-03,94.83,4.89,93.61,0.28,0.12,37.12,remitter,South Indian Bank
2023-03,91.35,7.78,92.43,0.87,0.11,27.3,remitter,City Union Bank
2023-03,89.34,6.29,43.89,4.37,0.3,26.67,remitter,Jammu and Kashmir Bank
2023-03,88.99,10.43,85.92,0.58,0.0,24.63,remitter,Equitas Bank
2023-03,93.31,6.33,75.52,0.35,0.12,24.53,remitter,Ujjivan Small Finance Bank
2023-03,94.5,5.19,95.9,0.3,0.11,24.37,remitter,AU small Finance Bank
2023-03,93.16,6.6,84.05,0.24,0.07,22.69,remitter,Tamilnad Mercantile Bank
2023-03,95.46,4.06,88.13,0.47,0.0,22.51,remitter,DBS Bank India Limited
2023-03,89.29,9.82,82.0,0.9,0.14,21.53,remitter,Punjab and Sind Bank
2023-03,96.72,2.42,88.92,0.85,0.09,20.28,remitter,Standard Chartered
2023-03,82.74,11.63,51.12,5.64,0.12,18.43,remitter,Andhra Pradesh Grameena Vikas Bank
2023-03,95.76,3.42,97.94,0.83,0.06,18.42,remitter,Citibank
2023-03,79.68,15.49,42.17,4.83,0.14,17.65,remitter,Maharashtra Gramin Bank
2023-03,86.38,10.22,79.06,3.4,0.19,17.47,remitter,Pragathi Krishna Gramin Bank
2023-03,96.72,3.12,94.48,0.16,0.04,17.1,remitter,Saraswat Bank
2023-03,89.8,9.1,87.82,1.11,0.08,16.26,remitter,Kerala Gramin Bank
2023-03,74.89,19.11,34.21,6.0,0.11,15.76,remitter,Rajasthan Marudhara Gramin Bank
2023-03,84.0,15.03,82.29,0.97,0.05,14.58,remitter,ESAF Small Finance Bank Ltd.
2023-03,92.44,6.8,83.6,0.77,0.0,11.99,remitter,RBL
2023-03,77.24,16.27,16.47,6.48,0.12,11.75,remitter,Andhra Pragathi Grameena Bank
2023-03,89.92,7.8,37.49,2.28,0.13,11.26,remitter,Sarva Haryana Gramin Bank
2023-03,84.29,13.2,38.16,2.51,0.12,10.54,remitter,Baroda UP Gramin Bank
2023-03,85.47,10.75,36.94,3.78,0.12,8.59,remitter,Fincare Small Finance Bank Ltd
2023-04,93.37,4.69,95.68,1.94,8.38,2298.06,remitter,State Bank of India
2023-04,96.04,3.61,95.17,0.35,3.29,797.45,remitter,HDFC BANK LTD
2023-04,93.37,6.35,98.94,0.28,1.98,589.97,remitter,Bank of Baroda
2023-04,94.06,4.4,66.96,1.54,3.01,558.92,remitter,Union Bank of India
2023-04,96.67,3.02,63.74,0.31,3.06,456.92,remitter,ICICI Bank
2023-04,94.35,4.53,85.7,1.12,2.36,429.32,remitter,Punjab National Bank
2023-04,94.51,4.95,89.86,0.54,3.72,420.44,remitter,Kotak Mahindra Bank
2023-04,95.75,4.12,77.12,0.13,1.39,419.45,remitter,Axis Bank Ltd
2023-04,94.14,5.33,80.4,0.53,4.63,410.23,remitter,Canara Bank
2023-04,96.01,3.92,99.58,0.07,1.04,403.18,remitter,Paytm Payments Bank
2023-04,95.51,4.11,71.04,0.38,1.57,298.42,remitter,Bank of India
2023-04,94.22,5.42,78.64,0.36,1.2,241.65,remitter,Indian Bank
2023-04,84.88,14.7,88.24,0.43,0.7,203.03,remitter,Airtel Payments Bank
2023-04,68.79,19.69,67.74,11.52,0.6,170.07,remitter,India Post Payment Bank
2023-04,89.12,8.58,59.35,2.3,2.05,143.94,remitter,Central Bank Of India
2023-04,95.05,4.84,90.07,0.11,0.49,140.58,remitter,Federal Bank
2023-04,93.86,5.1,76.12,1.04,0.8,114.6,remitter,Indian Overseas Bank
2023-04,93.92,4.05,67.01,2.03,0.66,108.52,remitter,IDBI Bank Limited
2023-04,93.31,5.79,74.33,0.9,0.51,106.14,remitter,UCO Bank
2023-04,92.88,4.44,73.06,2.68,0.57,101.34,remitter,Bank of Maharashtra
2023-04,93.87,5.5,93.93,0.63,0.29,86.38,remitter,INDUSIND BANK
2023-04,94.3,5.18,0.0,0.53,0.32,83.98,remitter,Yes Bank Ltd
2023-04,81.79,15.43,79.01,2.78,0.38,77.3,remitter,Fino Payments Bank Limited
2023-04,90.95,6.77,36.72,2.28,0.58,73.39,remitter,Karnataka Bank
2023-04,93.84,5.29,42.68,0.87,0.38,65.41,remitter,IDFC FIRST Bank
2023-04,93.32,6.3,93.95,0.38,0.18,45.52,remitter,Karur Vysya Bank
2023-04,83.17,11.83,17.93,5.0,0.19,40.2,remitter,Bandhan Bank
2023-04,95.4,4.38,97.12,0.22,0.19,35.35,remitter,South Indian Bank
2023-04,85.16,6.51,53.22,8.33,0.16,28.65,remitter,Jammu and Kashmir Bank
2023-04,92.01,7.23,82.07,0.75,0.14,26.6,remitter,City Union Bank
2023-04,93.44,6.05,55.64,0.52,0.15,25.3,remitter,Ujjivan Small Finance Bank
2023-04,94.73,5.16,0.03,0.11,0.09,25.25,remitter,AU small Finance Bank
2023-04,89.64,9.84,94.37,0.51,0.11,24.78,remitter,Equitas Bank
2023-04,72.89,12.14,74.71,14.97,0.1,24.18,remitter,Punjab and Sind Bank
2023-04,93.27,6.31,56.86,0.42,0.08,22.61,remitter,Tamilnad Mercantile Bank
2023-04,95.48,4.1,97.0,0.42,0.02,22.47,remitter,DBS Bank India Limited
2023-04,95.48,2.64,96.28,1.89,0.1,20.58,remitter,Standard Chartered
2023-04,96.1,3.34,94.85,0.56,0.07,18.93,remitter,Citibank
2023-04,81.16,12.74,14.73,6.1,0.21,18.59,remitter,Andhra Pradesh Grameena Vikas Bank
2023-04,89.02,10.14,56.54,0.84,0.21,17.59,remitter,Pragathi Krishna Gramin Bank
2023-04,79.86,14.29,17.55,5.85,0.22,17.58,remitter,Maharashtra Gramin Bank
2023-04,94.12,4.83,79.27,1.05,0.07,17.41,remitter,Saraswat Bank
2023-04,73.35,25.56,96.76,1.09,0.04,16.0,remitter,ESAF Small Finance Bank Ltd.
2023-04,90.69,8.76,85.07,0.55,0.06,15.48,remitter,Kerala Gramin Bank
2023-04,77.19,17.48,10.8,5.33,0.22,15.25,remitter,Rajasthan Marudhara Gramin Bank
2023-04,55.23,32.09,6.53,12.68,0.35,12.27,remitter,Andhra Pragathi Grameena Bank
2023-04,93.08,6.36,72.51,0.55,0.06,12.05,remitter,RBL
2023-04,91.79,7.34,5.09,0.87,0.11,11.59,remitter,Sarva Haryana Gramin Bank
2023-04,85.69,10.93,73.44,3.38,0.05,11.1,remitter,Baroda UP Gramin Bank
2023-04,84.1,11.08,28.26,4.82,0.02,9.21,remitter,Fincare Small Finance Bank Ltd
2023-05,95.07,4.5,96.08,0.43,8.41,2427.45,remitter,State Bank Of India
2023-05,96.07,3.75,97.68,0.18,2.75,834.13,remitter,HDFC BANK LTD
2023-05,93.91,5.52,93.52,0.58,2.08,615.53,remitter,Bank of Baroda
2023-05,95.23,4.27,72.49,0.5,2.06,587.3,remitter,Union Bank of India
2023-05,96.05,3.03,89.78,0.92,2.23,471.2,remitter,ICICI Bank
2023-05,94.58,4.73,89.28,0.69,1.87,455.13,remitter,Punjab National Bank
2023-05,93.33,4.94,83.34,1.72,1.07,445.82,remitter,Kotak Mahindra Bank
2023-05,93.94,5.18,79.21,0.87,1.72,433.19,remitter,Canara Bank
2023-05,95.98,4.01,97.95,0.02,1.01,427.56,remitter,Axis Bank Ltd.
2023-05,96.31,3.67,96.72,0.02,0.66,425.23,remitter,Paytm Payments Bank
2023-05,95.33,4.15,84.8,0.52,0.91,308.34,remitter,Bank of India
2023-05,94.56,4.74,89.91,0.7,0.79,257.31,remitter,Indian Bank
2023-05,87.0,11.94,63.63,1.06,0.64,210.36,remitter,Airtel Payments Bank
2023-05,80.61,15.66,68.11,3.73,0.63,167.39,remitter,India Post Payment Bank
2023-05,90.06,8.41,80.86,1.53,1.22,150.03,remitter,Central Bank Of India
2023-05,95.22,4.71,97.23,0.08,0.37,149.25,remitter,Federal Bank
2023-05,94.43,5.18,95.94,0.39,0.44,121.85,remitter,Indian Overseas Bank
2023-05,95.2,3.9,84.51,0.9,0.47,114.16,remitter,IDBI Bank Limited
2023-05,93.87,5.29,66.09,0.84,0.41,112.87,remitter,UCO Bank
2023-05,92.49,5.04,50.66,2.47,0.36,104.95,remitter,Bank of Maharashtra
2023-05,96.33,3.56,96.13,0.11,0.15,94.89,remitter,Yes Bank Ltd
2023-05,93.76,5.7,91.48,0.54,0.29,91.3,remitter,INDUSIND BANK
2023-05,82.85,14.95,82.81,2.21,0.25,81.88,remitter,Fino Payments Bank Limited FIP
2023-05,91.31,6.2,80.02,2.5,0.2,74.77,remitter,Karnataka Bank
2023-05,93.74,5.39,62.55,0.87,0.18,62.61,remitter,IDFC FIRST Bank
2023-05,92.0,7.39,86.59,0.61,0.12,47.89,remitter,Karur Vysya Bank
2023-05,85.45,11.64,55.71,2.91,0.26,41.45,remitter,Bandhan Bank
2023-05,96.02,3.92,96.85,0.06,0.08,38.15,remitter,South Indian Bank
2023-05,90.22,6.87,52.76,2.9,0.15,31.55,remitter,Jammu and Kashmir Bank
2023-05,92.84,6.47,90.82,0.69,0.09,27.91,remitter,City Union Bank
2023-05,94.11,4.78,94.02,1.11,0.17,26.71,remitter,AU small Finance Bank
2023-05,93.39,5.96,64.57,0.65,0.08,26.7,remitter,Ujjivan Small Finance Bank
2023-05,90.37,9.35,96.62,0.28,0.07,25.3,remitter,Equitas Bank
2023-05,93.46,6.03,89.98,0.51,0.06,23.92,remitter,Tamilnad Mercantile Bank
2023-05,84.29,8.5,27.01,7.21,0.13,23.51,remitter,Punjab and Sind Bank
2023-05,95.55,4.03,72.77,0.42,0.05,22.9,remitter,DBS Bank India Limited
2023-05,96.56,2.46,83.45,0.98,0.07,20.89,remitter,Standard Chartered
2023-05,81.99,12.19,63.39,5.82,0.13,19.66,remitter,Andhra Pradesh Grameena Vikas Bank
2023-05,96.24,3.33,97.76,0.44,0.06,18.79,remitter,Citibank
2023-05,79.8,11.39,28.67,8.8,0.05,18.29,remitter,Maharashtra Gramin Bank
2023-05,95.93,3.03,42.17,1.04,0.04,17.68,remitter,Saraswat Bank
2023-05,89.78,9.71,95.23,0.51,0.06,17.5,remitter,Pragathi Krishna Gramin Bank
2023-05,90.83,8.56,94.55,0.61,0.07,17.19,remitter,Kerala Gramin Bank
2023-05,74.48,24.33,70.94,1.19,0.04,16.84,remitter,ESAF Small Finance Bank Ltd.
2023-05,76.51,15.43,32.11,8.06,0.04,15.87,remitter,Rajasthan Marudhara Gramin Bank
2023-05,87.28,7.17,26.62,5.55,0.04,12.82,remitter,Sarva Haryana Gramin Bank
2023-05,78.88,9.72,19.5,11.4,0.05,12.32,remitter,Baroda UP Gramin Bank
2023-05,92.31,6.69,77.09,0.99,0.04,12.1,remitter,RBL
2023-05,73.67,16.48,17.82,9.86,0.02,10.26,remitter,Andhra Pragathi Grameena Bank
2023-05,85.75,10.77,40.65,3.48,0.04,9.89,remitter,Fincare Small Finance Bank Ltd
2023-06,95.62,4.23,96.41,0.14,7.08,2415.09,remitter,State Bank of India
2023-06,96.41,3.49,95.48,0.11,2.22,830.95,remitter,HDFC BANK LTD
2023-06,94.46,5.36,91.1,0.18,1.84,604.62,remitter,Bank of Baroda
2023-06,95.29,4.45,82.12,0.26,1.8,581.94,remitter,Union Bank of India
2023-06,95.59,3.11,91.21,1.31,2.53,461.74,remitter,ICICI Bank
2023-06,95.31,4.24,94.69,0.45,1.85,449.87,remitter,Punjab National Bank
2023-06,92.8,4.85,72.73,2.34,1.35,436.37,remitter,Kotak Mahindra Bank
2023-06,94.19,4.86,82.16,0.95,2.45,429.75,remitter,Canara Bank
2023-06,96.07,3.88,84.01,0.05,1.08,422.13,remitter,Axis Bank Ltd
2023-06,96.41,3.59,97.07,0.0,0.58,407.65,remitter,Paytm Payments Bank
2023-06,95.96,3.89,88.65,0.15,0.91,303.65,remitter,Bank of India
2023-06,94.91,4.67,68.48,0.42,1.17,254.86,remitter,Indian Bank
2023-06,89.26,9.06,25.74,1.68,1.23,205.13,remitter,Airtel Payments Bank
2023-06,74.5,10.55,39.13,14.95,3.24,171.64,remitter,India Post Payment Bank
2023-06,94.11,5.17,82.38,0.72,0.46,147.42,remitter,Federal Bank
2023-06,88.61,8.72,69.1,2.67,1.99,146.77,remitter,Central Bank Of India
2023-06,94.91,4.52,92.24,0.57,0.45,121.04,remitter,Indian Overseas Bank
2023-06,95.57,3.67,90.9,0.76,0.52,113.13,remitter,IDBI Bank Limited
2023-06,91.35,5.18,39.34,3.46,1.15,111.61,remitter,UCO Bank
2023-06,94.03,5.09,67.71,0.87,0.47,103.7,remitter,Bank of Maharashtra
2023-06,94.19,5.57,90.29,0.23,0.33,91.07,remitter,INDUSIND BANK
2023-06,96.03,3.78,72.87,0.2,0.19,87.16,remitter,Yes Bank Ltd
2023-06,85.18,13.57,88.93,1.25,0.26,80.47,remitter,Fino Payments Bank Limited
2023-06,93.21,5.09,88.81,1.7,0.18,76.27,remitter,Karnataka Bank
2023-06,93.98,5.59,66.61,0.43,0.24,60.02,remitter,IDFC FIRST Bank
2023-06,93.03,6.88,92.1,0.09,0.11,47.09,remitter,Karur Vysya Bank
2023-06,93.15,5.44,58.31,1.41,0.28,38.12,remitter,Bandhan Bank
2023-06,95.79,4.2,95.94,0.01,0.07,38.08,remitter,South Indian Bank
2023-06,88.97,7.02,40.85,4.0,0.31,30.81,remitter,Jammu and Kashmir Bank
2023-06,93.18,6.25,94.82,0.57,0.08,27.66,remitter,City Union Bank
2023-06,93.85,5.74,67.18,0.41,0.11,26.84,remitter,Ujjivan Small Finance Bank
2023-06,94.32,4.63,96.8,1.05,0.19,26.6,remitter,AU small Finance Bank
2023-06,90.4,9.33,93.51,0.26,0.07,24.45,remitter,Equitas Bank
2023-06,94.02,5.74,81.82,0.25,0.05,23.94,remitter,Tamilnad Mercantile Bank
2023-06,87.61,9.61,49.6,2.79,0.24,23.88,remitter,Punjab and Sind Bank
2023-06,95.83,3.95,82.03,0.22,0.07,22.4,remitter,DBS Bank India Limited
2023-06,97.4,2.29,84.51,0.31,0.06,21.93,remitter,Standard Chartered
2023-06,79.23,12.48,55.17,8.29,0.35,20.7,remitter,Andhra Pradesh Grameena Vikas Bank
2023-06,86.69,9.58,53.5,3.73,0.19,18.72,remitter,Pragathi Krishna Gramin Bank
2023-06,94.07,3.75,94.21,2.18,0.08,18.54,remitter,Citibank
2023-06,80.91,10.75,26.11,8.34,0.16,17.89,remitter,Maharashtra Gramin Bank
2023-06,89.73,8.33,68.23,1.95,0.1,17.62,remitter,Kerala Gramin Bank
2023-06,95.04,3.75,33.36,1.21,0.1,17.31,remitter,Saraswat Bank
2023-06,100.0,0.0,0.0,0.0,0.0,14.99,remitter,Tri O Tech Solutions Private Limited (PPI)
2023-06,82.55,12.85,22.95,4.6,0.18,14.55,remitter,Rajasthan Marudhara Gramin Bank
2023-06,91.91,6.11,69.68,1.98,0.05,14.37,remitter,ESAF Small Finance Bank Ltd.
2023-06,90.04,6.89,48.5,3.07,0.08,12.47,remitter,Sarva Haryana Gramin Bank
2023-06,92.58,6.25,88.21,1.17,0.04,12.07,remitter,RBL Bank
2023-06,86.89,9.19,29.4,3.92,0.15,11.43,remitter,Baroda UP Gramin Bank
2023-06,73.43,21.36,24.44,5.21,0.1,11.17,remitter,Andhra Pragathi Grameena Bank
2023-07,95.55,4.27,99.41,0.17,8.68,2574.67,remitter,State Bank Of India
2023-07,96.3,3.59,100.0,0.11,2.23,879.56,remitter,HDFC BANK LTD
2023-07,94.64,5.21,99.73,0.15,2.14,645.14,remitter,Bank of Baroda
2023-07,95.63,4.35,100.0,0.01,1.73,616.05,remitter,Union Bank of India
2023-07,95.29,4.47,100.0,0.24,1.61,480.73,remitter,Punjab National Bank
2023-07,96.7,3.27,92.77,0.03,1.3,481.53,remitter,ICICI Bank
2023-07,96.34,3.65,100.0,0.01,1.06,462.2,remitter,Axis Bank Ltd.
2023-07,94.83,5.13,100.0,0.04,1.3,460.81,remitter,Kotak Mahindra Bank
2023-07,94.32,4.97,99.39,0.71,2.06,454.62,remitter,Canara Bank
2023-07,96.43,3.55,100.0,0.02,0.62,433.01,remitter,Paytm Payments Bank
2023-07,95.72,4.14,100.0,0.13,0.87,322.25,remitter,Bank of India
2023-07,93.27,4.86,100.0,1.86,1.22,276.75,remitter,Indian Bank
2023-07,90.33,8.55,99.96,1.12,0.22,224.92,remitter,Airtel Payments Bank
2023-07,84.45,11.4,85.56,4.15,0.79,175.71,remitter,India Post Payment Bank
2023-07,95.07,4.68,100.0,0.25,0.4,154.12,remitter,Federal Bank
2023-07,89.55,8.65,100.0,1.8,1.25,154.1,remitter,Central Bank Of India
2023-07,92.31,4.5,100.0,3.19,0.98,132.05,remitter,Indian Overseas Bank
2023-07,94.51,4.88,100.0,0.61,0.4,120.45,remitter,UCO Bank
2023-07,95.57,3.78,99.98,0.65,0.45,118.46,remitter,IDBI Bank Limited
2023-07,91.99,6.38,100.0,1.63,0.39,111.27,remitter,Bank of Maharashtra
2023-07,94.25,5.44,99.16,0.31,0.38,97.54,remitter,INDUSIND BANK
2023-07,79.4,15.4,64.03,5.21,0.53,90.8,remitter,Fino Payments Bank Limited FIP
2023-07,95.53,4.3,100.0,0.17,0.16,85.79,remitter,Yes Bank Ltd
2023-07,92.53,5.69,100.0,1.77,0.2,80.33,remitter,Karnataka Bank
2023-07,92.87,6.11,100.0,1.02,0.17,50.34,remitter,Karur Vysya Bank
2023-07,90.79,9.16,100.0,0.05,0.14,41.14,remitter,Bandhan Bank
2023-07,95.41,4.49,99.27,0.11,0.08,40.23,remitter,South Indian Bank
2023-07,93.93,5.63,99.79,0.43,0.13,60.28,remitter,IDFC FIRST Bank
2023-07,91.74,6.44,99.71,1.82,0.04,31.04,remitter,Jammu and Kashmir Bank
2023-07,93.47,6.29,100.0,0.24,0.08,29.8,remitter,City Union Bank
2023-07,93.93,5.73,100.0,0.34,0.09,29.03,remitter,Ujjivan Small Finance Bank
2023-07,95.49,4.39,99.97,0.12,0.1,28.65,remitter,AU small Finance Bank
2023-07,94.17,5.79,100.0,0.04,0.05,25.91,remitter,Tamilnad Mercantile Bank
2023-07,90.1,8.75,98.98,1.14,0.09,25.64,remitter,Equitas Bank
2023-07,96.92,2.41,100.0,0.68,0.07,25.48,remitter,Standard Chartered
2023-07,89.04,8.36,100.0,2.6,0.13,25.31,remitter,Punjab and Sind Bank
2023-07,95.78,3.98,100.0,0.25,0.05,23.19,remitter,DBS Bank India Limited
2023-07,84.92,12.33,100.0,2.75,0.05,20.75,remitter,Andhra Pradesh Grameena Vikas Bank
2023-07,85.92,10.66,100.0,3.42,0.05,20.14,remitter,Pragathi Krishna Gramin Bank
2023-07,95.95,3.31,100.0,0.75,0.11,19.1,remitter,Citibank
2023-07,79.69,12.11,99.96,8.2,0.07,19.04,remitter,Maharashtra Gramin Bank
2023-07,91.27,8.3,99.7,0.43,0.05,18.76,remitter,Kerala Gramin Bank
2023-07,95.29,3.55,100.0,1.15,0.06,17.71,remitter,Saraswat Bank
2023-07,100.0,0.0,100.0,0.0,0.05,16.79,remitter,Tri O Tech Solutions Private Limited
2023-07,83.07,12.32,nan,4.61,0.0,16.19,remitter,Rajasthan Marudhara Gramin Bank
2023-07,93.39,5.61,100.0,0.99,0.05,15.21,remitter,ESAF Small Finance Bank Ltd.
2023-07,83.94,8.79,100.0,7.27,0.04,13.14,remitter,Baroda UP Gramin Bank
2023-07,91.54,6.82,99.9,1.64,0.1,12.94,remitter,Sarva Haryana Gramin Bank
2023-07,92.83,6.14,99.95,1.03,0.05,12.63,remitter,RBL Bank
2023-07,75.58,15.17,97.24,9.25,0.07,12.2,remitter,Andhra Pragathi Grameena Bank
2023-08,95.05,4.22,93.0,0.73,12.89,2707.09,remitter,State Bank Of India
2023-08,95.83,4.03,94.0,0.15,2.83,933.63,remitter,HDFC BANK LTD
2023-08,93.18,5.19,80.0,1.63,2.49,695.99,remitter,Bank of Baroda
2023-08,94.81,4.2,64.0,1.0,3.42,662.03,remitter,Union Bank of India
2023-08,94.33,4.52,88.0,1.15,2.54,518.59,remitter,Punjab National Bank
2023-08,96.2,3.1,85.0,0.71,2.13,508.79,remitter,ICICI Bank
2023-08,94.82,5.13,85.0,0.05,1.25,498.97,remitter,Kotak Mahindra Bank
2023-08,96.24,3.56,61.0,0.2,1.56,490.64,remitter,Axis Bank Ltd.
2023-08,94.49,4.98,84.0,0.53,1.89,487.59,remitter,Canara Bank
2023-08,96.43,3.54,98.0,0.02,0.54,455.52,remitter,Paytm Payments Bank
2023-08,95.67,3.89,81.0,0.45,1.16,344.29,remitter,Bank of India
2023-08,95.21,4.45,76.0,0.33,0.94,291.98,remitter,Indian Bank
2023-08,90.47,8.74,1.0,0.79,0.86,248.48,remitter,Airtel Payments Bank
2023-08,85.69,11.86,71.0,2.46,0.82,194.45,remitter,India Post Payment Bank
2023-08,95.08,4.52,85.0,0.39,0.41,166.08,remitter,Federal Bank
2023-08,88.74,9.13,76.0,2.13,1.96,162.66,remitter,Central Bank Of India
2023-08,93.84,4.49,83.0,1.67,0.89,139.0,remitter,Indian Overseas Bank
2023-08,94.2,4.91,47.0,0.88,0.75,130.7,remitter,UCO Bank
2023-08,94.14,3.7,79.0,2.16,0.72,125.88,remitter,IDBI Bank Limited
2023-08,94.33,5.13,79.0,0.54,0.37,116.36,remitter,Bank of Maharashtra
2023-08,91.6,5.32,41.0,3.08,1.0,103.58,remitter,INDUSIND BANK
2023-08,84.39,14.35,72.0,1.26,0.34,94.61,remitter,Fino Payments Bank Limited FIP
2023-08,95.43,4.43,75.0,0.14,0.19,86.57,remitter,Yes Bank Ltd
2023-08,93.78,5.37,82.0,0.86,0.18,84.56,remitter,Karnataka Bank
2023-08,93.77,5.51,50.0,0.71,0.3,64.37,remitter,IDFC FIRST Bank
2023-08,93.73,6.02,83.0,0.25,0.13,52.31,remitter,Karur Vysya Bank
2023-08,96.05,3.94,97.0,0.02,0.07,43.92,remitter,South Indian Bank
2023-08,94.35,4.7,61.0,0.96,0.23,42.73,remitter,Bandhan Bank
2023-08,92.35,5.88,1.0,1.77,0.21,35.95,remitter,Jammu and Kashmir Bank
2023-08,93.3,6.15,81.0,0.54,0.12,31.4,remitter,City Union Bank
2023-08,95.27,4.69,97.0,0.04,0.09,31.04,remitter,AU small Finance Bank
2023-08,93.6,5.73,56.0,0.67,0.14,31.03,remitter,Ujjivan Small Finance Bank
2023-08,88.89,6.64,36.0,4.48,0.36,27.25,remitter,Punjab and Sind Bank
2023-08,94.32,5.38,88.0,0.29,0.05,27.1,remitter,Tamilnad Mercantile Bank
2023-08,91.08,8.55,97.0,0.37,0.07,26.39,remitter,Equitas Small Finance Bank
2023-08,96.46,2.13,56.0,1.41,0.1,25.8,remitter,Standard Chartered
2023-08,95.34,4.09,64.0,0.57,0.08,23.99,remitter,DBS Bank India Limited
2023-08,85.93,11.66,57.0,2.4,0.11,21.67,remitter,Andhra Pradesh Grameena Vikas Bank
2023-08,87.49,7.82,36.0,4.7,0.35,21.45,remitter,Kerala Gramin Bank
2023-08,88.05,10.31,71.0,1.63,0.13,20.54,remitter,Pragathi Krishna Gramin Bank
2023-08,100.0,0.0,nan,0.0,0.0,20.27,remitter,Tri O Tech Solutions Private Limited
2023-08,84.8,12.66,77.0,2.54,0.05,19.77,remitter,Maharashtra Gramin Bank
2023-08,96.15,3.31,98.0,0.53,0.07,19.62,remitter,Citibank
2023-08,96.12,3.05,72.0,0.83,0.07,19.25,remitter,Saraswat Bank
2023-08,85.32,11.34,46.0,3.33,0.1,17.16,remitter,Rajasthan Marudhara Gramin Bank
2023-08,92.99,5.08,64.0,1.93,0.07,16.63,remitter,ESAF Small Finance Bank Ltd.
2023-08,74.78,10.85,33.0,14.36,0.54,15.76,remitter,Baroda UP Gramin Bank
2023-08,87.2,9.24,69.0,3.56,0.13,13.67,remitter,RBL Bank
2023-08,86.13,11.59,45.0,2.28,0.11,13.25,remitter,Fincare Small Finance Bank Ltd
2023-08,90.66,6.73,36.0,2.61,0.11,12.81,remitter,Sarva Haryana Gramin Bank
2023-09,95.55,4.19,96.0,0.26,9.45,2730.35,remitter,State Bank of India
2023-09,95.78,3.66,81.0,0.56,3.55,912.87,remitter,HDFC BANK LTD
2023-09,94.47,5.18,92.0,0.35,2.13,681.1,remitter,Bank of Baroda
2023-09,94.38,4.46,59.0,1.16,3.26,657.95,remitter,Union Bank of India
2023-09,95.01,4.75,95.0,0.24,1.83,526.67,remitter,Punjab National Bank
2023-09,94.49,5.18,91.0,0.33,1.17,501.84,remitter,Kotak Mahindra Bank
2023-09,96.33,3.27,80.0,0.4,1.43,484.28,remitter,ICICI Bank
2023-09,94.38,5.24,81.0,0.38,1.74,486.91,remitter,Canara Bank
2023-09,96.27,3.58,90.0,0.15,1.1,486.35,remitter,Axis Bank Ltd.
2023-09,96.3,3.67,94.0,0.03,0.57,426.45,remitter,Paytm Payments Bank
2023-09,95.8,3.95,81.0,0.25,1.06,340.89,remitter,Bank of India
2023-09,91.03,4.47,65.0,4.5,3.3,294.13,remitter,Indian Bank
2023-09,91.11,8.69,0.0,0.2,0.8,258.59,remitter,Airtel Payments Bank
2023-09,82.83,14.35,72.0,2.82,0.92,203.54,remitter,India Post Payment Bank
2023-09,95.55,4.41,97.0,0.04,0.34,162.0,remitter,Federal Bank
2023-09,88.16,8.99,68.0,2.85,2.1,159.29,remitter,Central Bank of India
2023-09,93.73,4.48,81.0,1.79,0.69,138.04,remitter,Indian Overseas Bank
2023-09,90.15,5.19,46.0,4.65,2.02,135.33,remitter,UCO Bank
2023-09,95.55,3.73,87.0,0.71,0.6,123.74,remitter,IDBI Bank Limited
2023-09,93.2,4.99,59.0,1.81,0.6,114.21,remitter,Bank of Maharashtra
2023-09,92.1,6.11,64.0,1.79,0.53,103.02,remitter,INDUSIND BANK
2023-09,84.96,13.1,68.0,1.94,0.39,96.47,remitter,Fino Payments Bank Limited FIP
2023-09,95.48,4.3,91.0,0.22,0.16,86.02,remitter,Yes Bank Ltd
2023-09,93.99,5.47,91.0,0.54,0.17,83.65,remitter,Karnataka Bank
2023-09,94.98,4.84,72.0,0.18,0.21,63.89,remitter,IDFC FIRST Bank
2023-09,93.73,5.94,94.0,0.33,0.17,52.38,remitter,Karur Vysya Bank
2023-09,94.86,4.72,70.0,0.42,0.21,43.57,remitter,Bandhan Bank
2023-09,95.22,4.17,84.0,0.62,0.17,43.14,remitter,South Indian Bank
2023-09,91.0,5.72,2.0,3.28,0.42,37.82,remitter,Jammu and Kashmir Bank
2023-09,93.35,6.24,92.0,0.41,0.1,31.47,remitter,City Union Bank
2023-09,93.7,5.7,77.0,0.6,0.1,31.2,remitter,Ujjivan Small Finance Bank
2023-09,95.2,4.54,91.0,0.25,0.11,30.84,remitter,AU small Finance Bank
2023-09,93.01,5.04,51.0,1.95,0.12,27.64,remitter,Tamilnad Mercantile Bank
2023-09,91.97,7.62,89.0,0.41,0.13,27.65,remitter,Punjab and Sind Bank
2023-09,91.63,8.28,98.0,0.09,0.07,25.82,remitter,Equitas Bank
2023-09,95.03,2.64,59.0,2.33,0.15,23.69,remitter,Standard Chartered
2023-09,95.86,4.02,81.0,0.12,0.05,23.25,remitter,DBS Bank India Limited
2023-09,100.0,0.0,nan,0.0,0.0,22.88,remitter,Tri O Tech Solutions Private Limited
2023-09,86.26,11.63,42.0,2.11,0.13,21.39,remitter,Andhra Pradesh Grameena Vikas Bank
2023-09,90.84,8.06,61.0,1.1,0.1,20.53,remitter,Kerala Gramin Bank
2023-09,90.54,7.96,39.0,1.5,0.15,19.97,remitter,Pragathi Krishna Gramin Bank
2023-09,83.93,12.09,54.0,3.98,0.08,19.6,remitter,Maharashtra Gramin Bank
2023-09,96.48,3.09,97.0,0.43,0.06,18.87,remitter,Citibank
2023-09,96.71,3.06,90.0,0.23,0.05,18.79,remitter,Saraswat Bank
2023-09,86.17,11.82,56.0,2.01,0.08,16.66,remitter,Rajasthan Marudhara Gramin Bank
2023-09,93.67,5.28,68.0,1.05,0.06,16.56,remitter,ESAF Small Finance Bank Ltd.
2023-09,75.61,11.53,22.0,12.86,0.53,16.05,remitter,Baroda UP Gramin Bank
2023-09,85.87,11.79,51.0,2.34,0.11,13.91,remitter,Fincare Small Finance Bank Ltd
2023-09,88.49,6.83,50.0,4.68,0.17,13.31,remitter,RBL Bank
2023-09,92.84,6.8,95.0,0.36,0.04,13.27,remitter,Sarva Haryana Gramin Bank
2023-10,92.62,4.45,89.0,2.93,29.12,2930.95,remitter,State Bank Of India
2023-10,96.26,3.55,96.0,0.2,3.23,1005.24,remitter,HDFC BANK LTD
2023-10,93.72,5.11,86.0,1.17,4.89,746.16,remitter,Bank of Baroda
2023-10,94.43,4.16,58.0,1.41,4.54,717.97,remitter,Union Bank of India
2023-10,94.44,4.82,95.0,0.74,2.63,576.75,remitter,Punjab National Bank
2023-10,95.69,3.65,85.0,0.66,2.06,542.07,remitter,ICICI Bank
2023-10,96.43,3.55,99.0,0.01,1.28,533.42,remitter,Axis Bank Ltd
2023-10,94.24,4.94,73.0,0.81,2.15,553.74,remitter,Kotak Mahindra Bank
2023-10,94.48,5.09,85.0,0.43,2.34,530.06,remitter,Canara Bank
2023-10,96.35,3.65,99.0,0.0,0.69,441.45,remitter,Paytm Payments Bank
2023-10,95.79,3.91,80.0,0.29,1.45,373.98,remitter,Bank of India
2023-10,94.93,4.91,91.0,0.16,1.11,321.72,remitter,Indian Bank
2023-10,91.12,8.63,0.0,0.25,0.97,285.5,remitter,Airtel Payments Bank
2023-10,86.2,12.46,81.0,1.34,0.81,218.45,remitter,India Post Payment Bank
2023-10,95.3,4.55,99.0,0.15,0.43,175.29,remitter,Federal Bank
2023-10,88.14,9.57,83.0,2.29,2.23,172.01,remitter,Central Bank Of India
2023-10,94.84,4.48,89.0,0.67,0.69,151.31,remitter,Indian Overseas Bank
2023-10,94.08,5.17,54.0,0.75,0.92,143.86,remitter,UCO Bank
2023-10,94.64,3.77,87.0,1.59,0.94,136.12,remitter,IDBI Bank Limited
2023-10,94.62,4.9,86.0,0.48,0.42,126.73,remitter,Bank of Maharashtra
2023-10,92.2,5.73,85.0,2.06,0.47,116.32,remitter,INDUSIND BANK
2023-10,85.45,11.77,80.0,2.78,0.41,105.67,remitter,Fino Payments Bank Limited FIP
2023-10,95.49,4.39,89.0,0.12,0.2,94.16,remitter,Yes Bank Ltd
2023-10,93.61,5.57,79.0,0.82,0.27,90.33,remitter,Karnataka Bank
2023-10,93.67,5.71,93.0,0.62,0.26,56.39,remitter,Karur Vysya Bank
2023-10,89.22,9.71,36.0,1.07,0.54,39.99,remitter,Bandhan Bank
2023-10,96.08,3.84,80.0,0.08,0.11,45.73,remitter,South Indian Bank
2023-10,94.27,5.54,68.0,0.19,0.29,71.76,remitter,IDFC FIRST Bank
2023-10,91.11,6.0,5.0,2.89,0.3,41.53,remitter,Jammu and Kashmir Bank
2023-10,93.79,5.98,99.0,0.22,0.1,33.89,remitter,City Union Bank
2023-10,92.15,5.57,64.0,2.28,0.18,34.85,remitter,Ujjivan Small Finance Bank
2023-10,95.45,4.24,98.0,0.31,0.16,33.85,remitter,AU small Finance Bank
2023-10,93.69,5.18,62.0,1.12,0.12,29.57,remitter,Tamilnad Mercantile Bank
2023-10,92.15,7.82,98.0,0.03,0.09,27.66,remitter,Equitas Small Finance Bank
2023-10,97.09,2.5,79.0,0.41,0.07,30.0,remitter,Standard Chartered
2023-10,91.68,6.34,37.0,1.99,0.34,27.65,remitter,Punjab and Sind Bank
2023-10,95.54,3.91,84.0,0.55,0.06,24.94,remitter,DBS Bank India Limited
2023-10,88.0,11.27,76.0,0.74,0.09,23.22,remitter,Andhra Pradesh Grameena Vikas Bank
2023-10,91.33,6.68,59.0,1.99,0.17,21.54,remitter,Pragathi Krishna Gramin Bank
2023-10,95.28,3.0,96.0,1.72,0.06,19.79,remitter,Citibank
2023-10,86.25,11.68,64.0,2.07,0.09,20.84,remitter,Maharashtra Gramin Bank
2023-10,89.93,7.97,57.0,2.1,0.18,22.94,remitter,Kerala Gramin Bank
2023-10,96.38,3.4,92.0,0.22,0.06,20.94,remitter,Saraswat Bank
2023-10,100.0,0.0,nan,0.0,0.0,27.54,remitter,Tri O Tech Solutions Private Limited
2023-10,87.47,11.85,82.0,0.68,0.07,17.72,remitter,Rajasthan Marudhara Gramin Bank
2023-10,94.04,5.47,98.0,0.49,0.05,18.06,remitter,ESAF Small Finance Bank Ltd.
2023-10,80.46,10.92,22.0,8.62,0.47,17.16,remitter,Baroda UP Gramin Bank
2023-10,90.62,6.76,35.0,2.62,0.16,14.65,remitter,Sarva Haryana Gramin Bank
2023-10,87.52,7.32,61.0,5.15,0.16,14.89,remitter,RBL Bank
2023-10,86.03,12.97,77.0,1.0,0.05,12.89,remitter,Andhra Pragathi Grameena Bank
2023-11,94.81,4.47,87.0,0.72,10.71,2861.65,remitter,State Bank Of India
2023-11,96.39,3.57,98.0,0.04,2.66,974.06,remitter,HDFC BANK LTD
2023-11,95.07,4.82,97.0,0.11,2.24,721.89,remitter,Bank of Baroda
2023-11,95.55,4.03,78.0,0.42,3.02,700.46,remitter,Union Bank of India
2023-11,95.09,4.47,98.0,0.44,1.76,564.71,remitter,Punjab National Bank
2023-11,94.87,5.05,93.0,0.08,1.34,543.5,remitter,Kotak Mahindra Bank
2023-11,94.11,5.22,76.0,0.66,2.23,527.96,remitter,Canara Bank
2023-11,96.32,3.44,91.0,0.23,1.45,526.2,remitter,ICICI Bank
2023-11,96.38,3.57,93.0,0.05,1.25,512.13,remitter,Axis Bank Ltd.
2023-11,96.42,3.57,98.0,0.01,0.62,412.0,remitter,Paytm Payments Bank
2023-11,92.32,3.72,43.0,3.96,3.21,366.39,remitter,Bank of India
2023-11,95.18,4.64,90.0,0.18,0.92,317.62,remitter,Indian Bank
2023-11,91.14,8.22,0.0,0.64,1.02,286.95,remitter,Airtel Payments Bank
2023-11,84.48,13.19,53.0,2.33,1.17,226.01,remitter,India Post Payment Bank
2023-11,95.22,4.21,83.0,0.58,0.52,172.99,remitter,Federal Bank
2023-11,89.27,8.84,85.0,1.88,1.82,165.88,remitter,Central Bank Of India
2023-11,94.62,4.41,94.0,0.98,0.61,151.39,remitter,Indian Overseas Bank
2023-11,94.08,5.04,71.0,0.87,0.58,139.38,remitter,UCO Bank
2023-11,93.91,3.83,83.0,2.26,1.25,132.0,remitter,IDBI Bank Limited
2023-11,94.84,4.75,88.0,0.41,0.38,122.25,remitter,Bank of Maharashtra
2023-11,93.43,5.86,94.0,0.71,0.4,112.0,remitter,INDUSIND BANK
2023-11,89.84,8.33,57.0,1.83,0.49,100.6,remitter,Fino Payments Bank Limited FIP
2023-11,94.13,5.33,88.0,0.55,0.22,89.24,remitter,Karnataka Bank
2023-11,95.78,4.16,94.0,0.06,0.18,88.32,remitter,Yes Bank Ltd
2023-11,93.9,5.87,66.0,0.22,0.27,69.99,remitter,IDFC FIRST Bank
2023-11,93.81,5.54,89.0,0.65,0.17,55.13,remitter,Karur Vysya Bank
2023-11,95.52,4.11,93.0,0.37,0.09,45.79,remitter,South Indian Bank
2023-11,91.71,6.91,98.0,1.38,0.16,43.79,remitter,Bandhan Bank
2023-11,91.56,5.5,12.0,2.94,0.41,43.2,remitter,Jammu and Kashmir Bank
2023-11,93.71,5.43,60.0,0.86,0.14,33.77,remitter,Ujjivan Small Finance Bank
2023-11,93.96,5.8,99.0,0.25,0.09,33.22,remitter,City Union Bank
2023-11,95.58,4.18,98.0,0.25,0.13,33.01,remitter,AU small Finance Bank
2023-11,94.6,5.11,79.0,0.29,0.08,29.1,remitter,Tamilnad Mercantile Bank
2023-11,93.62,5.83,67.0,0.55,0.18,28.9,remitter,Punjab and Sind Bank
2023-11,100.0,0.0,nan,0.0,nan,28.43,remitter,Tri O Tech Solutions Private Limited
2023-11,92.55,7.39,98.0,0.06,0.08,26.5,remitter,Equitas Bank
2023-11,97.42,2.23,75.0,0.35,0.07,26.22,remitter,Standard Chartered
2023-11,90.19,7.84,54.0,1.97,0.19,23.92,remitter,Kerala Gramin Bank
2023-11,95.97,3.98,83.0,0.04,0.06,23.67,remitter,DBS Bank India Limited
2023-11,88.9,10.34,77.0,0.76,0.07,23.04,remitter,Andhra Pradesh Grameena Vikas Bank
2023-11,92.21,6.66,66.0,1.13,0.12,21.81,remitter,Pragathi Krishna Gramin Bank
2023-11,96.37,3.34,87.0,0.29,0.07,20.4,remitter,Saraswat Bank
2023-11,86.91,10.9,71.0,2.19,0.07,19.82,remitter,Maharashtra Gramin Bank
2023-11,95.62,3.26,97.0,1.12,0.07,18.89,remitter,Citibank
2023-11,69.42,9.05,13.0,21.53,1.21,18.78,remitter,Baroda UP Gramin Bank
2023-11,94.76,4.9,97.0,0.34,0.05,18.18,remitter,ESAF Small Finance Bank Ltd.
2023-11,89.38,10.18,82.0,0.45,0.06,16.9,remitter,Rajasthan Marudhara Gramin Bank
2023-11,84.95,7.1,44.0,7.95,0.23,14.75,remitter,RBL Bank
2023-11,87.0,11.11,60.0,1.89,0.09,14.66,remitter,Fincare Small Finance Bank Ltd
2023-11,89.89,6.71,20.0,3.4,0.22,14.28,remitter,Sarva Haryana Gramin Bank
2023-12,95.23,4.34,83.74,0.43,12.75,3073.18,remitter,State Bank Of India
2023-12,96.5,3.44,97.57,0.06,3.63,1040.77,remitter,HDFC BANK LTD
2023-12,94.55,4.94,87.02,0.51,3.3,766.81,remitter,Bank of Baroda
2023-12,94.86,4.38,59.66,0.76,5.38,745.87,remitter,Union Bank of India
2023-12,95.25,4.59,97.94,0.17,2.35,607.36,remitter,Punjab National Bank
2023-12,94.4,5.11,68.44,0.49,2.47,588.94,remitter,Kotak Mahindra Bank
2023-12,94.26,5.38,86.37,0.37,2.43,563.67,remitter,Canara Bank
2023-12,96.43,3.57,87.7,0.01,1.67,562.18,remitter,Axis Bank Ltd.
2023-12,96.39,3.28,82.59,0.33,2.06,556.61,remitter,ICICI Bank
2023-12,96.37,3.63,97.55,0.0,0.79,410.19,remitter,Paytm Payments Bank
2023-12,95.78,4.03,86.96,0.18,1.47,384.87,remitter,Bank of India
2023-12,95.28,4.52,90.68,0.2,1.19,338.76,remitter,Indian Bank
2023-12,88.41,8.15,0.0,3.43,3.34,320.02,remitter,Airtel Payments Bank
2023-12,82.43,11.85,32.3,5.72,2.43,247.32,remitter,India Post Payment Bank
2023-12,95.56,4.34,98.15,0.1,0.49,184.64,remitter,Federal Bank
2023-12,86.46,11.95,82.45,1.59,1.98,177.99,remitter,Central Bank Of India
2023-12,93.86,4.42,91.36,1.72,1.06,160.68,remitter,Indian Overseas Bank
2023-12,94.38,5.06,68.51,0.56,0.7,147.86,remitter,UCO Bank
2023-12,94.99,3.8,90.96,1.21,0.84,139.37,remitter,IDBI Bank Limited
2023-12,94.32,4.68,75.93,1.0,0.57,133.33,remitter,Bank of Maharashtra
2023-12,92.92,6.12,88.04,0.97,0.76,120.3,remitter,INDUSIND BANK
2023-12,90.01,8.54,71.76,1.45,0.49,107.84,remitter,Fino Payments Bank Limited FIP
2023-12,95.39,4.51,96.73,0.1,0.22,97.36,remitter,Yes Bank Ltd
2023-12,92.95,5.48,52.69,1.57,0.54,96.35,remitter,Karnataka Bank
2023-12,93.58,6.38,90.45,0.04,0.25,75.11,remitter,IDFC FIRST Bank
2023-12,93.73,5.71,97.83,0.56,0.29,58.61,remitter,Karur Vysya Bank
2023-12,96.11,3.82,97.34,0.08,0.12,48.8,remitter,South Indian Bank
2023-12,69.74,25.78,13.43,4.48,0.65,48.75,remitter,Jammu and Kashmir Bank
2023-12,92.57,6.71,98.39,0.72,0.2,47.39,remitter,Bandhan Bank
2023-12,93.65,5.57,68.8,0.78,0.19,36.67,remitter,Ujjivan Small Finance Bank
2023-12,94.68,4.3,99.01,1.02,0.26,36.18,remitter,AU small Finance Bank
2023-12,93.56,6.1,94.31,0.34,0.11,34.96,remitter,City Union Bank
2023-12,100.0,0.0,nan,0.0,nan,34.24,remitter,Tri O Tech Solutions Private Limited
2023-12,89.74,6.25,24.84,4.01,0.57,31.5,remitter,Punjab and Sind Bank
2023-12,94.34,5.15,89.05,0.51,0.12,30.97,remitter,Tamilnad Mercantile Bank
2023-12,93.09,6.89,97.07,0.02,0.1,28.13,remitter,Equitas Bank
2023-12,95.82,2.1,48.75,2.08,0.19,27.13,remitter,Standard Chartered
2023-12,93.63,6.11,92.04,0.27,0.08,25.29,remitter,Kerala Gramin Bank
2023-12,95.9,4.08,78.43,0.02,0.08,24.94,remitter,DBS Bank India Limited
2023-12,88.05,10.56,76.31,1.39,0.1,24.85,remitter,Andhra Pradesh Grameena Vikas Bank
2023-12,91.21,8.32,88.68,0.46,0.11,23.88,remitter,Pragathi Krishna Gramin Bank
2023-12,85.6,10.75,67.31,3.65,0.09,22.04,remitter,Maharashtra Gramin Bank
2023-12,94.44,4.88,67.2,0.68,0.09,21.7,remitter,Saraswat Bank
2023-12,51.12,9.1,12.92,39.78,2.65,20.77,remitter,Baroda UP Gramin Bank
2023-12,96.75,3.06,98.45,0.19,0.07,20.47,remitter,Citibank
2023-12,94.55,5.13,93.77,0.31,0.08,19.79,remitter,ESAF Small Finance Bank Ltd.
2023-12,94.17,5.61,97.49,0.21,0.16,19.02,remitter,HDFC Bank Credit Card HCB
2023-12,87.95,10.82,69.57,1.23,0.09,18.75,remitter,Rajasthan Marudhara Gramin Bank
2023-12,87.76,11.47,92.37,0.76,0.07,16.01,remitter,Fincare Small Finance Bank Ltd
2023-12,80.11,6.09,39.77,13.8,0.25,14.97,remitter,RBL Bank
2024-01,95.62,4.19,96.85,0.19,11.58,3128.97,remitter,State Bank Of India
2024-01,96.49,3.51,98.84,0.0,3.34,1040.25,remitter,HDFC BANK LTD
2024-01,95.28,4.68,98.54,0.04,2.71,781.72,remitter,Bank of Baroda
2024-01,94.51,4.34,46.76,1.15,7.16,753.66,remitter,Union Bank of India
2024-01,94.78,4.95,88.58,0.27,2.61,618.95,remitter,Punjab National Bank
2024-01,93.64,5.19,89.49,1.17,2.08,600.83,remitter,Kotak Mahindra Bank
2024-01,94.18,5.38,85.98,0.44,3.02,572.16,remitter,Canara Bank
2024-01,96.11,3.58,60.21,0.3,2.66,559.49,remitter,Axis Bank Ltd.
2024-01,96.59,3.32,95.72,0.08,1.64,547.55,remitter,ICICI Bank
2024-01,96.3,3.7,98.11,0.01,0.87,410.06,remitter,Paytm Payments Bank
2024-01,95.33,4.59,91.49,0.08,1.48,389.29,remitter,Bank of India
2024-01,95.15,4.47,84.37,0.37,1.51,348.89,remitter,Indian Bank
2024-01,89.95,8.98,69.9,1.07,1.93,337.05,remitter,Airtel Payments Bank
2024-01,82.66,12.2,54.81,5.14,1.67,265.13,remitter,India Post Payment Bank
2024-01,95.53,4.28,93.72,0.19,0.65,185.9,remitter,Federal Bank
2024-01,85.44,9.38,72.15,5.18,4.29,178.41,remitter,Central Bank Of India
2024-01,94.28,4.41,90.36,1.31,0.99,165.09,remitter,Indian Overseas Bank
2024-01,88.37,7.47,40.45,4.16,2.33,152.41,remitter,UCO Bank
2024-01,92.73,4.28,81.4,2.98,1.31,141.57,remitter,IDBI Bank Limited
2024-01,94.42,4.61,76.33,0.97,0.61,136.29,remitter,Bank of Maharashtra
2024-01,93.06,5.97,98.66,0.97,0.68,125.63,remitter,INDUSIND BANK
2024-01,89.66,9.41,67.81,0.93,0.63,115.14,remitter,Fino Payments Bank Limited FIP
2024-01,91.93,7.49,77.55,0.59,0.42,97.36,remitter,Karnataka Bank
2024-01,94.92,4.98,93.0,0.1,0.25,93.47,remitter,Yes Bank Ltd
2024-01,94.2,5.77,0.0,0.03,0.03,73.92,remitter,IDFC FIRST Bank
2024-01,94.12,5.54,92.86,0.34,0.24,59.56,remitter,Karur Vysya Bank
2024-01,87.51,6.16,68.2,6.32,0.85,49.22,remitter,Bandhan Bank
2024-01,96.35,3.55,95.97,0.11,0.14,48.9,remitter,South Indian Bank
2024-01,91.55,7.21,70.87,1.24,0.31,44.46,remitter,Jammu and Kashmir Bank
2024-01,92.75,5.66,53.05,1.59,0.29,38.33,remitter,Ujjivan Small Finance Bank
2024-01,95.19,4.51,95.13,0.29,0.17,37.48,remitter,AU small Finance Bank
2024-01,100.0,0.0,0.0,0.0,0,36.62,remitter,Tri O Tech Solutions Private Limited
2024-01,93.46,6.23,94.3,0.32,0.13,35.87,remitter,City Union Bank
2024-01,92.76,6.99,92.37,0.26,0.11,32.19,remitter,Tamilnad Mercantile Bank
2024-01,93.14,6.1,73.5,0.76,0.2,30.87,remitter,Punjab and Sind Bank
2024-01,93.04,6.96,97.83,0.0,0.11,28.56,remitter,Equitas Bank
2024-01,97.18,2.33,77.36,0.5,0.09,26.21,remitter,Standard Chartered
2024-01,86.69,11.8,49.75,1.51,0.18,25.95,remitter,Andhra Pradesh Grameena Vikas Bank
2024-01,95.78,4.11,77.72,0.11,0.09,24.57,remitter,DBS Bank India Limited
2024-01,81.75,7.84,77.98,10.41,0.3,24.49,remitter,Pragathi Krishna Gramin Bank
2024-01,90.1,5.94,66.77,3.96,0.25,23.61,remitter,Kerala Gramin Bank
2024-01,84.76,10.98,58.1,4.26,0.12,22.84,remitter,Maharashtra Gramin Bank
2024-01,94.6,4.52,62.88,0.87,0.11,21.62,remitter,Saraswat Bank
2024-01,88.57,5.06,63.82,6.37,0.37,20.91,remitter,ESAF Small Finance Bank Ltd.
2024-01,88.02,11.36,76.77,0.63,0.09,20.02,remitter,Rajasthan Marudhara Gramin Bank
2024-01,54.14,9.55,27.81,36.31,1.89,19.44,remitter,Baroda UP Gramin Bank
2024-01,96.67,3.07,99.19,0.26,0.07,19.38,remitter,Citibank
2024-01,86.69,12.38,86.11,0.92,0.09,17.51,remitter,Fincare Small Finance Bank Ltd
2024-01,82.78,5.54,69.48,11.68,0.16,15.89,remitter,RBL Bank
2024-01,92.64,6.89,60.36,0.47,0.11,14.96,remitter,Sarva Haryana Gramin Bank
2024-02,94.83,4.23,90.58,0.94,13.94,3135.27,remitter,State Bank Of India
2024-02,95.71,3.6,75.52,0.69,5.35,1049.59,remitter,HDFC BANK LTD
2024-02,93.46,5.51,90.07,1.03,3.8,786.15,remitter,Bank of Baroda
2024-02,93.8,4.52,38.65,1.68,6.41,754.01,remitter,Union Bank of India
2024-02,94.85,4.9,97.32,0.25,2.5,628.99,remitter,Punjab National Bank
2024-02,96.39,3.32,90.34,0.29,2.21,539.76,remitter,ICICI Bank
2024-02,96.29,3.66,83.76,0.05,1.95,558.18,remitter,Axis Bank Ltd.
2024-02,93.1,5.48,85.84,1.42,2.22,609.79,remitter,Kotak Mahindra Bank
2024-02,94.12,5.42,84.99,0.45,3.13,578.21,remitter,Canara Bank
2024-02,94.39,5.6,98.3,0.01,0.66,294.2,remitter,Paytm Payments Bank
2024-02,94.55,4.55,67.73,0.9,2.12,389.19,remitter,Bank of India
2024-02,95.1,4.63,92.06,0.27,1.34,354.82,remitter,Indian Bank
2024-02,91.11,8.65,94.3,0.24,1.3,344.18,remitter,Airtel Payments Bank
2024-02,83.2,13.0,52.38,3.81,2.05,271.05,remitter,India Post Payment Bank
2024-02,95.3,4.44,94.65,0.26,0.69,187.9,remitter,Federal Bank
2024-02,82.62,9.59,58.09,7.8,4.98,179.35,remitter,Central Bank Of India
2024-02,93.49,4.67,90.23,1.84,1.15,168.4,remitter,Indian Overseas Bank
2024-02,94.51,5.38,87.67,0.11,0.63,148.69,remitter,UCO Bank
2024-02,89.05,4.39,71.66,6.56,2.3,138.33,remitter,IDBI Bank Limited
2024-02,91.92,4.82,61.29,3.26,0.92,135.58,remitter,Bank of Maharashtra
2024-02,93.37,5.92,95.3,0.71,0.91,129.68,remitter,INDUSIND BANK
2024-02,90.66,8.85,69.94,0.49,0.6,116.25,remitter,Fino Payments Bank Limited
2024-02,94.7,5.06,86.09,0.24,0.28,93.4,remitter,Yes Bank Ltd
2024-02,93.42,5.76,84.09,0.82,0.41,95.34,remitter,Karnataka Bank
2024-02,94.05,5.44,95.11,0.5,0.25,60.33,remitter,Karur Vysya Bank
2024-02,89.8,6.16,74.85,4.04,0.56,49.32,remitter,Bandhan Bank
2024-02,96.05,3.93,95.53,0.02,0.14,48.87,remitter,South Indian Bank
2024-02,93.92,5.96,100.0,0.11,0.28,74.34,remitter,IDFC FIRST Bank
2024-02,93.54,5.16,35.63,1.3,0.46,46.57,remitter,Jammu and Kashmir Bank
2024-02,93.36,6.21,98.29,0.43,0.14,36.62,remitter,City Union Bank
2024-02,93.71,5.66,67.81,0.63,0.21,37.9,remitter,Ujjivan Small Finance Bank
2024-02,95.09,4.54,95.33,0.37,0.21,38.8,remitter,AU small Finance Bank
2024-02,93.01,6.45,84.51,0.54,0.12,32.68,remitter,Tamilnad Mercantile Bank
2024-02,93.09,6.87,96.46,0.04,0.13,28.88,remitter,Equitas Bank
2024-02,95.99,2.23,67.12,1.78,0.14,26.59,remitter,Standard Chartered
2024-02,90.85,6.0,39.67,3.16,0.4,31.49,remitter,Punjab and Sind Bank
2024-02,95.35,4.37,77.88,0.27,0.09,24.28,remitter,DBS Bank India Limited
2024-02,83.85,15.19,65.48,0.96,0.14,26.19,remitter,Andhra Pradesh Grameena Vikas Bank
2024-02,88.69,7.67,43.13,3.64,0.38,23.1,remitter,Pragathi Krishna Gramin Bank
2024-02,95.17,4.45,96.14,0.37,0.07,18.92,remitter,CITI Bank
2024-02,86.73,11.53,82.26,1.75,0.09,22.28,remitter,Maharashtra Gramin Bank
2024-02,90.99,6.13,40.08,2.88,0.31,25.18,remitter,Kerala Gramin Bank
2024-02,95.96,3.78,83.4,0.25,0.08,21.03,remitter,Saraswat Bank
2024-02,100.0,0.0,0.0,0.0,0.0,37.89,remitter,Tri O Tech Solutions Private Limited
2024-02,88.6,10.75,70.74,0.66,0.13,20.23,remitter,Rajasthan Marudhara Gramin Bank
2024-02,91.09,4.91,71.75,3.99,0.24,20.59,remitter,ESAF Small Finance Bank Ltd.
2024-02,79.41,12.4,44.55,8.19,0.4,17.1,remitter,Baroda UP Gramin Bank
2024-02,93.02,6.95,95.68,0.03,0.06,14.14,remitter,Sarva Haryana Gramin Bank
2024-02,81.63,8.31,47.24,10.06,0.26,15.27,remitter,RBL Bank
2024-02,87.07,11.97,79.19,0.96,0.07,14.92,remitter,Andhra Pragathi Grameena Bank
2024-03,94.99,4.7,95.04,0.32,16.59,3557.54,remitter,State Bank Of India
2024-03,96.13,3.86,99.6,0.01,4.26,1158.51,remitter,HDFC BANK LTD
2024-03,93.3,6.25,96.49,0.45,4.4,882.82,remitter,Bank of Baroda
2024-03,93.47,5.14,53.92,1.4,6.51,848.59,remitter,Union Bank of India
2024-03,94.22,5.54,99.11,0.23,3.49,728.08,remitter,Punjab National Bank
2024-03,93.66,6.2,90.24,0.14,3.28,703.56,remitter,Kotak Mahindra Bank
2024-03,93.72,5.91,81.79,0.37,3.68,642.81,remitter,Canara Bank
2024-03,96.07,3.93,97.72,0.01,2.14,630.13,remitter,Axis Bank Ltd.
2024-03,96.4,3.52,95.68,0.09,2.07,603.62,remitter,ICICI Bank
2024-03,94.63,5.03,84.44,0.34,2.23,434.19,remitter,Bank of India
2024-03,94.39,5.4,75.2,0.21,2.44,400.98,remitter,Indian Bank
2024-03,91.25,8.63,95.89,0.12,2.14,387.91,remitter,Airtel Payments Bank
2024-03,80.17,13.85,46.99,5.98,3.15,312.23,remitter,India Post Payment Bank
2024-03,94.79,5.01,98.04,0.2,0.76,204.83,remitter,Federal Bank
2024-03,85.98,10.69,51.15,3.33,2.61,200.37,remitter,Central Bank Of India
2024-03,92.66,4.92,91.57,2.42,1.21,188.01,remitter,Indian Overseas Bank
2024-03,93.19,5.9,57.58,0.91,1.34,171.87,remitter,UCO Bank
2024-03,89.77,5.41,59.23,4.83,1.43,153.39,remitter,Bank of Maharashtra
2024-03,93.27,5.26,70.17,1.47,0.99,151.7,remitter,IDBI Bank Limited
2024-03,92.76,6.76,92.7,0.47,0.91,142.64,remitter,INDUSIND BANK
2024-03,88.98,9.53,70.73,1.48,0.92,136.77,remitter,Fino Payments Bank Limited
2024-03,92.83,6.07,71.09,1.1,0.61,106.23,remitter,Karnataka Bank
2024-03,94.43,5.4,95.02,0.17,0.35,103.43,remitter,Yes Bank Ltd
2024-03,89.73,10.25,96.43,0.03,0.35,98.18,remitter,Paytm Payments Bank
2024-03,92.99,6.72,82.51,0.28,0.39,83.3,remitter,IDFC FIRST Bank
2024-03,91.62,5.87,79.24,2.51,0.45,67.68,remitter,Karur Vysya Bank
2024-03,93.13,5.9,98.34,0.97,0.3,54.03,remitter,Bandhan Bank
2024-03,95.66,4.3,96.38,0.04,0.15,53.06,remitter,South Indian Bank
2024-03,94.19,5.01,58.67,0.8,0.4,52.39,remitter,Jammu and Kashmir Bank
2024-03,93.76,5.01,91.1,1.23,0.35,45.2,remitter,AU small Finance Bank
2024-03,100.0,0.0,0.0,0.0,0.0,43.69,remitter,Tri O Tech Solutions Private Limited
2024-03,94.16,5.62,95.46,0.22,0.21,42.64,remitter,Ujjivan Small Finance Bank
2024-03,92.12,7.57,99.51,0.31,0.14,40.7,remitter,City Union Bank
2024-03,88.97,6.85,41.18,4.18,0.65,36.91,remitter,Punjab and Sind Bank
2024-03,91.4,6.86,52.03,1.75,0.23,36.68,remitter,Tamilnad Mercantile Bank
2024-03,92.46,7.26,96.21,0.28,0.17,32.26,remitter,Equitas Bank
2024-03,84.18,12.67,56.53,3.15,0.3,28.83,remitter,Andhra Pradesh Grameena Vikas Bank
2024-03,92.84,6.2,52.05,0.96,0.15,27.13,remitter,Kerala Gramin Bank
2024-03,94.7,5.04,81.96,0.26,0.11,26.67,remitter,DBS Bank India Limited
2024-03,89.82,8.08,49.95,2.1,0.3,26.2,remitter,Pragathi Krishna Gramin Bank
2024-03,87.57,11.61,94.05,0.83,0.09,25.45,remitter,Maharashtra Gramin Bank
2024-03,97.12,2.69,94.8,0.19,0.09,25.13,remitter,Standard Chartered
2024-03,83.35,11.87,41.0,4.78,0.29,24.86,remitter,Rajasthan Marudhara Gramin Bank
2024-03,95.74,3.94,82.32,0.32,0.1,23.28,remitter,Saraswat Bank
2024-03,74.22,10.56,14.65,15.22,1.02,22.31,remitter,Baroda UP Gramin Bank
2024-03,93.86,5.08,73.09,1.06,0.13,21.76,remitter,ESAF Small Finance Bank Ltd.
2024-03,85.1,14.43,94.35,0.47,0.12,21.32,remitter,Fincare Small Finance Bank Ltd
2024-03,96.61,3.06,98.88,0.32,0.09,20.78,remitter,Citibank
2024-03,92.5,7.0,82.22,0.5,0.11,17.71,remitter,Sarva Haryana Gramin Bank
2024-03,84.52,13.38,53.68,2.1,0.14,17.33,remitter,Andhra Pragathi Grameena Bank
2024-04,94.1,5.01,93.66,0.89,19.18,3581.27,remitter,State Bank Of India
2024-04,95.82,4.08,98.73,0.09,4.42,1157.04,remitter,HDFC BANK LTD
2024-04,90.39,8.02,81.39,1.59,8.48,898.17,remitter,Bank of Baroda
2024-04,93.13,5.28,45.38,1.59,7.04,837.24,remitter,Union Bank of India
2024-04,92.96,5.93,83.01,1.11,4.1,741.9,remitter,Punjab National Bank
2024-04,91.77,6.45,44.42,1.78,7.04,725.32,remitter,Kotak Mahindra Bank
2024-04,93.39,5.95,72.05,0.66,4.15,642.1,remitter,Canara Bank
2024-04,95.74,4.23,96.79,0.03,2.1,609.02,remitter,Axis Bank Ltd.
2024-04,96.37,3.55,91.25,0.08,2.19,599.22,remitter,ICICI Bank
2024-04,93.67,5.02,70.73,1.31,2.61,439.7,remitter,Bank of India
2024-04,93.97,5.88,93.94,0.15,1.67,407.28,remitter,Indian Bank
2024-04,90.62,8.66,95.18,0.72,2.03,395.64,remitter,Airtel Payments Bank
2024-04,82.88,15.95,54.96,1.16,1.9,270.23,remitter,India Post Payment Bank
2024-04,94.7,5.26,99.58,0.04,0.71,206.55,remitter,Federal Bank
2024-04,85.38,10.79,45.28,3.83,3.3,200.6,remitter,Central Bank Of India
2024-04,93.24,5.02,89.65,1.74,1.25,187.73,remitter,Indian Overseas Bank
2024-04,93.7,6.14,80.12,0.16,1.1,171.92,remitter,UCO Bank
2024-04,93.14,5.47,71.96,1.39,0.97,151.41,remitter,Bank of Maharashtra
2024-04,94.24,5.24,46.04,0.51,1.38,151.25,remitter,IDBI Bank Limited
2024-04,92.05,7.07,93.86,0.89,1.03,150.57,remitter,INDUSIND BANK
2024-04,90.89,8.59,75.5,0.51,0.78,134.12,remitter,Fino Payments Bank Limited
2024-04,92.93,6.53,76.06,0.53,0.41,106.01,remitter,Yes Bank Ltd
2024-04,92.61,6.33,74.86,1.05,0.62,105.44,remitter,Karnataka Bank
2024-04,92.89,6.98,0.0,0.13,0.0,83.34,remitter,IDFC FIRST Bank
2024-04,93.97,5.82,83.65,0.22,0.29,65.73,remitter,Karur Vysya Bank
2024-04,94.07,4.77,40.95,1.16,0.5,58.65,remitter,Jammu and Kashmir Bank
2024-04,92.46,5.73,96.9,1.81,0.32,55.96,remitter,Bandhan Bank
2024-04,95.4,4.47,94.38,0.12,0.16,52.51,remitter,South Indian Bank
2024-04,100.0,0.0,0.0,0.0,0.0,46.64,remitter,Tri O Tech Solutions Private Limited
2024-04,92.76,6.19,83.29,1.05,0.3,45.86,remitter,AU small Finance Bank
2024-04,94.15,5.62,96.4,0.24,0.2,42.92,remitter,Ujjivan Small Finance Bank
2024-04,92.8,6.91,95.58,0.29,0.14,39.67,remitter,City Union Bank
2024-04,91.84,7.57,87.6,0.59,0.13,36.11,remitter,Tamilnad Mercantile Bank
2024-04,82.94,8.05,23.91,9.01,1.29,34.51,remitter,Punjab and Sind Bank
2024-04,92.77,7.15,96.09,0.07,0.15,32.32,remitter,Equitas Bank
2024-04,85.16,13.06,77.26,1.78,0.19,29.08,remitter,Andhra Pradesh Grameena Vikas Bank
2024-04,92.37,6.21,59.83,1.42,0.2,27.5,remitter,Kerala Gramin Bank
2024-04,88.21,8.07,43.83,3.72,0.47,26.83,remitter,Pragathi Krishna Gramin Bank
2024-04,94.37,5.46,80.06,0.17,0.11,26.42,remitter,DBS Bank India Limited
2024-04,85.76,11.7,60.83,2.54,0.14,25.64,remitter,Maharashtra Gramin Bank
2024-04,86.99,12.02,80.01,0.99,0.12,24.19,remitter,Rajasthan Marudhara Gramin Bank
2024-04,96.49,2.85,82.3,0.66,0.09,24.01,remitter,Standard Chartered
2024-04,94.9,4.48,75.37,0.62,0.11,23.34,remitter,Saraswat Bank
2024-04,75.41,9.17,18.33,15.41,0.78,22.48,remitter,Baroda UP Gramin Bank
2024-04,84.95,14.46,90.47,0.59,0.13,21.68,remitter,Fincare Small Finance Bank Ltd
2024-04,94.68,4.92,92.16,0.4,0.1,21.48,remitter,ESAF Small Finance Bank Ltd.
2024-04,96.53,3.11,98.72,0.36,0.08,19.73,remitter,Citi Bank
2024-04,91.76,7.5,67.26,0.74,0.12,18.34,remitter,Sarva Haryana Gramin Bank
2024-04,79.51,14.58,32.75,5.92,0.23,18.19,remitter,Andhra Pragathi Grameena Bank
2024-04,89.02,10.26,0.0,0.72,0.0,15.1,remitter,RBL Bank Limited
2024-05,94.8,5.01,98.55,0.2,13.29,3758.35,remitter,State Bank Of India
2024-05,95.75,4.19,98.5,0.06,3.69,1211.41,remitter,HDFC Bank Ltd
2024-05,92.49,6.56,84.38,0.95,4.5,930.35,remitter,Bank of Baroda
2024-05,94.38,5.38,78.77,0.24,3.38,876.18,remitter,Union Bank of India
2024-05,93.64,6.05,87.42,0.31,3.19,785.36,remitter,Punjab National Bank
2024-05,92.83,6.78,63.74,0.39,3.56,746.83,remitter,Kotak Mahindra Bank
2024-05,92.87,6.15,72.09,0.98,5.16,670.33,remitter,Canara Bank
2024-05,96.33,3.62,95.22,0.05,1.65,627.63,remitter,ICICI Bank
2024-05,95.6,4.39,95.16,0.02,1.77,627.47,remitter,Axis Bank Ltd.
2024-05,93.16,5.16,61.76,1.68,2.77,454.54,remitter,Bank of India
2024-05,94.11,5.65,83.49,0.24,1.53,427.45,remitter,Indian Bank
2024-05,91.27,8.2,96.34,0.52,1.75,413.75,remitter,Airtel Payments Bank
2024-05,86.84,12.47,82.16,0.7,1.34,317.28,remitter,India Post Payment Bank
2024-05,94.09,5.44,89.02,0.47,0.75,212.71,remitter,Federal Bank
2024-05,87.26,11.16,69.46,1.57,1.59,206.31,remitter,Central Bank Of India
2024-05,94.32,5.24,88.54,0.44,0.75,197.96,remitter,Indian Overseas Bank
2024-05,93.72,6.16,87.45,0.11,0.72,184.22,remitter,UCO Bank
2024-05,94.4,5.46,90.23,0.14,0.55,159.28,remitter,IDBI Bank Limited
2024-05,92.45,5.48,57.34,2.06,1.14,152.68,remitter,Bank of Maharashtra
2024-05,92.32,7.38,97.88,0.31,0.96,150.37,remitter,Indusind Bank
2024-05,92.59,7.19,75.3,0.22,0.66,140.12,remitter,Fino Payments Bank Limited
2024-05,94.05,5.9,89.05,0.05,0.3,121.13,remitter,Yes Bank Ltd
2024-05,93.24,6.47,84.19,0.29,0.41,110.31,remitter,Karnataka Bank
2024-05,92.89,7.06,93.96,0.04,0.27,87.12,remitter,IDFC First Bank
2024-05,93.97,5.85,93.36,0.18,0.21,68.36,remitter,Karur Vysya Bank
2024-05,93.91,4.48,32.81,1.6,0.64,66.17,remitter,Jammu and Kashmir Bank
2024-05,91.7,6.7,96.55,1.6,0.27,59.24,remitter,Bandhan Bank
2024-05,95.49,4.41,90.82,0.1,0.14,54.78,remitter,South Indian Bank
2024-05,100.0,0.0,0.0,0.0,0.0,50.1,remitter,Tri O Tech Solutions Private Limited
2024-05,93.42,5.75,76.77,0.83,0.25,47.67,remitter,AU small Finance Bank
2024-05,93.75,5.64,70.45,0.61,0.22,45.1,remitter,Ujjivan Small Finance Bank
2024-05,92.9,6.73,99.12,0.37,0.14,41.63,remitter,City Union Bank
2024-05,92.76,6.89,82.65,0.36,0.19,38.16,remitter,Punjab and Sind Bank
2024-05,92.38,7.19,79.3,0.44,0.12,38.01,remitter,Tamilnad Mercantile Bank
2024-05,92.55,7.18,85.61,0.27,0.15,33.53,remitter,Equitas Small Finance Bank
2024-05,85.93,12.05,69.54,2.02,0.19,29.8,remitter,Andhra Pradesh Grameena Vikas Bank
2024-05,92.97,5.66,62.06,1.37,0.16,29.05,remitter,Kerala Gramin Bank
2024-05,89.64,7.36,55.43,3.0,0.4,27.76,remitter,Pragathi Krishna Gramin Bank
2024-05,94.26,5.59,72.2,0.16,0.09,27.4,remitter,DBS Bank India Limited
2024-05,86.04,11.57,57.65,2.39,0.12,26.27,remitter,Maharashtra Gramin Bank
2024-05,86.55,11.29,36.91,2.16,0.23,25.55,remitter,Rajasthan Marudhara Gramin Bank
2024-05,96.94,2.87,88.23,0.18,0.07,25.23,remitter,Standard Chartered
2024-05,95.17,4.19,71.49,0.64,0.09,23.75,remitter,Saraswat Bank
2024-05,78.17,9.63,18.03,12.2,0.73,23.63,remitter,Baroda UP Gramin Bank
2024-05,95.23,4.54,98.57,0.23,0.07,22.91,remitter,ESAF Small Finance Bank Ltd.
2024-05,85.62,13.92,86.35,0.46,0.1,21.54,remitter,Fincare Small Finance Bank Ltd
2024-05,86.11,12.06,39.45,1.83,0.2,20.85,remitter,Sarva Haryana Gramin Bank
2024-05,96.49,3.14,99.11,0.37,0.07,20.03,remitter,Citi Bank
2024-05,83.62,13.0,22.98,3.38,0.28,18.23,remitter,Andhra Pragathi Grameena Bank
2024-05,89.18,9.91,54.47,0.92,0.09,16.38,remitter,RBL Bank Limited
2024-06,94.82,4.95,0.98,0.22,10.49,3738,remitter,State Bank of India
2024-06,95.43,4.34,0.37,0.23,6.03,1191.85,remitter,HDFC Bank Ltd
2024-06,93.28,6.39,1.0,0.33,4.43,912.47,remitter,Bank of Baroda
2024-06,93.98,5.74,0.7,0.28,3.33,869.16,remitter,Union Bank of India
2024-06,93.53,6.07,0.76,0.4,3.12,783.7,remitter,Punjab National Bank
2024-06,92.2,6.93,0.95,0.86,2.68,727.46,remitter,Kotak Mahindra Bank Ltd
2024-06,92.85,6.43,0.97,0.72,2.57,657.78,remitter,Canara Bank
2024-06,95.59,4.4,0.79,0.02,1.92,651.8,remitter,Axis Bank Ltd.
2024-06,96.19,3.76,0.81,0.05,1.67,620.66,remitter,ICICI Bank Ltd
2024-06,94.18,5.51,0.61,0.32,1.6,444.39,remitter,Bank Of India
2024-06,94.06,5.76,1.0,0.19,1.56,423.92,remitter,Indian Bank
2024-06,88.87,10.12,0.96,1.01,1.51,414.12,remitter,Airtel Payments Bank Ltd
2024-06,85.95,12.05,0.72,2.0,1.44,319.04,remitter,India Post Payments Bank Ltd
2024-06,94.34,5.61,0.94,0.06,1.25,205.99,remitter,Federal Bank
2024-06,86.99,11.27,0.14,1.74,1,202.35,remitter,Central Bank of India
2024-06,92.98,5.54,0.99,1.48,0.86,197.11,remitter,Indian Overseas Bank
2024-06,93.38,6.35,0.65,0.27,0.84,184.42,remitter,UCO Bank
2024-06,94.24,5.25,0.78,0.51,0.78,155.97,remitter,IDBI Bank
2024-06,91.86,7.68,0.77,0.46,0.73,155.09,remitter,Indusind Bank Ltd.
2024-06,93.21,5.77,0.65,1.01,0.71,150.89,remitter,Bank of Maharashtra
2024-06,92.49,7.16,0.68,0.36,0.67,140.81,remitter,Fino Payments Bank Ltd.
2024-06,94.04,5.79,0.99,0.17,0.56,118.94,remitter,Yes bank Ltd.
2024-06,93.12,6.42,0.36,0.46,0.5,108.5,remitter,Karnataka Bank Ltd
2024-06,93.06,6.88,0.69,0.06,0.44,85.74,remitter,IDFC Bank Ltd.
2024-06,93.39,6.14,0.78,0.47,0.4,67.93,remitter,Karur Vysya Bank
2024-06,93.49,4.86,0.54,1.66,0.38,65.45,remitter,The Jammu And Kashmir Bank Ltd
2024-06,92.99,6.11,0.04,0.9,0.31,59.26,remitter,Bandhan Bank Ltd.
2024-06,94.99,4.95,0.77,0.06,0.31,54.24,remitter,South Indian Bank
2024-06,100.0,0.0,0.17,0.0,0.31,50.77,remitter,Tri O Tech Solutions Private Limited
2024-06,93.96,6.01,0.9,0.02,0.26,46.74,remitter,AU Small Finance Bank
2024-06,94.17,5.6,0.2,0.23,0.25,44.18,remitter,Ujjivan Small Finance Bank Limited
2024-06,93.05,6.69,0.83,0.26,0.24,40.87,remitter,City Union Bank Limited
2024-06,92.27,7.46,0.9,0.27,0.22,38.32,remitter,Punjab & Sind Bank
2024-06,91.39,7.44,0.98,1.17,0.21,38.2,remitter,Tamilnad Mercantile Bank Ltd.
2024-06,92.0,7.29,0.77,0.71,0.21,32.46,remitter,Equitas Small Finance Bank Ltd
2024-06,95.19,4.66,0.24,0.15,0.21,31.15,remitter,HDFC Bank Credit Card HCB
2024-06,85.51,12.21,0.99,2.28,0.2,29.53,remitter,Andhra Pradesh Grameena Vikas Bank
2024-06,93.72,5.54,0.91,0.74,0.17,29.43,remitter,Kerala Gramin Bank
2024-06,91.24,6.93,0.73,1.83,0.17,26.98,remitter,Pragathi Krishna Gramin Bank
2024-06,94.23,5.72,0.58,0.05,0.17,26.61,remitter,DBS Bank India Limited
2024-06,86.22,11.56,0.58,2.22,0.17,25.44,remitter,Rajasthan Marudhara Gramin Bank
2024-06,86.97,11.42,0.45,1.61,0.17,25.16,remitter,Maharashtra Gramin Bank
2024-06,96.93,2.9,0.9,0.17,0.16,24.97,remitter,Standard Chartered Bank
2024-06,74.58,10.0,0.89,15.42,0.15,24.09,remitter,Baroda Uttar Pradesh Gramin Bank
2024-06,94.86,4.71,0.96,0.43,0.15,23.45,remitter,Saraswat Co-operative Bank Ltd.
2024-06,95.04,4.76,0.67,0.2,0.14,22.93,remitter,ESAF Small Finance Bank Ltd.
2024-06,85.12,14.38,0.1,0.51,0.13,20.56,remitter,Fincare Small Finance Bank Limited
2024-06,89.85,7.83,0.96,2.32,0.13,19.34,remitter,Sarva Haryana Gramin Bank
2024-06,80.76,12.96,1.0,6.28,0.13,18.35,remitter,Andhra Pragathi Grameena Bank
2024-06,84.8,11.61,0.48,3.59,0.11,16.8,remitter,Jio Payments Bank limited
2024-07,94.55,5.31,96.94,0.14,12.09,3912.83,remitter,State Bank Of India
2024-07,95.21,4.78,98.69,0.0,3.67,1214.73,remitter,HDFC Bank Ltd.
2024-07,92.35,7.06,88.84,0.59,3.76,954.81,remitter,Bank of Baroda
2024-07,94.14,5.76,74.06,0.1,3.33,905.83,remitter,Union Bank Of India
2024-07,89.63,10.27,93.14,0.1,3.21,837.23,remitter,Punjab national Bank
2024-07,92.59,7.22,78.21,0.19,2.58,746.29,remitter,Kotak Mahindra Bank
2024-07,95.55,4.45,97.33,0.0,1.68,697.05,remitter,Axis bank Ltd.
2024-07,93.41,6.23,70.71,0.36,3.78,688.87,remitter,Canara Bank
2024-07,96.15,3.83,93.07,0.02,1.66,629.64,remitter,ICICI Bank Ltd.
2024-07,93.79,5.4,66.06,0.81,2.36,462.31,remitter,Bank Of India
2024-07,94.1,5.88,94.42,0.02,1.27,449.31,remitter,Indian Bank
2024-07,89.21,10.65,93.76,0.14,1.61,430.92,remitter,Airtel Payments Bank Ltd
2024-07,84.74,12.89,53.95,2.38,2.23,336.13,remitter,India Post Payments Bank Ltd
2024-07,94.25,5.71,97.44,0.04,0.6,214.6,remitter,Federal bank Ltd.
2024-07,88.33,11.36,89.37,0.32,1.0,211.52,remitter,Central Bank of India
2024-07,94.08,5.68,91.89,0.24,0.78,210.05,remitter,Indian Overseas Bank
2024-07,92.01,7.3,78.83,0.68,1.0,194.92,remitter,UCO Bank
2024-07,93.74,5.72,52.33,0.54,1.02,161.72,remitter,IDBI Bank
2024-07,92.09,7.83,87.52,0.09,0.81,161.53,remitter,Indusind Bank Ltd.
2024-07,92.94,5.91,64.44,1.15,1.18,155.62,remitter,Bank of Maharashtra
2024-07,92.59,7.23,78.5,0.18,0.68,145.95,remitter,Fino Payments Bank Limited
2024-07,94.1,5.85,82.9,0.05,0.31,123.36,remitter,Yes Bank Ltd.
2024-07,92.56,7.17,79.11,0.27,0.48,113.52,remitter,Karnataka Bank
2024-07,93.27,6.62,70.12,0.11,0.36,87.5,remitter,IDFC First Bank Ltd
2024-07,93.18,6.38,89.14,0.44,0.28,71.96,remitter,Karur Vysya Bank
2024-07,89.99,4.67,31.87,5.34,0.74,68.27,remitter,The Jammu & Kashmir Bank Limited
2024-07,93.27,5.64,96.54,1.1,0.26,63.78,remitter,Bandhan Bank limited
2024-07,94.92,5.06,81.02,0.02,0.23,56.93,remitter,The South Indian Bank Limited
2024-07,99.8,0.2,0.0,0.0,0,52.1,remitter,Tri O Tech Solutions Private Limited
2024-07,93.76,6.23,93.22,0.02,0.18,48.46,remitter,AU Small Finance Bank
2024-07,94.02,5.7,59.89,0.28,0.28,45.78,remitter,Ujjivan Small Finance Bank Limited
2024-07,92.8,6.94,90.14,0.26,0.12,43.4,remitter,City Union Bank
2024-07,91.88,7.6,83.76,0.52,0.24,40.75,remitter,Punjab and Sind Bank
2024-07,91.64,8.16,57.68,0.2,0.23,40.33,remitter,Tamilnad Mercantile Bank Limited
2024-07,91.72,7.51,81.82,0.77,0.15,33.37,remitter,Equitas Small Finance Bank Ltd
2024-07,92.26,5.89,83.44,1.85,0.31,31.93,remitter,Kerala Gramin Bank
2024-07,89.64,7.23,73.14,3.13,0.42,28.68,remitter,Karnataka Gramin Bank (Erstwhile Pragathi Krishna Gramin Bank)
2024-07,85.15,11.47,69.04,3.38,0.13,27.69,remitter,Andhra Pradesh Grameena Vikas Bank - IMPS
2024-07,93.99,5.98,95.3,0.03,0.08,27.67,remitter,DBS Bank India Limited
2024-07,79.63,9.9,26.42,10.47,0.35,25.58,remitter,Rajasthan Marudhara Gramin Bank
2024-07,78.5,10.43,33.96,11.07,0.18,25.52,remitter,Maharashtra Gramin Bank
2024-07,97.04,2.95,93.06,0.01,0.07,25.11,remitter,Standard Chartered Bank
2024-07,94.84,4.94,93.14,0.22,0.08,24.06,remitter,ESAF Small Finance Bank Ltd.
2024-07,94.54,5.13,63.03,0.33,0.12,23.62,remitter,Saraswat Co-operative Bank
2024-07,84.61,9.14,18.67,6.25,0.58,23.44,remitter,Baroda U.P. Bank (Erstwhile Baroda Uttar Pradesh Gramin Bank)
2024-07,85.18,14.37,91.52,0.45,0.08,20.27,remitter,AU Small Finance Bank (Erstwhile Fincare)
2024-07,90.64,8.39,64.2,0.96,0.14,20.25,remitter,Sarva Haryana Gramin Bank
2024-07,84.71,13.55,94.31,1.75,0.21,18.37,remitter,Jio Payments Bank limited
2024-07,79.8,12.21,60.11,7.99,0.08,17.96,remitter,Andhra Pragathi Grameena Bank
2024-07,90.29,8.87,60.52,0.84,0.1,17.66,remitter,RBL Bank Ltd.
2024-08,94.4,5.39,98.58,0.21,11.86,4052.31,remitter,State Bank Of India
2024-08,95.28,4.66,99.34,0.06,3.61,1270.59,remitter,HDFC Bank Ltd.
2024-08,92.45,6.95,95.42,0.6,3.26,985.86,remitter,Bank of Baroda
2024-08,93.51,5.83,68.43,0.65,3.91,941.93,remitter,Union Bank Of India
2024-08,91.99,7.92,95.13,0.09,2.96,835.0,remitter,Punjab national Bank
2024-08,92.43,7.48,93.51,0.09,2.03,772.93,remitter,Kotak Mahindra Bank
2024-08,95.47,4.53,98.74,0.0,1.67,730.47,remitter,Axis bank Ltd.
2024-08,93.11,6.11,85.39,0.78,3.27,722.42,remitter,Canara Bank
2024-08,96.15,3.76,96.47,0.09,1.37,648.75,remitter,ICICI Bank Ltd.
2024-08,93.86,5.61,74.34,0.53,2.07,478.26,remitter,Bank Of India
2024-08,94.02,5.92,95.17,0.06,1.36,462.16,remitter,Indian Bank
2024-08,90.01,9.84,97.33,0.15,1.81,437.93,remitter,Airtel Payments Bank Ltd
2024-08,88.27,10.99,91.01,0.74,1.73,349.66,remitter,India Post Payments Bank Ltd
2024-08,94.22,5.75,99.43,0.03,0.59,221.37,remitter,Federal bank Ltd.
2024-08,88.36,11.05,81.74,0.59,1.08,218.28,remitter,Central Bank of India
2024-08,92.44,5.92,90.49,1.64,1.05,217.93,remitter,Indian Overseas Bank
2024-08,92.29,7.59,89.65,0.12,0.77,200.84,remitter,UCO Bank
2024-08,94.17,5.57,91.64,0.26,0.75,166.58,remitter,IDBI Bank
2024-08,91.49,8.34,98.15,0.17,0.67,165.7,remitter,Indusind Bank Ltd.
2024-08,93.33,6.41,84.69,0.25,0.53,163.62,remitter,Bank of Maharashtra
2024-08,92.78,6.83,73.49,0.39,0.88,151.38,remitter,Fino Payments Bank Limited
2024-08,93.91,5.87,72.31,0.23,0.33,126.41,remitter,Yes Bank Ltd.
2024-08,92.78,7.01,81.2,0.21,0.39,117.67,remitter,Karnataka Bank
2024-08,93.64,6.13,61.58,0.23,0.38,89.97,remitter,IDFC First Bank Ltd
2024-08,92.49,6.22,74.66,1.3,0.42,74.18,remitter,Karur Vysya Bank
2024-08,91.26,8.72,97.18,0.02,0.16,69.4,remitter,AU small Finance Bank
2024-08,92.93,5.02,31.42,2.06,0.84,69.35,remitter,The Jammu & Kashmir Bank Limited
2024-08,93.24,5.73,90.93,1.03,0.29,66.15,remitter,Bandhan Bank limited
2024-08,95.07,4.88,97.96,0.05,0.15,60.3,remitter,The South Indian Bank Limited
2024-08,100.0,0.0,nan,0.0,,57.12,remitter,Tri O Tech Solutions Private Limited
2024-08,94.25,5.32,90.37,0.42,0.17,45.73,remitter,Ujjivan Small Finance Bank Limited
2024-08,92.78,6.73,96.77,0.49,0.14,44.59,remitter,City Union Bank
2024-08,92.12,7.39,81.24,0.49,0.24,42.38,remitter,Punjab and Sind Bank
2024-08,91.74,7.81,77.29,0.46,0.14,41.5,remitter,Tamilnad Mercantile Bank Limited
2024-08,90.77,6.37,70.78,2.87,0.39,34.73,remitter,Kerala Gramin Bank
2024-08,92.09,7.25,93.25,0.66,0.12,32.89,remitter,Equitas Small Finance Bank Ltd
2024-08,84.79,7.38,50.55,7.83,0.84,30.19,remitter,Karnataka Gramin Bank (Erstwhile Pragathi Krishna Gramin Bank)
2024-08,86.25,12.84,76.11,0.91,0.1,28.61,remitter,Andhra Pradesh Grameena Vikas Bank - IMPS
2024-08,93.8,6.18,99.45,0.03,0.08,28.32,remitter,DBS Bank India Limited
2024-08,97.09,2.89,93.72,0.03,0.06,26.22,remitter,Standard Chartered Bank
2024-08,95.08,4.72,90.6,0.21,0.09,25.47,remitter,ESAF Small Finance Bank Ltd.
2024-08,95.11,4.76,91.58,0.13,0.07,25.08,remitter,Saraswat Co-operative Bank
2024-08,86.37,12.27,84.89,1.35,0.09,24.99,remitter,Maharashtra Gramin Bank
2024-08,88.53,8.79,39.56,2.68,0.25,24.96,remitter,Baroda U.P. Bank (Erstwhile Baroda Uttar Pradesh Gramin Bank)
2024-08,86.87,10.55,56.54,2.58,0.2,23.83,remitter,Rajasthan Marudhara Gramin Bank
2024-08,87.7,6.6,52.55,5.7,0.33,20.33,remitter,Sarva Haryana Gramin Bank
2024-08,82.02,15.04,89.82,2.94,0.23,20.1,remitter,Jio Payments Bank limited
2024-08,90.75,8.85,67.86,0.4,0.07,18.51,remitter,RBL Bank Ltd.
2024-08,84.73,11.81,17.1,3.47,0.27,18.11,remitter,NSDL Payments Bank Limited
2024-08,85.45,12.94,61.42,1.61,0.09,17.78,remitter,Andhra Pragathi Grameena Bank
2024-09,93.9,5.35,95.22,0.75,15.24,4067.05,remitter,State Bank Of India
2024-09,95.36,4.62,99.66,0.02,3.28,1267.31,remitter,HDFC BANK LTD
2024-09,92.87,7.01,98.59,0.11,2.75,996.46,remitter,Bank of Baroda
2024-09,93.16,6.36,53.0,0.47,4.67,928.3,remitter,Union Bank of India
2024-09,92.2,7.69,95.21,0.11,2.7,851.0,remitter,Punjab National Bank
2024-09,91.78,7.55,86.79,0.68,2.13,771.17,remitter,Kotak Mahindra Bank
2024-09,95.4,4.54,99.18,0.05,1.7,739.08,remitter,Axis Bank Ltd.
2024-09,93.23,6.32,91.72,0.44,2.5,724.35,remitter,Canara Bank
2024-09,96.31,3.67,97.81,0.02,1.43,642.3,remitter,ICICI Bank Ltd.
2024-09,93.98,5.57,72.57,0.45,2.04,480.33,remitter,Bank of India
2024-09,94.03,5.87,89.97,0.11,1.44,466.01,remitter,Indian Bank
2024-09,89.91,9.82,97.12,0.27,1.74,449.25,remitter,Airtel Payments Bank Ltd
2024-09,87.95,11.48,93.3,0.58,1.3,370.25,remitter,India Post Payments Bank Ltd
2024-09,91.62,5.67,83.77,2.71,2.53,221.41,remitter,Indian Overseas Bank
2024-09,94.15,5.81,99.0,0.04,0.58,220.03,remitter,Federal Bank Ltd.
2024-09,87.43,11.13,84.32,1.45,1.27,219.42,remitter,Central Bank Of India
2024-09,91.83,7.48,74.19,0.7,0.81,202.25,remitter,UCO Bank
2024-09,93.46,5.98,80.34,0.55,0.75,167.82,remitter,IDBI Bank
2024-09,91.52,8.37,93.54,0.11,0.66,165.88,remitter,INDUSIND BANK Ltd.
2024-09,93.33,6.37,72.66,0.3,0.6,165.0,remitter,Bank of Maharashtra
2024-09,92.79,7.09,90.32,0.12,0.62,154.66,remitter,Fino Payments Bank Limited
2024-09,94.14,5.69,73.57,0.16,0.33,131.04,remitter,Yes Bank Ltd.
2024-09,93.35,6.47,89.55,0.18,0.35,117.35,remitter,Karnataka Bank
2024-09,93.65,6.14,60.52,0.22,0.4,89.72,remitter,IDFC First Bank Ltd
2024-09,92.19,6.56,81.06,1.25,0.37,73.53,remitter,Karur Vysya Bank
2024-09,91.09,8.74,90.37,0.17,0.18,69.23,remitter,AU small Finance Bank
2024-09,92.85,5.24,28.28,1.9,0.76,69.03,remitter,The Jammu & Kashmir Bank Limited
2024-09,92.88,5.45,76.7,1.67,0.4,68.05,remitter,Bandhan Bank Limited
2024-09,100.0,0.0,nan,0.0,,61.0,remitter,Tri O Tech Solutions Private Limited
2024-09,95.12,4.8,99.29,0.09,0.15,60.27,remitter,The South Indian Bank Limited
2024-09,94.46,5.22,92.62,0.32,0.15,45.35,remitter,Ujjivan Small Finance Bank Limited
2024-09,92.88,6.54,90.24,0.58,0.16,44.3,remitter,City Union Bank
2024-09,91.88,7.47,77.0,0.65,0.24,43.54,remitter,Punjab and Sind Bank
2024-09,92.63,7.01,78.15,0.36,0.14,41.41,remitter,Tamilnad Mercantile Bank Limited
2024-09,91.51,6.35,80.81,2.15,0.31,35.02,remitter,Kerala Gramin Bank
2024-09,92.96,6.98,95.27,0.06,0.11,32.2,remitter,Equitas Small Finance Bank Ltd
2024-09,86.57,12.21,63.57,1.23,0.13,29.88,remitter,Andhra Pradesh Grameena Vikas Bank
2024-09,88.68,7.74,70.44,3.57,0.42,28.74,remitter,Pragathi Krishna Gramin Bank
2024-09,93.71,6.27,98.09,0.02,0.08,27.93,remitter,DBS Bank India Limited
2024-09,92.16,7.56,91.42,0.28,0.1,26.48,remitter,Baroda UP Gramin Bank
2024-09,86.61,12.16,76.44,1.23,0.1,25.95,remitter,Maharashtra Gramin Bank
2024-09,86.65,10.52,65.99,2.83,0.16,25.85,remitter,Rajasthan Marudhara Gramin Bank
2024-09,95.46,4.43,94.77,0.11,0.09,25.76,remitter,ESAF Small Finance Bank Ltd.
2024-09,96.49,2.95,51.96,0.56,0.14,25.65,remitter,Standard Chartered Bank
2024-09,94.11,5.24,64.81,0.66,0.1,24.88,remitter,Saraswat Co-operative Bank
2024-09,88.72,10.15,96.15,1.13,0.23,22.56,remitter,Jio Payments Bank Limited
2024-09,83.05,11.47,9.08,5.49,0.38,20.08,remitter,NSDL Payments Bank Limited
2024-09,89.36,6.17,28.04,4.47,0.32,19.79,remitter,Sarva Haryana Gramin Bank
2024-09,83.63,11.69,27.01,4.68,0.27,18.96,remitter,Andhra Pragathi Grameena Bank
2024-09,91.45,8.1,67.16,0.44,0.08,18.87,remitter,RBL Bank Limited
2024-10,92.1,6.29,0.97,1.61,17.29,4478.41,remitter,State Bank Of India
2024-10,94.74,5.24,1.0,0.02,4.26,1409.32,remitter,HDFC BANK LTD.
2024-10,92.54,7.41,0.98,0.06,3.5,1116.59,remitter,Bank of Baroda
2024-10,93.16,6.69,0.86,0.15,3.77,1043.89,remitter,Union Bank of India
2024-10,90.92,8.9,0.97,0.18,3.29,955.82,remitter,Punjab National Bank
2024-10,91.32,8.58,0.88,0.1,2.81,863.59,remitter,Kotak Mahindra Bank
2024-10,94.82,5.13,0.96,0.06,2.3,827.97,remitter,Axis Bank Ltd.
2024-10,92.55,7.16,0.89,0.29,3.31,795.21,remitter,Canara Bank
2024-10,95.76,4.2,0.98,0.04,1.91,709.27,remitter,ICICI Bank Ltd.
2024-10,93.54,5.93,0.77,0.54,2.5,538.24,remitter,Bank of India
2024-10,93.41,6.42,0.87,0.18,1.87,513.28,remitter,Indian Bank
2024-10,89.46,10.35,0.97,0.19,2.2,500.76,remitter,Airtel Payments Bank Limited
2024-10,87.51,11.24,0.81,1.25,1.84,434.48,remitter,India Post Payments Bank Limited
2024-10,91.68,6.13,0.88,2.19,1.74,244.05,remitter,Indian Overseas Bank
2024-10,86.85,12.22,0.84,0.92,1.1,241.37,remitter,Central Bank Of India
2024-10,92.59,7.1,0.98,0.31,0.69,238.16,remitter,Federal Bank Ltd.
2024-10,92.16,7.68,0.91,0.16,0.85,220.3,remitter,UCO Bank
2024-10,92.94,6.64,0.77,0.42,0.76,187.72,remitter,Bank of Maharashtra
2024-10,93.67,6.15,0.92,0.18,0.71,186.35,remitter,IDBI Bank Ltd.
2024-10,90.46,9.32,0.91,0.22,0.77,184.41,remitter,INDUSIND BANK Ltd.
2024-10,92.76,7.17,0.95,0.07,0.79,173.06,remitter,Fino Payments Bank Ltd.
2024-10,85.65,14.14,0.69,0.21,0.54,165.55,remitter,Yes Bank Ltd.
2024-10,92.63,6.87,0.84,0.5,0.48,126.09,remitter,Karnataka Bank
2024-10,92.41,7.14,0.42,0.44,0.71,99.72,remitter,IDFC Bank Ltd.
2024-10,92.99,6.72,0.94,0.29,0.31,79.62,remitter,Karur Vysya Bank
2024-10,89.55,5.02,0.14,5.43,1.82,78.02,remitter,The Jammu & Kashmir Bank Limited
2024-10,90.05,9.88,0.95,0.07,0.29,76.76,remitter,AU small Finance Bank
2024-10,93.87,5.29,0.94,0.84,0.34,74.83,remitter,Bandhan Bank Limited
2024-10,100.0,0.0,0.0,0.0,0.0,69.79,remitter,Tri O Tech Solutions Private Limited
2024-10,94.61,5.25,0.99,0.14,0.18,64.32,remitter,The South Indian Bank Limited
2024-10,94.65,4.98,0.87,0.37,0.19,48.67,remitter,Ujjivan Small Finance Bank Limited
2024-10,91.97,7.83,0.93,0.2,0.22,47.91,remitter,Punjab and Sind Bank
2024-10,93.04,6.83,1.0,0.14,0.13,47.69,remitter,City Union Bank
2024-10,92.22,7.41,0.77,0.38,0.16,44.76,remitter,Tamilnad Mercantile Bank Limited
2024-10,92.47,6.68,0.87,0.85,0.23,38.22,remitter,Kerala Gramin Bank
2024-10,92.52,7.45,0.98,0.03,0.12,34.5,remitter,Equitas Small Finance Bank
2024-10,85.99,12.62,0.0,1.39,0.04,32.92,remitter,Andhra Pradesh Grameena Vikas Bank
2024-10,92.41,6.1,0.0,1.48,0,31.14,remitter,Baroda UP Gramin Bank
2024-10,89.6,8.27,0.79,2.13,0.36,30.87,remitter,Karnataka Gramin Bank
2024-10,92.6,7.25,0.87,0.15,0.11,30.17,remitter,DBS Bank India Limited
2024-10,85.61,12.12,0.54,2.27,0.18,29.85,remitter,Maharashtra Gramin Bank
2024-10,84.14,10.95,0.27,4.91,0.37,29.28,remitter,Rajasthan Marudhara Gramin Bank
2024-10,94.07,5.72,0.88,0.21,0.1,28.5,remitter,Saraswat Co-operative Bank
2024-10,88.59,10.18,0.99,1.23,0.26,28.23,remitter,Jio Payments Bank Ltd
2024-10,95.45,3.31,0.54,1.24,0.17,27.97,remitter,Standard Chartered Bank
2024-10,95.35,4.55,0.97,0.1,0.1,27.91,remitter,ESAF Small Finance Bank Ltd
2024-10,84.64,11.55,0.04,3.81,0.37,24.07,remitter,NSDL Payments Bank Limited
2024-10,92.36,7.33,0.77,0.31,0.1,23.06,remitter,RBL Bank Ltd.
2024-10,78.27,10.39,0.36,11.34,0.64,21.92,remitter,Andhra Pragathi Grameena Bank
2024-10,93.23,6.41,0.87,0.36,0.09,21.22,remitter,Sarva Haryana Gramin Bank
2024-11,93.11,6.32,95.24,0.57,11.62,4182.13,remitter,State Bank of India
2024-11,94.07,5.83,98.16,0.09,3.64,1305.92,remitter,HDFC Bank Ltd.
2024-11,92.1,7.85,97.92,0.04,2.98,1035.67,remitter,Bank of Baroda
2024-11,92.48,7.29,79.15,0.23,3.33,990.08,remitter,Union Bank Of India
2024-11,91.05,8.85,98.84,0.1,2.69,881.89,remitter,Punjab national Bank
2024-11,90.49,9.28,90.77,0.23,2.31,804.07,remitter,Kotak Mahindra Bank
2024-11,94.2,5.78,98.27,0.01,1.93,764.59,remitter,Axis Bank Ltd.
2024-11,92.32,7.25,79.06,0.43,2.87,760.29,remitter,Canara Bank
2024-11,95.26,4.56,96.03,0.18,1.65,651.55,remitter,ICICI Bank Ltd.
2024-11,91.8,6.55,46.64,1.65,3.73,497.26,remitter,Bank Of India
2024-11,92.78,7.05,84.18,0.17,1.58,484.6,remitter,Indian Bank
2024-11,87.28,11.79,82.86,0.93,2.74,471.39,remitter,Airtel Payments Bank Ltd.
2024-11,86.44,11.98,68.2,1.58,1.8,410.33,remitter,India Post Payments Bank Ltd.
2024-11,93.11,6.67,91.2,0.22,0.88,232.93,remitter,Indian Overseas Bank
2024-11,91.8,8.01,97.78,0.19,0.57,230.2,remitter,Federal Bank Ltd.
2024-11,86.59,12.34,80.64,1.07,0.9,223.46,remitter,Central Bank of India
2024-11,91.88,8.02,89.84,0.1,0.68,206.37,remitter,UCO Bank
2024-11,88.99,10.73,88.52,0.29,0.64,172.82,remitter,Indusind Bank Ltd.
2024-11,93.05,6.79,91.58,0.16,0.57,171.56,remitter,IDBI Bank Ltd.
2024-11,92.54,7.31,89.66,0.15,0.49,167.64,remitter,Bank of Maharashtra
2024-11,92.82,7.06,90.58,0.12,0.69,161.47,remitter,Fino Payments Bank Ltd.
2024-11,83.24,16.36,58.31,0.4,0.52,155.3,remitter,YES Bank Ltd.
2024-11,91.67,7.33,66.08,1.01,0.56,122.37,remitter,Karnataka Bank
2024-11,91.39,8.41,0.29,0.2,0.16,93.14,remitter,IDFC Bank Ltd.
2024-11,90.29,5.42,17.72,4.29,1.42,76.44,remitter,The Jammu & Kashmir Bank Limited
2024-11,92.7,7.11,95.76,0.19,0.21,76.29,remitter,Karur Vysya Bank
2024-11,93.36,5.09,88.49,1.55,0.39,70.96,remitter,Bandhan Bank limited
2024-11,88.57,11.23,97.17,0.2,0.22,70.55,remitter,AU Small Finance Bank
2024-11,100.0,0.0,nan,0.0,,67.2,remitter,Tri O Tech Solutions Private Limited
2024-11,94.65,5.28,99.31,0.07,0.13,62.85,remitter,The South Indian Bank Limited
2024-11,91.51,8.4,97.14,0.1,0.18,45.44,remitter,Punjab and Sind Bank
2024-11,94.64,4.99,81.7,0.38,0.17,45.21,remitter,Ujjivan Small Finance Bank Limited
2024-11,92.56,7.28,99.52,0.16,0.1,44.74,remitter,City Union Bank
2024-11,91.84,7.7,75.6,0.46,0.13,42.47,remitter,Tamilnad Mercantile Bank Limited
2024-11,87.74,6.37,64.31,5.89,0.74,39.89,remitter,Kerala Gramin Bank
2024-11,91.99,7.98,98.07,0.03,0.1,31.78,remitter,Equitas Small Finance Bank
2024-11,82.74,11.59,65.41,5.67,0.36,31.66,remitter,Andhra Pradesh Grameena Vikas Bank
2024-11,88.07,8.52,72.85,3.41,0.38,30.31,remitter,Karnataka Gramin Bank
2024-11,91.65,6.65,44.05,1.69,0.28,29.74,remitter,Baroda U.P. Bank
2024-11,87.77,10.99,99.25,1.24,0.21,28.8,remitter,JIO Payments Bank Ltd
2024-11,92.03,7.53,71.54,0.44,0.11,28.24,remitter,DBS Bank India Limited
2024-11,95.5,4.39,98.12,0.11,0.08,27.19,remitter,ESAF Small Finance Bank Ltd
2024-11,85.94,11.8,81.31,2.26,0.11,26.47,remitter,Rajasthan Marudhara Gramin Bank
2024-11,95.57,3.79,81.38,0.64,0.08,25.87,remitter,Standard Chartered Bank
2024-11,86.35,12.55,64.26,1.09,0.11,25.8,remitter,Maharashtra Gramin Bank
2024-11,93.87,5.99,87.37,0.14,0.08,25.49,remitter,Saraswat Co-operative Bank
2024-11,86.08,12.61,6.11,1.31,0.2,24.28,remitter,NSDL Payments Bank Limited
2024-11,91.69,7.95,63.63,0.35,0.09,23.47,remitter,RBL Bank Ltd.
2024-11,83.33,10.78,53.99,5.89,0.38,21.61,remitter,Andhra Pragathi Grameena Bank
2024-11,93.42,6.14,68.48,0.44,0.11,20.09,remitter,Sarva Haryana Gramin Bank
2024-12,92.94,6.58,93.82,0.48,13.76,4540.13,remitter,State Bank of India
2024-12,93.89,6.02,99.79,0.09,4.4,1403.46,remitter,HDFC Bank Ltd.
2024-12,91.71,8.19,98.96,0.1,3.32,1125.93,remitter,Bank of Baroda
2024-12,91.91,7.96,83.49,0.13,3.4,1070.69,remitter,Union Bank of India
2024-12,89.81,9.28,88.47,0.91,3.59,954.15,remitter,Punjab National Bank
2024-12,90.25,9.7,93.59,0.05,2.31,872.07,remitter,Kotak Mahindra Bank
2024-12,91.7,7.62,68.86,0.68,3.6,818.65,remitter,Canara Bank
2024-12,93.8,6.17,98.02,0.03,1.93,810.01,remitter,Axis Bank Ltd.
2024-12,95.17,4.72,94.66,0.11,1.69,700.67,remitter,ICICI Bank Ltd.
2024-12,93.08,6.82,92.16,0.11,1.75,540.44,remitter,Bank Of India
2024-12,92.51,7.36,82.89,0.13,1.91,524.93,remitter,Indian Bank
2024-12,87.15,12.67,97.38,0.18,2.05,521.02,remitter,Airtel Payments Bank Limited
2024-12,82.62,13.15,32.85,4.22,4.54,459.83,remitter,India Post Payments Bank Ltd.
2024-12,92.36,6.99,95.86,0.65,0.97,257.21,remitter,Indian Overseas Bank
2024-12,91.87,8.07,98.82,0.06,0.56,245.26,remitter,Federal Bank Ltd.
2024-12,85.92,13.64,93.32,0.43,0.84,244.52,remitter,Central Bank of India
2024-12,91.63,8.24,88.67,0.12,0.8,225.35,remitter,UCO Bank
2024-12,92.05,7.48,69.76,0.48,0.76,188.42,remitter,Bank of Maharashtra
2024-12,92.96,6.78,79.53,0.26,0.67,186.2,remitter,IDBI Bank Ltd.
2024-12,88.29,11.53,79.14,0.18,0.73,185.78,remitter,Indusind Bank Ltd.
2024-12,92.78,7.14,93.93,0.08,0.69,175.75,remitter,Fino Payments Bank Ltd.
2024-12,83.65,15.97,54.97,0.37,0.6,167.84,remitter,Yes Bank Ltd.
2024-12,92.27,7.65,98.5,0.08,0.36,132.76,remitter,Karnataka Bank
2024-12,90.89,9.08,95.77,0.03,0.27,100.59,remitter,IDFC Bank Ltd.
2024-12,92.16,7.44,87.62,0.39,0.24,83.14,remitter,Karur Vysya Bank
2024-12,90.33,5.78,51.28,3.89,1.36,81.64,remitter,The Jammu & Kashmir Bank Limited
2024-12,92.36,5.3,63.34,2.34,0.66,76.61,remitter,Bandhan Bank limited
2024-12,100.0,0.0,0.0,0.0,0.0,75.47,remitter,Tri O Tech Solutions Private Limited
2024-12,85.93,13.75,69.12,0.32,0.33,74.62,remitter,AU Small Finance Bank
2024-12,94.45,5.46,98.66,0.09,0.15,66.9,remitter,The South Indian Bank Limited
2024-12,90.85,8.92,91.75,0.23,0.23,49.27,remitter,Punjab and Sind Bank
2024-12,92.29,7.58,99.74,0.13,0.1,48.89,remitter,City Union Bank
2024-12,94.34,4.94,67.99,0.72,0.23,48.39,remitter,Ujjivan Small Finance Bank Limited
2024-12,92.08,7.65,82.67,0.27,0.12,46.51,remitter,Tamilnad Mercantile Bank Limited
2024-12,88.28,6.77,56.93,4.95,0.67,41.21,remitter,Kerala Gramin Bank
2024-12,87.33,11.83,97.31,0.83,0.18,33.99,remitter,JIO Payments Bank Ltd
2024-12,91.84,6.86,64.08,1.29,0.22,33.15,remitter,Baroda U.P. Bank
2024-12,91.17,8.77,97.59,0.06,0.1,32.91,remitter,Equitas Small Finance Bank
2024-12,86.77,8.87,50.11,4.36,0.51,32.82,remitter,Karnataka Gramin Bank
2024-12,92.52,7.38,96.48,0.1,0.08,30.61,remitter,DBS Bank India Limited
2024-12,84.21,14.15,54.38,1.64,0.2,29.81,remitter,Andhra Pradesh Grameena Vikas Bank
2024-12,95.4,4.57,98.59,0.03,0.08,29.55,remitter,ESAF Small Finance Bank Ltd
2024-12,84.9,12.07,53.16,3.03,0.16,29.54,remitter,Maharashtra Gramin Bank
2024-12,85.89,12.33,62.47,1.79,0.18,29.43,remitter,Rajasthan Marudhara Gramin Bank
2024-12,92.56,7.22,71.83,0.22,0.09,28.58,remitter,RBL Bank Ltd.
2024-12,85.11,13.49,56.65,1.4,0.24,28.19,remitter,NSDL Payments Bank Limited
2024-12,93.6,6.03,72.6,0.37,0.11,28.07,remitter,Saraswat Co-operative Bank
2024-12,94.79,3.92,84.7,1.3,0.07,27.55,remitter,Standard Chartered Bank
2024-12,75.39,13.44,69.79,11.16,1.03,26.11,remitter,Andhra Pragathi Grameena Bank
2024-12,89.43,6.11,60.41,4.46,0.38,21.42,remitter,Sarva Haryana Gramin Bank
2025-01,91.22,7.93,97.06,0.84,15.63,4664.49,remitter,State Bank of India
2025-01,93.64,6.28,98.91,0.08,4.12,1419.33,remitter,HDFC Bank Ltd.
2025-01,91.22,8.5,97.33,0.28,3.31,1159.99,remitter,Bank of Baroda
2025-01,91.25,8.07,56.75,0.68,5.11,1086.26,remitter,Union Bank of India
2025-01,89.56,10.31,98.61,0.13,2.99,976.62,remitter,Punjab National Bank
2025-01,89.73,10.22,89.54,0.06,2.24,889.41,remitter,Kotak Mahindra Bank
2025-01,91.83,7.8,79.91,0.37,3.08,835.68,remitter,Canara Bank
2025-01,93.47,6.51,95.14,0.02,1.83,821.68,remitter,Axis Bank Ltd.
2025-01,94.98,4.96,98.36,0.06,1.36,692.71,remitter,ICICI Bank Ltd.
2025-01,92.58,7.05,72.53,0.37,2.28,556.22,remitter,Bank Of India
2025-01,85.84,13.72,93.68,0.45,2.47,553.22,remitter,Airtel Payments Bank Limited
2025-01,91.9,8.04,93.95,0.06,1.33,539.83,remitter,Indian Bank
2025-01,83.69,14.8,57.91,1.51,2.6,496.43,remitter,India Post Payments Bank Ltd.
2025-01,92.14,7.55,97.0,0.31,0.74,264.2,remitter,Indian Overseas Bank
2025-01,91.29,8.47,99.71,0.24,0.5,250.01,remitter,Federal Bank Ltd.
2025-01,85.69,13.46,75.51,0.85,1.18,246.28,remitter,Central Bank of India
2025-01,90.85,8.99,89.97,0.16,0.8,231.83,remitter,UCO Bank
2025-01,92.3,7.61,89.99,0.09,0.56,194.89,remitter,Bank of Maharashtra
2025-01,87.62,12.19,76.62,0.19,0.75,191.69,remitter,Indusind Bank Ltd.
2025-01,92.26,7.49,89.76,0.25,0.6,188.22,remitter,IDBI Bank Ltd.
2025-01,91.8,8.05,92.17,0.14,0.75,185.4,remitter,Fino Payments Bank Ltd.
2025-01,84.22,15.59,56.27,0.19,0.51,168.5,remitter,Yes Bank Ltd.
2025-01,90.2,9.67,74.39,0.14,0.4,136.62,remitter,Karnataka Bank
2025-01,90.66,9.31,95.79,0.03,0.26,104.47,remitter,IDFC Bank Ltd.
2025-01,92.02,7.64,72.72,0.34,0.26,84.1,remitter,Karur Vysya Bank
2025-01,93.48,6.31,81.26,0.21,0.39,82.35,remitter,The Jammu & Kashmir Bank Limited
2025-01,100.0,0.0,0.0,0.0,,78.71,remitter,Tri O Tech Solutions Private Limited
2025-01,92.71,5.28,89.0,2.01,0.42,78.53,remitter,Bandhan Bank limited
2025-01,86.6,12.25,60.62,1.15,0.48,69.84,remitter,AU Small Finance Bank
2025-01,94.1,5.64,86.88,0.26,0.16,67.76,remitter,The South Indian Bank Limited
2025-01,90.33,9.39,88.46,0.28,0.23,50.26,remitter,Punjab and Sind Bank
2025-01,91.73,8.11,97.37,0.16,0.1,49.76,remitter,City Union Bank
2025-01,94.68,4.95,88.78,0.38,0.17,49.3,remitter,Ujjivan Small Finance Bank Limited
2025-01,91.51,8.31,85.73,0.18,0.1,47.41,remitter,Tamilnad Mercantile Bank Limited
2025-01,91.6,7.39,68.36,1.01,0.23,41.85,remitter,Kerala Gramin Bank
2025-01,86.01,12.36,89.24,1.63,0.22,38.84,remitter,JIO Payments Bank Ltd
2025-01,90.54,6.23,32.52,3.23,0.44,35.83,remitter,Baroda U.P. Bank
2025-01,86.15,9.39,72.43,4.46,0.52,33.43,remitter,Karnataka Gramin Bank
2025-01,81.68,12.9,29.98,5.43,0.51,31.82,remitter,Rajasthan Marudhara Gramin Bank
2025-01,86.2,12.11,69.86,1.69,0.12,31.62,remitter,Maharashtra Gramin Bank
2025-01,90.38,9.51,98.66,0.1,0.09,31.07,remitter,Equitas Small Finance Bank
2025-01,92.01,7.92,96.1,0.07,0.08,30.85,remitter,DBS Bank India Limited
2025-01,95.22,4.46,96.73,0.31,0.09,30.15,remitter,ESAF Small Finance Bank Ltd
2025-01,91.9,7.73,66.25,0.37,0.1,29.51,remitter,RBL Bank Ltd.
2025-01,74.94,20.06,34.88,5.0,0.47,29.28,remitter,NSDL Payments Bank Limited
2025-01,93.24,6.42,67.53,0.34,0.1,28.32,remitter,Saraswat Co-operative Bank
2025-01,95.22,4.22,82.54,0.56,0.06,26.87,remitter,Standard Chartered Bank
2025-01,79.06,15.81,41.27,5.13,0.58,26.64,remitter,Telangana Grameena Bank
2025-01,76.03,11.9,30.56,12.07,0.98,25.58,remitter,Andhra Pragathi Grameena Bank
2025-01,94.63,4.63,69.44,0.73,0.12,21.26,remitter,Sarva Haryana Gramin Bank
2025-02,92.13,7.53,94.16,0.34,12.56,4400.89,remitter,State Bank of India
2025-02,93.74,6.2,98.71,0.06,3.56,1335.84,remitter,HDFC Bank Ltd.
2025-02,90.78,9.16,94.41,0.06,2.98,1107.47,remitter,Bank of Baroda
2025-02,91.72,8.05,89.12,0.22,2.9,1035.24,remitter,Union Bank of India
2025-02,89.74,10.12,96.09,0.14,2.77,925.01,remitter,Punjab National Bank
2025-02,89.58,10.23,2.75,0.19,2.07,838.1,remitter,Kotak Mahindra Bank
2025-02,90.86,8.7,77.52,0.44,2.65,799.21,remitter,Canara Bank
2025-02,93.21,6.78,97.96,0.02,1.61,774.8,remitter,Axis Bank Ltd.
2025-02,94.86,5.08,92.36,0.06,1.29,646.14,remitter,ICICI Bank Ltd.
2025-02,92.0,7.17,63.53,0.83,2.6,524.43,remitter,Bank Of India
2025-02,91.87,8.08,93.38,0.05,1.27,517.21,remitter,Indian Bank
2025-02,79.75,17.84,82.8,2.41,2.16,494.58,remitter,Airtel Payments Bank Limited
2025-02,84.83,14.04,85.35,1.13,1.76,488.27,remitter,India Post Payments Bank Ltd.
2025-02,91.88,7.93,97.18,0.19,0.67,257.53,remitter,Indian Overseas Bank
2025-02,85.99,13.49,92.18,0.52,0.85,234.96,remitter,Central Bank of India
2025-02,91.54,8.32,97.98,0.14,0.48,234.23,remitter,Federal Bank Ltd.
2025-02,90.4,9.22,83.8,0.38,0.79,222.51,remitter,UCO Bank
2025-02,92.04,7.47,62.29,0.5,0.71,183.07,remitter,Bank of Maharashtra
2025-02,89.88,9.89,83.43,0.22,0.82,182.03,remitter,Fino Payments Bank Ltd.
2025-02,87.51,12.12,61.52,0.37,0.81,180.68,remitter,Indusind Bank Ltd.
2025-02,92.32,7.34,87.66,0.34,0.62,177.38,remitter,IDBI Bank Ltd.
2025-02,86.99,12.77,54.37,0.23,0.48,150.13,remitter,Yes Bank Ltd.
2025-02,90.88,8.65,62.11,0.47,0.47,127.01,remitter,Karnataka Bank
2025-02,90.73,9.24,95.9,0.02,0.23,99.48,remitter,IDFC Bank Ltd.
2025-02,91.79,7.87,78.72,0.34,0.23,80.65,remitter,Karur Vysya Bank
2025-02,91.31,6.33,27.81,2.36,0.96,80.46,remitter,The Jammu & Kashmir Bank Limited
2025-02,100.0,0.0,0.0,0.0,,76.79,remitter,Tri O Tech Solutions Private Limited
2025-02,92.93,5.02,88.71,2.05,0.65,74.75,remitter,Bandhan Bank limited
2025-02,86.79,12.78,74.62,0.43,0.28,67.04,remitter,AU Small Finance Bank
2025-02,93.57,5.83,96.99,0.6,0.12,63.83,remitter,The South Indian Bank Limited
2025-02,89.73,9.68,75.45,0.59,0.25,48.34,remitter,Punjab and Sind Bank
2025-02,91.53,8.33,96.4,0.13,0.09,48.24,remitter,City Union Bank
2025-02,94.56,5.35,88.76,0.1,0.15,46.36,remitter,Ujjivan Small Finance Bank Limited
2025-02,91.37,8.13,64.88,0.5,0.14,45.82,remitter,Tamilnad Mercantile Bank Limited
2025-02,92.08,7.29,88.95,0.63,0.15,39.96,remitter,Kerala Gramin Bank
2025-02,86.44,12.94,80.0,0.62,0.21,39.6,remitter,JIO Payments Bank Ltd
2025-02,92.12,6.03,41.58,1.84,0.31,35.45,remitter,Baroda U.P. Bank
2025-02,83.85,12.35,26.67,3.81,0.6,31.21,remitter,Telangana Grameena Bank
2025-02,88.53,10.15,87.74,1.32,0.21,31.05,remitter,Karnataka Gramin Bank
2025-02,68.39,15.91,8.99,15.71,1.47,30.8,remitter,NSDL Payments Bank Limited
2025-02,80.12,14.29,18.91,5.59,0.63,30.74,remitter,Rajasthan Marudhara Gramin Bank
2025-02,86.01,11.99,53.25,2.01,0.15,30.5,remitter,Maharashtra Gramin Bank
2025-02,94.28,4.15,91.31,1.57,0.18,28.79,remitter,ESAF Small Finance Bank Ltd
2025-02,92.2,7.75,93.35,0.05,0.07,28.75,remitter,DBS Bank India Limited
2025-02,91.46,7.75,66.2,0.79,0.09,28.55,remitter,RBL Bank Ltd.
2025-02,89.74,9.72,71.53,0.54,0.1,28.49,remitter,Equitas Small Finance Bank
2025-02,93.24,6.16,55.99,0.61,0.1,26.38,remitter,Saraswat Co-operative Bank
2025-02,95.66,4.29,91.57,0.05,0.05,25.11,remitter,Standard Chartered Bank
2025-02,83.93,12.53,79.17,3.53,0.43,23.7,remitter,Andhra Pragathi Grameena Bank
2025-02,92.58,4.52,46.38,2.9,0.2,20.73,remitter,Sarva Haryana Gramin Bank
2025-03,92.01,7.09,86.3,0.9,20.26,4956.07,remitter,State Bank of India
2025-03,93.98,6.0,97.21,0.02,4.92,1513.14,remitter,HDFC Bank Ltd.
2025-03,89.47,10.5,95.32,0.03,3.86,1270.6,remitter,Bank of Baroda
2025-03,91.58,8.36,89.97,0.06,3.51,1173.28,remitter,Union Bank of India
2025-03,90.22,9.45,91.3,0.33,3.83,1043.06,remitter,Punjab National Bank
2025-03,89.78,10.19,0.94,0.02,2.42,938.6,remitter,Kotak Mahindra Bank
2025-03,91.83,8.04,87.81,0.13,2.7,901.11,remitter,Canara Bank
2025-03,93.52,6.45,84.45,0.03,2.25,883.53,remitter,Axis Bank Ltd.
2025-03,95.15,4.72,91.05,0.13,1.83,730.29,remitter,ICICI Bank Ltd.
2025-03,92.34,7.08,73.07,0.58,2.67,595.31,remitter,Bank Of India
2025-03,91.56,8.21,75.66,0.23,1.97,589.5,remitter,Indian Bank
2025-03,86.13,13.54,89.05,0.33,2.31,570.54,remitter,India Post Payments Bank Limited
2025-03,84.31,15.38,88.84,0.31,2.52,569.69,remitter,Airtel Payments Bank Limited
2025-03,91.93,7.67,91.87,0.4,1.06,292.32,remitter,Indian Overseas Bank
2025-03,86.15,13.55,94.79,0.3,0.94,266.98,remitter,Central Bank of India
2025-03,91.49,8.46,98.07,0.05,0.57,256.34,remitter,Federal Bank Ltd.
2025-03,89.86,10.05,89.31,0.09,0.96,254.76,remitter,UCO Bank
2025-03,87.62,12.18,72.33,0.21,1.2,214.85,remitter,Fino Payments Bank Ltd.
2025-03,92.52,7.31,69.23,0.17,0.81,208.61,remitter,Bank of Maharashtra
2025-03,87.95,12.02,81.22,0.03,0.74,203.78,remitter,Indusind Bank Ltd.
2025-03,92.76,7.23,95.1,0.01,0.6,200.78,remitter,IDBI Bank Ltd.
2025-03,88.24,11.65,69.33,0.11,0.46,167.37,remitter,Yes Bank Ltd.
2025-03,90.64,8.75,59.68,0.61,0.7,144.19,remitter,Karnataka Bank
2025-03,91.2,8.8,91.84,0.0,0.29,112.68,remitter,IDFC Bank Ltd.
2025-03,91.97,7.76,82.68,0.27,0.27,90.86,remitter,Karur Vysya Bank
2025-03,100.0,0.0,0.0,0.0,,89.61,remitter,Tri O Tech Solutions Private Limited
2025-03,92.45,6.41,32.27,1.14,0.99,88.86,remitter,The Jammu & Kashmir Bank Limited
2025-03,92.36,5.16,67.08,2.48,0.79,82.99,remitter,Bandhan Bank limited
2025-03,87.32,12.67,83.57,0.0,0.29,75.73,remitter,AU Small Finance Bank
2025-03,93.88,6.04,90.63,0.08,0.17,70.22,remitter,The South Indian Bank Limited
2025-03,89.85,9.52,71.58,0.63,0.35,55.66,remitter,Punjab and Sind Bank
2025-03,90.75,9.13,97.17,0.12,0.12,54.12,remitter,City Union Bank
2025-03,93.11,6.29,69.05,0.6,0.25,53.09,remitter,Ujjivan Small Finance Bank Limited
2025-03,91.34,8.14,63.01,0.52,0.19,51.92,remitter,Tamilnad Mercantile Bank Limited
2025-03,78.72,14.05,48.37,7.23,0.83,48.73,remitter,JIO Payments Bank Ltd
2025-03,91.33,7.35,62.35,1.32,0.34,43.54,remitter,Kerala Gramin Bank
2025-03,90.27,7.22,44.46,2.51,0.38,43.22,remitter,Baroda U.P. Bank
2025-03,83.67,12.91,40.45,3.42,0.45,37.03,remitter,Telangana Grameena Bank
2025-03,88.58,10.27,82.93,1.16,0.27,36,remitter,Karnataka Gramin Bank
2025-03,86.14,12.37,60.21,1.5,0.17,35.59,remitter,Maharashtra Gramin Bank
2025-03,92.49,6.98,66.84,0.53,0.12,34.99,remitter,RBL Bank Ltd.
2025-03,69.2,19.22,16.58,11.58,1.07,34.89,remitter,NSDL Payments Bank Limited
2025-03,80.78,17.51,60.34,1.71,0.32,34.54,remitter,Rajasthan Marudhara Gramin Bank
2025-03,91.95,8.04,94.35,0.01,0.09,32.09,remitter,DBS Bank India Limited
2025-03,91.5,4.25,51.6,4.26,0.36,31.85,remitter,ESAF Small Finance Bank Ltd
2025-03,90.2,9.43,89.49,0.37,0.1,31.5,remitter,Equitas Small Finance Bank
2025-03,93.49,6.01,66.23,0.5,0.1,29.58,remitter,Saraswat Co-operative Bank
2025-03,83.93,12.16,82.53,3.91,0.59,28.26,remitter,Andhra Pragathi Grameena Bank
2025-03,95.83,4.14,91.92,0.03,0.06,27.87,remitter,Standard Chartered Bank
2025-03,93.63,4.59,51.59,1.77,0.21,23.93,remitter,Sarva Haryana Gramin Bank
2025-04,91.83,7.42,93.18,0.75,14.48,4850.52,remitter,State Bank of India
2025-04,94.26,5.74,95.45,0.0,5.69,1471.2,remitter,HDFC Bank Ltd.
2025-04,89.74,10.25,93.7,0.01,3.92,1243.19,remitter,Bank of Baroda
2025-04,91.34,8.18,68.02,0.47,4.32,1139.95,remitter,Union Bank of India
2025-04,90.9,8.74,87.03,0.36,4.15,1033.6,remitter,Punjab National Bank
2025-04,90.42,9.58,1.2,0.0,2.27,917.25,remitter,Kotak Mahindra Bank
2025-04,91.88,7.97,78.87,0.14,3.12,876.59,remitter,Canara Bank
2025-04,93.69,6.3,93.94,0.01,1.93,837.82,remitter,Axis Bank Ltd.
2025-04,95.29,4.68,91.28,0.03,1.59,697.48,remitter,ICICI Bank Ltd.
2025-04,91.5,8.5,89.24,0.0,1.57,581.43,remitter,Indian Bank
2025-04,91.29,7.79,62.65,0.92,3.05,578.05,remitter,Bank Of India
2025-04,83.13,16.41,83.11,0.46,2.57,567.67,remitter,Airtel Payments Bank Limited
2025-04,86.07,13.73,82.42,0.21,2.35,554.68,remitter,India Post Payments Bank Limited
2025-04,92.05,7.73,94.06,0.22,0.88,288.12,remitter,Indian Overseas Bank
2025-04,85.82,13.54,82.21,0.64,1.04,260.39,remitter,Central Bank of India
2025-04,89.27,10.4,83.06,0.33,1,252.89,remitter,UCO Bank
2025-04,91.5,8.49,95.94,0.0,0.54,245.91,remitter,Federal Bank Ltd.
2025-04,86.54,13.35,74.62,0.1,1.03,209.14,remitter,Fino Payments Bank Ltd.
2025-04,92.15,7.8,84.29,0.05,0.64,205.33,remitter,Bank of Maharashtra
2025-04,88.17,11.74,81.98,0.1,0.73,199.26,remitter,Indusind Bank Ltd.
2025-04,92.72,7.12,84.92,0.15,0.71,195.97,remitter,IDBI Bank Ltd.
2025-04,89.21,10.76,83.34,0.03,0.35,168.8,remitter,Yes Bank Ltd.
2025-04,89.51,9.22,40.28,1.27,1,137.3,remitter,Karnataka Bank
2025-04,91.64,8.35,86.21,0.01,0.3,111.75,remitter,IDFC Bank Ltd.
2025-04,100.0,0.0,0.0,0.0,,99.59,remitter,Tri O Tech Solutions Private Limited
2025-04,92.37,6.58,26.83,1.05,0.94,94.27,remitter,The Jammu & Kashmir Bank Limited
2025-04,92.36,7.44,75.96,0.2,0.31,87.89,remitter,Karur Vysya Bank
2025-04,93.75,5.62,85.31,0.64,0.42,82.44,remitter,Bandhan Bank limited
2025-04,87.39,12.34,71.56,0.27,0.34,73.95,remitter,AU Small Finance Bank
2025-04,94.08,5.91,79.98,0.01,0.27,66.92,remitter,The South Indian Bank Limited
2025-04,90.17,9.36,80.9,0.47,0.29,54.5,remitter,Punjab and Sind Bank
2025-04,90.55,9.18,91.66,0.27,0.13,52.19,remitter,City Union Bank
2025-04,91.96,7.09,52.76,0.94,0.32,51.6,remitter,Ujjivan Small Finance Bank Limited
2025-04,91.59,8.27,56.26,0.14,0.23,50.57,remitter,Tamilnad Mercantile Bank Limited
2025-04,79.3,20.13,79.43,0.58,0.36,49.43,remitter,JIO Payments Bank Ltd
2025-04,91.8,6.8,45.96,1.4,0.37,43.04,remitter,Baroda U.P. Bank
2025-04,91.12,7.68,70.1,1.2,0.28,41.93,remitter,Kerala Gramin Bank
2025-04,92.76,6.8,75.67,0.45,0.14,36.09,remitter,RBL Bank Ltd.
2025-04,85.88,12.91,64.78,1.21,0.32,36.07,remitter,Telangana Grameena Bank
2025-04,84.44,12.84,56.69,2.73,0.26,35.66,remitter,Maharashtra Gramin Bank
2025-04,86.08,11.12,63.66,2.8,0.51,34.52,remitter,Karnataka Gramin Bank
2025-04,82.68,17.01,81.33,0.31,0.19,33.47,remitter,Rajasthan Marudhara Gramin Bank
2025-04,78.01,20.66,68.58,1.32,0.24,33.14,remitter,NSDL Payments Bank Limited
2025-04,91.81,8.18,88.92,0.01,0.09,31.44,remitter,DBS Bank India Limited
2025-04,94.78,5.17,89.71,0.05,0.11,30.46,remitter,ESAF Small Finance Bank Ltd
2025-04,90.12,9.44,82.35,0.44,0.1,30.39,remitter,Equitas Small Finance Bank
2025-04,94.13,5.86,89.93,0.0,0.07,28.81,remitter,Saraswat Co-operative Bank
2025-04,82.07,12.71,50.54,5.22,0.64,28.12,remitter,Andhra Pragathi Grameena Bank
2025-04,94.52,4.5,53.0,0.97,0.1,27.01,remitter,Standard Chartered Bank
2025-04,93.23,5.04,65.23,1.73,0.24,23.95,remitter,Sarva Haryana Gramin Bank
2025-05,93.87,5.88,95.08,0.25,12.1,4972.91,remitter,State Bank of India
2025-05,95.02,4.86,99.93,0.12,2.28,1512.37,remitter,HDFC Bank Ltd.
2025-05,91.27,8.64,98.59,0.09,2.65,1262.84,remitter,Bank of Baroda
2025-05,93.2,6.72,94.06,0.09,2.44,1168.19,remitter,Union Bank of India
2025-05,92.6,7.2,96.74,0.2,2.57,1068.01,remitter,Punjab National Bank
2025-05,92.4,7.51,61.98,0.09,1.84,927.5,remitter,Kotak Mahindra Bank
2025-05,93.09,6.84,89.9,0.07,1.87,903.21,remitter,Canara Bank
2025-05,94.85,5.15,99.76,0.0,1.38,852.6,remitter,Axis Bank Ltd.
2025-05,96.15,3.84,98.36,0.01,1.01,713.35,remitter,ICICI Bank Ltd.
2025-05,92.95,6.74,90.4,0.31,1.21,593.72,remitter,Indian Bank
2025-05,92.56,6.44,53.96,0.99,2.86,587.21,remitter,Bank Of India
2025-05,89.08,10.71,92.44,0.21,1.72,576.1,remitter,India Post Payments Bank Limited
2025-05,86.66,12.92,91.48,0.42,2.11,573.79,remitter,Airtel Payments Bank Limited
2025-05,92.95,6.75,96.66,0.3,0.66,298.9,remitter,Indian Overseas Bank
2025-05,88.88,10.6,92.13,0.52,0.85,265.24,remitter,Central Bank of India
2025-05,91.65,8.2,89.51,0.15,0.66,259.36,remitter,UCO Bank
2025-05,93.02,6.87,98.36,0.11,0.4,251.18,remitter,Federal Bank Ltd.
2025-05,88.43,11.33,72.7,0.23,0.81,213.85,remitter,Fino Payments Bank Ltd.
2025-05,93.47,6.36,74.16,0.18,0.58,204.66,remitter,Bank of Maharashtra
2025-05,90.35,9.48,74.39,0.16,0.61,203.19,remitter,Indusind Bank Ltd.
2025-05,93.43,6.1,85.19,0.47,0.72,199.11,remitter,IDBI Bank Ltd.
2025-05,92.04,7.87,78.73,0.09,0.26,175.35,remitter,Yes Bank Ltd.
2025-05,92.33,7.45,81.09,0.21,0.34,140.77,remitter,Karnataka Bank
2025-05,93.44,6.51,90.55,0.05,0.22,113.06,remitter,IDFC Bank Ltd.
2025-05,100.0,0.0,0.0,0.0,,110.06,remitter,Tri O Tech Solutions Private Limited
2025-05,92.37,6.45,38.44,1.18,0.7,96.68,remitter,The Jammu & Kashmir Bank Limited
2025-05,93.23,6.62,88.09,0.14,0.19,90.61,remitter,Karur Vysya Bank
2025-05,94.47,5.29,92.82,0.24,0.28,86.69,remitter,Bandhan Bank limited
2025-05,90.28,9.43,89.87,0.29,0.2,73.85,remitter,AU Small Finance Bank
2025-05,94.78,5.11,98.07,0.11,0.1,69.84,remitter,The South Indian Bank Limited
2025-05,91.83,7.64,79.08,0.53,0.28,56.71,remitter,Punjab and Sind Bank
2025-05,92.11,7.72,99.07,0.17,0.09,53.56,remitter,City Union Bank
2025-05,93.19,6.62,91.42,0.19,0.13,52.91,remitter,Ujjivan Small Finance Bank Limited
2025-05,92.78,7.05,92.46,0.17,0.09,52.51,remitter,Tamilnad Mercantile Bank Limited
2025-05,83.89,15.36,86.75,0.74,0.31,52.13,remitter,JIO Payments Bank Ltd
2025-05,91.48,6.48,35.16,2.04,0.39,45.69,remitter,Baroda U.P. Bank
2025-05,91.81,7.17,68.37,1.02,0.32,44.18,remitter,Kerala Gramin Bank
2025-05,88.89,10.41,72.72,0.7,0.23,37.79,remitter,Telangana Grameena Bank
2025-05,93.76,5.57,61.82,0.67,0.1,35.46,remitter,RBL Bank Ltd.
2025-05,86.13,12.35,62.95,1.52,0.18,35.09,remitter,Maharashtra Gramin Bank
2025-05,84.06,15.48,77.48,0.45,0.17,35.02,remitter,NSDL Payments Bank Limited
2025-05,89.38,9.26,52.34,1.36,0.32,34.59,remitter,Karnataka Gramin Bank
2025-05,86.88,12.5,33.49,0.62,0.18,32.88,remitter,Rajasthan Marudhara Gramin Bank
2025-05,95.76,4.06,92.8,0.19,0.07,32.02,remitter,ESAF Small Finance Bank Ltd
2025-05,93.36,6.53,94.01,0.12,0.06,31.69,remitter,DBS Bank India Limited
2025-05,91.32,8.47,98.98,0.21,0.07,30.47,remitter,Equitas Small Finance Bank
2025-05,95.09,4.88,99.03,0.04,0.05,28.72,remitter,Saraswat Co-operative Bank
2025-05,84.84,12.31,38.41,2.85,0.18,28.62,remitter,Andhra Pragathi Grameena Bank
2025-05,95.89,3.67,43.42,0.43,0.08,28.24,remitter,Standard Chartered Bank
2025-05,90.17,6.96,43.62,2.87,0.28,26.07,remitter,Sarva Haryana Gramin Bank
2025-06,93.64,5.82,98.27,0.54,12.9,4917.29,remitter,State Bank of India
2025-06,95.3,4.62,99.45,0.08,1.8,1472.04,remitter,HDFC Bank Ltd.
2025-06,91.09,8.88,98.54,0.03,3.01,1239.11,remitter,Bank of Baroda
2025-06,92.95,6.94,88.94,0.11,2.71,1144.76,remitter,Union Bank of India
2025-06,92.38,7.59,99.01,0.02,2.67,1053,remitter,Punjab National Bank
2025-06,92.48,7.49,97.08,0.04,1.92,906.5,remitter,Kotak Mahindra Bank
2025-06,92.85,6.83,67.38,0.32,2.61,889.37,remitter,Canara Bank
2025-06,94.52,5.12,69.54,0.36,2.15,834.65,remitter,Axis Bank Ltd.
2025-06,96.24,3.74,96.02,0.03,1.15,696.88,remitter,ICICI Bank Ltd.
2025-06,93.23,6.69,97.62,0.08,1.15,586.64,remitter,Indian Bank
2025-06,88.95,10.65,84.83,0.41,2.15,580.38,remitter,India Post Payments Bank Limited
2025-06,92.87,5.83,45.85,1.3,3.53,570.58,remitter,Bank Of India
2025-06,87.08,12.52,94.49,0.4,2.02,569.33,remitter,Airtel Payments Bank Limited
2025-06,92.76,6.78,97.39,0.45,0.72,298.47,remitter,Indian Overseas Bank
2025-06,91.64,7.94,87.0,0.42,0.97,265.57,remitter,Central Bank of India
2025-06,91.81,7.78,84.51,0.41,0.95,254.42,remitter,UCO Bank
2025-06,93.38,6.6,95.94,0.02,0.42,242.1,remitter,Federal Bank Ltd.
2025-06,87.38,11.74,77.08,0.88,0.9,209.27,remitter,Fino Payments Bank Ltd.
2025-06,93.59,6.38,96.05,0.03,0.46,200.61,remitter,Bank of Maharashtra
2025-06,89.94,9.41,51.63,0.64,0.93,196.57,remitter,Indusind Bank Ltd.
2025-06,93.65,6.08,84.41,0.27,0.53,193.91,remitter,IDBI Bank Ltd.
2025-06,92.55,7.37,85.72,0.08,0.25,180.35,remitter,Yes Bank Ltd.
2025-06,92.41,7.34,77.32,0.25,0.35,138.5,remitter,Karnataka Bank
2025-06,100.0,0.0,0.0,0.0,,112.44,remitter,Tri O Tech Solutions Private Limited
2025-06,93.54,6.32,83.8,0.14,0.25,112.34,remitter,IDFC Bank Ltd.
2025-06,93.34,5.92,41.11,0.73,0.64,97.27,remitter,The Jammu & Kashmir Bank Limited
2025-06,93.12,6.59,92.26,0.29,0.18,89.99,remitter,Karur Vysya Bank
2025-06,94.23,5.28,93.99,0.49,0.29,84.89,remitter,Bandhan Bank limited
2025-06,90.35,9.61,92.05,0.04,0.21,72.91,remitter,AU Small Finance Bank
2025-06,94.67,5.13,98.73,0.19,0.1,68.49,remitter,The South Indian Bank Limited
2025-06,91.18,7.76,71.82,1.06,0.35,55.07,remitter,Punjab and Sind Bank
2025-06,92.2,7.59,99.33,0.2,0.08,52.89,remitter,City Union Bank
2025-06,91.45,8.25,87.38,0.3,0.14,52.39,remitter,Ujjivan Small Finance Bank Limited
2025-06,93.04,6.81,72.68,0.15,0.08,52.32,remitter,Tamilnad Mercantile Bank Limited
2025-06,85.91,13.08,92.66,1.01,0.38,52.13,remitter,JIO Payments Bank Ltd
2025-06,93.21,5.56,53.69,1.23,0.28,44.19,remitter,Baroda U.P. Bank
2025-06,91.63,6.78,73.04,1.58,0.34,43.3,remitter,Kerala Gramin Bank
2025-06,87.07,10.14,65.85,2.79,0.28,41.11,remitter,Telangana Grameena Bank
2025-06,85.05,14.21,77.12,0.74,0.22,38.69,remitter,NSDL Payments Bank Limited
2025-06,88.11,9.33,64.6,2.56,0.29,34.24,remitter,Karnataka Gramin Bank
2025-06,86.29,12.86,57.19,0.85,0.14,34.01,remitter,Maharashtra Gramin Bank
2025-06,86.73,11.81,73.69,1.47,0.17,33.3,remitter,Rajasthan Marudhara Gramin Bank
2025-06,93.89,5.88,61.68,0.23,0.07,32.16,remitter,RBL Bank Ltd.
2025-06,95.88,4.02,94.0,0.1,0.07,31.54,remitter,ESAF Small Finance Bank Ltd
2025-06,93.29,6.52,87.06,0.19,0.07,30.55,remitter,DBS Bank India Limited
2025-06,83.04,12.7,63.9,4.26,0.23,29.66,remitter,Andhra Pragathi Grameena Bank
2025-06,91.34,8.66,99.13,0.0,0.07,28.87,remitter,Equitas Small Finance Bank
2025-06,94.61,5.3,89.18,0.08,0.06,28.21,remitter,Saraswat Co-operative Bank
2025-06,94.6,4.55,64.95,0.84,0.14,24.99,remitter,Sarva Haryana Gramin Bank
2025-06,95.78,3.88,74.66,0.33,0.05,24.78,remitter,Standard Chartered Bank
2025-07,93.22,6.17,63.71,0.61,17.16,5214.74,remitter,State Bank of India
2025-07,95.16,4.76,99.92,0.08,0.44,1543.98,remitter,HDFC Bank Ltd.
2025-07,90.7,9.08,97.68,0.22,3.73,1328.01,remitter,Bank of Baroda
2025-07,92.81,6.98,85.93,0.2,3.44,1200.25,remitter,Union Bank of India
2025-07,91.41,8.39,98.66,0.19,3.55,1106.8,remitter,Punjab National Bank
2025-07,92.29,7.69,97.86,0.02,2.18,960.38,remitter,Kotak Mahindra Bank
2025-07,92.65,7.11,82.15,0.24,2.84,942.67,remitter,Canara Bank
2025-07,94.64,5.33,97.82,0.04,1.8,875.5,remitter,Axis Bank Ltd.
2025-07,96.08,3.89,97.72,0.02,1.33,735.99,remitter,ICICI Bank Ltd.
2025-07,88.72,11.16,99.38,0.12,2.33,637.61,remitter,India Post Payments Bank Limited
2025-07,92.54,7.21,87.13,0.25,1.67,631.57,remitter,Indian Bank
2025-07,85.84,14.06,98.21,0.11,2.35,615.75,remitter,Airtel Payments Bank Limited
2025-07,91.22,6.34,54.97,2.44,3.87,606.19,remitter,Bank Of India
2025-07,91.31,7.92,58.1,0.76,1.96,322.83,remitter,Indian Overseas Bank
2025-07,91.16,8.03,78.47,0.81,1.41,292.2,remitter,Central Bank of India
2025-07,91.41,8.42,88.54,0.18,0.91,273.67,remitter,UCO Bank
2025-07,93.18,6.71,97.09,0.11,0.55,257.37,remitter,Federal Bank Ltd.
2025-07,86.83,12.53,90.45,0.64,0.93,223,remitter,Fino Payments Bank Ltd.
2025-07,93.27,6.6,92.76,0.13,0.56,213.67,remitter,Bank of Maharashtra
2025-07,89.96,9.93,80.64,0.1,0.72,211.2,remitter,Indusind Bank Ltd.
2025-07,93.45,6.33,88.0,0.22,0.67,204.29,remitter,IDBI Bank Ltd.
2025-07,92.22,7.68,86.92,0.11,0.29,203.24,remitter,Yes Bank Ltd.
2025-07,92.18,7.41,75.69,0.41,0.4,140.62,remitter,Karnataka Bank
2025-07,100.0,0.0,0.0,0.0,,124.55,remitter,Tri O Tech Solutions Private Limited
2025-07,93.26,6.55,83.18,0.18,0.32,118.94,remitter,IDFC Bank Ltd.
2025-07,88.64,5.56,11.94,5.79,2.28,106.4,remitter,The Jammu & Kashmir Bank Limited
2025-07,92.55,6.64,65.16,0.81,0.39,95.01,remitter,Karur Vysya Bank
2025-07,93.92,5.41,82.42,0.67,0.39,90.18,remitter,Bandhan Bank limited
2025-07,89.21,10.11,70.5,0.68,0.34,77.71,remitter,AU Small Finance Bank
2025-07,94.68,5.08,99.26,0.24,0.15,72.87,remitter,The South Indian Bank Limited
2025-07,86.07,12.54,84.05,1.39,0.53,58.03,remitter,JIO Payments Bank Ltd
2025-07,90.96,8.17,76.2,0.87,0.33,57.19,remitter,Punjab and Sind Bank
2025-07,92.3,7.56,99.87,0.14,0.13,56.65,remitter,City Union Bank
2025-07,91.44,7.29,67.84,1.27,0.24,55.91,remitter,Tamilnad Mercantile Bank Limited
2025-07,89.92,8.92,80.13,1.16,0.19,54.99,remitter,Ujjivan Small Finance Bank Limited
2025-07,92.71,5.61,56.53,1.68,0.32,48.24,remitter,Baroda U.P. Bank
2025-07,91.33,7.04,85.31,1.64,0.42,46.93,remitter,Kerala Gramin Bank
2025-07,84.88,14.23,74.6,0.89,0.3,45.7,remitter,NSDL Payments Bank Limited
2025-07,88.11,10.35,56.78,1.54,0.38,40.36,remitter,Telangana Grameena Bank
2025-07,84.63,13.82,62.99,1.56,0.2,37.37,remitter,Maharashtra Gramin Bank
2025-07,85.28,12.34,40.95,2.38,0.32,36.15,remitter,Rajasthan Marudhara Gramin Bank
2025-07,89.09,10.03,91.19,0.88,0.19,34.96,remitter,Karnataka Gramin Bank
2025-07,95.7,4.26,97.84,0.04,0.09,33.38,remitter,ESAF Small Finance Bank Ltd
2025-07,82.27,13.96,32.42,3.78,0.28,31.91,remitter,Andhra Pragathi Grameena Bank
2025-07,93.09,6.76,95.78,0.15,0.08,31.81,remitter,DBS Bank India Limited
2025-07,92.43,7.09,79.93,0.48,0.1,31.22,remitter,RBL Bank Ltd.
2025-07,91.14,8.86,99.28,0.01,0.08,30.07,remitter,Equitas Small Finance Bank
2025-07,94.75,5.11,96.44,0.15,0.06,29.63,remitter,Saraswat Co-operative Bank
2025-07,94.29,4.7,57.32,1.01,0.18,26.28,remitter,Sarva Haryana Gramin Bank
2025-07,95.49,4.22,69.11,0.3,0.06,23.69,remitter,Standard Chartered Bank
2025-08,93.66,5.92,97.89,0.42,14.51,5368.74,remitter,State Bank of India
2025-08,95.37,4.63,98.73,0.01,3.51,1581.09,remitter,HDFC Bank Ltd.
2025-08,91.44,8.5,99.03,0.05,3.73,1369.53,remitter,Bank of Baroda
2025-08,92.23,7.02,61.93,0.75,4.64,1233.2,remitter,Union Bank of India
2025-08,91.2,8.61,97.66,0.19,3.52,1131.31,remitter,Punjab National Bank
2025-08,92.39,7.47,90.51,0.13,2.46,978.17,remitter,Kotak Mahindra Bank
2025-08,92.73,6.92,89.02,0.36,2.54,970.63,remitter,Canara Bank
2025-08,94.96,5.03,99.76,0.02,1.77,902.87,remitter,Axis Bank Ltd.
2025-08,95.66,3.82,84.15,0.52,2.11,752.78,remitter,ICICI Bank Ltd.
2025-08,87.92,11.15,74.86,0.93,3.26,674.59,remitter,India Post Payments Bank Limited
2025-08,93.05,6.81,1.9,0.14,1.35,653.87,remitter,Indian Bank
2025-08,85.83,14.05,99.17,0.12,2.61,637.23,remitter,Airtel Payments Bank Limited
2025-08,88.96,6.72,57.77,4.32,5.14,605.1,remitter,Bank Of India
2025-08,92.9,6.47,46.6,0.64,1.24,330.15,remitter,Indian Overseas Bank
2025-08,91.12,7.81,80.86,1.08,1.65,307.77,remitter,Central Bank of India
2025-08,91.7,7.93,85.11,0.37,0.94,283.93,remitter,UCO Bank
2025-08,93.11,6.3,84.27,0.59,0.77,266.43,remitter,Federal Bank Ltd.
2025-08,86.17,12.42,85.22,1.42,1.08,237.47,remitter,Fino Payments Bank Ltd.
2025-08,93.57,6.37,92.61,0.06,0.55,218.97,remitter,Bank of Maharashtra
2025-08,90.15,9.59,72.79,0.26,0.81,216.95,remitter,Indusind Bank Ltd.
2025-08,92.78,6.38,83.82,0.83,0.67,206.69,remitter,IDBI Bank Ltd.
2025-08,91.49,8.37,84.27,0.15,0.3,177.66,remitter,Yes Bank Ltd.
2025-08,92.82,7.11,88.41,0.07,0.31,142.0,remitter,Karnataka Bank
2025-08,100.0,0.0,0.0,0.0,,134.92,remitter,Tri O Tech Solutions Private Limited
2025-08,93.64,6.28,89.06,0.08,0.28,120.47,remitter,IDFC Bank Ltd.
2025-08,93.01,5.82,36.82,1.17,0.68,99.01,remitter,The Jammu & Kashmir Bank Limited
2025-08,92.9,6.51,83.08,0.59,0.25,95.13,remitter,Karur Vysya Bank
2025-08,94.48,5.37,97.93,0.15,0.31,92.44,remitter,Bandhan Bank limited
2025-08,88.14,9.53,52.38,2.33,0.67,79.26,remitter,AU Small Finance Bank
2025-08,95.03,4.73,98.14,0.24,0.13,76.06,remitter,The South Indian Bank Limited
2025-08,84.15,12.3,87.22,3.55,0.54,61.01,remitter,JIO Payments Bank Ltd
2025-08,90.64,8.5,83.01,0.86,0.31,59.04,remitter,Punjab and Sind Bank
2025-08,92.59,7.3,99.53,0.11,0.1,57.26,remitter,City Union Bank
2025-08,92.16,6.56,54.34,1.28,0.2,55.86,remitter,Tamilnad Mercantile Bank Limited
2025-08,90.46,8.26,71.19,1.28,0.21,54.77,remitter,Ujjivan Small Finance Bank Limited
2025-08,87.67,4.69,44.49,7.63,0.92,53.78,remitter,Baroda U.P. Bank
2025-08,85.08,13.62,71.78,1.3,0.39,51.33,remitter,NSDL Payments Bank Limited
2025-08,90.77,6.54,70.32,2.69,0.51,50.92,remitter,Kerala Gramin Bank
2025-08,88.02,9.51,44.22,2.47,0.35,40.42,remitter,Telangana Grameena Bank
2025-08,83.77,13.79,52.46,2.44,0.23,38.08,remitter,Maharashtra Gramin Bank
2025-08,95.92,4.01,98.84,0.08,0.08,34.96,remitter,ESAF Small Finance Bank Ltd
2025-08,88.91,9.83,67.83,1.26,0.23,34.89,remitter,Karnataka Gramin Bank
2025-08,85.57,11.74,31.73,2.69,0.4,32.73,remitter,Rajasthan Marudhara Gramin Bank
2025-08,92.71,6.73,76.46,0.56,0.09,32.15,remitter,RBL Bank Ltd.
2025-08,83.11,13.12,60.28,3.77,0.24,32.07,remitter,Andhra Pragathi Grameena Bank
2025-08,92.08,6.44,60.18,1.48,0.11,31.37,remitter,DBS Bank India Limited
2025-08,94.06,4.57,71.34,1.37,0.09,30.02,remitter,Saraswat Co-operative Bank
2025-08,91.02,8.64,68.99,0.33,0.1,29.43,remitter,Equitas Small Finance Bank
2025-08,95.02,4.91,99.83,0.08,0.07,28.41,remitter,Axis Bank Credit Card
2025-08,92.03,4.46,42.86,3.51,0.24,26.5,remitter,Sarva Haryana Gramin Bank
2025-09,93.04,6.32,91.38,0.64,17.37,5275.12,remitter,State Bank of India
2025-09,95.06,4.94,97.83,0.01,3.51,1536.13,remitter,HDFC Bank Ltd.
2025-09,91.15,8.73,97.01,0.13,4.21,1356.34,remitter,Bank of Baroda
2025-09,92.8,7.15,92.32,0.05,3.43,1215.12,remitter,Union Bank of India
2025-09,89.93,9.93,96.6,0.14,3.6,1118.17,remitter,Punjab National Bank
2025-09,92.3,7.6,94.28,0.1,2.5,965.85,remitter,Kotak Mahindra Bank
2025-09,92.52,7.19,86.72,0.28,2.71,962.6,remitter,Canara Bank
2025-09,94.95,5.04,96.25,0.01,1.96,902.48,remitter,Axis Bank Ltd.
2025-09,95.92,4.07,97.44,0.01,1.36,730.11,remitter,ICICI Bank Ltd.
2025-09,85.38,13.18,59.76,1.44,4.61,657.46,remitter,India Post Payments Bank Limited
2025-09,92.65,7.16,1.77,0.2,1.77,647.09,remitter,Indian Bank
2025-09,84.66,15.11,96.95,0.23,3.3,626.6,remitter,Airtel Payments Bank Limited
2025-09,93.55,6.26,89.43,0.19,2.34,603.94,remitter,Bank Of India
2025-09,93.42,6.32,74.44,0.26,1.24,329.04,remitter,Indian Overseas Bank
2025-09,91.34,7.99,91.49,0.66,1.41,311.91,remitter,Central Bank of India
2025-09,90.75,8.47,66.23,0.79,1.56,281.68,remitter,UCO Bank
2025-09,93.47,6.48,97.05,0.05,0.58,259.32,remitter,Federal Bank Ltd.
2025-09,85.06,13.61,86.03,1.32,1.07,231.13,remitter,Fino Payments Bank Ltd.
2025-09,89.6,10.1,73.64,0.3,0.91,213.9,remitter,Indusind Bank Ltd.
2025-09,93.2,6.49,72.18,0.3,0.76,213.37,remitter,Bank of Maharashtra
2025-09,93.14,6.35,76.64,0.51,0.69,201.57,remitter,IDBI Bank Ltd.
2025-09,90.69,9.17,82.27,0.14,0.33,163.15,remitter,Yes Bank Ltd.
2025-09,92.61,7.22,86.07,0.16,0.42,141.24,remitter,Karnataka Bank
2025-09,100.0,0.0,0.0,0.0,,139.13,remitter,Tri O Tech Solutions Private Limited
2025-09,93.3,6.67,93.12,0.03,0.29,114.4,remitter,IDFC Bank Ltd.
2025-09,93.33,6.2,60.3,0.47,0.43,94.62,remitter,The Jammu & Kashmir Bank Limited
2025-09,92.73,6.88,89.51,0.4,0.28,92.71,remitter,Karur Vysya Bank
2025-09,94.77,4.91,90.53,0.32,0.4,91.72,remitter,BANDHAN BANK LIMITED
2025-09,89.48,9.86,75.21,0.66,0.35,77.16,remitter,AU Small Finance Bank
2025-09,95.82,4.15,98.27,0.03,0.15,63.77,remitter,HDFC Bank Credit Card HCB
2025-09,94.74,4.96,98.2,0.3,0.14,73.96,remitter,The South Indian Bank Limited
2025-09,86.3,13.0,95.72,0.7,0.41,63.71,remitter,JIO Payments Bank Ltd
2025-09,90.1,8.39,62.6,1.51,0.43,59.04,remitter,Punjab and Sind Bank
2025-09,92.58,7.27,96.36,0.15,0.13,56.06,remitter,City Union Bank
2025-09,92.93,6.8,89.39,0.28,0.15,55.19,remitter,Tamilnad Mercantile Bank Limited
2025-09,85.15,4.64,43.42,10.22,1.45,54.02,remitter,Baroda U.P. Bank
2025-09,91.01,8.54,85.0,0.45,0.2,53.83,remitter,Ujjivan Small Finance Bank Limited
2025-09,83.8,14.81,71.15,1.4,0.43,50.72,remitter,NSDL Payments Bank Limited
2025-09,87.81,6.32,66.18,5.88,0.88,49.94,remitter,Kerala Gramin Bank
2025-09,95.53,4.3,97.1,0.18,0.14,44.04,remitter,SBI Cards and Payment Services Limited
2025-09,86.27,11.97,43.83,1.76,0.42,42.78,remitter,Rajasthan Marudhara Gramin Bank
2025-09,88.26,9.3,39.15,2.44,0.37,39.87,remitter,Telangana Grameena Bank
2025-09,95.8,4.06,88.78,0.14,0.11,34.03,remitter,ESAF Small Finance Bank Ltd
2025-09,95.93,4.02,97.11,0.05,0.07,32.88,remitter,ICICI Bank Credit Card
2025-09,83.27,13.51,63.33,3.22,0.15,31.46,remitter,Andhra Pragathi Grameena Bank
2025-09,83.04,11.11,37.6,5.85,0.6,31.17,remitter,Karnataka Gramin Bank
2025-09,83.19,13.69,50.4,3.12,0.23,30.47,remitter,Maharashtra Gramin Bank
2025-09,93.33,6.61,94.32,0.07,0.08,30.33,remitter,DBS Bank India Limited
2025-09,92.7,6.77,52.6,0.53,0.1,29.74,remitter,RBL Bank Ltd.
2025-09,94.81,4.68,77.34,0.51,0.09,29.27,remitter,Saraswat Co-operative Bank
2025-10,92.89,6.56,93.05,0.55,16.13,5531.27,remitter,State Bank of India
2025-10,95.09,4.89,98.04,0.02,3.91,1638.91,remitter,HDFC Bank Ltd.
2025-10,91.21,8.75,99.1,0.04,4.34,1438.02,remitter,Bank of Baroda
2025-10,92.53,7.43,93.12,0.04,3.56,1282.39,remitter,Union Bank of India
2025-10,90.06,9.73,88.88,0.21,4.31,1156.34,remitter,Punjab National Bank
2025-10,92.04,7.93,97.62,0.03,2.55,1031.11,remitter,Kotak Mahindra Bank
2025-10,92.52,7.42,95.72,0.06,2.56,1014.04,remitter,Canara Bank
2025-10,94.92,5.08,98.81,0.0,2.0,954.46,remitter,Axis Bank Ltd.
2025-10,95.94,4.05,99.6,0.01,1.39,769.72,remitter,ICICI Bank Ltd.
2025-10,85.72,13.54,81.92,0.74,3.8,712.41,remitter,India Post Payments Bank Limited
2025-10,92.42,7.47,95.19,0.11,1.8,687.32,remitter,Indian Bank
2025-10,83.17,16.77,99.32,0.06,2.95,671.92,remitter,Airtel Payments Bank Limited
2025-10,93.23,6.46,89.57,0.31,2.64,642.99,remitter,Bank Of India
2025-10,93.12,6.82,97.18,0.07,1.02,350.56,remitter,Indian Overseas Bank
2025-10,90.91,8.58,88.89,0.51,1.5,333.63,remitter,Central Bank of India
2025-10,90.21,9.46,91.39,0.33,1.15,296.04,remitter,UCO Bank
2025-10,93.13,6.84,99.49,0.04,0.54,273.16,remitter,Federal Bank Ltd.
2025-10,83.26,14.88,88.62,1.86,1.09,248.52,remitter,Fino Payments Bank Ltd.
2025-10,93.5,6.37,86.53,0.13,0.65,230.93,remitter,Bank of Maharashtra
2025-10,88.93,10.76,69.45,0.31,0.97,225.19,remitter,Indusind Bank Ltd.
2025-10,93.7,5.93,76.49,0.37,0.63,210.68,remitter,IDBI Bank Ltd.
2025-10,91.86,8.05,85.78,0.09,0.33,189.91,remitter,Yes Bank Ltd.
2025-10,92.27,7.53,93.86,0.2,0.57,147.34,remitter,Karnataka Bank
2025-10,100.0,0.0,0.0,0.0,,145.04,remitter,Tri O Tech Solutions Private Limited
2025-10,92.94,6.95,91.77,0.12,0.31,121.18,remitter,IDFC Bank Ltd.
2025-10,92.63,6.05,47.98,1.32,0.73,103.76,remitter,The Jammu & Kashmir Bank Limited
2025-10,92.21,7.4,78.5,0.38,0.27,95.19,remitter,Karur Vysya Bank
2025-10,94.98,4.68,98.35,0.34,0.37,94.16,remitter,BANDHAN BANK LIMITED
2025-10,87.77,10.42,42.32,1.81,0.63,82.21,remitter,AU Small Finance Bank
2025-10,94.75,5.19,97.24,0.06,0.14,76.87,remitter,The South Indian Bank Limited
2025-10,85.77,13.86,94.36,0.37,0.55,71.17,remitter,JIO Payments Bank Ltd
2025-10,86.2,8.82,42.63,4.98,0.77,61.44,remitter,Punjab and Sind Bank
2025-10,89.55,5.84,46.5,4.61,0.89,61.35,remitter,Uttar Pradesh Gramin Bank
2025-10,82.56,17.11,90.05,0.33,0.37,58.08,remitter,NSDL Payments Bank Limited
2025-10,92.33,7.51,99.47,0.16,0.13,57.97,remitter,City Union Bank
2025-10,92.63,6.98,84.16,0.39,0.15,57.59,remitter,Tamilnad Mercantile Bank Limited
2025-10,90.2,9.18,77.59,0.62,0.22,56.36,remitter,Ujjivan Small Finance Bank Limited
2025-10,91.01,6.91,71.49,2.08,0.35,51.97,remitter,Kerala Gramin Bank
2025-10,86.98,12.21,57.06,0.81,0.4,47.67,remitter,Rajasthan Gramin Bank
2025-10,83.94,12.24,56.17,3.82,0.71,44.83,remitter,Karnataka Gramin Bank
2025-10,87.93,10.0,33.13,2.07,0.4,42.49,remitter,Telangana Grameena Bank
2025-10,85.22,13.29,45.64,1.49,0.21,37.14,remitter,Maharashtra Gramin Bank
2025-10,95.61,4.16,96.51,0.23,0.1,35.02,remitter,ESAF Small Finance Bank Ltd
2025-10,95.78,3.89,81.2,0.33,0.16,34.08,remitter,Slice Small Finance Bank Limited
2025-10,94.7,4.7,72.24,0.59,0.1,32.19,remitter,Saraswat Co-operative Bank
2025-10,92.84,7.15,96.29,0.01,0.07,31.38,remitter,DBS Bank India Limited
2025-10,91.84,8.06,87.04,0.1,0.06,29.59,remitter,RBL Bank Ltd.
2025-10,91.05,8.67,84.1,0.28,0.09,29.1,remitter,Equitas Small Finance Bank
2025-10,92.99,6.01,68.88,1.0,0.17,27.74,remitter,Sarva Haryana Gramin Bank
2025-10,96.32,3.62,90.06,0.06,0.04,23.0,remitter,Standard Chartered Bank
2025-11,92.79,6.92,97.75,0.29,18.57,5514.06,remitter,State Bank of India
2025-11,94.88,5.1,93.8,0.02,3.67,1587.84,remitter,HDFC Bank Ltd.
2025-11,90.48,9.41,96.82,0.11,5.06,1420.1,remitter,Bank of Baroda
2025-11,91.99,7.88,91.57,0.14,3.87,1274.78,remitter,Union Bank of India
2025-11,90.3,9.43,95.99,0.28,4.67,1130.68,remitter,Punjab National Bank
2025-11,91.63,7.7,79.02,0.67,3.88,1012.47,remitter,Canara Bank
2025-11,91.41,8.21,70.97,0.38,3.95,1010.55,remitter,Kotak Mahindra Bank
2025-11,94.98,5.02,98.48,0.0,2.03,989.22,remitter,Axis Bank Ltd.
2025-11,95.93,3.98,96.94,0.09,1.38,743.57,remitter,ICICI Bank Ltd.
2025-11,85.09,14.21,76.92,0.7,5.16,722.11,remitter,India Post Payments Bank Limited
2025-11,91.09,8.63,89.63,0.28,2.31,688.17,remitter,Indian Bank
2025-11,81.72,18.05,94.53,0.23,4.37,655.9,remitter,Airtel Payments Bank Limited
2025-11,92.42,6.92,83.83,0.66,2.99,637.79,remitter,Bank Of India
2025-11,91.16,6.79,78.85,2.05,3.68,353.99,remitter,Indian Overseas Bank
2025-11,90.4,8.67,86.33,0.93,1.96,334.49,remitter,Central Bank of India
2025-11,89.8,10.11,93.31,0.09,1.07,293.38,remitter,UCO Bank
2025-11,92.86,7.11,98.44,0.03,0.57,270.16,remitter,Federal Bank Ltd.
2025-11,81.31,17.35,91.41,1.34,1.28,242.83,remitter,Fino Payments Bank Ltd.
2025-11,93.27,6.65,88.18,0.08,0.66,228.31,remitter,Bank of Maharashtra
2025-11,87.95,11.3,74.18,0.74,1.08,218.34,remitter,Indusind Bank Ltd.
2025-11,93.76,6.1,85.48,0.14,0.59,205.9,remitter,IDBI Bank Ltd.
2025-11,90.99,8.83,73.48,0.17,0.38,175.69,remitter,Yes Bank Ltd.
2025-11,100.0,0.0,0.0,0.0,,148.71,remitter,Tri O Tech Solutions Private Limited
2025-11,92.2,7.66,98.75,0.13,0.51,147.88,remitter,Karnataka Bank
2025-11,92.87,7.08,92.31,0.05,0.3,121.41,remitter,IDFC Bank Ltd.
2025-11,92.45,6.32,53.26,1.23,0.85,102.21,remitter,The Jammu & Kashmir Bank Limited
2025-11,92.91,6.97,88.84,0.12,0.25,95.46,remitter,Karur Vysya Bank
2025-11,94.34,4.54,65.61,1.12,0.63,92.91,remitter,BANDHAN BANK LIMITED
2025-11,88.12,10.93,75.06,0.95,0.44,79.93,remitter,AU Small Finance Bank
2025-11,94.27,5.49,91.76,0.24,0.14,77.11,remitter,The South Indian Bank Limited
2025-11,82.97,15.06,86.61,1.97,0.84,75.81,remitter,JIO Payments Bank Ltd
2025-11,91.7,4.8,48.08,3.5,0.94,65.09,remitter,Uttar Pradesh Gramin Bank
2025-11,90.13,9.04,95.9,0.83,0.3,59.84,remitter,Punjab and Sind Bank
2025-11,81.88,17.43,89.64,0.69,0.56,58.75,remitter,NSDL Payments Bank Limited
2025-11,92.19,7.72,98.9,0.08,0.11,57.73,remitter,City Union Bank
2025-11,92.37,7.18,79.53,0.45,0.17,57.69,remitter,Tamilnad Mercantile Bank Limited
2025-11,90.12,9.66,94.77,0.22,0.2,55.38,remitter,Ujjivan Small Finance Bank Limited
2025-11,92.25,6.96,54.51,0.78,0.29,52.13,remitter,Kerala Gramin Bank
2025-11,84.89,12.28,58.94,2.83,0.48,49.22,remitter,Rajasthan Gramin Bank
2025-11,87.01,10.7,55.91,2.29,0.51,48.12,remitter,Karnataka Gramin Bank
2025-11,88.25,10.18,79.41,1.57,0.2,44.51,remitter,Telangana Grameena Bank
2025-11,95.52,4.28,88.89,0.2,0.22,40.67,remitter,Slice Small Finance Bank Limited
2025-11,85.79,13.44,58.41,0.76,0.17,37.47,remitter,Maharashtra Gramin Bank
2025-11,95.3,4.07,87.85,0.64,0.13,34.85,remitter,ESAF Small Finance Bank Ltd
2025-11,89.48,8.96,57.35,1.56,0.24,31.72,remitter,Andhra Pradesh Grameena Bank
2025-11,94.43,5.13,80.17,0.44,0.08,31.18,remitter,Saraswat Co-operative Bank
2025-11,92.4,7.47,94.01,0.13,0.08,30.93,remitter,DBS Bank India Limited
2025-11,91.68,7.94,74.05,0.38,0.07,28.73,remitter,RBL Bank Ltd.
2025-11,90.71,9.09,96.14,0.2,0.09,28.07,remitter,Equitas Small Finance Bank
2025-11,92.15,7.47,82.97,0.39,0.17,26.58,remitter,Sarva Haryana Gramin Bank
2025-12,91.89,7.54,97.54,0.57,18.25,5833.74,remitter,State Bank of India
2025-12,94.3,5.67,92.97,0.03,3.88,1654.3,remitter,HDFC Bank Ltd.
2025-12,89.57,10.32,98.9,0.11,5.36,1514.5,remitter,Bank of Baroda
2025-12,90.75,8.66,67.95,0.58,5.47,1346.98,remitter,Union Bank of India
2025-12,89.29,10.15,89.78,0.56,5.64,1206.23,remitter,Punjab National Bank
2025-12,94.87,5.12,99.69,0.01,2.11,1107.12,remitter,Axis Bank Ltd.
2025-12,90.95,8.24,76.4,0.8,4.54,1076.87,remitter,Canara Bank
2025-12,90.79,9.19,96.27,0.01,3.01,1075.99,remitter,Kotak Mahindra Bank
2025-12,95.74,4.2,97.08,0.05,1.4,777.48,remitter,ICICI Bank Ltd.
2025-12,84.39,14.98,92.76,0.63,4.63,770.88,remitter,India Post Payments Bank Limited
2025-12,91.08,8.69,92.97,0.22,2.51,728.78,remitter,Indian Bank
2025-12,80.83,18.93,93.44,0.24,4.42,713.93,remitter,Airtel Payments Bank Limited
2025-12,92.49,7.29,94.4,0.22,2.58,675.44,remitter,Bank Of India
2025-12,91.34,7.65,69.35,1.01,1.21,373.86,remitter,Indian Overseas Bank
2025-12,89.74,9.46,82.16,0.81,2.29,361.51,remitter,Central Bank of India
2025-12,89.39,10.46,86.85,0.15,1.31,311.19,remitter,UCO Bank
2025-12,92.27,7.62,95.84,0.11,0.65,287.32,remitter,Federal Bank Ltd.
2025-12,81.75,17.75,89.47,0.51,1.41,257.61,remitter,Fino Payments Bank Ltd.
2025-12,92.5,7.23,75.21,0.27,0.78,241.41,remitter,Bank of Maharashtra
2025-12,87.6,12.15,76.41,0.25,1.03,232.46,remitter,Indusind Bank Ltd.
2025-12,92.87,6.73,74.23,0.4,0.7,216.21,remitter,IDBI Bank Ltd.
2025-12,90.49,9.39,87.17,0.12,0.34,182.31,remitter,Yes Bank Ltd.
2025-12,91.61,8.24,94.62,0.15,0.54,158.04,remitter,Karnataka Bank
2025-12,100.0,0.0,0.0,0.0,,157.89,remitter,Tri O Tech Solutions Private Limited
2025-12,92.29,7.68,88.23,0.03,0.33,126.76,remitter,IDFC Bank Ltd.
2025-12,92.54,6.96,77.36,0.5,0.63,107.49,remitter,The Jammu & Kashmir Bank Limited
2025-12,92.51,7.37,84.63,0.12,0.3,102.37,remitter,Karur Vysya Bank
2025-12,95.42,4.58,97.99,0.0,0.43,97.47,remitter,BANDHAN BANK LIMITED
2025-12,80.99,16.26,97.16,2.75,1.08,85.37,remitter,JIO Payments Bank Ltd
2025-12,88.18,11.66,91.62,0.16,0.35,85.25,remitter,AU Small Finance Bank
2025-12,94.38,5.58,99.04,0.04,0.15,81.38,remitter,The South Indian Bank Limited
2025-12,91.42,4.52,45.06,4.06,1.04,71.45,remitter,Uttar Pradesh Gramin Bank
2025-12,79.15,18.67,76.31,2.19,0.86,67.06,remitter,NSDL Payments Bank Limited
2025-12,87.64,10.95,60.95,1.41,0.52,62.97,remitter,Punjab and Sind Bank
2025-12,91.74,7.44,70.9,0.83,0.25,62.47,remitter,Tamilnad Mercantile Bank Limited
2025-12,91.82,8.11,95.68,0.07,0.15,61.25,remitter,City Union Bank
2025-12,88.34,11.5,94.27,0.16,0.21,59.73,remitter,Ujjivan Small Finance Bank Limited
2025-12,92.26,7.43,67.92,0.31,0.21,55.2,remitter,Kerala Gramin Bank
2025-12,84.05,12.66,50.33,3.29,0.69,54.91,remitter,Rajasthan Gramin Bank
2025-12,88.85,10.88,77.66,0.27,0.22,53.94,remitter,Karnataka Gramin Bank
2025-12,95.36,4.51,90.62,0.12,0.22,48.39,remitter,Slice Small Finance Bank Limited
2025-12,88.63,10.65,90.13,0.71,0.19,47.72,remitter,Telangana Grameena Bank
2025-12,91.41,7.66,55.25,0.93,0.23,39.67,remitter,Andhra Pradesh Grameena Bank
2025-12,84.54,13.94,37.41,1.52,0.26,39.27,remitter,Maharashtra Gramin Bank
2025-12,95.86,3.85,96.96,0.3,0.12,36.95,remitter,ESAF Small Finance Bank Ltd
2025-12,94.17,5.28,70.21,0.56,0.1,33.09,remitter,Saraswat Co-operative Bank
2025-12,91.93,8.02,95.64,0.05,0.08,32.42,remitter,DBS Bank India Limited
2025-12,92.57,7.36,89.37,0.07,0.06,31.79,remitter,RBL Bank Ltd.
2025-12,90.25,9.74,99.47,0.01,0.09,29.61,remitter,Equitas Small Finance Bank
2025-12,91.17,6.97,45.62,1.87,0.38,27.78,remitter,Sarva Haryana Gramin Bank
2026-01,92.07,7.61,95.9,0.32,23.23,5855.79,remitter,State Bank of India
2026-01,94.08,5.87,92.59,0.05,4.63,1651.17,remitter,HDFC Bank Ltd.
2026-01,89.46,10.53,99.53,0.01,7.0,1542.14,remitter,Bank of Baroda
2026-01,91.03,8.72,82.26,0.24,5.87,1353.05,remitter,Union Bank of India
2026-01,88.58,10.88,79.78,0.54,8.57,1222.89,remitter,Punjab National Bank
2026-01,90.83,8.63,82.46,0.55,4.96,1093.77,remitter,Canara Bank
2026-01,90.27,9.73,98.25,0.0,3.9,1091.42,remitter,Kotak Mahindra Bank
2026-01,94.22,5.78,97.0,0.0,2.73,1016.49,remitter,Axis Bank Ltd.
2026-01,82.08,17.28,94.82,0.64,6.51,832.71,remitter,INDIA POST PAYMENTS BANK LIMITED
2026-01,95.29,4.3,81.55,0.4,2.11,764.26,remitter,ICICI Bank Ltd.
2026-01,90.76,9.05,97.69,0.19,2.88,738.42,remitter,Indian Bank
2026-01,78.94,20.89,98.39,0.18,5.96,738.09,remitter,Airtel Payments Bank Limited
2026-01,92.22,7.73,96.95,0.05,3.32,687.39,remitter,Bank Of India
2026-01,91.59,8.2,89.05,0.21,1.72,383.18,remitter,Indian Overseas Bank
2026-01,89.66,10.06,94.26,0.28,2.18,373.55,remitter,Central Bank of India
2026-01,88.67,11.31,96.97,0.02,1.51,316.57,remitter,UCO Bank
2026-01,92.04,7.93,98.66,0.03,0.76,290.33,remitter,Federal Bank Ltd.
2026-01,92.49,7.5,95.72,0.01,0.79,246.23,remitter,Bank of Maharashtra
2026-01,87.16,12.68,82.57,0.16,1.3,237.56,remitter,Indusind Bank Ltd.
2026-01,78.32,20.92,68.82,0.77,2.3,229.08,remitter,Fino Payments Bank Ltd.
2026-01,92.87,6.98,84.37,0.15,0.75,218.9,remitter,IDBI Bank Ltd.
2026-01,91.14,8.8,92.23,0.06,0.4,172.58,remitter,Yes Bank Ltd.
2026-01,100.0,0.0,0.0,0.0,,159.92,remitter,Tri O Tech Solutions Private Limited
2026-01,90.67,9.09,98.12,0.24,0.58,155.9,remitter,Karnataka Bank
2026-01,92.19,7.78,98.02,0.02,0.37,131.03,remitter,IDFC Bank Ltd.
2026-01,91.98,7.71,76.46,0.31,0.74,105.46,remitter,The Jammu & Kashmir Bank Limited
2026-01,92.31,7.55,89.68,0.13,0.31,101.3,remitter,Karur Vysya Bank
2026-01,95.22,4.49,97.6,0.29,0.58,99.04,remitter,BANDHAN BANK LIMITED
2026-01,82.46,16.83,96.76,0.71,1.43,90.12,remitter,JIO PAYMENTS BANK LTD
2026-01,87.32,12.12,79.76,0.56,0.55,87.17,remitter,AU small Finance Bank
2026-01,94.32,5.63,99.36,0.06,0.16,81.99,remitter,The South Indian Bank Limited
2026-01,77.96,20.24,77.92,1.8,1.28,72.22,remitter,NSDL Payments Bank Limited
2026-01,88.21,11.08,94.72,0.71,0.37,63.67,remitter,Punjab and Sind Bank
2026-01,92.17,7.74,93.01,0.09,0.18,61.69,remitter,Tamilnad Mercantile Bank Limited
2026-01,88.73,11.11,92.79,0.16,0.29,60.33,remitter,UJJIVAN SMALL FINANCE BANK LIMITED
2026-01,91.53,8.42,99.82,0.05,0.17,60.03,remitter,City Union Bank
2026-01,84.87,13.13,87.29,1.99,0.58,57.4,remitter,Rajasthan Marudhara Gramin Bank
2026-01,92.43,7.27,89.16,0.3,0.17,57.0,remitter,KERALA GRAMIN BANK
2026-01,95.04,4.84,90.38,0.11,0.29,56.48,remitter,Slice Small Finance Bank Limited
2026-01,87.39,11.59,59.51,1.02,0.35,55.87,remitter,Karnataka Gramin Bank
2026-01,86.99,10.66,48.74,2.34,0.38,48.68,remitter,TELANGANA GRAMEENA BANK
2026-01,89.52,9.69,69.21,0.8,0.26,43.44,remitter,CHAITANYA GODAVARI GRAMEENA BANK
2026-01,83.7,14.61,42.54,1.69,0.29,41.15,remitter,Maharashtra Gramin Bank
2026-01,95.45,3.92,78.32,0.63,0.18,37.02,remitter,ESAF SMALL FINANCE BANK LTD
2026-01,94.18,5.56,89.22,0.27,0.09,33.06,remitter,Saraswat Co-operative Bank
2026-01,91.47,8.45,90.6,0.08,0.1,31.99,remitter,DBS Bank India Limited
2026-01,91.64,7.8,85.01,0.56,0.08,31.06,remitter,RBL Bank Ltd.
2026-01,89.89,10.09,98.52,0.02,0.11,29.41,remitter,EQUITAS SMALL FINANCE BANK
2026-01,91.0,7.91,67.98,1.1,0.33,27.49,remitter,SARVA HARYANA GRAMIN BANK
2026-01,99.95,0.05,0.0,0.0,,24.65,remitter,ONE MOBIKWIK SYSTEMS LIMITED
2026-02,92.24,7.73,98.31,0.04,21.1,5518.02,remitter,State Bank of India
2026-02,94.07,5.84,80.05,0.09,4.54,1525.33,remitter,HDFC Bank Ltd.
2026-02,89.37,10.62,98.45,0.01,6.43,1460.03,remitter,Bank of Baroda
2026-02,91.21,8.79,94.6,0.01,4.61,1285.21,remitter,Union Bank of India
2026-02,88.49,10.9,87.48,0.61,7.15,1150.14,remitter,Punjab National Bank
2026-02,91.63,8.22,86.78,0.15,4.01,1029.34,remitter,Canara Bank
2026-02,90.24,9.76,96.65,0.0,3.58,1020.92,remitter,Kotak Mahindra Bank
2026-02,94.09,5.91,96.48,0.0,2.35,934.11,remitter,Axis Bank Ltd.
2026-02,82.05,17.36,92.78,0.59,5.83,769.03,remitter,INDIA POST PAYMENTS BANK LIMITED
2026-02,90.72,9.27,95.96,0.01,2.47,703.41,remitter,Indian Bank
2026-02,95.5,4.5,95.44,0.0,1.34,691.15,remitter,ICICI Bank Ltd.
2026-02,77.78,21.97,89.92,0.25,5.28,680.62,remitter,Airtel Payments Bank Limited
2026-02,91.74,7.69,86.2,0.57,3.65,644.12,remitter,Bank Of India
2026-02,91.71,8.19,90.98,0.09,1.44,369.12,remitter,Indian Overseas Bank
2026-02,88.96,10.24,77.2,0.8,2.44,357.01,remitter,Central Bank of India
2026-02,87.95,11.84,85.27,0.21,1.53,298.32,remitter,UCO Bank
2026-02,91.74,8.19,98.21,0.07,0.67,266.98,remitter,Federal Bank Ltd.
2026-02,78.72,21.22,92.23,0.06,1.7,236.38,remitter,Fino Payments Bank Ltd.
2026-02,92.28,7.71,91.34,0.01,0.73,229.72,remitter,Bank of Maharashtra
2026-02,86.77,12.92,79.29,0.3,1.2,222.25,remitter,Indusind Bank Ltd.
2026-02,92.83,7.17,82.31,0.0,0.69,203.74,remitter,IDBI Bank Ltd.
2026-02,90.79,9.15,91.66,0.06,0.36,154.27,remitter,Yes Bank Ltd.
2026-02,100.0,0.0,0.0,0.0,,147.62,remitter,Tri O Tech Solutions Private Limited
2026-02,90.8,8.86,86.8,0.34,0.64,145.72,remitter,Karnataka Bank
2026-02,92.82,6.77,78.32,0.42,0.4,143.48,remitter,IDFC Bank Ltd.
2026-02,92.09,7.77,83.17,0.14,0.54,99.71,remitter,The Jammu & Kashmir Bank Limited
2026-02,92.17,7.69,85.04,0.14,0.32,96.54,remitter,Karur Vysya Bank
2026-02,94.94,4.8,88.1,0.25,0.55,92.43,remitter,BANDHAN BANK LIMITED
2026-02,82.14,17.58,95.74,0.28,1.32,89.08,remitter,JIO PAYMENTS BANK LTD
2026-02,88.0,12.0,52.09,0.0,0.42,81.88,remitter,AU small Finance Bank
2026-02,94.11,5.84,97.25,0.06,0.15,75.83,remitter,The South Indian Bank Limited
2026-02,88.41,4.33,38.99,7.26,1.74,75.3,remitter,Baroda U.P. Bank
2026-02,74.79,20.33,69.67,4.88,1.45,68.12,remitter,NSDL Payments Bank Limited
2026-02,88.17,11.57,91.25,0.26,0.36,61.26,remitter,Punjab and Sind Bank
2026-02,95.03,4.97,92.54,0.0,0.26,60.71,remitter,Slice Small Finance Bank Limited
2026-02,91.34,7.97,83.94,0.7,0.2,59.48,remitter,Tamilnad Mercantile Bank Limited
2026-02,87.98,11.95,94.09,0.07,0.27,57.23,remitter,UJJIVAN SMALL FINANCE BANK LIMITED
2026-02,91.46,8.34,99.8,0.2,0.17,57.07,remitter,City Union Bank
2026-02,84.8,13.35,76.17,1.86,0.58,56.22,remitter,Rajasthan Marudhara Gramin Bank
2026-02,87.04,11.51,71.7,1.45,0.27,53.13,remitter,Karnataka Gramin Bank
2026-02,92.54,7.17,77.41,0.3,0.17,52.11,remitter,KERALA GRAMIN BANK
2026-02,86.99,11.67,69.3,1.33,0.21,45.12,remitter,TELANGANA GRAMEENA BANK
2026-02,86.75,11.64,48.07,1.61,0.34,41.7,remitter,CHAITANYA GODAVARI GRAMEENA BANK
2026-02,83.03,15.54,51.88,1.43,0.24,38.34,remitter,Maharashtra Gramin Bank
2026-02,96.13,3.61,96.43,0.26,0.13,34.11,remitter,ESAF SMALL FINANCE BANK LTD
2026-02,92.52,7.07,59.65,0.41,0.12,31.46,remitter,RBL Bank Ltd.
2026-02,94.12,5.51,80.1,0.37,0.1,30.91,remitter,Saraswat Co-operative Bank
2026-02,91.17,8.61,76.56,0.22,0.11,29.9,remitter,DBS Bank India Limited
2026-02,89.61,10.37,97.24,0.02,0.1,27.51,remitter,EQUITAS SMALL FINANCE BANK
2026-02,89.86,7.47,49.96,2.66,0.38,26.06,remitter,SARVA HARYANA GRAMIN BANK
2026-03,91.97,7.87,98.75,0.16,21.46,6262.1,remitter,State Bank Of India
2026-03,93.73,6.27,97.27,0.0,4.01,1703.53,remitter,Hdfc Bank Ltd.
2026-03,88.67,11.23,95.72,0.1,7.24,1649.23,remitter,Bank Of Baroda
2026-03,90.62,9.17,84.64,0.2,5.5,1451.37,remitter,Union Bank Of India
2026-03,88.51,11.35,97.79,0.13,7.22,1301.5,remitter,Punjab National Bank
2026-03,91.33,8.49,87.34,0.19,4.46,1160.95,remitter,Canara Bank
2026-03,89.71,10.15,94.53,0.14,3.74,1134.21,remitter,Kotak Mahindra Bank
2026-03,93.65,6.35,98.87,0.0,2.47,1029.58,remitter,Axis Bank Ltd.
2026-03,83.0,16.81,92.88,0.19,6.49,884.14,remitter,India Post Payments Bank Limited
2026-03,90.07,9.8,73.06,0.12,2.7,794.12,remitter,Indian Bank
2026-03,76.37,23.4,96.21,0.23,5.62,787.26,remitter,Airtel Payments Bank Limited
2026-03,95.27,4.57,92.14,0.16,1.68,768.31,remitter,Icici Bank Ltd.
2026-03,91.28,8.26,87.46,0.46,3.35,725.98,remitter,Bank Of India
2026-03,91.53,8.45,98.97,0.02,1.43,417.72,remitter,Indian Overseas Bank
2026-03,88.5,10.61,79.93,0.89,2.59,409.5,remitter,Central Bank Of India
2026-03,87.36,12.56,95.48,0.08,1.49,335.66,remitter,Uco Bank
2026-03,91.03,8.88,99.8,0.09,0.67,293.37,remitter,Federal Bank Ltd.
2026-03,77.87,22.07,93.99,0.06,1.87,275.22,remitter,Fino Payments Bank Ltd.
2026-03,91.57,8.15,86.45,0.28,0.88,260.31,remitter,Bank Of Maharashtra
2026-03,86.24,13.59,83.1,0.17,1.2,249.91,remitter,Indusind Bank Ltd.
2026-03,91.81,7.65,69.46,0.54,0.98,228.49,remitter,Idbi Bank Ltd.
2026-03,90.42,9.41,86.84,0.17,0.38,167.38,remitter,Yes Bank Ltd.
2026-03,100.0,0.0,0.0,0.0,,166.67,remitter,Tri O Tech Solutions Private Limited
2026-03,92.92,7.05,95.29,0.03,0.35,163.66,remitter,Idfc Bank Ltd.
2026-03,90.6,9.2,91.13,0.21,0.59,163.57,remitter,Karnataka Bank
2026-03,91.4,8.32,83.86,0.29,0.38,108.15,remitter,Karur Vysya Bank
2026-03,91.55,8.2,80.75,0.25,0.6,108.13,remitter,The Jammu & Kashmir Bank Limited
2026-03,94.77,4.5,80.86,0.74,0.65,102.11,remitter,Bandhan Bank Limited
2026-03,80.8,18.89,98.74,0.3,1.49,101.97,remitter,Jio Payments Bank Ltd
2026-03,87.14,12.76,95.24,0.1,0.4,92.46,remitter,Au Small Finance Bank
2026-03,84.79,5.05,43.14,10.17,2.77,90.1,remitter,Baroda U.P. Bank
2026-03,93.51,6.28,98.35,0.21,0.15,84.24,remitter,The South Indian Bank Limited
2026-03,75.74,22.63,90.81,1.63,1.33,78.59,remitter,Nsdl Payments Bank Limited
2026-03,93.96,5.77,88.41,0.27,0.29,70.17,remitter,Slice Small Finance Bank Limited
2026-03,87.47,12.25,90.35,0.28,0.4,69.58,remitter,Punjab And Sind Bank
2026-03,91.41,8.05,90.27,0.54,0.19,66.82,remitter,Slice Small Finance Bank Limited
2026-03,87.46,12.29,92.18,0.25,0.3,64.24,remitter,Ujjivan Small Finance Bank Limited
2026-03,84.83,14.49,94.64,0.68,0.48,64.16,remitter,Rajasthan Marudhara Gramin Bank
2026-03,90.59,9.03,99.85,0.38,0.19,62.47,remitter,City Union Bank
2026-03,88.01,10.86,55.12,1.14,0.36,61.01,remitter,Karnataka Gramin Bank
2026-03,93.23,6.54,89.49,0.23,0.16,58.84,remitter,Kerala Gramin Bank
2026-03,86.27,11.89,90.28,1.84,0.17,52.64,remitter,Telangana Grameena Bank
2026-03,84.05,14.76,42.77,1.2,0.4,49.65,remitter,Chaitanya Godavari Grameena Bank
2026-03,81.31,15.23,37.78,3.46,0.35,44.51,remitter,Maharashtra Gramin Bank
2026-03,95.77,3.54,91.69,0.69,0.18,38.08,remitter,Esaf Small Finance Bank Ltd
2026-03,92.39,7.27,76.16,0.33,0.09,35.74,remitter,Rbl Bank Ltd.
2026-03,93.65,5.83,74.63,0.52,0.12,34.68,remitter,Saraswat Co-Operative Bank
2026-03,90.82,9.08,94.05,0.1,0.1,33.05,remitter,Dbs Bank India Limited
2026-03,88.84,11.07,94.56,0.09,0.11,30.52,remitter,Equitas Small Finance Bank
2026-03,91.15,8.65,84.51,0.2,0.22,29.02,remitter,Sarva Haryana Gramin Bank
2026-04,91.57,8.25,96.68,0.17,17.72,6183.11,remitter,State Bank Of India
2026-04,93.68,6.28,96.15,0.05,3.64,1669.79,remitter,Hdfc Bank Ltd.
2026-04,88.32,11.62,97.86,0.06,5.46,1638.53,remitter,Bank Of Baroda
2026-04,90.79,9.21,97.83,0.0,4.06,1447.9,remitter,Union Bank Of India
2026-04,88.57,11.11,98.13,0.32,6.06,1315.38,remitter,Punjab National Bank
2026-04,91.22,8.52,82.05,0.26,3.84,1152.59,remitter,Canara Bank
2026-04,89.68,10.31,98.66,0.01,2.89,1123.84,remitter,Kotak Mahindra Bank
2026-04,93.64,6.36,99.35,0.01,2.16,1017.31,remitter,Axis Bank Ltd.
2026-04,81.68,17.57,80.94,0.76,5.61,869.56,remitter,India Post Payments Bank Limited
2026-04,89.65,10.27,17.92,0.08,2,783.67,remitter,Indian Bank
2026-04,95.61,4.39,98.57,0.0,1.29,775.63,remitter,Icici Bank Ltd.
2026-04,74.38,25.28,99.84,0.34,4.05,772.45,remitter,Airtel Payments Bank Limited
2026-04,91.33,8.63,1.08,0.04,0.85,712.52,remitter,Bank Of India
2026-04,91.14,8.76,92.92,0.1,1.4,412.91,remitter,Indian Overseas Bank
2026-04,87.14,11.47,72.51,1.39,2.56,408.62,remitter,Central Bank Of India
2026-04,86.58,13.27,78.64,0.15,1.39,329.07,remitter,Uco Bank
2026-04,90.93,9.02,99.57,0.05,0.58,288.29,remitter,Federal Bank Ltd.
2026-04,77.64,22.14,88.32,0.22,1.57,268.5,remitter,Fino Payments Bank Ltd.
2026-04,90.76,9.09,86.62,0.15,0.78,259.61,remitter,Bank Of Maharashtra
2026-04,85.99,13.9,98.55,0.11,0.88,248.08,remitter,Indusind Bank Ltd.
2026-04,91.74,8.15,92.75,0.11,0.66,226.76,remitter,Idbi Bank Ltd.
2026-04,100.0,0.0,0.0,0.0,,180.33,remitter,Tri O Tech Solutions Private Limited
2026-04,91.08,8.75,86.69,0.17,0.33,169.52,remitter,Yes Bank Ltd.
2026-04,90.54,9.39,89.82,0.07,0.43,161.94,remitter,Karnataka Bank
2026-04,91.88,8.08,92.77,0.04,0.32,143.99,remitter,Idfc Bank Ltd.
2026-04,92.08,7.88,81.84,0.04,0.42,116.59,remitter,The Jammu & Kashmir Bank Limited
2026-04,92.28,7.53,82.05,0.2,0.29,104.46,remitter,Karur Vysya Bank
2026-04,80.65,18.91,96.83,0.45,1.18,102.39,remitter,Jio Payments Bank Ltd
2026-04,94.9,4.67,98.22,0.42,0.48,100.26,remitter,Bandhan Bank Limited
2026-04,86.59,12.79,89.3,0.62,0.34,89.99,remitter,Au Small Finance Bank
2026-04,91.18,5.48,51.78,3.33,1.18,85.89,remitter,Baroda U.P. Bank
2026-04,93.59,6.27,97.25,0.14,0.13,81.23,remitter,The South Indian Bank Limited
2026-04,73.05,23.28,84.35,3.67,1.32,80.35,remitter,Nsdl Payments Bank Limited
2026-04,94.23,5.67,92.65,0.1,0.24,76.91,remitter,Slice Small Finance Bank Limited
2026-04,87.12,12.59,89.62,0.29,0.34,69.04,remitter,Punjab And Sind Bank
2026-04,79.61,14.36,70.27,6.03,0.45,65.75,remitter,Rajasthan Marudhara Gramin Bank
2026-04,91.45,8.25,94.33,0.3,0.14,64.04,remitter,Tamilnad Mercantile Bank Limited
2026-04,86.48,12.78,82.49,0.75,0.27,63.65,remitter,Ujjivan Small Finance Bank Limited
2026-04,85.98,11.44,29.74,2.58,0.66,61.4,remitter,Karnataka Gramin Bank
2026-04,91.38,8.35,99.75,0.27,0.13,60.88,remitter,City Union Bank
2026-04,92.76,6.84,73.75,0.41,0.18,57.67,remitter,Kerala Gramin Bank
2026-04,85.61,11.3,85.05,3.09,0.16,53.21,remitter,Telangana Grameena Bank
2026-04,86.3,12.67,49.89,1.03,0.31,48.58,remitter,Chaitanya Godavari Grameena Bank
2026-04,83.24,15.59,59.45,1.17,0.19,44.54,remitter,Maharashtra Gramin Bank
2026-04,94.62,3.69,78.64,1.69,0.22,36.72,remitter,Esaf Small Finance Bank Ltd
2026-04,93.48,5.89,68.64,0.63,0.11,34.24,remitter,Saraswat Co-Operative Bank
2026-04,91.08,8.72,100.0,0.2,0.08,31.89,remitter,Dbs Bank India Limited
2026-04,90.41,8.98,71.52,0.61,0.09,30.92,remitter,Rbl Bank Ltd.
2026-04,88.92,11.02,95.36,0.06,0.08,29.77,remitter,Equitas Small Finance Bank
2026-04,100.0,0.0,0.0,0.0,,29.23,remitter,One Mobikwik Systems Limited
2026-05,91.18,8.65,97.96,0.17,20.28,6439.49,remitter,State Bank Of India
2026-05,93.43,6.55,96.54,0.02,3.9,1735.66,remitter,Hdfc Bank Ltd.
2026-05,87.84,12.09,97.6,0.07,6.31,1713.53,remitter,Bank Of Baroda
2026-05,90.47,9.52,97.92,0.01,4.66,1508.82,remitter,Union Bank Of India
2026-05,88.6,10.54,74.84,0.87,9.92,1397.83,remitter,Punjab National Bank
2026-05,90.95,8.95,90.67,0.09,4.2,1205.08,remitter,Canara Bank
2026-05,89.3,10.7,98.05,0.01,3.32,1164.23,remitter,Kotak Mahindra Bank
2026-05,93.43,6.56,99.77,0.01,2.4,1056.95,remitter,Axis Bank Ltd.
2026-05,81.48,18.1,92.35,0.42,5.65,895.96,remitter,India Post Payments Bank Limited
2026-05,86.16,13.32,65.49,0.52,3.42,804.65,remitter,Indian Bank
2026-05,95.4,4.58,96.38,0.02,1.45,795.41,remitter,Icici Bank Ltd.
2026-05,73.99,25.73,93.47,0.28,4.57,771.76,remitter,Airtel Payments Bank Limited
2026-05,91.15,8.8,92.37,0.05,2.86,749.48,remitter,Bank Of India
2026-05,90.73,9.25,98.78,0.02,1.52,437.45,remitter,Indian Overseas Bank
2026-05,86.54,11.91,74.49,1.54,2.9,429.9,remitter,Central Bank Of India
2026-05,87.65,12.29,95.09,0.06,1.4,343.09,remitter,Uco Bank
2026-05,90.58,9.38,97.95,0.04,0.72,300.98,remitter,Federal Bank Ltd.
2026-05,76.41,23.09,90.48,0.5,1.92,286.37,remitter,Fino Payments Bank Ltd.
2026-05,90.82,8.87,85.93,0.31,0.84,263.89,remitter,Bank Of Maharashtra
2026-05,85.37,14.55,80.81,0.08,1.18,258.24,remitter,Indusind Bank Ltd.
2026-05,90.84,8.39,61.05,0.77,1.07,234.77,remitter,Idbi Bank Ltd.
2026-05,100.0,0.0,0.0,0.0,,194.3,remitter,Tri O Tech Solutions Private Limited
2026-05,92.12,7.75,87.56,0.13,0.35,175.62,remitter,Yes Bank Ltd.
2026-05,90.05,9.74,78.38,0.21,0.6,167.31,remitter,Karnataka Bank
2026-05,92.45,7.53,92.84,0.03,0.34,167.07,remitter,Idfc Bank Ltd.
2026-05,92.45,7.5,90.74,0.05,0.46,126.89,remitter,The Jammu & Kashmir Bank Limited
2026-05,92.42,7.4,88.11,0.18,0.36,109.01,remitter,Karur Vysya Bank
2026-05,80.78,19.07,99.19,0.14,1.28,106.77,remitter,Jio Payments Bank Ltd
2026-05,93.76,5.3,29.16,0.93,0.66,101.98,remitter,Bandhan Bank Limited
2026-05,86.14,13.66,85.3,0.2,0.4,95.59,remitter,Au Small Finance Bank
2026-05,89.42,5.67,49.12,4.91,1.57,92.52,remitter,Baroda U.P. Bank
2026-05,94.0,5.93,95.9,0.07,0.28,85.94,remitter,Slice Small Finance Bank Limited
2026-05,93.16,6.45,98.2,0.39,0.16,85.44,remitter,The South Indian Bank Limited
2026-05,73.85,25.77,95.45,0.39,1.06,84.08,remitter,Nsdl Payments Bank Limited
2026-05,87.01,12.63,86.12,0.37,0.4,73.48,remitter,Punjab And Sind Bank
2026-05,84.03,15.26,91.26,0.71,0.42,67.91,remitter,Rajasthan Marudhara Gramin Bank
2026-05,90.84,8.44,88.17,0.72,0.22,67.33,remitter,Tamilnad Mercantile Bank Limited
2026-05,86.03,13.73,92.89,0.23,0.28,66.55,remitter,Ujjivan Small Finance Bank Limited
2026-05,91.5,8.45,99.68,0.05,0.16,63.65,remitter,City Union Bank
2026-05,86.81,11.5,39.42,1.69,0.52,63.58,remitter,Karnataka Gramin Bank
2026-05,92.72,6.98,79.55,0.3,0.2,61.29,remitter,Kerala Gramin Bank
2026-05,86.71,11.72,47.99,1.57,0.31,54.81,remitter,Telangana Grameena Bank
2026-05,88.36,11.0,77.23,0.64,0.21,50.14,remitter,Chaitanya Godavari Grameena Bank
2026-05,83.38,15.54,60.34,1.08,0.19,46.28,remitter,Maharashtra Gramin Bank
2026-05,95.1,3.4,66.09,1.5,0.19,38.36,remitter,Esaf Small Finance Bank Ltd
2026-05,92.46,6.54,58.76,1.0,0.15,35.29,remitter,Saraswat Co-Operative Bank
2026-05,84.69,14.23,79.48,1.08,0.22,32.85,remitter,Sarva Haryana Gramin Bank
2026-05,90.71,9.21,92.92,0.08,0.1,32.61,remitter,Dbs Bank India Limited
2026-05,88.2,11.48,86.46,0.32,0.11,30.79,remitter,Equitas Small Finance Bank
2026-05,100.0,0.0,0.0,0.0,,29.58,remitter,One Mobikwik Systems Limited
2026-06,91.07,8.68,98.75,0.24,21.46,6316.41,remitter,State Bank of India
2026-06,86.69,12.73,95.72,0.59,7.24,1693.24,remitter,Bank of Baroda
2026-06,93.23,6.76,97.27,0.01,4.01,1674.91,remitter,HDFC Bank Ltd.
2026-06,90.03,9.86,84.64,0.12,5.5,1482.26,remitter,Union Bank of India
2026-06,88.52,10.64,97.79,0.85,7.22,1386.96,remitter,Punjab National Bank
2026-06,90.72,9.12,87.34,0.15,4.46,1184.48,remitter,Canara Bank
2026-06,88.99,11.0,94.53,0.01,3.74,1134.44,remitter,Kotak Mahindra Bank
2026-06,93.24,6.75,98.87,0.01,2.47,1027.17,remitter,Axis Bank Ltd.
2026-06,82.0,17.95,92.88,0.06,6.49,880.55,remitter,India Post Payments Bank Limited
2026-06,88.52,11.25,73.06,0.23,2.7,783.26,remitter,Indian Bank
2026-06,95.22,4.74,92.14,0.04,1.68,766.11,remitter,ICICI Bank Ltd.
2026-06,73.99,25.85,96.21,0.17,5.62,743.43,remitter,Airtel Payments Bank Limited
2026-06,90.73,8.96,87.46,0.31,3.35,736.01,remitter,Bank Of India
2026-06,89.55,9.42,98.97,1.03,1.43,439.77,remitter,Indian Overseas Bank
2026-06,87.59,11.73,79.93,0.68,2.59,427.37,remitter,Central Bank of India
2026-06,87.57,12.34,95.48,0.09,1.49,341.95,remitter,UCO Bank
2026-06,89.92,10.04,99.8,0.03,0.67,291.75,remitter,Federal Bank Ltd.
2026-06,76.13,23.33,93.99,0.54,1.87,279.67,remitter,Fino Payments Bank Ltd.
2026-06,90.7,8.96,86.45,0.33,0.88,258.36,remitter,Bank of Maharashtra
2026-06,85.11,14.82,83.1,0.07,1.2,254.5,remitter,Indusind Bank Ltd.
2026-06,91.3,8.55,69.46,0.15,0.98,229.43,remitter,IDBI Bank Ltd.
2026-06,100.0,0.0,0.0,0.0,,192.35,remitter,Tri O Tech Solutions Private Limited
2026-06,91.98,7.85,86.84,0.17,0.38,169.88,remitter,Yes Bank Ltd.
2026-06,92.53,7.42,95.29,0.05,0.35,164.31,remitter,IDFC Bank Ltd.
2026-06,90.01,9.93,91.13,0.05,0.59,162.68,remitter,Karnataka Bank
2026-06,91.93,7.97,80.8,0.1,0.6,121.65,remitter,The Jammu & Kashmir Bank Limited
2026-06,92.38,7.46,83.86,0.16,0.38,108.75,remitter,Karur Vysya Bank
2026-06,78.3,21.57,98.74,0.14,1.49,102.76,remitter,JIO PAYMENTS BANK LTD
2026-06,94.25,5.58,80.86,0.17,0.65,100.63,remitter,BANDHAN BANK LIMITED
2026-06,86.13,13.65,95.24,0.23,0.4,94.61,remitter,AU small Finance Bank
2026-06,89.93,6.43,43.14,3.65,2.77,93.81,remitter,Baroda U.P. Bank
2026-06,94.25,5.71,88.41,0.04,0.29,90.55,remitter,Slice Small Finance Bank Limited
2026-06,93.25,6.67,98.35,0.08,0.15,84.02,remitter,The South Indian Bank Limited
2026-06,75.17,23.96,90.81,0.87,1.33,81.77,remitter,NSDL Payments Bank Limited
2026-06,84.08,12.81,90.35,3.11,0.4,72.31,remitter,Punjab and Sind Bank
2026-06,83.28,15.2,94.64,1.52,0.48,69.82,remitter,Rajasthan Marudhara Gramin Bank
2026-06,90.39,8.49,90.27,1.12,0.19,67.91,remitter,Tamilnad Mercantile Bank Limited
2026-06,86.18,13.51,92.18,0.31,0.3,65.27,remitter,Slice Small Finance Bank Limited
2026-06,91.38,8.42,99.85,0.2,0.19,63.42,remitter,City Union Bank
2026-06,87.17,11.42,55.12,1.42,0.36,62.32,remitter,Karnataka Gramin Bank
2026-06,91.97,7.1,89.49,0.92,0.16,61.2,remitter,KERALA GRAMIN BANK
2026-06,79.86,14.07,90.28,6.07,0.17,57.9,remitter,TELANGANA GRAMEENA BANK
2026-06,88.65,11.22,42.77,0.14,0.4,51.04,remitter,CHAITANYA GODAVARI GRAMEENA BANK
2026-06,81.9,15.1,37.78,3.0,0.35,44.47,remitter,Maharashtra Gramin Bank
2026-06,94.55,3.42,91.69,2.03,0.18,37.65,remitter,ESAF SMALL FINANCE BANK LTD
2026-06,92.58,6.34,74.63,1.08,0.12,34.51,remitter,Saraswat Co-operative Bank
2026-06,90.61,9.33,94.05,0.05,0.1,31.84,remitter,DBS Bank India Limited
2026-06,88.74,9.62,84.51,1.64,0.22,30.99,remitter,SARVA HARYANA GRAMIN BANK
2026-06,87.82,11.73,94.56,0.45,0.11,29.99,remitter,EQUITAS SMALL FINANCE BANK
2026-06,100.0,0.0,0.0,0.0,,27.63,remitter,One Mobikwik Systems Limited
2026-07,90.29,9.02,94.89,0.68,21.131154,6622.022189,remitter,State Bank of India
2026-07,85.83,13.95,92.49,0.22,6.926482,1774.42922,remitter,Bank of Baroda
2026-07,93.0,6.99,97.89,0.01,3.989746,1737.216436,remitter,HDFC Bank Ltd.
2026-07,89.6,10.39,89.35,0.01,5.468006,1544.225883,remitter,Union Bank of India
2026-07,88.2,11.1,79.22,0.7,10.411048,1470.120376,remitter,Punjab National Bank
2026-07,90.48,9.28,86.52,0.24,4.517958,1251.608031,remitter,Canara Bank
2026-07,88.69,11.27,95.15,0.03,3.50576,1173.985567,remitter,Kotak Mahindra Bank
2026-07,92.94,7.05,99.07,0.0,2.489288,1056.594416,remitter,Axis Bank Ltd.
2026-07,80.82,18.85,94.79,0.34,6.665711,923.913461,remitter,India Post Payments Bank Limited
2026-07,88.54,11.4,96.94,0.06,2.714405,839.975814,remitter,Indian Bank
2026-07,94.95,4.88,89.57,0.17,1.968607,794.711223,remitter,ICICI Bank Ltd.
2026-07,72.56,26.97,88.88,0.47,5.037122,789.121996,remitter,Airtel Payments Bank Limited
2026-07,89.98,9.34,77.17,0.68,3.71618,764.090044,remitter,Bank of India
2026-07,90.18,9.74,91.66,0.08,1.734096,466.803121,remitter,Indian Overseas Bank
2026-07,86.12,12.25,69.02,1.63,3.393959,453.774908,remitter,Central Bank of India
2026-07,87.06,12.86,94.96,0.09,1.597402,359.225624,remitter,Uco Bank
2026-07,89.93,9.98,98.78,0.09,0.752935,305.65965,remitter,Federal Bank Ltd.
2026-07,76.13,23.64,80.85,0.23,2.68665,294.376352,remitter,Fino Payments Bank Ltd.
2026-07,84.68,14.93,77.18,0.39,1.438499,267.270229,remitter,Indusind Bank Ltd.
2026-07,89.71,10.27,96.13,0.02,0.804032,263.628283,remitter,Bank of Maharashtra
2026-07,89.98,9.18,60.2,0.85,1.106899,235.99438,remitter,IDBI Bank Ltd.
2026-07,100.0,0.0,0.0,0.0,,202.881109,remitter,Tri O Tech Solutions Private Limited
2026-07,91.91,7.95,87.7,0.14,0.366474,178.473671,remitter,Yes Bank Ltd.
2026-07,92.65,7.3,89.75,0.05,0.361448,178.365633,remitter,IDFC Bank Ltd.
2026-07,89.28,10.54,93.23,0.18,0.425999,168.237518,remitter,Karnataka Bank
2026-07,92.09,7.72,76.47,0.19,0.52491,129.458828,remitter,The Jammu & Kashmir Bank Limited
2026-07,92.32,7.51,91.88,0.17,0.368035,115.216589,remitter,Karur Vysya Bank
2026-07,93.41,6.2,45.8,0.4,0.626151,107.123257,remitter,Bandhan Bank Limited
2026-07,75.73,24.17,99.26,0.1,1.208445,104.70889,remitter,Jio Payments Bank Ltd
2026-07,90.17,7.88,67.94,1.95,1.197093,101.39901,remitter,Baroda U.P. Bank
2026-07,85.69,14.09,88.31,0.22,0.426506,100.425014,remitter,AU Small Finance Bank
2026-07,94.09,5.8,98.25,0.11,0.32034,99.923222,remitter,Slice Small Finance Bank Limited
2026-07,92.65,7.25,98.98,0.1,0.187439,89.367662,remitter,The South Indian Bank Limited
2026-07,74.94,24.53,91.94,0.53,1.285579,86.463984,remitter,NSDL Payments Bank Limited
2026-07,86.27,13.24,84.62,0.49,0.415218,74.633656,remitter,Punjab And Sind Bank
2026-07,79.34,15.03,60.59,5.63,0.711008,74.239417,remitter,Rajasthan Marudhara Gramin Bank
2026-07,90.32,8.67,84.82,1.01,0.210397,71.616039,remitter,Tamilnad Mercantile Bank Limited
2026-07,85.65,14.01,85.24,0.33,0.321385,68.946963,remitter,Ujjivan Small Finance Bank Limited
2026-07,91.24,8.59,98.82,0.17,0.150414,67.169037,remitter,City Union Bank
2026-07,92.44,7.31,84.11,0.25,0.254518,65.992002,remitter,Kerala Gramin Bank
2026-07,87.53,12.06,62.64,0.41,0.374598,65.726068,remitter,Karnataka Gramin Bank
2026-07,81.18,15.02,32.86,3.8,0.576903,60.035447,remitter,Telangana Grameena Bank
2026-07,88.44,11.45,94.77,0.11,0.205451,55.300059,remitter,Chaitanya Godavari Grameena Bank
2026-07,82.98,15.52,55.85,1.5,0.226285,44.747514,remitter,Maharashtra Gramin Bank
2026-07,94.59,4.53,83.06,0.88,0.169896,38.877461,remitter,Esaf Small Finance Bank Ltd
2026-07,92.66,6.7,77.35,0.64,0.120071,34.528678,remitter,Saraswat Co-Operative Bank
2026-07,90.27,9.53,94.18,0.19,0.095339,32.914432,remitter,Dbs Bank India Limited
2026-07,87.84,11.89,92.62,0.27,0.188747,32.554147,remitter,Sarva Haryana Gramin Bank
2026-07,87.97,11.95,82.74,0.08,0.113429,30.911022,remitter,Equitas Small Finance Bank
2026-07,100.0,0.0,0.0,0.0,,28.81611,remitter,One Mobikwik Systems Limited
2026-08,90.78,9.11,96.6,0.1,18.327216,6845.842221,remitter,State Bank of India
2026-08,86.18,13.79,95.15,0.04,5.375081,1831.426252,remitter,Bank of Baroda
2026-08,93.07,6.93,100.0,0.0,3.144154,1786.328061,remitter,HDFC Bank Ltd.
2026-08,89.49,10.32,80.39,0.2,5.128456,1601.832921,remitter,Union Bank of India
2026-08,88.81,11.08,93.39,0.11,8.938511,1539.539118,remitter,Punjab National Bank
2026-08,90.23,9.12,79.63,0.65,4.474664,1282.886433,remitter,Canara Bank
2026-08,88.72,11.26,2.88,0.02,0.191465,1213.960245,remitter,Kotak Mahindra Bank
2026-08,92.81,7.19,93.93,0.0,2.161123,1071.072905,remitter,Axis Bank Ltd.
2026-08,81.42,18.44,96.28,0.13,6.308893,950.234819,remitter,India Post Payments Bank Limited
2026-08,88.19,11.47,91.66,0.34,3.036626,868.942048,remitter,Indian Bank
2026-08,95.14,4.83,1.73,0.03,0.082955,829.389043,remitter,ICICI Bank Ltd.
2026-08,73.3,26.58,95.81,0.12,4.261584,804.875344,remitter,Airtel Payments Bank Limited
2026-08,90.62,9.26,89.18,0.12,2.838504,791.934482,remitter,Bank Of India
2026-08,90.29,9.65,90.19,0.06,1.817572,483.833034,remitter,Indian Overseas Bank
2026-08,84.06,13.6,55.15,2.34,5.173571,478.279993,remitter,Central Bank of India
2026-08,87.38,12.49,90.34,0.14,1.557674,373.505414,remitter,UCO Bank
2026-08,89.64,9.8,93.6,0.55,0.711999,312.603681,remitter,Federal Bank Ltd.
2026-08,76.37,23.28,8.86,0.35,0.063892,303.469763,remitter,Fino Payments Bank Ltd.
2026-08,84.64,15.02,73.32,0.34,1.298108,275.943604,remitter,Indusind Bank Ltd.
2026-08,90.49,9.45,88.71,0.06,0.818516,274.233912,remitter,Bank of Maharashtra
2026-08,90.59,9.21,85.71,0.19,0.655216,243.236917,remitter,IDBI Bank Ltd.
2026-08,100.0,0.0,0.0,0.0,,219.489392,remitter,Tri O Tech Solutions Private Limited
2026-08,92.63,7.34,89.79,0.03,0.301195,180.558173,remitter,IDFC Bank Ltd.
2026-08,92.02,7.88,90.23,0.1,0.295644,178.173167,remitter,Yes Bank Ltd.
2026-08,89.3,10.56,84.7,0.14,0.388535,171.821945,remitter,Karnataka Bank Ltd.
2026-08,92.34,7.57,83.59,0.08,0.416584,134.160522,remitter,The Jammu & Kashmir Bank Limited
2026-08,92.19,7.61,83.9,0.2,0.333016,117.080579,remitter,Karur Vysya Bank
2026-08,94.25,5.72,100.0,0.03,0.324593,111.853209,remitter,slice Small Finance Bank Limited
2026-08,92.71,6.7,0.79,0.59,0.287036,110.416792,remitter,Bandhan Bank Limited
2026-08,88.6,8.96,58.86,2.44,1.398315,109.671881,remitter,Baroda U.P. Bank
2026-08,85.48,14.44,100.0,0.08,0.316509,104.430043,remitter,AU small Finance Bank
2026-08,78.02,21.64,98.65,0.34,1.218987,101.649976,remitter,Jio Payments Bank Ltd
2026-08,92.98,6.84,81.59,0.18,0.188043,91.450743,remitter,The South Indian Bank Limited
2026-08,75.87,22.96,84.1,1.17,1.251143,85.056548,remitter,NSDL Payments Bank Limited
2026-08,83.38,15.44,39.28,1.18,0.586023,78.463399,remitter,Rajasthan Marudhara Gramin Bank
2026-08,85.18,12.88,55.94,1.95,0.696423,76.938847,remitter,Punjab and Sind Bank
2026-08,90.91,8.73,85.75,0.36,0.161119,72.541164,remitter,Tamilnad Mercantile Bank Limited
2026-08,85.77,14.02,100.0,0.21,0.216709,70.348319,remitter,Ujjivan Small Finance Bank Limited
2026-08,91.87,7.29,0.08,0.84,0.093073,68.614167,remitter,Kerala Gramin Bank
2026-08,91.23,8.7,14.34,0.07,0.004532,67.953163,remitter,City Union Bank
2026-08,87.91,11.86,48.46,0.23,0.452089,67.330569,remitter,Karnataka Gramin Bank
2026-08,89.33,10.5,84.42,0.16,0.19142,57.575597,remitter,Chaitanya Godavari Grameena Bank
2026-08,87.03,12.4,72.81,0.57,0.174327,56.382922,remitter,Telangana Grameena Bank
2026-08,84.4,14.36,0.0,1.23,0.094114,45.874636,remitter,Maharashtra Gramin Bank
2026-08,90.6,8.63,68.14,0.77,0.158943,41.09294,remitter,ESAF Small Finance Bank Ltd
2026-08,92.75,6.78,87.2,0.47,0.092207,36.432795,remitter,Saraswat Co-operative Bank
2026-08,87.53,11.79,14.25,0.68,0.037046,33.228492,remitter,Sarva Haryana Gramin Bank
2026-08,90.28,9.56,6.06,0.16,0.007127,33.149834,remitter,DBS Bank India Limited
2026-08,86.76,13.02,77.13,0.21,0.104175,31.340191,remitter,Equitas Small Finance Bank
2026-08,100.0,0.0,0.0,0.0,,30.040117,remitter,One Mobikwik Systems Limited
