period,district,state_union_territory,value_contribution,value_in_cr,volume_contribution,volume_in_mn
2023-04,,MAHARASHTRA,18.39,260344.8,20.98,1859.79
2023-04,,KARNATAKA,8.05,114007.15,8.72,772.62
2023-04,,TELANGANA,8.6,121761.16,7.71,683.07
2023-04,,UTTAR PRADESH,6.19,87585.09,6.43,569.78
2023-04,,TAMIL NADU,5.19,73484.77,4.9,433.99
2023-04,,RAJASTHAN,4.55,64347.76,4.42,391.83
2023-04,,MADHYA PRADESH,3.96,56076.31,4.24,375.53
2023-04,,DELHI,3.31,46799.01,3.72,330.04
2023-04,,GUJARAT,3.26,46154.94,3.17,280.81
2023-04,,ANDHRA PRADESH,4.2,59444.05,3.16,279.96
2023-04,,BIHAR,3.45,48787.79,3.02,267.97
2023-04,,WEST BENGAL,3.1,43922.05,2.63,233.46
2023-04,,HARYANA,2.49,35256.24,2.54,225.35
2023-04,,KERALA,2.21,31243.16,2.27,201.13
2023-04,,ODISHA,2.0,28296.73,2.08,184.79
2023-04,,PUNJAB,1.52,21576.93,1.39,123.33
2023-04,,JHARKHAND,1.05,14905.34,1.05,93.42
2023-04,,ASSAM,1.01,14333.08,0.91,81.02
2023-04,,UTTARAKHAND,0.78,11091.58,0.89,79.24
2023-04,,CHHATTISGARH,0.8,11254.99,0.88,78.23
2023-04,,HIMACHAL PRADESH,0.34,4786.04,0.39,34.96
2023-04,,JAMMU AND KASHMIR,0.34,4783.74,0.32,28.44
2023-04,,GOA,0.21,2988.02,0.23,20.03
2023-04,,CHANDIGARH,0.18,2531.42,0.21,18.64
2023-04,,PUDUCHERRY,0.1,1432.15,0.11,9.52
2023-04,,MANIPUR,0.15,2155.67,0.09,8.19
2023-04,,ARUNACHAL PRADESH,0.09,1341.62,0.07,6.62
2023-04,,DADRA & NAGAR HAVELI & DAMAN & DIU,0.05,641.58,0.06,5.67
2023-04,,TRIPURA,0.07,993.56,0.06,5.52
2023-04,,MEGHALAYA,0.06,852.3,0.05,4.26
2023-04,,NAGALAND,0.07,982.4,0.04,3.64
2023-04,,SIKKIM,0.05,660.99,0.04,3.44
2023-04,,MIZORAM,0.05,774.43,0.04,3.25
2023-04,,ANDAMAN & NICOBAR,0.02,334.49,0.02,1.6
2023-04,,LADAKH,0.03,368.52,0.02,1.39
2023-04,,LAKSHADWEEP,0.0,23.34,0.0,0.09
2023-04,,UNCLASSIFIED#,14.07,199181.5,13.12,1162.65
2023-05,,MAHARASHTRA,17.33,258141.08,19.75,1859.62
2023-05,,KARNATAKA,7.93,118039.69,8.47,797.62
2023-05,,TELANGANA,8.7,129532.28,7.61,716.76
2023-05,,UTTAR PRADESH,6.36,94729.13,6.51,612.76
2023-05,,TAMIL NADU,5.25,78145.83,4.88,459.82
2023-05,,MADHYA PRADESH,4.01,59740.76,4.22,397.53
2023-05,,DELHI,3.73,55560.85,4.12,387.94
2023-05,,RAJASTHAN,4.23,63055.85,4.06,382.58
2023-05,,ANDHRA PRADESH,4.36,64986.38,3.19,300.2
2023-05,,GUJARAT,3.22,47894.81,3.06,288.57
2023-05,,BIHAR,3.45,51363.73,2.98,280.34
2023-05,,WEST BENGAL,3.24,48233.44,2.8,263.52
2023-05,,HARYANA,2.48,36868.32,2.46,231.21
2023-05,,KERALA,2.29,34118.36,2.33,219.5
2023-05,,ODISHA,2.02,30136.96,2.1,198.14
2023-05,,PUNJAB,1.58,23478.73,1.38,129.87
2023-05,,JHARKHAND,0.97,14415.31,0.99,93.45
2023-05,,ASSAM,1.0,14937.13,0.96,90.18
2023-05,,UTTARAKHAND,0.81,11994.84,0.91,85.32
2023-05,,CHHATTISGARH,0.77,11514.29,0.86,80.75
2023-05,,HIMACHAL PRADESH,0.36,5312.81,0.41,38.5
2023-05,,JAMMU AND KASHMIR,0.34,5046.91,0.34,32.13
2023-05,,GOA,0.2,2965.09,0.21,19.87
2023-05,,CHANDIGARH,0.17,2496.89,0.2,18.42
2023-05,,PUDUCHERRY,0.1,1508.72,0.11,10.06
2023-05,,ARUNACHAL PRADESH,0.09,1332.48,0.08,7.22
2023-05,,TRIPURA,0.07,1016.47,0.06,5.95
2023-05,,DADRA & NAGAR HAVELI & DAMAN & DIU,0.04,664.54,0.06,5.69
2023-05,,MEGHALAYA,0.06,839.74,0.05,4.4
2023-05,,NAGALAND,0.07,1045.51,0.04,4.07
2023-05,,SIKKIM,0.05,719.96,0.04,3.79
2023-05,,MIZORAM,0.06,910.78,0.04,3.75
2023-05,,MANIPUR,0.04,669.27,0.03,2.7
2023-05,,LADAKH,0.03,412.84,0.02,1.72
2023-05,,ANDAMAN & NICOBAR,0.02,336.3,0.02,1.66
2023-05,,LAKSHADWEEP,0.0,21.79,0.0,0.08
2023-05,,UNCLASSIFIED#,14.57,216957.59,14.65,1379.48
2023-06,,MAHARASHTRA,18.59,274244.34,20.98,1958.64
2023-06,,KARNATAKA,7.93,116958.14,8.7,812.5
2023-06,,TELANGANA,8.75,129049.85,7.61,710.27
2023-06,,UTTAR PRADESH,6.12,90290.44,6.39,596.11
2023-06,,TAMIL NADU,5.37,79245.18,4.92,458.92
2023-06,,MADHYA PRADESH,4.32,63711.04,4.58,427.33
2023-06,,DELHI,3.72,54882.65,4.14,386.86
2023-06,,RAJASTHAN,3.77,55593.65,3.62,337.69
2023-06,,ANDHRA PRADESH,4.27,62976.99,3.16,295.26
2023-06,,GUJARAT,3.15,46487.59,2.98,277.76
2023-06,,WEST BENGAL,3.36,49603.55,2.93,273.83
2023-06,,BIHAR,3.26,48095.78,2.82,262.96
2023-06,,HARYANA,2.38,35090.23,2.42,226.29
2023-06,,KERALA,2.23,32879.15,2.3,215.06
2023-06,,ODISHA,2.04,30051.56,2.12,197.7
2023-06,,PUNJAB,1.51,22242.08,1.33,124.17
2023-06,,ASSAM,0.95,14075.95,0.96,89.22
2023-06,,JHARKHAND,0.94,13802.1,0.95,88.77
2023-06,,UTTARAKHAND,0.77,11384.06,0.85,79.35
2023-06,,CHHATTISGARH,0.71,10536.22,0.78,73.13
2023-06,,HIMACHAL PRADESH,0.37,5510.42,0.4,37.47
2023-06,,JAMMU AND KASHMIR,0.34,5058.35,0.33,30.84
2023-06,,GOA,0.19,2779.41,0.2,18.53
2023-06,,CHANDIGARH,0.16,2430.14,0.19,17.6
2023-06,,PUDUCHERRY,0.11,1551.66,0.11,10.24
2023-06,,ARUNACHAL PRADESH,0.09,1376.41,0.08,7.69
2023-06,,TRIPURA,0.07,980.89,0.06,5.62
2023-06,,DADRA & NAGAR HAVELI & DAMAN & DIU,0.04,651.41,0.06,5.35
2023-06,,NAGALAND,0.08,1176.33,0.05,5.03
2023-06,,MEGHALAYA,0.05,811.42,0.05,4.22
2023-06,,SIKKIM,0.05,718.62,0.04,3.91
2023-06,,MIZORAM,0.06,905.89,0.04,3.74
2023-06,,MANIPUR,0.03,497.29,0.02,1.9
2023-06,,LADAKH,0.03,454.94,0.02,1.81
2023-06,,ANDAMAN & NICOBAR,0.02,305.91,0.02,1.56
2023-06,,LAKSHADWEEP,0.0,20.5,0.0,0.08
2023-06,,UNCLASSIFIED#,14.17,209034.13,13.79,1287.64
2023-07,,MAHARASHTRA,18.15,278351.31,20.41,2034.12
2023-07,,KARNATAKA,8.0,122630.19,8.73,870.28
2023-07,,TELANGANA,8.34,127885.79,7.23,720.58
2023-07,,UTTAR PRADESH,5.93,90963.74,6.33,630.3
2023-07,,TAMIL NADU,5.41,83009.09,4.96,494.19
2023-07,,MADHYA PRADESH,4.34,66620.88,4.73,471.51
2023-07,,RAJASTHAN,4.11,63069.1,4.07,405.86
2023-07,,DELHI,3.54,54276.07,3.99,397.81
2023-07,,ANDHRA PRADESH,4.37,67084.86,3.24,323.27
2023-07,,GUJARAT,3.23,49555.82,3.03,302.19
2023-07,,WEST BENGAL,3.27,50112.15,2.91,289.59
2023-07,,BIHAR,3.05,46720.09,2.83,281.52
2023-07,,HARYANA,2.43,37267.08,2.48,246.82
2023-07,,KERALA,2.21,33854.52,2.25,224.03
2023-07,,ODISHA,2.03,31154.66,2.09,208.06
2023-07,,PUNJAB,1.53,23480.6,1.33,132.51
2023-07,,JHARKHAND,0.93,14277.91,0.97,96.74
2023-07,,ASSAM,0.95,14637.06,0.97,96.55
2023-07,,CHHATTISGARH,0.76,11730.08,0.85,84.67
2023-07,,UTTARAKHAND,0.7,10785.35,0.79,78.54
2023-07,,HIMACHAL PRADESH,0.31,4716.73,0.34,33.86
2023-07,,JAMMU AND KASHMIR,0.35,5337.27,0.32,32.26
2023-07,,CHANDIGARH,0.17,2592.68,0.19,18.75
2023-07,,GOA,0.18,2746.69,0.18,18.42
2023-07,,PUDUCHERRY,0.11,1653.48,0.11,11.1
2023-07,,ARUNACHAL PRADESH,0.09,1373.51,0.08,8.14
2023-07,,TRIPURA,0.07,1064.86,0.06,6.24
2023-07,,DADRA & NAGAR HAVELI & DAMAN & DIU,0.04,677.01,0.06,5.63
2023-07,,NAGALAND,0.08,1204.72,0.05,5.14
2023-07,,MEGHALAYA,0.06,950.01,0.05,5.11
2023-07,,MIZORAM,0.06,923.43,0.04,4.03
2023-07,,SIKKIM,0.04,645.73,0.04,3.81
2023-07,,LADAKH,0.03,483.88,0.02,1.94
2023-07,,ANDAMAN & NICOBAR,0.02,318.73,0.02,1.69
2023-07,,MANIPUR,0.03,475.02,0.02,1.59
2023-07,,LAKSHADWEEP,0.0,21.03,0.0,0.09
2023-07,,UNCLASSIFIED#,15.06,230885.29,14.23,1417.69
2023-08,,MAHARASHTRA,17.95,282946.53,20.02,2119.31
2023-08,,KARNATAKA,8.05,126876.33,8.73,924.36
2023-08,,TELANGANA,8.11,127817.82,7.12,753.64
2023-08,,UTTAR PRADESH,5.97,94133.08,6.41,678.37
2023-08,,TAMIL NADU,5.35,84388.17,4.83,511.03
2023-08,,MADHYA PRADESH,4.31,67895.74,4.75,502.8
2023-08,,RAJASTHAN,4.4,69380.56,4.34,459.93
2023-08,,DELHI,3.36,52953.64,3.82,404.03
2023-08,,ANDHRA PRADESH,4.43,69909.85,3.3,349.58
2023-08,,GUJARAT,3.28,51778.19,3.07,325.34
2023-08,,BIHAR,3.03,47814.69,2.91,307.74
2023-08,,WEST BENGAL,3.1,48819.44,2.7,286.09
2023-08,,HARYANA,2.43,38322.05,2.42,255.9
2023-08,,KERALA,2.37,37438.7,2.36,249.36
2023-08,,ODISHA,1.94,30594.38,2.08,220.05
2023-08,,PUNJAB,1.57,24812.53,1.39,147.14
2023-08,,ASSAM,0.98,15516.16,1.0,105.93
2023-08,,JHARKHAND,0.92,14547.31,0.99,104.67
2023-08,,CHHATTISGARH,0.81,12772.92,0.92,97.25
2023-08,,UTTARAKHAND,0.68,10706.66,0.77,81.71
2023-08,,HIMACHAL PRADESH,0.3,4698.18,0.33,35.23
2023-08,,JAMMU AND KASHMIR,0.34,5283.63,0.33,34.8
2023-08,,CHANDIGARH,0.18,2829.23,0.2,21.26
2023-08,,GOA,0.19,2970.56,0.2,20.95
2023-08,,PUDUCHERRY,0.11,1708.52,0.11,11.56
2023-08,,ARUNACHAL PRADESH,0.09,1434.45,0.08,8.78
2023-08,,TRIPURA,0.07,1123.71,0.06,6.75
2023-08,,DADRA & NAGAR HAVELI & DAMAN & DIU,0.04,698.87,0.06,6.23
2023-08,,MEGHALAYA,0.07,1098.18,0.06,6.11
2023-08,,NAGALAND,0.08,1245.07,0.05,5.5
2023-08,,MIZORAM,0.06,939.12,0.04,4.27
2023-08,,SIKKIM,0.04,644.83,0.04,3.87
2023-08,,MANIPUR,0.05,770.73,0.02,2.29
2023-08,,LADAKH,0.03,480.89,0.02,2.05
2023-08,,ANDAMAN & NICOBAR,0.02,338.88,0.02,1.84
2023-08,,LAKSHADWEEP,0.0,23.1,0.0,0.11
2023-08,,UNCLASSIFIED#,15.28,240823.86,14.45,1530.17
2023-09,,MAHARASHTRA,18.16,286792.45,20.43,2156.02
2023-09,,KARNATAKA,7.96,125683.26,8.5,896.89
2023-09,,TELANGANA,7.67,121128.45,6.76,713.29
2023-09,,UTTAR PRADESH,6.03,95195.96,6.45,680.36
2023-09,,TAMIL NADU,5.44,85968.46,4.94,521.85
2023-09,,MADHYA PRADESH,4.39,69250.13,4.86,512.81
2023-09,,RAJASTHAN,4.19,66104.53,4.09,431.28
2023-09,,DELHI,3.49,55139.92,3.94,416.31
2023-09,,ANDHRA PRADESH,4.25,67178.11,3.19,336.99
2023-09,,GUJARAT,3.27,51590.99,3.02,319.31
2023-09,,BIHAR,3.08,48595.98,2.89,305.39
2023-09,,WEST BENGAL,3.08,48707.55,2.66,280.3
2023-09,,HARYANA,2.51,39655.16,2.52,265.59
2023-09,,KERALA,2.24,35412.25,2.25,237.42
2023-09,,ODISHA,1.97,31146.94,2.13,224.43
2023-09,,PUNJAB,1.56,24711.78,1.39,146.64
2023-09,,ASSAM,1.01,15968.78,1.04,110.01
2023-09,,JHARKHAND,0.95,14937.74,0.99,104.08
2023-09,,CHHATTISGARH,0.81,12764.1,0.92,97.4
2023-09,,UTTARAKHAND,0.7,11010.69,0.79,83.19
2023-09,,HIMACHAL PRADESH,0.32,5035.77,0.35,36.61
2023-09,,JAMMU AND KASHMIR,0.34,5399.43,0.34,35.83
2023-09,,CHANDIGARH,0.18,2853.16,0.2,21.45
2023-09,,GOA,0.19,3017.62,0.2,20.69
2023-09,,PUDUCHERRY,0.11,1688.3,0.11,11.4
2023-09,,ARUNACHAL PRADESH,0.09,1498.65,0.09,9.41
2023-09,,TRIPURA,0.08,1274.91,0.07,7.52
2023-09,,DADRA & NAGAR HAVELI & DAMAN & DIU,0.05,718.59,0.06,6.32
2023-09,,NAGALAND,0.08,1240.15,0.05,5.64
2023-09,,MEGHALAYA,0.06,959.02,0.05,5.41
2023-09,,MIZORAM,0.06,1000.59,0.04,4.6
2023-09,,SIKKIM,0.04,683.81,0.04,4.1
2023-09,,MANIPUR,0.07,1069.54,0.03,3.53
2023-09,,LADAKH,0.03,481.1,0.02,2.1
2023-09,,ANDAMAN & NICOBAR,0.02,347.87,0.02,1.87
2023-09,,LAKSHADWEEP,0.0,25.16,0.0,0.13
2023-09,,UNCLASSIFIED#,15.51,244896.29,14.58,1539.54
2023-10,,MAHARASHTRA,17.32,297168.32,19.51,2225.55
2023-10,,KARNATAKA,7.77,133243.89,8.39,957.72
2023-10,,TELANGANA,7.71,132269.35,6.82,778.04
2023-10,,UTTAR PRADESH,6.29,107856.43,6.6,752.99
2023-10,,MADHYA PRADESH,4.72,81040.7,5.15,588.01
2023-10,,TAMIL NADU,5.09,87385.36,4.72,538.52
2023-10,,RAJASTHAN,4.24,72771.58,4.05,461.98
2023-10,,DELHI,3.53,60577.68,3.94,449.9
2023-10,,GUJARAT,3.37,57809.55,3.19,364.34
2023-10,,ANDHRA PRADESH,4.19,71941.95,3.17,361.83
2023-10,,BIHAR,3.16,54202.12,3.01,343.88
2023-10,,WEST BENGAL,3.19,54677.68,2.82,321.25
2023-10,,HARYANA,2.62,44962.4,2.57,293.23
2023-10,,KERALA,2.14,36657.16,2.23,254.32
2023-10,,ODISHA,2.02,34574.49,2.13,243.43
2023-10,,PUNJAB,1.61,27543.17,1.4,159.72
2023-10,,ASSAM,1.03,17712.04,1.05,120.12
2023-10,,JHARKHAND,0.99,16946.85,1.04,118.93
2023-10,,CHHATTISGARH,0.8,13782.56,0.89,101.78
2023-10,,UTTARAKHAND,0.77,13132.59,0.84,96.06
2023-10,,HIMACHAL PRADESH,0.33,5717.15,0.36,41.56
2023-10,,JAMMU AND KASHMIR,0.36,6198.21,0.35,39.88
2023-10,,GOA,0.2,3467.39,0.21,24.06
2023-10,,CHANDIGARH,0.18,3120.47,0.2,23.01
2023-10,,PUDUCHERRY,0.1,1767.06,0.11,12.31
2023-10,,ARUNACHAL PRADESH,0.09,1604.37,0.09,9.81
2023-10,,TRIPURA,0.08,1429.11,0.07,8.47
2023-10,,DADRA & NAGAR HAVELI & DAMAN & DIU,0.05,787.39,0.06,7.1
2023-10,,NAGALAND,0.08,1350.3,0.05,6.03
2023-10,,MEGHALAYA,0.06,1063.95,0.05,5.93
2023-10,,MIZORAM,0.06,1067.95,0.04,4.87
2023-10,,MANIPUR,0.08,1333.58,0.04,4.09
2023-10,,SIKKIM,0.04,697.17,0.03,3.85
2023-10,,ANDAMAN & NICOBAR,0.02,396.87,0.02,2.11
2023-10,,LADAKH,0.03,468.85,0.02,2.02
2023-10,,LAKSHADWEEP,0.0,30.13,0.0,0.17
2023-10,,UNCLASSIFIED#,15.68,269012.53,14.74,1681.93
2023-11,,MAHARASHTRA,16.63,289387.43,18.54,2083.44
2023-11,,KARNATAKA,7.59,132126.57,8.32,935.02
2023-11,,UTTAR PRADESH,6.84,118988.81,7.0,786.83
2023-11,,TELANGANA,7.58,131905.47,6.81,764.77
2023-11,,TAMIL NADU,5.02,87369.93,4.68,525.3
2023-11,,MADHYA PRADESH,4.15,72171.99,4.54,510.51
2023-11,,RAJASTHAN,4.28,74471.53,4.02,451.81
2023-11,,DELHI,3.54,61568.09,3.84,431.73
2023-11,,ANDHRA PRADESH,4.26,74054.42,3.35,376.19
2023-11,,BIHAR,3.47,60451.55,3.34,375.47
2023-11,,GUJARAT,3.35,58262.18,3.01,338.54
2023-11,,WEST BENGAL,3.09,53753.8,2.79,312.97
2023-11,,HARYANA,2.59,45139.63,2.49,279.29
2023-11,,KERALA,2.11,36759.86,2.3,258.38
2023-11,,ODISHA,1.97,34247.19,2.17,244.19
2023-11,,PUNJAB,1.66,28826.5,1.37,154.3
2023-11,,JHARKHAND,1.02,17742.21,1.09,122.61
2023-11,,ASSAM,1.02,17829.16,1.07,120.23
2023-11,,CHHATTISGARH,0.76,13195.54,0.84,93.91
2023-11,,UTTARAKHAND,0.74,12869.19,0.8,90.04
2023-11,,HIMACHAL PRADESH,0.33,5732.29,0.36,40.7
2023-11,,JAMMU AND KASHMIR,0.36,6345.35,0.36,40.66
2023-11,,GOA,0.2,3516.93,0.22,24.47
2023-11,,CHANDIGARH,0.18,3189.81,0.2,22.35
2023-11,,PUDUCHERRY,0.1,1749.0,0.11,11.83
2023-11,,ARUNACHAL PRADESH,0.1,1663.05,0.09,10.24
2023-11,,TRIPURA,0.08,1343.51,0.07,7.98
2023-11,,DADRA & NAGAR HAVELI & DAMAN & DIU,0.05,835.34,0.06,7.13
2023-11,,MEGHALAYA,0.07,1169.9,0.06,6.55
2023-11,,NAGALAND,0.08,1349.79,0.05,5.82
2023-11,,MIZORAM,0.07,1170.88,0.05,5.4
2023-11,,MANIPUR,0.08,1434.65,0.04,4.29
2023-11,,SIKKIM,0.04,662.18,0.03,3.84
2023-11,,ANDAMAN & NICOBAR,0.02,427.62,0.02,2.22
2023-11,,LADAKH,0.02,369.58,0.02,1.71
2023-11,,LAKSHADWEEP,0.0,32.3,0.0,0.2
2023-11,,UNCLASSIFIED#,16.53,287627.38,15.88,1784.35
2023-12,,MAHARASHTRA,12.6,229753.56,14.53,1746.49
2023-12,,KARNATAKA,7.06,128746.92,7.66,921.02
2023-12,,UTTAR PRADESH,6.34,115581.23,6.44,774.15
2023-12,,TELANGANA,6.49,118318.89,5.65,679.54
2023-12,,TAMIL NADU,4.58,83498.19,4.26,511.92
2023-12,,RAJASTHAN,4.1,74773.6,3.81,458.04
2023-12,,ANDHRA PRADESH,4.62,84149.99,3.64,437.75
2023-12,,MADHYA PRADESH,2.95,53739.43,3.2,384.08
2023-12,,DELHI,2.72,49607.1,2.98,358.56
2023-12,,GUJARAT,3.17,57762.41,2.84,341.58
2023-12,,BIHAR,3.05,55538.69,2.77,332.74
2023-12,,WEST BENGAL,2.92,53216.78,2.53,303.96
2023-12,,HARYANA,2.52,45897.55,2.42,290.86
2023-12,,KERALA,2.14,39059.74,2.28,273.68
2023-12,,ODISHA,1.9,34650.83,1.99,239.01
2023-12,,PUNJAB,1.57,28595.01,1.26,151.53
2023-12,,JHARKHAND,1.06,19260.59,1.1,132.25
2023-12,,ASSAM,0.95,17256.71,0.97,117.11
2023-12,,CHHATTISGARH,0.8,14542.44,0.88,106.17
2023-12,,UTTARAKHAND,0.62,11377.31,0.69,82.74
2023-12,,HIMACHAL PRADESH,0.32,5760.84,0.35,42.16
2023-12,,JAMMU AND KASHMIR,0.34,6135.21,0.33,39.71
2023-12,,GOA,0.23,4110.01,0.23,27.96
2023-12,,CHANDIGARH,0.15,2737.91,0.17,20.47
2023-12,,PUDUCHERRY,0.1,1834.69,0.11,12.87
2023-12,,ARUNACHAL PRADESH,0.11,1937.35,0.1,11.55
2023-12,,TRIPURA,0.08,1381.1,0.07,8.26
2023-12,,DADRA & NAGAR HAVELI & DAMAN & DIU,0.05,907.49,0.07,8.22
2023-12,,MEGHALAYA,0.07,1341.47,0.06,7.04
2023-12,,MANIPUR,0.09,1630.29,0.05,5.71
2023-12,,NAGALAND,0.08,1401.33,0.05,5.56
2023-12,,MIZORAM,0.07,1217.18,0.05,5.49
2023-12,,SIKKIM,0.04,806.34,0.04,4.59
2023-12,,ANDAMAN & NICOBAR,0.03,491.18,0.02,2.64
2023-12,,LADAKH,0.02,368.7,0.01,1.74
2023-12,,LAKSHADWEEP,0.0,36.4,0.0,0.25
2023-12,,UNCLASSIFIED#,26.09,475524.96,26.4,3172.83
2024-01,,MAHARASHTRA,12.5,230102.34,14.17,1729.3
2024-01,,KARNATAKA,7.43,136780.78,8.09,987.74
2024-01,,UTTAR PRADESH,6.44,118540.28,6.73,821.19
2024-01,,TELANGANA,6.68,123049.67,6.03,736.18
2024-01,,TAMIL NADU,4.81,88612.57,4.52,551.15
2024-01,,RAJASTHAN,4.4,81026.02,4.15,506.55
2024-01,,ANDHRA PRADESH,4.9,90296.94,3.81,465.48
2024-01,,MADHYA PRADESH,3.38,62297.59,3.7,451.9
2024-01,,DELHI,2.91,53572.83,3.23,393.65
2024-01,,GUJARAT,3.39,62424.28,3.09,376.73
2024-01,,BIHAR,3.13,57546.14,2.94,359.24
2024-01,,WEST BENGAL,3.14,57876.9,2.74,334.0
2024-01,,HARYANA,2.55,46875.26,2.48,302.68
2024-01,,KERALA,2.21,40654.71,2.31,282.0
2024-01,,ODISHA,2.06,37962.41,2.12,259.26
2024-01,,PUNJAB,1.56,28653.41,1.26,154.33
2024-01,,JHARKHAND,1.05,19328.2,1.12,137.14
2024-01,,ASSAM,1.04,19230.38,1.07,130.05
2024-01,,CHHATTISGARH,0.86,15870.58,0.92,112.52
2024-01,,UTTARAKHAND,0.64,11783.03,0.7,85.68
2024-01,,JAMMU AND KASHMIR,0.35,6368.15,0.36,43.49
2024-01,,HIMACHAL PRADESH,0.31,5787.9,0.34,41.92
2024-01,,GOA,0.23,4317.69,0.24,29.59
2024-01,,CHANDIGARH,0.15,2843.49,0.17,20.64
2024-01,,PUDUCHERRY,0.1,1889.21,0.11,13.25
2024-01,,ARUNACHAL PRADESH,0.1,1838.79,0.09,11.25
2024-01,,TRIPURA,0.08,1475.69,0.07,8.93
2024-01,,DADRA & NAGAR HAVELI & DAMAN & DIU,0.05,952.91,0.07,8.7
2024-01,,MEGHALAYA,0.06,1178.38,0.05,6.53
2024-01,,MANIPUR,0.09,1730.66,0.05,6.47
2024-01,,NAGALAND,0.07,1259.1,0.04,5.33
2024-01,,MIZORAM,0.06,1092.04,0.04,5.23
2024-01,,SIKKIM,0.04,786.07,0.04,4.58
2024-01,,ANDAMAN & NICOBAR,0.03,493.51,0.02,2.65
2024-01,,LADAKH,0.02,345.77,0.01,1.73
2024-01,,LAKSHADWEEP,0.0,41.42,0.0,0.28
2024-01,,UNCLASSIFIED#,23.15,426198.87,23.07,2815.68
2024-02,,MAHARASHTRA,12.65,231170.06,14.36,1738.47
2024-02,,KARNATAKA,7.92,144752.39,8.58,1038.59
2024-02,,UTTAR PRADESH,7.13,130330.17,7.25,877.83
2024-02,,TELANGANA,7.22,131906.83,6.61,799.49
2024-02,,TAMIL NADU,5.25,95903.84,4.9,592.63
2024-02,,RAJASTHAN,4.76,86997.16,4.46,540.32
2024-02,,MADHYA PRADESH,3.75,68550.32,4.08,493.37
2024-02,,ANDHRA PRADESH,4.84,88395.93,3.82,462.35
2024-02,,DELHI,3.16,57779.48,3.5,423.75
2024-02,,BIHAR,3.58,65518.15,3.31,400.48
2024-02,,GUJARAT,3.56,65150.33,3.24,392.48
2024-02,,WEST BENGAL,3.37,61540.67,2.93,354.85
2024-02,,HARYANA,2.54,46490.93,2.47,298.65
2024-02,,KERALA,2.22,40495.11,2.38,287.59
2024-02,,ODISHA,2.24,40959.41,2.29,277.08
2024-02,,PUNJAB,1.58,28920.21,1.32,160.29
2024-02,,ASSAM,1.19,21725.42,1.23,149.14
2024-02,,JHARKHAND,1.12,20410.18,1.17,141.46
2024-02,,CHHATTISGARH,0.9,16359.98,0.96,115.6
2024-02,,UTTARAKHAND,0.64,11651.77,0.7,84.78
2024-02,,JAMMU AND KASHMIR,0.36,6584.35,0.37,45.24
2024-02,,HIMACHAL PRADESH,0.32,5847.83,0.36,42.98
2024-02,,GOA,0.23,4282.86,0.25,29.94
2024-02,,CHANDIGARH,0.17,3029.82,0.18,22.07
2024-02,,PUDUCHERRY,0.11,1962.33,0.11,13.58
2024-02,,ARUNACHAL PRADESH,0.11,1942.21,0.1,11.96
2024-02,,TRIPURA,0.09,1676.39,0.08,10.15
2024-02,,DADRA & NAGAR HAVELI & DAMAN & DIU,0.05,961.27,0.07,8.57
2024-02,,MEGHALAYA,0.07,1350.39,0.06,7.73
2024-02,,MANIPUR,0.1,1756.54,0.05,6.41
2024-02,,NAGALAND,0.08,1402.9,0.05,6.17
2024-02,,MIZORAM,0.07,1229.93,0.05,5.98
2024-02,,SIKKIM,0.04,795.78,0.04,4.82
2024-02,,ANDAMAN & NICOBAR,0.03,488.59,0.02,2.63
2024-02,,LADAKH,0.02,339.04,0.01,1.68
2024-02,,LAKSHADWEEP,0.0,40.12,0.0,0.29
2024-02,,UNCLASSIFIED#,18.56,339170.69,18.62,2253.26
2024-03,,MAHARASHTRA,12.66,250484.52,13.59,1826.53
2024-03,,KARNATAKA,7.93,156929.06,8.5,1142.17
2024-03,,UTTAR PRADESH,7.11,140637.92,7.44,1000.03
2024-03,,TELANGANA,7.18,141964.06,6.6,887.13
2024-03,,TAMIL NADU,5.25,103876.55,4.88,656.26
2024-03,,RAJASTHAN,4.61,91202.44,4.46,599.75
2024-03,,MADHYA PRADESH,3.89,76913.9,4.28,575.54
2024-03,,ANDHRA PRADESH,4.91,97168.4,3.83,515.34
2024-03,,DELHI,3.02,59757.19,3.49,469.67
2024-03,,BIHAR,3.65,72235.02,3.39,455.84
2024-03,,GUJARAT,3.47,68656.44,3.27,439.51
2024-03,,WEST BENGAL,3.37,66683.59,2.87,386.0
2024-03,,HARYANA,2.55,50497.34,2.61,351.2
2024-03,,ODISHA,2.22,43820.87,2.31,310.0
2024-03,,KERALA,2.23,44213.71,2.31,309.81
2024-03,,PUNJAB,1.58,31180.39,1.39,186.18
2024-03,,ASSAM,1.21,24035.14,1.24,166.53
2024-03,,JHARKHAND,1.14,22507.82,1.17,157.45
2024-03,,CHHATTISGARH,0.9,17789.07,0.98,131.55
2024-03,,UTTARAKHAND,0.62,12359.89,0.72,96.44
2024-03,,JAMMU AND KASHMIR,0.38,7489.54,0.4,53.84
2024-03,,HIMACHAL PRADESH,0.33,6624.41,0.39,51.93
2024-03,,GOA,0.21,4197.43,0.22,30.22
2024-03,,CHANDIGARH,0.17,3422.7,0.2,26.64
2024-03,,PUDUCHERRY,0.1,2067.05,0.11,14.54
2024-03,,ARUNACHAL PRADESH,0.11,2266.76,0.11,14.3
2024-03,,TRIPURA,0.09,1789.75,0.08,11.03
2024-03,,DADRA & NAGAR HAVELI & DAMAN & DIU,0.05,1033.38,0.07,9.77
2024-03,,MEGHALAYA,0.08,1527.77,0.07,9.6
2024-03,,MANIPUR,0.11,2149.56,0.06,8.53
2024-03,,NAGALAND,0.09,1688.06,0.06,8.0
2024-03,,MIZORAM,0.07,1328.97,0.05,6.53
2024-03,,SIKKIM,0.05,890.91,0.04,5.64
2024-03,,ANDAMAN & NICOBAR,0.03,525.36,0.02,2.95
2024-03,,LADAKH,0.02,382.57,0.02,2.11
2024-03,,LAKSHADWEEP,0.0,44.73,0.0,0.32
2024-03,,UNCLASSIFIED#,18.6,368010.97,18.76,2521.15
2024-04,,MAHARASHTRA,12.5,245463.14,13.37,1779.25
2024-04,,KARNATAKA,7.81,153489.72,8.23,1095.55
2024-04,,UTTAR PRADESH,7.22,141875.13,7.57,1007.12
2024-04,,TELANGANA,7.04,138376.57,6.4,851.14
2024-04,,TAMIL NADU,5.14,101057.95,4.8,638.48
2024-04,,RAJASTHAN,4.55,89437.41,4.41,586.35
2024-04,,MADHYA PRADESH,4.08,80171.32,4.37,581.87
2024-04,,ANDHRA PRADESH,5.01,98416.61,3.86,513.63
2024-04,,BIHAR,3.82,75106.9,3.58,475.94
2024-04,,DELHI,2.98,58505.66,3.48,463.58
2024-04,,GUJARAT,3.4,66727.0,3.24,431.65
2024-04,,WEST BENGAL,3.31,64939.85,2.91,387.08
2024-04,,HARYANA,2.57,50557.95,2.63,349.9
2024-04,,KERALA,2.27,44570.14,2.34,311.31
2024-04,,ODISHA,2.05,40347.56,2.22,295.47
2024-04,,PUNJAB,1.58,30985.4,1.41,187.49
2024-04,,ASSAM,1.22,23893.99,1.29,171.13
2024-04,,JHARKHAND,1.15,22618.61,1.19,158.97
2024-04,,CHHATTISGARH,0.9,17607.35,0.98,129.73
2024-04,,UTTARAKHAND,0.69,13493.01,0.8,106.39
2024-04,,JAMMU AND KASHMIR,0.43,8502.35,0.45,60.25
2024-04,,HIMACHAL PRADESH,0.35,6913.91,0.41,55.17
2024-04,,GOA,0.2,3945.63,0.21,27.96
2024-04,,CHANDIGARH,0.18,3619.8,0.21,27.9
2024-04,,PUDUCHERRY,0.1,2006.9,0.11,14.08
2024-04,,ARUNACHAL PRADESH,0.12,2321.35,0.1,12.69
2024-04,,TRIPURA,0.08,1653.37,0.08,10.75
2024-04,,MEGHALAYA,0.08,1479.23,0.07,9.69
2024-04,,DADRA & NAGAR HAVELI & DAMAN & DIU,0.05,990.81,0.07,9.42
2024-04,,MANIPUR,0.11,2111.38,0.06,8.62
2024-04,,NAGALAND,0.08,1632.88,0.06,8.16
2024-04,,MIZORAM,0.07,1282.48,0.05,6.67
2024-04,,SIKKIM,0.05,891.0,0.04,5.39
2024-04,,ANDAMAN & NICOBAR,0.03,535.64,0.02,3.0
2024-04,,LADAKH,0.03,532.87,0.02,2.7
2024-04,,LAKSHADWEEP,0.0,49.41,0.0,0.36
2024-04,,UNCLASSIFIED#,18.75,368354.23,18.94,2519.12
2024-05,,MAHARASHTRA,12.39,253405.96,13.24,1857.65
2024-05,,KARNATAKA,7.97,162894.87,8.23,1155.25
2024-05,,UTTAR PRADESH,6.9,141188.23,7.58,1064.6
2024-05,,TELANGANA,6.94,141990.78,6.2,870.16
2024-05,,TAMIL NADU,5.27,107752.55,4.79,671.77
2024-05,,RAJASTHAN,4.64,94794.85,4.5,630.93
2024-05,,MADHYA PRADESH,3.94,80623.19,4.28,600.07
2024-05,,ANDHRA PRADESH,4.81,98342.9,3.75,526.34
2024-05,,DELHI,2.93,59874.83,3.57,500.74
2024-05,,BIHAR,3.68,75277.17,3.53,495.22
2024-05,,GUJARAT,3.44,70407.04,3.26,457.4
2024-05,,WEST BENGAL,3.24,66216.65,2.88,404.75
2024-05,,HARYANA,2.67,54556.73,2.7,378.41
2024-05,,KERALA,2.32,47360.2,2.31,323.84
2024-05,,ODISHA,2.06,42185.0,2.22,311.37
2024-05,,PUNJAB,1.66,34023.49,1.45,203.58
2024-05,,ASSAM,1.16,23768.3,1.32,185.21
2024-05,,JHARKHAND,1.08,22163.69,1.17,163.73
2024-05,,CHHATTISGARH,0.9,18325.33,0.99,138.69
2024-05,,UTTARAKHAND,0.72,14717.76,0.81,114.22
2024-05,,JAMMU AND KASHMIR,0.45,9133.63,0.48,67.16
2024-05,,HIMACHAL PRADESH,0.37,7654.18,0.44,61.56
2024-05,,CHANDIGARH,0.19,3817.52,0.21,30.06
2024-05,,GOA,0.21,4238.4,0.21,29.77
2024-05,,ARUNACHAL PRADESH,0.12,2353.22,0.11,15.39
2024-05,,PUDUCHERRY,0.11,2147.5,0.11,15.09
2024-05,,TRIPURA,0.08,1615.12,0.08,10.98
2024-05,,MEGHALAYA,0.08,1563.37,0.08,10.73
2024-05,,DADRA & NAGAR HAVELI & DAMAN & DIU,0.05,1049.42,0.07,10.13
2024-05,,NAGALAND,0.09,1838.71,0.07,9.68
2024-05,,MANIPUR,0.11,2161.9,0.06,8.71
2024-05,,MIZORAM,0.07,1378.69,0.05,7.11
2024-05,,SIKKIM,0.05,1051.32,0.05,6.38
2024-05,,LADAKH,0.03,653.08,0.02,3.36
2024-05,,ANDAMAN & NICOBAR,0.03,544.81,0.02,3.01
2024-05,,LAKSHADWEEP,0.0,48.44,0.0,0.37
2024-05,,UNCLASSIFIED#,19.26,393818.21,19.18,2692.43
2024-06,,MAHARASHTRA,12.56,252008.51,13.16,1827.94
2024-06,,KARNATAKA,7.87,158022.89,8.21,1140.18
2024-06,,UTTAR PRADESH,6.67,133867.63,7.34,1018.74
2024-06,,TELANGANA,7.1,142465.64,6.33,878.6
2024-06,,TAMIL NADU,5.35,107352.87,4.78,663.61
2024-06,,RAJASTHAN,4.5,90403.66,4.44,615.97
2024-06,,MADHYA PRADESH,3.77,75744.52,4.09,567.43
2024-06,,ANDHRA PRADESH,4.69,94162.9,3.71,514.47
2024-06,,BIHAR,3.67,73741.4,3.5,486.02
2024-06,,DELHI,2.82,56600.66,3.38,469.85
2024-06,,GUJARAT,3.42,68664.93,3.26,452.59
2024-06,,WEST BENGAL,3.39,68076.9,3.03,421.23
2024-06,,HARYANA,2.54,50928.34,2.62,363.84
2024-06,,KERALA,2.21,44455.91,2.25,312.74
2024-06,,ODISHA,2.09,41961.3,2.24,311.53
2024-06,,PUNJAB,1.55,31019.54,1.37,189.55
2024-06,,ASSAM,1.13,22657.67,1.34,185.41
2024-06,,JHARKHAND,1.1,22088.48,1.17,162.72
2024-06,,CHHATTISGARH,0.91,18173.83,0.98,135.97
2024-06,,UTTARAKHAND,0.69,13873.68,0.77,107.43
2024-06,,JAMMU AND KASHMIR,0.46,9257.4,0.48,66.81
2024-06,,HIMACHAL PRADESH,0.39,7786.25,0.44,60.51
2024-06,,GOA,0.2,4020.18,0.2,27.92
2024-06,,CHANDIGARH,0.17,3446.21,0.2,27.18
2024-06,,ARUNACHAL PRADESH,0.11,2158.51,0.11,15.05
2024-06,,PUDUCHERRY,0.11,2128.41,0.11,14.97
2024-06,,TRIPURA,0.08,1581.02,0.08,10.8
2024-06,,MEGHALAYA,0.07,1500.13,0.08,10.72
2024-06,,DADRA & NAGAR HAVELI & DAMAN & DIU,0.05,1063.82,0.07,10.21
2024-06,,NAGALAND,0.08,1682.06,0.07,9.46
2024-06,,MANIPUR,0.11,2164.6,0.07,9.04
2024-06,,MIZORAM,0.07,1313.47,0.05,7.02
2024-06,,SIKKIM,0.05,934.34,0.04,6.04
2024-06,,LADAKH,0.04,792.33,0.03,3.87
2024-06,,ANDAMAN & NICOBAR,0.02,489.58,0.02,2.9
2024-06,,LAKSHADWEEP,0.0,40.58,0.0,0.35
2024-06,,UNCLASSIFIED#,19.95,400451.04,20.0,2776.47
2024-07,,MAHARASHTRA,12.09,249506.36,12.85,1855.4
2024-07,,KARNATAKA,7.73,159553.82,8.09,1168.35
2024-07,,UTTAR PRADESH,6.44,132974.21,6.91,997.05
2024-07,,TELANGANA,6.9,142350.66,6.19,893.66
2024-07,,TAMIL NADU,5.16,106563.19,4.69,677.2
2024-07,,RAJASTHAN,4.49,92634.63,4.37,630.17
2024-07,,MADHYA PRADESH,3.66,75482.42,4.0,577.98
2024-07,,ANDHRA PRADESH,4.71,97187.27,3.71,535.67
2024-07,,BIHAR,3.43,70842.67,3.33,481.01
2024-07,,GUJARAT,3.35,69129.55,3.14,453.24
2024-07,,DELHI,2.75,56673.15,3.14,452.93
2024-07,,WEST BENGAL,3.33,68677.12,2.98,429.78
2024-07,,HARYANA,2.49,51482.87,2.5,360.77
2024-07,,ODISHA,2.09,43116.58,2.22,320.19
2024-07,,KERALA,2.15,44478.13,2.18,315.38
2024-07,,PUNJAB,1.52,31460.15,1.3,187.81
2024-07,,ASSAM,1.07,22156.74,1.29,186.19
2024-07,,JHARKHAND,1.12,23060.05,1.17,168.74
2024-07,,CHHATTISGARH,0.86,17785.47,0.94,135.5
2024-07,,UTTARAKHAND,0.6,12476.1,0.67,97.26
2024-07,,JAMMU AND KASHMIR,0.45,9241.72,0.46,66.47
2024-07,,HIMACHAL PRADESH,0.33,6898.38,0.37,52.82
2024-07,,CHANDIGARH,0.18,3700.09,0.2,28.39
2024-07,,GOA,0.18,3695.04,0.18,25.66
2024-07,,ARUNACHAL PRADESH,0.11,2182.02,0.11,15.73
2024-07,,PUDUCHERRY,0.1,2149.67,0.11,15.23
2024-07,,MEGHALAYA,0.08,1574.17,0.08,11.17
2024-07,,TRIPURA,0.08,1598.7,0.07,10.75
2024-07,,NAGALAND,0.08,1738.49,0.07,10.11
2024-07,,MANIPUR,0.11,2258.33,0.07,9.74
2024-07,,DADRA & NAGAR HAVELI & DAMAN & DIU,0.05,1022.7,0.07,9.64
2024-07,,MIZORAM,0.06,1298.71,0.05,7.21
2024-07,,SIKKIM,0.04,855.82,0.04,5.92
2024-07,,LADAKH,0.04,770.2,0.03,3.88
2024-07,,ANDAMAN & NICOBAR,0.02,491.7,0.02,2.99
2024-07,,LAKSHADWEEP,0.0,39.56,0.0,0.35
2024-07,,UNCLASSIFIED#,22.15,457185.99,22.41,3235.23
2024-08,,MAHARASHTRA,11.48,236602.01,12.6,1884.85
2024-08,,KARNATAKA,7.78,160368.38,7.91,1182.92
2024-08,,UTTAR PRADESH,5.9,121507.51,6.23,931.98
2024-08,,TELANGANA,7.01,144389.06,6.14,918.97
2024-08,,TAMIL NADU,5.12,105507.85,4.53,677.8
2024-08,,RAJASTHAN,4.12,84947.05,3.99,597.32
2024-08,,MADHYA PRADESH,3.44,70795.32,3.74,558.88
2024-08,,ANDHRA PRADESH,4.81,99099.85,3.71,555.05
2024-08,,BIHAR,3.2,65935.33,3.12,466.15
2024-08,,GUJARAT,3.17,65381.35,2.91,435.29
2024-08,,WEST BENGAL,3.16,65053.05,2.8,419.64
2024-08,,DELHI,2.4,49497.98,2.68,400.67
2024-08,,HARYANA,2.26,46509.17,2.2,328.91
2024-08,,KERALA,2.23,45879.13,2.2,328.82
2024-08,,ODISHA,1.94,39936.62,2.13,318.71
2024-08,,ASSAM,1.03,21310.73,1.2,179.44
2024-08,,PUNJAB,1.37,28217.51,1.17,175.29
2024-08,,JHARKHAND,0.99,20378.75,1.06,158.2
2024-08,,CHHATTISGARH,0.82,16912.86,0.89,133.83
2024-08,,UTTARAKHAND,0.57,11817.2,0.63,94.7
2024-08,,JAMMU AND KASHMIR,0.43,8803.92,0.42,63.18
2024-08,,HIMACHAL PRADESH,0.3,6252.15,0.33,48.66
2024-08,,GOA,0.18,3783.78,0.18,27.16
2024-08,,CHANDIGARH,0.16,3306.96,0.18,26.22
2024-08,,PUDUCHERRY,0.1,2135.31,0.1,15.12
2024-08,,ARUNACHAL PRADESH,0.1,2052.75,0.1,14.91
2024-08,,MEGHALAYA,0.07,1454.13,0.07,9.89
2024-08,,TRIPURA,0.07,1417.55,0.07,9.87
2024-08,,MANIPUR,0.11,2194.45,0.06,9.73
2024-08,,DADRA & NAGAR HAVELI & DAMAN & DIU,0.05,992.73,0.06,9.72
2024-08,,NAGALAND,0.08,1564.87,0.06,8.77
2024-08,,MIZORAM,0.06,1281.44,0.05,7.22
2024-08,,SIKKIM,0.04,813.44,0.04,5.78
2024-08,,LADAKH,0.03,705.94,0.02,3.5
2024-08,,ANDAMAN & NICOBAR,0.02,489.24,0.02,3.0
2024-08,,LAKSHADWEEP,0.0,41.4,0.0,0.37
2024-08,,UNCLASSIFIED#,25.4,523398.82,26.42,3952.54
2024-09,,MAHARASHTRA,11.46,236569.03,12.78,1921.65
2024-09,,KARNATAKA,7.77,160384.81,7.83,1177.67
2024-09,,UTTAR PRADESH,5.84,120545.17,6.21,934.8
2024-09,,TELANGANA,6.73,138868.45,6.01,903.59
2024-09,,TAMIL NADU,5.06,104511.95,4.5,677.22
2024-09,,RAJASTHAN,4.2,86708.82,4.07,611.85
2024-09,,ANDHRA PRADESH,4.58,94580.08,3.6,542.1
2024-09,,MADHYA PRADESH,3.25,67023.14,3.53,530.34
2024-09,,BIHAR,3.18,65536.16,3.09,464.06
2024-09,,GUJARAT,3.32,68576.37,3.0,451.88
2024-09,,WEST BENGAL,3.31,68329.39,2.88,433.3
2024-09,,DELHI,2.43,50173.14,2.8,421.2
2024-09,,HARYANA,2.25,46386.4,2.25,338.58
2024-09,,ODISHA,1.98,40771.74,2.2,330.33
2024-09,,KERALA,2.22,45855.58,2.19,328.85
2024-09,,ASSAM,1.03,21297.03,1.19,178.99
2024-09,,PUNJAB,1.34,27746.05,1.17,175.3
2024-09,,JHARKHAND,1.0,20697.4,1.05,157.39
2024-09,,CHHATTISGARH,0.84,17367.52,0.93,139.4
2024-09,,UTTARAKHAND,0.58,11894.78,0.64,96.9
2024-09,,JAMMU AND KASHMIR,0.45,9238.54,0.43,65.19
2024-09,,HIMACHAL PRADESH,0.31,6379.72,0.33,49.18
2024-09,,GOA,0.19,3820.31,0.18,27.3
2024-09,,CHANDIGARH,0.16,3242.29,0.18,26.39
2024-09,,ARUNACHAL PRADESH,0.1,1961.17,0.1,14.94
2024-09,,PUDUCHERRY,0.1,2074.71,0.1,14.88
2024-09,,TRIPURA,0.08,1580.23,0.07,10.68
2024-09,,MEGHALAYA,0.07,1520.91,0.07,10.49
2024-09,,DADRA & NAGAR HAVELI & DAMAN & DIU,0.05,998.03,0.07,9.91
2024-09,,MANIPUR,0.09,1910.52,0.05,8.17
2024-09,,NAGALAND,0.07,1468.38,0.05,8.16
2024-09,,MIZORAM,0.06,1279.85,0.05,7.35
2024-09,,SIKKIM,0.04,864.13,0.04,6.08
2024-09,,LADAKH,0.03,668.7,0.02,3.34
2024-09,,ANDAMAN & NICOBAR,0.02,490.42,0.02,3.03
2024-09,,LAKSHADWEEP,0.0,41.72,0.0,0.36
2024-09,,UNCLASSIFIED#,25.81,532632.08,26.33,3960.88
2024-10,,MAHARASHTRA,11.96,281102.94,13.14,2179.81
2024-10,,KARNATAKA,7.27,170913.06,7.44,1233.2
2024-10,,UTTAR PRADESH,6.11,143596.48,6.36,1054.58
2024-10,,TELANGANA,6.32,148396.28,5.78,958.36
2024-10,,TAMIL NADU,4.78,112218.72,4.32,716.36
2024-10,,RAJASTHAN,4.32,101450.43,4.05,670.95
2024-10,,ANDHRA PRADESH,4.44,104286.56,3.56,590.87
2024-10,,MADHYA PRADESH,3.24,76062.12,3.44,571.11
2024-10,,BIHAR,3.21,75323.7,3.17,526.07
2024-10,,GUJARAT,3.6,84525.81,3.15,523.09
2024-10,,WEST BENGAL,3.17,74530.28,2.88,478.37
2024-10,,DELHI,2.42,56868.8,2.8,464.76
2024-10,,HARYANA,2.26,53130.4,2.24,371.79
2024-10,,ODISHA,1.95,45861.83,2.15,356.17
2024-10,,KERALA,1.99,46868.53,2.08,345.6
2024-10,,ASSAM,0.99,23299.91,1.17,194.5
2024-10,,PUNJAB,1.35,31784.38,1.15,191.35
2024-10,,JHARKHAND,1.08,25349.09,1.14,188.38
2024-10,,CHHATTISGARH,0.9,21085.47,0.95,157.99
2024-10,,UTTARAKHAND,0.66,15437.66,0.72,118.69
2024-10,,JAMMU AND KASHMIR,0.47,10953.0,0.43,71.73
2024-10,,HIMACHAL PRADESH,0.33,7815.12,0.34,56.14
2024-10,,GOA,0.19,4357.6,0.19,31.08
2024-10,,CHANDIGARH,0.15,3597.79,0.17,27.82
2024-10,,PUDUCHERRY,0.1,2271.73,0.1,16.19
2024-10,,ARUNACHAL PRADESH,0.09,2136.93,0.09,15.67
2024-10,,TRIPURA,0.07,1721.97,0.07,11.68
2024-10,,DADRA & NAGAR HAVELI & DAMAN & DIU,0.05,1182.64,0.07,11.26
2024-10,,MEGHALAYA,0.07,1637.22,0.07,11.17
2024-10,,MANIPUR,0.11,2472.36,0.06,10.71
2024-10,,NAGALAND,0.07,1737.54,0.06,10.07
2024-10,,MIZORAM,0.06,1434.5,0.05,8.29
2024-10,,SIKKIM,0.04,1025.11,0.04,6.64
2024-10,,ANDAMAN & NICOBAR,0.02,567.76,0.02,3.36
2024-10,,LADAKH,0.03,680.84,0.02,3.21
2024-10,,LAKSHADWEEP,0.0,48.19,0.0,0.42
2024-10,,UNCLASSIFIED#,26.13,614088.74,26.52,4397.54
2024-11,,MAHARASHTRA,11.29,243220.45,12.71,1967.07
2024-11,,KARNATAKA,7.58,163394.2,7.78,1204.97
2024-11,,UTTAR PRADESH,6.76,145688.84,6.75,1044.79
2024-11,,TELANGANA,6.76,145611.57,6.06,938.62
2024-11,,TAMIL NADU,4.83,104101.32,4.43,685.76
2024-11,,RAJASTHAN,4.45,95807.51,4.01,621.05
2024-11,,ANDHRA PRADESH,4.68,100931.78,3.8,588.66
2024-11,,BIHAR,3.66,78776.84,3.46,535.28
2024-11,,MADHYA PRADESH,3.3,71168.69,3.45,534.77
2024-11,,WEST BENGAL,3.34,71880.33,2.97,460.4
2024-11,,GUJARAT,3.05,65671.33,2.89,447.82
2024-11,,DELHI,2.57,55291.59,2.85,441.99
2024-11,,ODISHA,2.05,44116.28,2.29,354.18
2024-11,,HARYANA,2.39,51552.8,2.23,346.02
2024-11,,KERALA,2.16,46483.04,2.22,343.35
2024-11,,ASSAM,1.08,23338.48,1.27,196.97
2024-11,,PUNJAB,1.5,32257.61,1.19,184.09
2024-11,,JHARKHAND,1.12,24110.49,1.18,182.02
2024-11,,CHHATTISGARH,0.83,17873.5,0.9,139.98
2024-11,,UTTARAKHAND,0.68,14691.68,0.73,112.61
2024-11,,JAMMU AND KASHMIR,0.47,10163.69,0.45,70.0
2024-11,,HIMACHAL PRADESH,0.32,6997.02,0.34,52.29
2024-11,,GOA,0.21,4419.48,0.2,31.72
2024-11,,CHANDIGARH,0.15,3289.62,0.16,25.13
2024-11,,ARUNACHAL PRADESH,0.1,2166.79,0.1,16.09
2024-11,,PUDUCHERRY,0.1,2069.73,0.1,15.08
2024-11,,MEGHALAYA,0.08,1769.21,0.08,12.36
2024-11,,TRIPURA,0.08,1727.38,0.08,11.72
2024-11,,DADRA & NAGAR HAVELI & DAMAN & DIU,0.05,1053.99,0.07,10.38
2024-11,,NAGALAND,0.08,1791.99,0.07,10.26
2024-11,,MIZORAM,0.07,1574.35,0.06,9.03
2024-11,,MANIPUR,0.09,1952.61,0.05,7.88
2024-11,,SIKKIM,0.04,908.47,0.04,6.36
2024-11,,ANDAMAN & NICOBAR,0.03,564.94,0.02,3.4
2024-11,,LADAKH,0.02,535.36,0.02,2.79
2024-11,,LAKSHADWEEP,0.0,51.53,0.0,0.45
2024-11,,UNCLASSIFIED#,24.04,518182.93,24.98,3866.68
2024-12,,MAHARASHTRA,11.75,273245.11,13.34,2231.0
2024-12,,KARNATAKA,7.55,175534.51,7.74,1294.78
2024-12,,UTTAR PRADESH,6.57,152791.39,6.61,1105.66
2024-12,,TELANGANA,6.85,159350.81,5.94,993.83
2024-12,,TAMIL NADU,4.81,111759.26,4.46,746.07
2024-12,,RAJASTHAN,4.43,102952.49,4.0,668.56
2024-12,,ANDHRA PRADESH,4.72,109740.45,3.82,638.46
2024-12,,MADHYA PRADESH,3.3,76689.59,3.44,576.28
2024-12,,BIHAR,3.5,81316.39,3.24,542.86
2024-12,,GUJARAT,3.45,80180.1,3.07,513.73
2024-12,,WEST BENGAL,3.41,79252.88,3.0,501.77
2024-12,,DELHI,2.6,60484.71,2.91,487.57
2024-12,,ODISHA,2.04,47492.3,2.24,375.25
2024-12,,HARYANA,2.36,54975.91,2.23,372.39
2024-12,,KERALA,2.16,50206.18,2.21,369.76
2024-12,,ASSAM,1.13,26381.26,1.3,217.0
2024-12,,PUNJAB,1.46,34024.27,1.15,193.15
2024-12,,JHARKHAND,1.13,26267.62,1.15,191.78
2024-12,,CHHATTISGARH,0.88,20357.81,0.93,154.78
2024-12,,UTTARAKHAND,0.63,14712.65,0.68,114.11
2024-12,,JAMMU AND KASHMIR,0.45,10532.87,0.44,74.38
2024-12,,HIMACHAL PRADESH,0.32,7459.08,0.34,57.01
2024-12,,GOA,0.23,5427.06,0.23,38.15
2024-12,,CHANDIGARH,0.16,3623.79,0.16,27.53
2024-12,,ARUNACHAL PRADESH,0.11,2488.91,0.11,17.76
2024-12,,PUDUCHERRY,0.1,2217.22,0.1,16.13
2024-12,,MEGHALAYA,0.09,2184.57,0.08,14.09
2024-12,,TRIPURA,0.08,1886.49,0.07,12.49
2024-12,,DADRA & NAGAR HAVELI & DAMAN & DIU,0.05,1132.38,0.07,11.07
2024-12,,NAGALAND,0.09,2024.3,0.07,10.99
2024-12,,MANIPUR,0.11,2442.36,0.06,9.68
2024-12,,MIZORAM,0.07,1711.09,0.06,9.49
2024-12,,SIKKIM,0.05,1115.33,0.04,7.47
2024-12,,ANDAMAN & NICOBAR,0.03,634.86,0.02,3.8
2024-12,,LADAKH,0.02,517.94,0.02,2.68
2024-12,,LAKSHADWEEP,0.0,55.51,0.0,0.5
2024-12,,UNCLASSIFIED#,23.29,541530.44,24.67,4128.03
2025-01,,MAHARASHTRA,10.75,252411.0,12.51,2126.33
2025-01,,KARNATAKA,6.62,155521.0,6.67,1133.57
2025-01,,UTTAR PRADESH,5.67,133054.0,5.6,952.1
2025-01,,TELANGANA,5.46,128255.0,4.71,800.24
2025-01,,TAMIL NADU,4.63,108619.0,4.21,715.49
2025-01,,ANDHRA PRADESH,4.17,98020.0,3.25,551.81
2025-01,,RAJASTHAN,3.63,85277.0,3.2,543.59
2025-01,,GUJARAT,3.21,75270.23,2.84,482.44
2025-01,,MADHYA PRADESH,2.77,65025.01,2.8,476.41
2025-01,,WEST BENGAL,2.89,67764.0,2.51,427.1
2025-01,,BIHAR,2.7,63434.86,2.44,415.4
2025-01,,DELHI,2.25,52720.0,2.42,410.65
2025-01,,KERALA,2.2,51570.0,2.2,373.18
2025-01,,HARYANA,2.16,50647.0,2.0,339.78
2025-01,,ODISHA,1.77,41451.0,1.78,302.73
2025-01,,ASSAM,0.99,23159.08,1.1,187.71
2025-01,,PUNJAB,1.41,33047.11,1.09,185.78
2025-01,,JHARKHAND,0.98,22976.0,0.98,165.9
2025-01,,CHHATTISGARH,0.79,18521.36,0.79,134.18
2025-01,,UTTARAKHAND,0.55,12991.82,0.59,99.47
2025-01,,JAMMU AND KASHMIR,0.4,9399.84,0.4,68.04
2025-01,,HIMACHAL PRADESH,0.3,7024.65,0.31,52.98
2025-01,,GOA,0.21,5030.0,0.21,35.15
2025-01,,CHANDIGARH,0.13,3114.0,0.14,24.3
2025-01,,ARUNACHAL PRADESH,0.1,2371.65,0.1,16.97
2025-01,,PUDUCHERRY,0.1,2360.06,0.1,16.83
2025-01,,TRIPURA,0.08,1860.53,0.07,12.56
2025-01,,MANIPUR,0.11,2648.55,0.07,11.37
2025-01,,MEGHALAYA,0.07,1672.86,0.06,10.99
2025-01,,DADRA & NAGAR HAVELI & DAMAN & DIU,0.05,1116.37,0.06,10.77
2025-01,,NAGALAND,0.07,1636.33,0.05,9.03
2025-01,,MIZORAM,0.06,1467.61,0.05,8.72
2025-01,,SIKKIM,0.04,958.74,0.04,6.6
2025-01,,ANDAMAN & NICOBAR,0.03,629.14,0.02,3.73
2025-01,,LADAKH,0.02,443.79,0.01,2.4
2025-01,,LAKSHADWEEP,0.0,62.42,0.0,0.54
2025-01,,UNCLASSIFIED#,32.64,766506.14,34.6,5881.16
2025-02,,MAHARASHTRA,10.01,219913.73,11.75,1892.66
2025-02,,KARNATAKA,6.03,132442.52,6.05,974.07
2025-02,,UTTAR PRADESH,5.58,122496.48,5.29,852.17
2025-02,,TELANGANA,5.06,111063.09,4.37,703.4
2025-02,,TAMIL NADU,4.55,99837.67,4.04,651.15
2025-02,,ANDHRA PRADESH,3.73,81827.59,2.88,463.16
2025-02,,RAJASTHAN,3.26,71687.84,2.86,460.58
2025-02,,GUJARAT,2.87,62967.52,2.58,416.26
2025-02,,MADHYA PRADESH,2.44,53550.1,2.42,389.67
2025-02,,WEST BENGAL,2.58,56774.96,2.24,361.07
2025-02,,DELHI,2.11,46373.85,2.23,359.92
2025-02,,BIHAR,2.56,56338.15,2.22,357.22
2025-02,,KERALA,2.05,45039.43,2.05,329.57
2025-02,,HARYANA,2.02,44342.88,1.88,302.23
2025-02,,ODISHA,1.58,34812.97,1.55,249.75
2025-02,,PUNJAB,1.33,29146.47,1.03,166.68
2025-02,,ASSAM,0.91,20021.98,1.0,161.35
2025-02,,JHARKHAND,0.91,19879.81,0.88,142.33
2025-02,,CHHATTISGARH,0.71,15520.81,0.69,111.86
2025-02,,UTTARAKHAND,0.53,11561.18,0.56,89.78
2025-02,,JAMMU AND KASHMIR,0.38,8287.11,0.38,60.94
2025-02,,HIMACHAL PRADESH,0.27,5949.44,0.29,46.84
2025-02,,GOA,0.18,4063.02,0.18,29.53
2025-02,,CHANDIGARH,0.12,2680.5,0.13,21.37
2025-02,,ARUNACHAL PRADESH,0.1,2142.1,0.09,15.28
2025-02,,PUDUCHERRY,0.1,2116.13,0.09,15.15
2025-02,,TRIPURA,0.08,1676.35,0.07,11.48
2025-02,,MEGHALAYA,0.07,1615.02,0.07,10.88
2025-02,,MANIPUR,0.11,2353.44,0.06,10.19
2025-02,,DADRA & NAGAR HAVELI & DAMAN & DIU,0.04,967.59,0.06,9.32
2025-02,,MIZORAM,0.07,1449.75,0.05,8.6
2025-02,,NAGALAND,0.07,1502.04,0.05,8.57
2025-02,,SIKKIM,0.04,861.53,0.04,6.31
2025-02,,ANDAMAN & NICOBAR,0.02,533.96,0.02,3.23
2025-02,,LADAKH,0.02,374.76,0.01,2.16
2025-02,,LAKSHADWEEP,0.0,55.1,0.0,0.48
2025-02,,UNCLASSIFIED#,37.53,824254.84,39.8,6410.98
2025-03,,MAHARASHTRA,10.27,254485.23,12.0,2195.56
2025-03,,KARNATAKA,6.14,152072.42,5.97,1092.86
2025-03,,UTTAR PRADESH,5.41,134045.16,5.26,962.13
2025-03,,TELANGANA,5.04,124966.41,4.29,784.35
2025-03,,TAMIL NADU,4.5,111554.31,3.99,730.26
2025-03,,ANDHRA PRADESH,3.78,93739.59,2.87,524.69
2025-03,,RAJASTHAN,3.15,78119.12,2.82,515.61
2025-03,,GUJARAT,2.84,70343.32,2.57,470.83
2025-03,,MADHYA PRADESH,2.35,58146.44,2.34,427.85
2025-03,,DELHI,2.16,53531.51,2.29,419.25
2025-03,,BIHAR,2.59,64098.56,2.27,414.96
2025-03,,WEST BENGAL,2.61,64647.94,2.22,405.81
2025-03,,KERALA,2.04,50645.7,1.93,353.95
2025-03,,HARYANA,2.0,49619.26,1.89,346.8
2025-03,,ODISHA,1.57,38771.5,1.54,281.28
2025-03,,PUNJAB,1.33,33048.66,1.06,194.7
2025-03,,ASSAM,0.92,22815.27,0.99,181.37
2025-03,,JHARKHAND,0.96,23760.23,0.91,166.62
2025-03,,CHHATTISGARH,0.69,17043.76,0.7,128.15
2025-03,,UTTARAKHAND,0.54,13275.09,0.58,105.37
2025-03,,JAMMU AND KASHMIR,0.41,10046.35,0.39,71.77
2025-03,,HIMACHAL PRADESH,0.28,7048.59,0.31,57.13
2025-03,,GOA,0.18,4518.59,0.18,32.62
2025-03,,CHANDIGARH,0.12,3054.21,0.14,24.74
2025-03,,ARUNACHAL PRADESH,0.1,2450.07,0.1,17.7
2025-03,,PUDUCHERRY,0.09,2340.69,0.09,16.94
2025-03,,TRIPURA,0.08,1871.46,0.07,13.16
2025-03,,MEGHALAYA,0.08,1880.92,0.07,13.07
2025-03,,MANIPUR,0.11,2655.73,0.07,12.02
2025-03,,DADRA & NAGAR HAVELI & DAMAN & DIU,0.04,1095.97,0.06,10.57
2025-03,,MIZORAM,0.07,1681.13,0.05,10.02
2025-03,,NAGALAND,0.07,1726.32,0.05,9.97
2025-03,,SIKKIM,0.04,1063.13,0.04,7.77
2025-03,,ANDAMAN & NICOBAR,0.02,597.85,0.02,3.66
2025-03,,LADAKH,0.02,419.6,0.01,2.55
2025-03,,LAKSHADWEEP,0.0,64.59,0.0,0.52
2025-03,,UNCLASSIFIED#,37.38,925976.91,39.86,7294.9
2025-04,,MAHARASHTRA,11.62,278375.41,13.31,2382.34
2025-04,,KARNATAKA,7.24,173465.79,7.06,1263.4
2025-04,,UTTAR PRADESH,6.67,159811.36,6.74,1206.85
2025-04,,TELANGANA,6.14,147127.52,5.31,949.72
2025-04,,TAMIL NADU,4.82,115363.33,4.34,776.9
2025-04,,RAJASTHAN,4.1,98142.13,3.74,668.4
2025-04,,ANDHRA PRADESH,4.4,105315.39,3.37,602.36
2025-04,,BIHAR,3.45,82713.97,3.23,577.79
2025-04,,MADHYA PRADESH,3.26,77961.24,3.22,575.99
2025-04,,GUJARAT,3.23,77374.37,3.01,538.57
2025-04,,DELHI,2.68,64152.87,2.95,527
2025-04,,WEST BENGAL,3.13,74892.26,2.79,500.08
2025-04,,HARYANA,2.4,57581.17,2.29,410.35
2025-04,,KERALA,2.12,50824.24,2.02,362.28
2025-04,,ODISHA,1.87,44717.27,2.02,362.01
2025-04,,ASSAM,1.09,25997.91,1.22,218.83
2025-04,,PUNJAB,1.44,34535.98,1.19,212.04
2025-04,,JHARKHAND,1.17,28022.42,1.15,206.06
2025-04,,CHHATTISGARH,0.82,19636.2,0.85,152.75
2025-04,,UTTARAKHAND,0.64,15444.37,0.7,125.79
2025-04,,JAMMU AND KASHMIR,0.48,11544.77,0.49,88.43
2025-04,,HIMACHAL PRADESH,0.33,7821.2,0.36,64.32
2025-04,,GOA,0.21,5041.14,0.2,36.36
2025-04,,CHANDIGARH,0.15,3711.18,0.17,29.74
2025-04,,ARUNACHAL PRADESH,0.11,2612.54,0.1,18.42
2025-04,,PUDUCHERRY,0.1,2384.85,0.1,17.44
2025-04,,MEGHALAYA,0.08,1971.84,0.08,14.32
2025-04,,TRIPURA,0.08,1936.41,0.08,13.94
2025-04,,MANIPUR,0.12,2844.24,0.08,13.51
2025-04,,DADRA & NAGAR HAVELI & DAMAN & DIU,0.05,1205.3,0.07,11.91
2025-04,,NAGALAND,0.07,1769.78,0.06,10.89
2025-04,,MIZORAM,0.06,1555.83,0.05,9.76
2025-04,,SIKKIM,0.05,1221.5,0.05,8.65
2025-04,,ANDAMAN & NICOBAR,0.03,619.48,0.02,3.79
2025-04,,LADAKH,0.03,651.93,0.02,3.63
2025-04,,LAKSHADWEEP,0.0,60.39,0.0,0.5
2025-04,,Unclassified#,25.76,616518.29,27.56,4928.3
2025-05,,MAHARASHTRA,11.82,297260.99,13.19,2463.88
2025-05,,KARNATAKA,7.97,200378.42,7.73,1443.05
2025-05,,UTTAR PRADESH,7.24,182118.99,7.5,1401.43
2025-05,,TELANGANA,6.96,174971.59,5.83,1088.58
2025-05,,TAMIL NADU,5.19,130583.67,4.6,859.85
2025-05,,RAJASTHAN,4.47,112439.7,4.09,763.44
2025-05,,MADHYA PRADESH,3.69,92795.08,3.68,688.25
2025-05,,ANDHRA PRADESH,4.74,119081.99,3.65,681.45
2025-05,,BIHAR,3.91,98286.45,3.63,677.1
2025-05,,DELHI,2.88,72520.26,3.24,605.31
2025-05,,GUJARAT,3.39,85134.34,3.14,585.79
2025-05,,WEST BENGAL,3.46,87037.14,3.1,579.06
2025-05,,HARYANA,2.62,65952.89,2.48,462.67
2025-05,,ODISHA,2.07,52003.42,2.23,416.5
2025-05,,KERALA,2.25,56646.28,2.13,397.08
2025-05,,ASSAM,1.14,28542.68,1.35,251.67
2025-05,,JHARKHAND,1.22,30563.83,1.23,229.1
2025-05,,PUNJAB,1.53,38466.52,1.2,224.47
2025-05,,CHHATTISGARH,0.86,21544.12,0.91,170.88
2025-05,,UTTARAKHAND,0.7,17646.59,0.76,141.43
2025-05,,JAMMU AND KASHMIR,0.47,11815.9,0.51,94.39
2025-05,,HIMACHAL PRADESH,0.34,8430.37,0.37,68.39
2025-05,,GOA,0.23,5659.28,0.21,40.1
2025-05,,CHANDIGARH,0.17,4158.48,0.18,32.69
2025-05,,ARUNACHAL PRADESH,0.11,2768.13,0.11,21.01
2025-05,,PUDUCHERRY,0.11,2644.69,0.1,18.93
2025-05,,MEGHALAYA,0.09,2289.9,0.09,16.86
2025-05,,MANIPUR,0.12,3092.24,0.08,15.37
2025-05,,TRIPURA,0.08,1968.89,0.08,14.82
2025-05,,NAGALAND,0.08,1943.79,0.07,12.5
2025-05,,DADRA & NAGAR HAVELI & DAMAN & DIU,0.05,1306.18,0.07,12.48
2025-05,,MIZORAM,0.07,1750.44,0.06,10.92
2025-05,,SIKKIM,0.05,1358.66,0.05,9.76
2025-05,,LADAKH,0.03,724.92,0.02,4.33
2025-05,,ANDAMAN & NICOBAR,0.03,630.83,0.02,3.95
2025-05,,LAKSHADWEEP,0.0,59.61,0.0,0.52
2025-05,,Unclassified#,19.86,499719.76,22.31,4169.47
2025-06,,MAHARASHTRA,8.8,211433.62,9.47,1741.88
2025-06,,KARNATAKA,5.61,134850.46,5.44,1000.66
2025-06,,UTTAR PRADESH,5.15,123844.58,5.29,972.29
2025-06,,TELANGANA,4.94,118822.08,4.01,738.37
2025-06,,TAMIL NADU,4.37,105130.55,3.8,699.34
2025-06,,ANDHRA PRADESH,3.62,87072.27,2.7,496.56
2025-06,,RAJASTHAN,2.91,69889.1,2.6,478.63
2025-06,,GUJARAT,2.66,64058.92,2.4,440.93
2025-06,,DELHI,2.11,50811.91,2.28,420.11
2025-06,,WEST BENGAL,2.39,57448.44,2.16,396.75
2025-06,,BIHAR,2.46,59059.01,2.14,393.05
2025-06,,MADHYA PRADESH,2.17,52055.1,2.1,386.82
2025-06,,HARYANA,2.04,48951.4,1.96,361.02
2025-06,,KERALA,1.92,46102.32,1.81,332.83
2025-06,,ODISHA,1.33,31882.11,1.35,247.92
2025-06,,PUNJAB,1.28,30674.02,1.02,187.82
2025-06,,ASSAM,0.83,19849.88,0.98,181.11
2025-06,,JHARKHAND,0.86,20667.56,0.85,155.8
2025-06,,CHHATTISGARH,0.64,15492.34,0.66,120.57
2025-06,,UTTARAKHAND,0.57,13596.45,0.6,110.35
2025-06,,JAMMU AND KASHMIR,0.39,9485.08,0.42,76.74
2025-06,,HIMACHAL PRADESH,0.3,7262.4,0.32,58.14
2025-06,,GOA,0.17,4053.68,0.16,28.76
2025-06,,CHANDIGARH,0.11,2742.47,0.12,22.92
2025-06,,ARUNACHAL PRADESH,0.09,2271.25,0.1,17.84
2025-06,,PUDUCHERRY,0.09,2250.01,0.09,16.65
2025-06,,MEGHALAYA,0.07,1743.02,0.07,13.25
2025-06,,TRIPURA,0.07,1607.37,0.07,12.51
2025-06,,MANIPUR,0.09,2212.05,0.06,10.79
2025-06,,NAGALAND,0.06,1506.22,0.05,10.09
2025-06,,MIZORAM,0.06,1501.27,0.05,9.9
2025-06,,DADRA & NAGAR HAVELI & DAMAN & DIU,0.04,1020.22,0.05,9.47
2025-06,,SIKKIM,0.04,973.53,0.04,7.61
2025-06,,LADAKH,0.03,680.01,0.02,4.21
2025-06,,ANDAMAN & NICOBAR,0.02,481.96,0.02,3.23
2025-06,,LAKSHADWEEP,0.0,47.78,0.0,0.49
2025-06,,Unclassified#,41.7,1002400.27,44.74,8229.58
2025-07,,MAHARASHTRA,9.19,230572.42,9.79,1905.45
2025-07,,KARNATAKA,5.76,144605.61,5.48,1067.74
2025-07,,UTTAR PRADESH,5.26,131885.79,5.3,1031.94
2025-07,,TELANGANA,5.05,126739.73,4.07,791.46
2025-07,,TAMIL NADU,4.67,117090.44,4.0,778.83
2025-07,,ANDHRA PRADESH,3.73,93508.25,2.75,535.33
2025-07,,RAJASTHAN,3.03,76044.26,2.71,527.21
2025-07,,GUJARAT,2.95,74010.9,2.58,501.34
2025-07,,DELHI,2.35,58845.62,2.4,468.19
2025-07,,WEST BENGAL,2.48,62144.42,2.19,425.54
2025-07,,MADHYA PRADESH,2.21,55546.05,2.16,420.83
2025-07,,BIHAR,2.34,58775.41,2.08,405.54
2025-07,,HARYANA,2.19,54916.93,2.04,397.29
2025-07,,KERALA,2.07,51875.51,1.9,369.33
2025-07,,ODISHA,1.35,33890.22,1.35,263.74
2025-07,,PUNJAB,1.39,34831.65,1.08,210.05
2025-07,,ASSAM,0.87,21802.15,1.02,197.75
2025-07,,JHARKHAND,0.86,21496.22,0.86,167.61
2025-07,,CHHATTISGARH,0.66,16474.9,0.66,129.34
2025-07,,UTTARAKHAND,0.54,13515.41,0.57,111.48
2025-07,,JAMMU AND KASHMIR,0.44,10998.69,0.44,85.58
2025-07,,HIMACHAL PRADESH,0.29,7153.07,0.29,56.85
2025-07,,GOA,0.17,4347.72,0.16,30.59
2025-07,,CHANDIGARH,0.13,3244.66,0.13,26.05
2025-07,,ARUNACHAL PRADESH,0.11,2771.17,0.11,21.14
2025-07,,PUDUCHERRY,0.1,2521.15,0.09,18.45
2025-07,,MEGHALAYA,0.08,2093.59,0.08,15.5
2025-07,,MANIPUR,0.11,2877.94,0.07,14.39
2025-07,,TRIPURA,0.08,1891.8,0.07,14.24
2025-07,,NAGALAND,0.07,1754.04,0.06,11.8
2025-07,,MIZORAM,0.07,1702.6,0.06,11.46
2025-07,,DADRA & NAGAR HAVELI & DAMAN & DIU,0.04,1115.18,0.05,10.43
2025-07,,SIKKIM,0.04,1044.52,0.04,8.19
2025-07,,LADAKH,0.03,821.56,0.02,4.68
2025-07,,ANDAMAN & NICOBAR,0.02,551.63,0.02,3.69
2025-07,,LAKSHADWEEP,0.0,53.09,0.0,0.54
2025-07,,Unclassified#,39.27,984983.82,43.29,8428.39
2025-08,,MAHARASHTRA,9.36,232558.18,9.92,1985.58
2025-08,,KARNATAKA,5.73,142488.77,5.39,1077.76
2025-08,,UTTAR PRADESH,5.29,131586.5,5.29,1059.4
2025-08,,TELANGANA,4.92,122333.79,4.02,803.98
2025-08,,TAMIL NADU,4.75,118149.83,3.99,799.24
2025-08,,ANDHRA PRADESH,3.71,92181.84,2.76,551.48
2025-08,,RAJASTHAN,3.02,74949.8,2.71,541.39
2025-08,,GUJARAT,2.96,73518.28,2.57,515.15
2025-08,,DELHI,2.4,59774.16,2.44,487.28
2025-08,,WEST BENGAL,2.5,62202.65,2.18,436.15
2025-08,,MADHYA PRADESH,2.24,55552.05,2.18,436.1
2025-08,,HARYANA,2.17,53984.25,2.01,401.3
2025-08,,KERALA,2.26,56071.45,2.0,399.48
2025-08,,BIHAR,2.24,55622.06,2.0,399.25
2025-08,,ODISHA,1.37,34040.3,1.39,277.85
2025-08,,PUNJAB,1.35,33563.64,1.06,211.76
2025-08,,ASSAM,0.86,21464.88,1.02,203.78
2025-08,,JHARKHAND,0.87,21569.36,0.86,171.24
2025-08,,CHHATTISGARH,0.66,16358.88,0.67,134.57
2025-08,,UTTARAKHAND,0.52,12976.53,0.54,108.74
2025-08,,JAMMU AND KASHMIR,0.41,10254.43,0.4,81.02
2025-08,,HIMACHAL PRADESH,0.27,6738.67,0.27,54.88
2025-08,,GOA,0.18,4537.72,0.16,32.27
2025-08,,CHANDIGARH,0.13,3188.55,0.13,26.58
2025-08,,ARUNACHAL PRADESH,0.11,2707.2,0.11,21.4
2025-08,,PUDUCHERRY,0.1,2548.23,0.09,18.83
2025-08,,MEGHALAYA,0.08,2008.23,0.08,15.91
2025-08,,MANIPUR,0.12,2861.63,0.07,14.85
2025-08,,TRIPURA,0.08,1874.19,0.07,14.59
2025-08,,NAGALAND,0.07,1752.82,0.06,12.24
2025-08,,MIZORAM,0.07,1704.97,0.06,11.86
2025-08,,DADRA & NAGAR HAVELI & DAMAN & DIU,0.04,1112.7,0.05,10.82
2025-08,,SIKKIM,0.04,988.11,0.04,8.11
2025-08,,LADAKH,0.03,781.31,0.02,4.48
2025-08,,ANDAMAN & NICOBAR,0.02,551.26,0.02,3.77
2025-08,,LAKSHADWEEP,0.0,55.68,0.0,0.56
2025-08,,Unclassified#,39.06,970860.01,43.36,8674.66
2025-09,,MAHARASHTRA,9.48,236052.07,10.05,1973.44
2025-09,,KARNATAKA,5.78,143932.39,5.4,1060.37
2025-09,,UTTAR PRADESH,5.3,132034.73,5.28,1036.09
2025-09,,TELANGANA,4.95,123214.19,4.05,795.5
2025-09,,TAMIL NADU,4.78,118940.73,3.97,780.35
2025-09,,ANDHRA PRADESH,3.65,90881.68,2.74,537.17
2025-09,,RAJASTHAN,2.96,73664.21,2.64,519.12
2025-09,,GUJARAT,3.03,75403.93,2.62,515.11
2025-09,,DELHI,2.46,61354.33,2.5,491.29
2025-09,,WEST BENGAL,2.66,66198.25,2.27,446.23
2025-09,,MADHYA PRADESH,2.17,54092.94,2.14,420.54
2025-09,,HARYANA,2.21,55079.83,2.05,402.1
2025-09,,BIHAR,2.3,57313.62,2.02,396.78
2025-09,,KERALA,2.24,55742,2.02,396.26
2025-09,,ODISHA,1.4,34741.86,1.37,269.19
2025-09,,PUNJAB,1.39,34593.51,1.08,212.73
2025-09,,ASSAM,0.87,21541.07,1.01,198.7
2025-09,,JHARKHAND,0.89,22201.63,0.86,169.52
2025-09,,CHHATTISGARH,0.65,16200.81,0.66,130.25
2025-09,,UTTARAKHAND,0.53,13117.86,0.55,108.04
2025-09,,JAMMU AND KASHMIR,0.42,10480.68,0.4,78
2025-09,,HIMACHAL PRADESH,0.28,6899.72,0.27,53.1
2025-09,,GOA,0.18,4603,0.16,32.28
2025-09,,CHANDIGARH,0.13,3269.59,0.14,26.78
2025-09,,ARUNACHAL PRADESH,0.11,2672.74,0.11,21.02
2025-09,,PUDUCHERRY,0.1,2512.47,0.09,18.13
2025-09,,TRIPURA,0.09,2140.32,0.08,15.6
2025-09,,MEGHALAYA,0.08,2043.82,0.08,15.56
2025-09,,MANIPUR,0.12,2876.08,0.07,14.71
2025-09,,MIZORAM,0.07,1801.33,0.06,12.4
2025-09,,NAGALAND,0.07,1786.09,0.06,12.21
2025-09,,DADRA & NAGAR HAVELI & DAMAN & DIU,0.04,1114.65,0.05,10.35
2025-09,,SIKKIM,0.05,1132.35,0.04,8.51
2025-09,,LADAKH,0.03,681.25,0.02,3.76
2025-09,,ANDAMAN & NICOBAR,0.02,561.59,0.02,3.67
2025-09,,LAKSHADWEEP,0.0,57.82,0.0,0.55
2025-09,,Unclassified #,38.51,958801.4,43.03,8448.02
2025-10,,MAHARASHTRA,9.81,267656.87,10.37,2146.3
2025-10,,UTTAR PRADESH,5.63,153595.1,5.49,1136.16
2025-10,,KARNATAKA,5.53,150900.53,5.25,1086.64
2025-10,,TELANGANA,4.8,130835.09,4.04,836.27
2025-10,,TAMIL NADU,4.7,128292.11,3.92,812.02
2025-10,,ANDHRA PRADESH,3.55,96804.61,2.7,559.76
2025-10,,RAJASTHAN,3.11,84940.47,2.65,549.28
2025-10,,GUJARAT,3.13,85444.71,2.58,534.08
2025-10,,DELHI,2.48,67595.24,2.46,509.59
2025-10,,MADHYA PRADESH,2.25,61257.18,2.18,451.87
2025-10,,BIHAR,2.43,66192.56,2.18,450.63
2025-10,,WEST BENGAL,2.39,65188.51,2.16,447.84
2025-10,,HARYANA,2.28,62164.88,2.03,420.32
2025-10,,KERALA,2.14,58242.07,2.02,418.45
2025-10,,ODISHA,1.34,36507.19,1.37,283.56
2025-10,,PUNJAB,1.47,40156.23,1.11,230.69
2025-10,,ASSAM,0.81,22054.63,0.99,205.38
2025-10,,JHARKHAND,0.89,24168.3,0.88,182.17
2025-10,,CHHATTISGARH,0.68,18674.41,0.68,140.51
2025-10,,UTTARAKHAND,0.58,15792.93,0.58,119.77
2025-10,,JAMMU AND KASHMIR,0.46,12529.98,0.42,87.23
2025-10,,HIMACHAL PRADESH,0.32,8658.35,0.3,61.96
2025-10,,GOA,0.19,5282.52,0.17,35.89
2025-10,,CHANDIGARH,0.13,3639.56,0.13,27.9
2025-10,,ARUNACHAL PRADESH,0.1,2796.38,0.1,21.57
2025-10,,PUDUCHERRY,0.1,2750.37,0.09,19.35
2025-10,,MEGHALAYA,0.08,2185.06,0.08,16.36
2025-10,,MANIPUR,0.12,3286.9,0.08,16.17
2025-10,,TRIPURA,0.07,1955.12,0.07,15.1
2025-10,,MIZORAM,0.07,1971.75,0.07,13.7
2025-10,,NAGALAND,0.07,1907.98,0.06,12.84
2025-10,,DADRA & NAGAR HAVELI & DAMAN & DIU,0.05,1285.07,0.06,11.45
2025-10,,SIKKIM,0.04,1014.3,0.04,7.59
2025-10,,ANDAMAN & NICOBAR,0.02,658.62,0.02,4.11
2025-10,,LADAKH,0.02,663.27,0.01,3.0
2025-10,,LAKSHADWEEP,0.0,64.14,0.0,0.6
2025-10,,Unclassified #,38.15,1040677.73,42.63,8824.81
2025-11,,MAHARASHTRA,9.53,250787.01,10.52,2152.82
2025-11,,UTTAR PRADESH,5.79,152420.82,5.47,1118.9
2025-11,,KARNATAKA,5.71,150262.03,5.4,1105.63
2025-11,,TELANGANA,4.99,131369.55,4.16,851.25
2025-11,,TAMIL NADU,4.69,123549.07,3.98,813.85
2025-11,,ANDHRA PRADESH,3.57,93846.52,2.75,563.45
2025-11,,RAJASTHAN,3.09,81243.65,2.59,530.23
2025-11,,GUJARAT,2.89,76129.09,2.49,510.56
2025-11,,DELHI,2.45,64440.35,2.4,491.14
2025-11,,BIHAR,2.53,66454.52,2.23,456.53
2025-11,,WEST BENGAL,2.51,65964.8,2.2,449.67
2025-11,,MADHYA PRADESH,2.27,59792.96,2.17,444.92
2025-11,,KERALA,2.17,57144.28,2.03,416.28
2025-11,,HARYANA,2.24,58994.49,1.96,402.11
2025-11,,ODISHA,1.37,36149.1,1.41,288.64
2025-11,,PUNJAB,1.5,39570.9,1.08,221.74
2025-11,,ASSAM,0.88,23038.37,1.04,212.71
2025-11,,JHARKHAND,0.89,23547.39,0.87,178.47
2025-11,,CHHATTISGARH,0.65,17074.67,0.67,136.64
2025-11,,UTTARAKHAND,0.56,14826.57,0.56,114.89
2025-11,,JAMMU AND KASHMIR,0.44,11668.35,0.41,83.52
2025-11,,HIMACHAL PRADESH,0.3,7825.51,0.29,58.58
2025-11,,GOA,0.2,5222.28,0.18,36.33
2025-11,,CHANDIGARH,0.13,3431.5,0.13,27.17
2025-11,,ARUNACHAL PRADESH,0.11,2852.69,0.11,21.79
2025-11,,PUDUCHERRY,0.1,2562.42,0.09,18.57
2025-11,,MEGHALAYA,0.09,2294.28,0.08,16.85
2025-11,,MANIPUR,0.12,3133.61,0.08,15.77
2025-11,,TRIPURA,0.08,2067.22,0.08,15.36
2025-11,,MIZORAM,0.08,2021.97,0.07,13.33
2025-11,,NAGALAND,0.08,2000.56,0.06,12.99
2025-11,,DADRA & NAGAR HAVELI & DAMAN & DIU,0.04,1140.73,0.05,10.44
2025-11,,SIKKIM,0.04,1125.59,0.04,8.71
2025-11,,ANDAMAN & NICOBAR,0.03,662.1,0.02,4.22
2025-11,,LADAKH,0.02,607.85,0.02,3.3
2025-11,,LAKSHADWEEP,0.0,68.1,0.0,0.64
2025-11,,Unclassified #,37.86,996341.73,42.31,8658.98
2025-12,,MAHARASHTRA,9.43,263704.89,10.86,2349.39
2025-12,,KARNATAKA,5.8,162279.52,5.39,1166.38
2025-12,,UTTAR PRADESH,5.55,155131.4,5.3,1147.64
2025-12,,TELANGANA,5.05,141323.58,4.1,887.11
2025-12,,TAMIL NADU,4.69,131083.27,3.99,862.86
2025-12,,ANDHRA PRADESH,3.67,102547.67,2.82,609.84
2025-12,,RAJASTHAN,3.04,85129.75,2.57,557.06
2025-12,,GUJARAT,3.1,86699.29,2.57,555.31
2025-12,,DELHI,2.38,66575.96,2.39,516.9
2025-12,,WEST BENGAL,2.54,71148.03,2.21,478.71
2025-12,,MADHYA PRADESH,2.29,64115.4,2.17,468.42
2025-12,,BIHAR,2.39,66791.87,2.1,453.98
2025-12,,KERALA,2.22,62079.79,2.09,451.69
2025-12,,HARYANA,2.19,61294.14,1.93,418.1
2025-12,,ODISHA,1.4,39185.24,1.41,304.59
2025-12,,PUNJAB,1.45,40564.96,1.05,226.99
2025-12,,ASSAM,0.89,24938.06,1.05,226.36
2025-12,,JHARKHAND,0.9,25154.32,0.86,185.9
2025-12,,CHHATTISGARH,0.67,18789.15,0.67,145.48
2025-12,,UTTARAKHAND,0.55,15420.17,0.55,119.35
2025-12,,JAMMU AND KASHMIR,0.43,11912.84,0.4,86.74
2025-12,,HIMACHAL PRADESH,0.3,8446.08,0.29,63.08
2025-12,,GOA,0.21,5990.21,0.19,40.24
2025-12,,CHANDIGARH,0.13,3611.27,0.13,28.15
2025-12,,ARUNACHAL PRADESH,0.11,3004.14,0.1,21.96
2025-12,,PUDUCHERRY,0.1,2793.2,0.09,20.29
2025-12,,MEGHALAYA,0.09,2509.94,0.08,18.22
2025-12,,MANIPUR,0.13,3504.46,0.08,17.44
2025-12,,TRIPURA,0.08,2229.75,0.08,16.38
2025-12,,MIZORAM,0.08,2281.39,0.07,14.82
2025-12,,NAGALAND,0.08,2243.67,0.06,13.85
2025-12,,DADRA & NAGAR HAVELI & DAMAN & DIU,0.04,1226.22,0.05,11.17
2025-12,,SIKKIM,0.05,1263.74,0.04,9.23
2025-12,,ANDAMAN & NICOBAR,0.03,743.64,0.02,4.64
2025-12,,LADAKH,0.02,554.47,0.01,3.03
2025-12,,LAKSHADWEEP,0.0,73.3,0.0,0.69
2025-12,,Unclassified #,37.91,1060367.95,42.21,9132.68
2026-01,,MAHARASHTRA,9.42,267028.17,10.46,2271.25
2026-01,,KARNATAKA,5.81,164652.55,5.37,1165.05
2026-01,,UTTAR PRADESH,5.43,153987.1,5.21,1130.54
2026-01,,TELANGANA,4.91,139218.72,4.01,870.99
2026-01,,TAMIL NADU,4.68,132611.23,3.96,859.4
2026-01,,ANDHRA PRADESH,3.81,108045.08,2.89,628.21
2026-01,,GUJARAT,3.12,88272.48,2.62,568.86
2026-01,,RAJASTHAN,3.02,85532.43,2.58,559.76
2026-01,,DELHI,2.41,68286.14,2.37,513.35
2026-01,,WEST BENGAL,2.6,73684.08,2.27,493.61
2026-01,,MADHYA PRADESH,2.31,65429.2,2.19,475.09
2026-01,,KERALA,2.29,64883.42,2.12,460.69
2026-01,,BIHAR,2.36,66830.36,2.11,457.93
2026-01,,HARYANA,2.16,61236.56,1.9,413.35
2026-01,,ODISHA,1.46,41468.18,1.43,311.05
2026-01,,ASSAM,0.89,25109.2,1.04,225.91
2026-01,,PUNJAB,1.43,40470.97,1.03,223.53
2026-01,,JHARKHAND,0.9,25461.44,0.87,188.64
2026-01,,CHHATTISGARH,0.71,19980.27,0.68,148.11
2026-01,,UTTARAKHAND,0.54,15316.91,0.54,116.28
2026-01,,JAMMU AND KASHMIR,0.4,11368.46,0.39,83.76
2026-01,,HIMACHAL PRADESH,0.29,8159.92,0.28,60.3
2026-01,,GOA,0.21,6064.79,0.19,40.35
2026-01,,CHANDIGARH,0.13,3590.15,0.12,26.97
2026-01,,ARUNACHAL PRADESH,0.1,2929.79,0.1,21.62
2026-01,,PUDUCHERRY,0.1,2922.9,0.1,20.72
2026-01,,MANIPUR,0.12,3378.44,0.08,16.89
2026-01,,TRIPURA,0.08,2279.56,0.08,16.67
2026-01,,MEGHALAYA,0.07,2068.07,0.07,15.75
2026-01,,MIZORAM,0.07,1900.16,0.06,13.04
2026-01,,NAGALAND,0.07,1929.86,0.06,12.33
2026-01,,DADRA & NAGAR HAVELI & DAMAN & DIU,0.05,1277.67,0.05,11.55
2026-01,,SIKKIM,0.04,1232.64,0.04,9.08
2026-01,,ANDAMAN & NICOBAR,0.03,766.8,0.02,4.69
2026-01,,LADAKH,0.02,495.82,0.01,2.79
2026-01,,LAKSHADWEEP,0.0,78.77,0.0,0.71
2026-01,,Unclassified #,37.96,1075532.93,42.69,9264.62
2026-02,,MAHARASHTRA,9.2,246952.4,10.09,2058.36
2026-02,,KARNATAKA,5.79,155422.85,5.35,1090.35
2026-02,,UTTAR PRADESH,5.59,150105.35,5.31,1082.79
2026-02,,TAMIL NADU,4.88,130869.54,4.06,828.89
2026-02,,TELANGANA,4.91,131782.2,4.06,827.59
2026-02,,ANDHRA PRADESH,3.67,98546.02,2.81,572.66
2026-02,,GUJARAT,2.99,80307.51,2.58,525.99
2026-02,,RAJASTHAN,2.99,80287.61,2.57,524.36
2026-02,,DELHI,2.43,65105.21,2.38,486.39
2026-02,,WEST BENGAL,2.57,69085.31,2.2,448.26
2026-02,,MADHYA PRADESH,2.27,60937.99,2.18,444.29
2026-02,,BIHAR,2.49,66759.75,2.15,437.56
2026-02,,KERALA,2.15,57706.63,2.02,411.92
2026-02,,HARYANA,2.16,57895.0,1.94,395.1
2026-02,,ODISHA,1.5,40376.19,1.42,290.5
2026-02,,PUNJAB,1.42,38173.21,1.05,214.63
2026-02,,ASSAM,0.9,24133.09,1.04,212.74
2026-02,,JHARKHAND,0.9,24133.93,0.85,173.79
2026-02,,CHHATTISGARH,0.69,18456.05,0.67,136.31
2026-02,,UTTARAKHAND,0.53,14218.08,0.54,109.3
2026-02,,JAMMU AND KASHMIR,0.4,10719.83,0.39,79.14
2026-02,,HIMACHAL PRADESH,0.28,7395.6,0.27,55.51
2026-02,,GOA,0.2,5280.59,0.17,35.41
2026-02,,CHANDIGARH,0.12,3340.2,0.13,26.05
2026-02,,ARUNACHAL PRADESH,0.11,2829.21,0.1,20.51
2026-02,,PUDUCHERRY,0.1,2752.91,0.09,19.25
2026-02,,MEGHALAYA,0.08,2062.73,0.08,15.94
2026-02,,MANIPUR,0.12,3222.71,0.08,15.87
2026-02,,TRIPURA,0.08,2168.2,0.08,15.61
2026-02,,MIZORAM,0.07,1948.02,0.06,13.08
2026-02,,NAGALAND,0.07,1865.55,0.06,12.15
2026-02,,DADRA & NAGAR HAVELI & DAMAN & DIU,0.04,1178.59,0.05,10.41
2026-02,,SIKKIM,0.04,1162.27,0.04,8.64
2026-02,,ANDAMAN & NICOBAR,0.03,684.41,0.02,4.21
2026-02,,LADAKH,0.02,439.87,0.01,2.55
2026-02,,LAKSHADWEEP,0.0,72.29,0.0,0.63
2026-02,,Unclassified #,38.22,1025852.39,43.09,8787.44
2026-03,MUMBAI SUBURBAN,MAHARASHTRA,0.02,58927.73,0.03,580.21
2026-03,PUNE,MAHARASHTRA,0.02,50654.8,0.02,433.93
2026-03,THANE,MAHARASHTRA,0.01,29728.69,0.01,248.37
2026-03,MUMBAI,MAHARASHTRA,0.01,25474.18,0.01,226.07
2026-03,RAIGAD,MAHARASHTRA,0.0,8913.63,0.0,73.87
2026-03,NAGPUR,MAHARASHTRA,0.0,9900.8,0.0,69.16
2026-03,NASHIK,MAHARASHTRA,0.0,9854.01,0.0,68.2
2026-03,PALGHAR,MAHARASHTRA,0.0,7221.21,0.0,61.64
2026-03,CHHATRAPATI SAMBHAJI NAGAR,MAHARASHTRA,0.0,6739.41,0.0,50.28
2026-03,AHILYANAGAR,MAHARASHTRA,0.0,7326.77,0.0,44.63
2026-03,SOLAPUR,MAHARASHTRA,0.0,7149.4,0.0,44.36
2026-03,KOLHAPUR,MAHARASHTRA,0.0,5274.36,0.0,37.12
2026-03,SATARA,MAHARASHTRA,0.0,4079.04,0.0,29.43
2026-03,SANGLI,MAHARASHTRA,0.0,4054.29,0.0,26.13
2026-03,JALGAON,MAHARASHTRA,0.0,3884.55,0.0,23.78
2026-03,NANDED,MAHARASHTRA,0.0,3463.63,0.0,22.44
2026-03,LATUR,MAHARASHTRA,0.0,3135.93,0.0,22.03
2026-03,BEED,MAHARASHTRA,0.0,3123.77,0.0,18.48
2026-03,AMRAVATI,MAHARASHTRA,0.0,2866.63,0.0,18.32
2026-03,BULDHANA,MAHARASHTRA,0.0,2404.81,0.0,16.18
2026-03,YAVATMAL,MAHARASHTRA,0.0,2037.02,0.0,13.7
2026-03,CHANDRAPUR,MAHARASHTRA,0.0,1997.87,0.0,13.65
2026-03,DHARASHIV,MAHARASHTRA,0.0,2082.55,0.0,13.62
2026-03,JALNA,MAHARASHTRA,0.0,2177.64,0.0,13.5
2026-03,DHULE,MAHARASHTRA,0.0,1808.68,0.0,11.44
2026-03,AKOLA,MAHARASHTRA,0.0,1693.19,0.0,11.1
2026-03,PARBHANI,MAHARASHTRA,0.0,1633.23,0.0,10.7
2026-03,RATNAGIRI,MAHARASHTRA,0.0,1473.32,0.0,10.43
2026-03,HINGOLI,MAHARASHTRA,0.0,1040.66,0.0,8.24
2026-03,WARDHA,MAHARASHTRA,0.0,1138.96,0.0,7.7
2026-03,WASHIM,MAHARASHTRA,0.0,942.17,0.0,6.46
2026-03,NANDURBAR,MAHARASHTRA,0.0,964.98,0.0,6.33
2026-03,GONDIA,MAHARASHTRA,0.0,1043.52,0.0,6.3
2026-03,SINDHUDURG,MAHARASHTRA,0.0,857.15,0.0,5.61
2026-03,BHANDARA,MAHARASHTRA,0.0,936.95,0.0,5.36
2026-03,GADCHIROLI,MAHARASHTRA,0.0,679.78,0.0,4.46
2026-03,,MAHARASHTRA Total,0.09,276685.31,0.1,2263.24
2026-03,GAUTAM BUDDHA NAGAR,UTTAR PRADESH,0.01,17486.54,0.01,167.04
2026-03,GHAZIABAD,UTTAR PRADESH,0.0,12029.01,0.0,94.76
2026-03,LUCKNOW,UTTAR PRADESH,0.0,11765.96,0.0,94.57
2026-03,PRAYAGRAJ,UTTAR PRADESH,0.0,4955.08,0.0,39.8
2026-03,VARANASI,UTTAR PRADESH,0.0,5468.87,0.0,38.12
2026-03,KANPUR NAGAR,UTTAR PRADESH,0.0,5322.24,0.0,35.7
2026-03,AGRA,UTTAR PRADESH,0.0,5069.46,0.0,34.93
2026-03,GORAKHPUR,UTTAR PRADESH,0.0,4457.86,0.0,32.13
2026-03,MEERUT,UTTAR PRADESH,0.0,4697.38,0.0,29.62
2026-03,MATHURA,UTTAR PRADESH,0.0,3100.89,0.0,23.3
2026-03,BAREILLY,UTTAR PRADESH,0.0,3387.68,0.0,22.31
2026-03,ALIGARH,UTTAR PRADESH,0.0,3007.49,0.0,21.65
2026-03,BULANDSHAHR,UTTAR PRADESH,0.0,2583.81,0.0,18.89
2026-03,MORADABAD,UTTAR PRADESH,0.0,2902.27,0.0,18.4
2026-03,SAHARANPUR,UTTAR PRADESH,0.0,2948.65,0.0,18.34
2026-03,JAUNPUR,UTTAR PRADESH,0.0,2366.39,0.0,17.13
2026-03,AZAMGARH,UTTAR PRADESH,0.0,2256.66,0.0,16.45
2026-03,KUSHINAGAR,UTTAR PRADESH,0.0,2168.94,0.0,16.17
2026-03,MUZAFFARNAGAR,UTTAR PRADESH,0.0,2184.56,0.0,14.45
2026-03,DEORIA,UTTAR PRADESH,0.0,1926.16,0.0,14.18
2026-03,BIJNOR,UTTAR PRADESH,0.0,2156.36,0.0,13.92
2026-03,AYODHYA,UTTAR PRADESH,0.0,1848.12,0.0,13.18
2026-03,GHAZIPUR,UTTAR PRADESH,0.0,1809.93,0.0,12.86
2026-03,BALLIA,UTTAR PRADESH,0.0,1681.46,0.0,11.98
2026-03,FIROZABAD,UTTAR PRADESH,0.0,1704.92,0.0,11.96
2026-03,JHANSI,UTTAR PRADESH,0.0,1721.76,0.0,11.62
2026-03,PRATAPGARH,UTTAR PRADESH,0.0,1506.88,0.0,11.35
2026-03,GONDA,UTTAR PRADESH,0.0,1593.56,0.0,11.11
2026-03,KHERI,UTTAR PRADESH,0.0,1428.39,0.0,11.07
2026-03,SITAPUR,UTTAR PRADESH,0.0,1356.65,0.0,10.48
2026-03,MAHRAJGANJ,UTTAR PRADESH,0.0,1355.29,0.0,10.45
2026-03,BARA BANKI,UTTAR PRADESH,0.0,1364.56,0.0,10.42
2026-03,RAMPUR,UTTAR PRADESH,0.0,1623.82,0.0,10.31
2026-03,HAPUR,UTTAR PRADESH,0.0,1452.46,0.0,10.29
2026-03,BASTI,UTTAR PRADESH,0.0,1396.83,0.0,10.16
2026-03,SULTANPUR,UTTAR PRADESH,0.0,1349.01,0.0,9.78
2026-03,BAHRAICH,UTTAR PRADESH,0.0,1322.11,0.0,9.49
2026-03,AMROHA,UTTAR PRADESH,0.0,1394.72,0.0,9.13
2026-03,RAE BARELI,UTTAR PRADESH,0.0,1268.32,0.0,9.04
2026-03,MIRZAPUR,UTTAR PRADESH,0.0,1298.15,0.0,8.72
2026-03,SIDDHARTHNAGAR,UTTAR PRADESH,0.0,1167.99,0.0,8.69
2026-03,HARDOI,UTTAR PRADESH,0.0,1202.07,0.0,8.47
2026-03,SONBHADRA,UTTAR PRADESH,0.0,1169.59,0.0,8.38
2026-03,UNNAO,UTTAR PRADESH,0.0,1222.3,0.0,8.36
2026-03,BUDAUN,UTTAR PRADESH,0.0,1194.64,0.0,8.34
2026-03,MAU,UTTAR PRADESH,0.0,1065.31,0.0,8
2026-03,AMBEDKAR NAGAR,UTTAR PRADESH,0.0,1098.24,0.0,8
2026-03,SHAHJAHANPUR,UTTAR PRADESH,0.0,1179.3,0.0,7.95
2026-03,CHANDAULI,UTTAR PRADESH,0.0,1145.42,0.0,7.76
2026-03,MAINPURI,UTTAR PRADESH,0.0,983.92,0.0,7.73
2026-03,SAMBHAL,UTTAR PRADESH,0.0,1183.57,0.0,7.56
2026-03,ETAWAH,UTTAR PRADESH,0.0,998.72,0.0,7.42
2026-03,BAGHPAT,UTTAR PRADESH,0.0,1016.85,0.0,6.9
2026-03,BALRAMPUR,UTTAR PRADESH,0.0,899.95,0.0,6.71
2026-03,ETAH,UTTAR PRADESH,0.0,824.2,0.0,6.4
2026-03,HATHRAS,UTTAR PRADESH,0.0,913.36,0.0,6.4
2026-03,SHAMLI,UTTAR PRADESH,0.0,968.98,0.0,6.31
2026-03,JALAUN,UTTAR PRADESH,0.0,875.8,0.0,6.25
2026-03,FATEHPUR,UTTAR PRADESH,0.0,931.88,0.0,6.23
2026-03,AMETHI,UTTAR PRADESH,0.0,853.47,0.0,6.17
2026-03,SANT KABIR NAGAR,UTTAR PRADESH,0.0,853.18,0.0,6.12
2026-03,PILIBHIT,UTTAR PRADESH,0.0,872.14,0.0,6.11
2026-03,FARRUKHABAD,UTTAR PRADESH,0.0,808.8,0.0,6.09
2026-03,KANNAUJ,UTTAR PRADESH,0.0,754.26,0.0,5.64
2026-03,BHADOHI,UTTAR PRADESH,0.0,750.47,0.0,5.46
2026-03,KANPUR DEHAT,UTTAR PRADESH,0.0,799.12,0.0,5.45
2026-03,AURAIYA,UTTAR PRADESH,0.0,713.85,0.0,5.34
2026-03,KASGANJ,UTTAR PRADESH,0.0,614.78,0.0,4.63
2026-03,BANDA,UTTAR PRADESH,0.0,621.57,0.0,4.58
2026-03,LALITPUR,UTTAR PRADESH,0.0,493.14,0.0,3.97
2026-03,KAUSHAMBI,UTTAR PRADESH,0.0,565.52,0.0,3.85
2026-03,HAMIRPUR,UTTAR PRADESH,0.0,499.73,0.0,3.68
2026-03,MAHOBA,UTTAR PRADESH,0.0,402.57,0.0,3.26
2026-03,CHITRAKOOT,UTTAR PRADESH,0.0,384.62,0.0,2.75
2026-03,SHRAWASTI,UTTAR PRADESH,0.0,342.81,0.0,2.5
2026-03,,UTTAR PRADESH Total,0.05,161091.32,0.05,1202.76
2026-03,BENGALURU (URBAN),KARNATAKA,0.03,92944.95,0.03,673.48
2026-03,MYSURU,KARNATAKA,0.0,7424.25,0.0,48.64
2026-03,BENGALURU (RURAL),KARNATAKA,0.0,4916.08,0.0,34.59
2026-03,BELAGAVI,KARNATAKA,0.0,5013.83,0.0,33.85
2026-03,DAKSHINA KANNADA,KARNATAKA,0.0,4772.57,0.0,33.17
2026-03,TUMAKURU,KARNATAKA,0.0,4148.23,0.0,25.65
2026-03,DHARWAD,KARNATAKA,0.0,3065.32,0.0,22.98
2026-03,KALABURAGI,KARNATAKA,0.0,3338.62,0.0,21.89
2026-03,KOLARA,KARNATAKA,0.0,3280.23,0.0,21.37
2026-03,HASSAN,KARNATAKA,0.0,3204.78,0.0,18.15
2026-03,VIJAYAPURA,KARNATAKA,0.0,2584.47,0.0,16.56
2026-03,RAMANAGARA,KARNATAKA,0.0,2589.32,0.0,16.56
2026-03,MANDYA,KARNATAKA,0.0,3063.73,0.0,16.35
2026-03,SHIVAMOGGA,KARNATAKA,0.0,2537.59,0.0,16.06
2026-03,UDUPI,KARNATAKA,0.0,2266.95,0.0,15.72
2026-03,BALLARI,KARNATAKA,0.0,2212.39,0.0,15.03
2026-03,DAVANAGERE,KARNATAKA,0.0,2237.22,0.0,14.71
2026-03,BIDAR,KARNATAKA,0.0,2274.15,0.0,14.66
2026-03,RAICHUR,KARNATAKA,0.0,2098.77,0.0,13.51
2026-03,CHIKKABALLAPURA,KARNATAKA,0.0,2385.86,0.0,13.18
2026-03,BAGALKOT,KARNATAKA,0.0,1764.89,0.0,12.22
2026-03,CHITRADURGA,KARNATAKA,0.0,1891.32,0.0,11.47
2026-03,CHIKKAMAGALURU,KARNATAKA,0.0,1717.1,0.0,9.81
2026-03,KOPPAL,KARNATAKA,0.0,1440.55,0.0,9.8
2026-03,VIJAYANAGARA,KARNATAKA,0.0,1459.98,0.0,9.78
2026-03,UTTARA KANNADA,KARNATAKA,0.0,1471.22,0.0,9.76
2026-03,HAVERI,KARNATAKA,0.0,1279.98,0.0,8.27
2026-03,YADGIR,KARNATAKA,0.0,1032.18,0.0,6.16
2026-03,KODAGU,KARNATAKA,0.0,1115.4,0.0,6.08
2026-03,GADAG,KARNATAKA,0.0,859.85,0.0,5.92
2026-03,CHAMARAJANAGARA,KARNATAKA,0.0,1012.14,0.0,5.67
2026-03,,KARNATAKA Total,0.06,171403.92,0.05,1181.05
2026-03,CHENNAI,TAMIL NADU,0.01,30447.18,0.01,210.39
2026-03,COIMBATORE,TAMIL NADU,0.0,12782.26,0.0,87.13
2026-03,CHENGALPATTU,TAMIL NADU,0.0,11588.3,0.0,86.77
2026-03,TIRUVALLUR,TAMIL NADU,0.0,7058.31,0.0,48.5
2026-03,TIRUPPUR,TAMIL NADU,0.0,5958.16,0.0,40.46
2026-03,SALEM,TAMIL NADU,0.0,5624.54,0.0,31.11
2026-03,KANCHEEPURAM,TAMIL NADU,0.0,4464.31,0.0,31.1
2026-03,KRISHNAGIRI,TAMIL NADU,0.0,4882,0.0,29.72
2026-03,MADURAI,TAMIL NADU,0.0,5320.93,0.0,28.77
2026-03,TIRUCHIRAPPALLI,TAMIL NADU,0.0,4302.18,0.0,25.18
2026-03,ERODE,TAMIL NADU,0.0,3449.68,0.0,20.43
2026-03,THANJAVUR,TAMIL NADU,0.0,3050.43,0.0,16.48
2026-03,CUDDALORE,TAMIL NADU,0.0,2766.37,0.0,16.19
2026-03,VELLORE,TAMIL NADU,0.0,2327.85,0.0,15.16
2026-03,DINDIGUL,TAMIL NADU,0.0,2664.88,0.0,14.01
2026-03,TIRUVANNAMALAI,TAMIL NADU,0.0,2326.11,0.0,13.78
2026-03,TIRUNELVELI,TAMIL NADU,0.0,2330.33,0.0,13.76
2026-03,NAMAKKAL,TAMIL NADU,0.0,2518.56,0.0,13.58
2026-03,KANNIYAKUMARI,TAMIL NADU,0.0,2669.53,0.0,13.45
2026-03,THOOTHUKUDI,TAMIL NADU,0.0,2193.55,0.0,13.3
2026-03,VILUPPURAM,TAMIL NADU,0.0,2084.37,0.0,12.6
2026-03,DHARMAPURI,TAMIL NADU,0.0,2283.46,0.0,11.75
2026-03,VIRUDHUNAGAR,TAMIL NADU,0.0,2017.51,0.0,11.23
2026-03,TIRUPATHUR,TAMIL NADU,0.0,1528.44,0.0,9.22
2026-03,RANIPET,TAMIL NADU,0.0,1480.13,0.0,9.08
2026-03,PUDUKKOTTAI,TAMIL NADU,0.0,1598.85,0.0,8.34
2026-03,SIVAGANGA,TAMIL NADU,0.0,1496.82,0.0,7.93
2026-03,KARUR,TAMIL NADU,0.0,1411.76,0.0,7.59
2026-03,KALLAKURICHI,TAMIL NADU,0.0,1354.43,0.0,7.45
2026-03,TENKASI,TAMIL NADU,0.0,1375,0.0,7.43
2026-03,RAMANATHAPURAM,TAMIL NADU,0.0,1463.36,0.0,7.36
2026-03,THENI,TAMIL NADU,0.0,1434.61,0.0,7.08
2026-03,THIRUVARUR,TAMIL NADU,0.0,1181.58,0.0,6.23
2026-03,THE NILGIRIS,TAMIL NADU,0.0,1006.08,0.0,6.14
2026-03,MAYILADUTHURAI,TAMIL NADU,0.0,881.91,0.0,4.86
2026-03,ARIYALUR,TAMIL NADU,0.0,718.45,0.0,4.09
2026-03,NAGAPATTINAM,TAMIL NADU,0.0,633.26,0.0,3.48
2026-03,PERAMBALUR,TAMIL NADU,0.0,615.25,0.0,3.37
2026-03,,TAMIL NADU Total,0.05,143290.72,0.04,904.49
2026-03,RANGA REDDY,TELANGANA,0.01,32864.53,0.01,210.62
2026-03,MEDCHAL-MALKAJGIRI,TELANGANA,0.01,30354.59,0.01,200.42
2026-03,HYDERABAD,TELANGANA,0.01,24846.84,0.01,170.36
2026-03,SANGAREDDY,TELANGANA,0.0,6757.41,0.0,43.74
2026-03,NALGONDA,TELANGANA,0.0,3577.56,0.0,19.68
2026-03,HANUMAKONDA,TELANGANA,0.0,3152.49,0.0,19.16
2026-03,KHAMMAM,TELANGANA,0.0,3104.24,0.0,18.36
2026-03,KARIMNAGAR,TELANGANA,0.0,3141.66,0.0,17.36
2026-03,NIZAMABAD,TELANGANA,0.0,3219.07,0.0,16.85
2026-03,SIDDIPET,TELANGANA,0.0,2484.79,0.0,13.65
2026-03,BHADRADRI KOTHAGUDEM,TELANGANA,0.0,2104.67,0.0,13.09
2026-03,WARANGAL,TELANGANA,0.0,2216.47,0.0,12.62
2026-03,MAHBUBNAGAR,TELANGANA,0.0,2031.48,0.0,12.44
2026-03,SURYAPET,TELANGANA,0.0,2119.01,0.0,11.42
2026-03,YADADRI BHUVANAGIRI,TELANGANA,0.0,2000.7,0.0,11.37
2026-03,MANCHERIAL,TELANGANA,0.0,1762.09,0.0,10.27
2026-03,PEDDAPALLI,TELANGANA,0.0,1639.53,0.0,9.61
2026-03,VIKARABAD,TELANGANA,0.0,1388.92,0.0,8.44
2026-03,JAGTIAL,TELANGANA,0.0,1747.41,0.0,8.42
2026-03,MEDAK,TELANGANA,0.0,1286.28,0.0,8.1
2026-03,KAMAREDDY,TELANGANA,0.0,1389.85,0.0,7.65
2026-03,NAGARKURNOOL,TELANGANA,0.0,1374.56,0.0,7.44
2026-03,MAHABUBABAD,TELANGANA,0.0,1127.65,0.0,6.71
2026-03,NIRMAL,TELANGANA,0.0,1136.05,0.0,5.88
2026-03,JANGAON,TELANGANA,0.0,1043.07,0.0,5.75
2026-03,RAJANNA SIRCILLA,TELANGANA,0.0,1109.76,0.0,5.5
2026-03,ADILABAD,TELANGANA,0.0,872.86,0.0,5.49
2026-03,WANAPARTHY,TELANGANA,0.0,907.14,0.0,5.15
2026-03,JOGULAMBA GADWAL,TELANGANA,0.0,844.1,0.0,4.68
2026-03,JAYASHANKAR BHUPALPALLI,TELANGANA,0.0,689.29,0.0,3.96
2026-03,NARAYANPET,TELANGANA,0.0,684.27,0.0,3.76
2026-03,KUMURAM BHEEM,TELANGANA,0.0,546.46,0.0,3.5
2026-03,MULUGU,TELANGANA,0.0,450.34,0.0,2.57
2026-03,,TELANGANA Total,0.05,143975.14,0.04,904.01
2026-03,VISAKHAPATNAM,ANDHRA PRADESH,0.0,9771.86,0.0,62.46
2026-03,TIRUPATI,ANDHRA PRADESH,0.0,7555.55,0.0,48.01
2026-03,NTR,ANDHRA PRADESH,0.0,7173.82,0.0,43.85
2026-03,GUNTUR,ANDHRA PRADESH,0.0,6927.72,0.0,41.99
2026-03,SRI POTTI SRIRAMULU NELLORE,ANDHRA PRADESH,0.0,6017.99,0.0,32.78
2026-03,KAKINADA,ANDHRA PRADESH,0.0,4622.73,0.0,28.03
2026-03,ANANTHAPURAMU,ANDHRA PRADESH,0.0,4769.35,0.0,27.74
2026-03,EAST GODAVARI,ANDHRA PRADESH,0.0,4584.45,0.0,25.98
2026-03,PRAKASAM,ANDHRA PRADESH,0.0,4670.9,0.0,24.91
2026-03,Y.S.R.,ANDHRA PRADESH,0.0,4693.66,0.0,23.93
2026-03,ELURU,ANDHRA PRADESH,0.0,4127.61,0.0,23.74
2026-03,KRISHNA,ANDHRA PRADESH,0.0,4087.52,0.0,23.61
2026-03,KURNOOL,ANDHRA PRADESH,0.0,3874.59,0.0,23.57
2026-03,WEST GODAVARI,ANDHRA PRADESH,0.0,4028.51,0.0,22.16
2026-03,CHITTOOR,ANDHRA PRADESH,0.0,3415.15,0.0,19.62
2026-03,PALNADU,ANDHRA PRADESH,0.0,3632.47,0.0,19.2
2026-03,ANNAMAYYA,ANDHRA PRADESH,0.0,3520.7,0.0,19.09
2026-03,ANAKAPALLI,ANDHRA PRADESH,0.0,3172.31,0.0,18.12
2026-03,VIZIANAGARAM,ANDHRA PRADESH,0.0,3091.72,0.0,18.1
2026-03,SRIKAKULAM,ANDHRA PRADESH,0.0,3383.37,0.0,18.1
2026-03,NANDYAL,ANDHRA PRADESH,0.0,3076.22,0.0,17.46
2026-03,SRI SATHYA SAI,ANDHRA PRADESH,0.0,2870.25,0.0,16.87
2026-03,DR. B.R. AMBEDKAR KONASEEMA,ANDHRA PRADESH,0.0,2877.25,0.0,16.12
2026-03,BAPATLA,ANDHRA PRADESH,0.0,2579.57,0.0,14.18
2026-03,PARVATHIPURAM MANYAM,ANDHRA PRADESH,0.0,900.96,0.0,4.83
2026-03,ALLURI SITARAMA RAJU,ANDHRA PRADESH,0.0,731.42,0.0,4.57
2026-03,,ANDHRA PRADESH Total,0.04,110157.65,0.03,639.01
2026-03,JAIPUR,RAJASTHAN,0.01,21118.91,0.01,154.64
2026-03,JODHPUR,RAJASTHAN,0.0,4931.17,0.0,31.09
2026-03,UDAIPUR,RAJASTHAN,0.0,3501.51,0.0,25.36
2026-03,KOTA,RAJASTHAN,0.0,2896.04,0.0,22.1
2026-03,AJMER,RAJASTHAN,0.0,3399.71,0.0,20.75
2026-03,SIKAR,RAJASTHAN,0.0,3571,0.0,20.27
2026-03,BHILWARA,RAJASTHAN,0.0,3084.02,0.0,19.37
2026-03,BIKANER,RAJASTHAN,0.0,2690.92,0.0,16.19
2026-03,ALWAR,RAJASTHAN,0.0,2109.82,0.0,15.38
2026-03,GANGANAGAR,RAJASTHAN,0.0,2274.13,0.0,14.29
2026-03,KHAIRTHAL-TIJARA,RAJASTHAN,0.0,1662.39,0.0,13.1
2026-03,JHUNJHUNU,RAJASTHAN,0.0,2197.09,0.0,11.88
2026-03,DAUSA,RAJASTHAN,0.0,1587.17,0.0,11.84
2026-03,KOTPUTLI-BEHROR,RAJASTHAN,0.0,1747.53,0.0,10.64
2026-03,CHITTAURGARH,RAJASTHAN,0.0,1586.26,0.0,10.34
2026-03,PALI,RAJASTHAN,0.0,1526.91,0.0,9.66
2026-03,BARMER,RAJASTHAN,0.0,1525.81,0.0,9.49
2026-03,CHURU,RAJASTHAN,0.0,1754.35,0.0,9.45
2026-03,HANUMANGARH,RAJASTHAN,0.0,1620.64,0.0,9.17
2026-03,NAGAUR,RAJASTHAN,0.0,1549.65,0.0,8.35
2026-03,DIDWANA-KUCHAMAN,RAJASTHAN,0.0,1565.87,0.0,8.19
2026-03,BHARATPUR,RAJASTHAN,0.0,1042.79,0.0,8
2026-03,TONK,RAJASTHAN,0.0,1116.52,0.0,7.91
2026-03,JALOR,RAJASTHAN,0.0,1418.19,0.0,7.82
2026-03,KARAULI,RAJASTHAN,0.0,967.8,0.0,7.74
2026-03,BEAWAR,RAJASTHAN,0.0,1273.61,0.0,7.65
2026-03,RAJSAMAND,RAJASTHAN,0.0,1146.53,0.0,7.25
2026-03,SAWAI MADHOPUR,RAJASTHAN,0.0,976.79,0.0,7.14
2026-03,JHALAWAR,RAJASTHAN,0.0,940.99,0.0,6.72
2026-03,JAISALMER,RAJASTHAN,0.0,959.61,0.0,6.38
2026-03,BALOTRA,RAJASTHAN,0.0,1071.12,0.0,6.03
2026-03,BANSWARA,RAJASTHAN,0.0,842.01,0.0,5.93
2026-03,DHAULPUR,RAJASTHAN,0.0,767.45,0.0,5.87
2026-03,SIROHI,RAJASTHAN,0.0,807.87,0.0,5.38
2026-03,BUNDI,RAJASTHAN,0.0,743.25,0.0,5.36
2026-03,BARAN,RAJASTHAN,0.0,662.13,0.0,4.74
2026-03,DUNGARPUR,RAJASTHAN,0.0,695.61,0.0,4.72
2026-03,PHALODI,RAJASTHAN,0.0,727.67,0.0,4.25
2026-03,DEEG,RAJASTHAN,0.0,539.31,0.0,4.18
2026-03,PRATAPGARH,RAJASTHAN,0.0,428.07,0.0,3.04
2026-03,SALUMBAR,RAJASTHAN,0.0,287.97,0.0,1.94
2026-03,,RAJASTHAN Total,0.03,85316.21,0.03,569.59
2026-03,AHMADABAD,GUJARAT,0.01,20295.57,0.01,135.15
2026-03,SURAT,GUJARAT,0.01,15755.33,0.0,101.37
2026-03,VADODARA,GUJARAT,0.0,7456.86,0.0,57.57
2026-03,KACHCHH,GUJARAT,0.0,3941.58,0.0,25.28
2026-03,GANDHINAGAR,GUJARAT,0.0,3251.09,0.0,23.62
2026-03,RAJKOT,GUJARAT,0.0,4544.64,0.0,22.81
2026-03,BHARUCH,GUJARAT,0.0,2724.7,0.0,21.61
2026-03,VALSAD,GUJARAT,0.0,2732.3,0.0,20.95
2026-03,BANAS KANTHA,GUJARAT,0.0,2678.08,0.0,17.02
2026-03,ANAND,GUJARAT,0.0,1875.82,0.0,13.14
2026-03,MAHESANA,GUJARAT,0.0,2029.7,0.0,12.59
2026-03,JAMNAGAR,GUJARAT,0.0,1793.55,0.0,11.58
2026-03,KHEDA,GUJARAT,0.0,1415.16,0.0,10.12
2026-03,BHAVNAGAR,GUJARAT,0.0,1757.25,0.0,9.03
2026-03,PANCH MAHALS,GUJARAT,0.0,1060.86,0.0,8.3
2026-03,NAVSARI,GUJARAT,0.0,1167.53,0.0,7.93
2026-03,SABAR KANTHA,GUJARAT,0.0,1134.23,0.0,7.44
2026-03,DAHOD,GUJARAT,0.0,970.87,0.0,6.45
2026-03,PATAN,GUJARAT,0.0,861.79,0.0,5.68
2026-03,MORBI,GUJARAT,0.0,1159.17,0.0,5.63
2026-03,SURENDRANAGAR,GUJARAT,0.0,1063.66,0.0,5.58
2026-03,JUNAGADH,GUJARAT,0.0,1008.87,0.0,4.76
2026-03,ARVALLI,GUJARAT,0.0,674.08,0.0,4.66
2026-03,GIR SOMNATH,GUJARAT,0.0,860.74,0.0,4.33
2026-03,DEVBHUMI DWARKA,GUJARAT,0.0,646.13,0.0,3.54
2026-03,AMRELI,GUJARAT,0.0,709.99,0.0,3.49
2026-03,TAPI,GUJARAT,0.0,444.72,0.0,3.39
2026-03,MAHISAGAR,GUJARAT,0.0,452.1,0.0,3.32
2026-03,BOTAD,GUJARAT,0.0,445.52,0.0,2.45
2026-03,NARMADA,GUJARAT,0.0,244.6,0.0,2.1
2026-03,CHHOTAUDEPUR,GUJARAT,0.0,309.04,0.0,2.06
2026-03,PORBANDAR,GUJARAT,0.0,415.92,0.0,1.83
2026-03,DANGS,GUJARAT,0.0,72.94,0.0,0.65
2026-03,,GUJARAT Total,0.03,85954.4,0.02,565.42
2026-03,WEST,DELHI,0.0,9827.23,0.0,70.75
2026-03,SOUTH EAST,DELHI,0.0,7997.29,0.0,70.1
2026-03,CENTRAL,DELHI,0.0,7481.69,0.0,54.5
2026-03,NEW DELHI,DELHI,0.0,6118.2,0.0,54.13
2026-03,SOUTH,DELHI,0.0,5375.72,0.0,47.48
2026-03,SOUTH WEST,DELHI,0.0,5782.85,0.0,46.55
2026-03,EAST,DELHI,0.0,8073.89,0.0,44.97
2026-03,NORTH,DELHI,0.0,5864.93,0.0,39.99
2026-03,NORTH WEST,DELHI,0.0,5776.75,0.0,39.84
2026-03,SHAHDARA,DELHI,0.0,4226.4,0.0,27.75
2026-03,NORTH EAST,DELHI,0.0,2461.31,0.0,17.04
2026-03,NAZUL,DELHI,0.0,384.2,0.0,2.97
2026-03,,DELHI Total,0.02,69370.45,0.02,516.09
2026-03,NORTH TWENTY-FOUR PARGANAS,WEST BENGAL,0.0,12111.23,0.0,89.95
2026-03,KOLKATA,WEST BENGAL,0.0,10693.28,0.0,74.89
2026-03,SOUTH 24PARGANAS,WEST BENGAL,0.0,5448.45,0.0,33.64
2026-03,HAORA,WEST BENGAL,0.0,4408.61,0.0,28.48
2026-03,MURSHIDABAD,WEST BENGAL,0.0,5023.56,0.0,25.88
2026-03,HUGLI,WEST BENGAL,0.0,3818.72,0.0,24.51
2026-03,PURBA MEDINIPUR,WEST BENGAL,0.0,3972.37,0.0,23.06
2026-03,PASCHIM BARDDHAMAN,WEST BENGAL,0.0,2897.56,0.0,22.17
2026-03,NADIA,WEST BENGAL,0.0,3562.87,0.0,21.61
2026-03,PASCHIM MEDINIPUR,WEST BENGAL,0.0,3156.51,0.0,21.44
2026-03,MALDAH,WEST BENGAL,0.0,3030.95,0.0,17.3
2026-03,PURBA BARDDHAMAN,WEST BENGAL,0.0,2700.86,0.0,16.29
2026-03,DARJILING,WEST BENGAL,0.0,2128.57,0.0,14.82
2026-03,JALPAIGURI,WEST BENGAL,0.0,1864.18,0.0,14.04
2026-03,BIRBHAM,WEST BENGAL,0.0,2049.78,0.0,12.28
2026-03,UTTAR DINAJPUR,WEST BENGAL,0.0,1960.05,0.0,11.73
2026-03,KOCH BIHAR,WEST BENGAL,0.0,1534.53,0.0,11.37
2026-03,BANKURA,WEST BENGAL,0.0,1495.34,0.0,10.33
2026-03,PURULIYA,WEST BENGAL,0.0,1019.05,0.0,8.6
2026-03,ALIPUR DUAR,WEST BENGAL,0.0,884.4,0.0,6.44
2026-03,DAKSHIN DINAJPUR,WEST BENGAL,0.0,796.72,0.0,4.83
2026-03,JHARGRAM,WEST BENGAL,0.0,435.15,0.0,3.33
2026-03,KALIMPONG,WEST BENGAL,0.0,218.23,0.0,1.53
2026-03,,WEST BENGAL Total,0.03,75210.95,0.02,498.51
2026-03,PATNA,BIHAR,0.0,9694.42,0.0,69.58
2026-03,PURBA CHAMPARAN,BIHAR,0.0,3775.03,0.0,26.7
2026-03,MUZAFFARPUR,BIHAR,0.0,4003.24,0.0,26.48
2026-03,PASHCHIM CHAMPARAN,BIHAR,0.0,2748.95,0.0,20.51
2026-03,GAYA,BIHAR,0.0,3069.97,0.0,20.29
2026-03,SAMASTIPUR,BIHAR,0.0,2577.52,0.0,17.26
2026-03,SARAN,BIHAR,0.0,2422.58,0.0,16.69
2026-03,DARBHANGA,BIHAR,0.0,2461.33,0.0,16.63
2026-03,MADHUBANI,BIHAR,0.0,2431.99,0.0,16.36
2026-03,PURNIA,BIHAR,0.0,2322.81,0.0,16.22
2026-03,VAISHALI,BIHAR,0.0,2364.82,0.0,15.57
2026-03,BHAGALPUR,BIHAR,0.0,2129.13,0.0,15.33
2026-03,SIWAN,BIHAR,0.0,2217.24,0.0,14.56
2026-03,KATIHAR,BIHAR,0.0,1994.02,0.0,13.6
2026-03,ROHTAS,BIHAR,0.0,2080.1,0.0,13.23
2026-03,BEGUSARAI,BIHAR,0.0,1892.48,0.0,13.2
2026-03,AURANGABAD,BIHAR,0.0,1677.83,0.0,12.32
2026-03,SITAMARHI,BIHAR,0.0,1849.83,0.0,12.17
2026-03,GOPALGANJ,BIHAR,0.0,1736.51,0.0,11.97
2026-03,ARARIA,BIHAR,0.0,1633.09,0.0,11.58
2026-03,NALANDA,BIHAR,0.0,1722.11,0.0,11.53
2026-03,BHOJPUR,BIHAR,0.0,1667.26,0.0,10.69
2026-03,SUPAUL,BIHAR,0.0,1370.76,0.0,10.61
2026-03,SAHARSA,BIHAR,0.0,1142,0.0,8.72
2026-03,MADHEPURA,BIHAR,0.0,1093.98,0.0,8.42
2026-03,NAWADA,BIHAR,0.0,1178.74,0.0,7.51
2026-03,KISHANGANJ,BIHAR,0.0,1088.36,0.0,6.98
2026-03,BUXAR,BIHAR,0.0,1040.81,0.0,6.66
2026-03,JAMUI,BIHAR,0.0,941.59,0.0,6.62
2026-03,KHAGARIA,BIHAR,0.0,920.77,0.0,6.43
2026-03,KAIMUR (BHABUA),BIHAR,0.0,901.98,0.0,5.84
2026-03,JEHANABAD,BIHAR,0.0,706.25,0.0,5.82
2026-03,BANKA,BIHAR,0.0,802.86,0.0,5.65
2026-03,MUNGER,BIHAR,0.0,728.63,0.0,5.13
2026-03,LAKHISARAI,BIHAR,0.0,568.51,0.0,3.72
2026-03,ARWAL,BIHAR,0.0,373.75,0.0,2.96
2026-03,SHEIKHPURA,BIHAR,0.0,353.98,0.0,2.21
2026-03,SHEOHAR,BIHAR,0.0,324.34,0.0,2.2
2026-03,,BIHAR Total,0.02,72009.55,0.02,497.94
2026-03,INDORE,MADHYA PRADESH,0.0,11029.18,0.0,86.77
2026-03,BHOPAL,MADHYA PRADESH,0.0,6530.43,0.0,54.89
2026-03,GWALIOR,MADHYA PRADESH,0.0,3352.39,0.0,22.46
2026-03,JABALPUR,MADHYA PRADESH,0.0,2832.13,0.0,20.02
2026-03,UJJAIN,MADHYA PRADESH,0.0,2606.97,0.0,19.33
2026-03,DHAR,MADHYA PRADESH,0.0,1939.68,0.0,13.86
2026-03,DEWAS,MADHYA PRADESH,0.0,1629.94,0.0,11.5
2026-03,SAGAR,MADHYA PRADESH,0.0,1374.54,0.0,10.04
2026-03,REWA,MADHYA PRADESH,0.0,1333.62,0.0,9.36
2026-03,SEHORE,MADHYA PRADESH,0.0,1181.08,0.0,9.15
2026-03,RATLAM,MADHYA PRADESH,0.0,1325.42,0.0,8.76
2026-03,CHHINDWARA,MADHYA PRADESH,0.0,1192.49,0.0,8.42
2026-03,MORENA,MADHYA PRADESH,0.0,1273.71,0.0,8.32
2026-03,RAJGARH,MADHYA PRADESH,0.0,1121.55,0.0,8.04
2026-03,KHARGONE,MADHYA PRADESH,0.0,1254.72,0.0,7.86
2026-03,SHIVPURI,MADHYA PRADESH,0.0,1002.92,0.0,7.69
2026-03,SATNA,MADHYA PRADESH,0.0,1081.27,0.0,7.69
2026-03,MANDSAUR,MADHYA PRADESH,0.0,1142.3,0.0,7.67
2026-03,NARMADAPURAM,MADHYA PRADESH,0.0,1026.29,0.0,7.61
2026-03,RAISEN,MADHYA PRADESH,0.0,969.2,0.0,7.6
2026-03,SINGRAULI,MADHYA PRADESH,0.0,959.98,0.0,7.32
2026-03,CHHATARPUR,MADHYA PRADESH,0.0,952.94,0.0,7.17
2026-03,BALAGHAT,MADHYA PRADESH,0.0,1018.9,0.0,7.04
2026-03,KHANDWA,MADHYA PRADESH,0.0,883.32,0.0,6.75
2026-03,GUNA,MADHYA PRADESH,0.0,865.56,0.0,6.59
2026-03,VIDISHA,MADHYA PRADESH,0.0,930.14,0.0,6.55
2026-03,BETUL,MADHYA PRADESH,0.0,949.98,0.0,6.46
2026-03,BHIND,MADHYA PRADESH,0.0,886.87,0.0,5.9
2026-03,SEONI,MADHYA PRADESH,0.0,795.8,0.0,5.75
2026-03,KATNI,MADHYA PRADESH,0.0,739.22,0.0,5.33
2026-03,SHAJAPUR,MADHYA PRADESH,0.0,744.35,0.0,5.28
2026-03,SHAHDOL,MADHYA PRADESH,0.0,635.15,0.0,4.89
2026-03,NEEMUCH,MADHYA PRADESH,0.0,729.76,0.0,4.84
2026-03,NARSIMHAPUR,MADHYA PRADESH,0.0,695.05,0.0,4.82
2026-03,BARWANI,MADHYA PRADESH,0.0,680.86,0.0,4.51
2026-03,SIDHI,MADHYA PRADESH,0.0,609.11,0.0,4.37
2026-03,AGAR MALWA,MADHYA PRADESH,0.0,520.48,0.0,3.8
2026-03,JHABUA,MADHYA PRADESH,0.0,548.43,0.0,3.65
2026-03,DAMOH,MADHYA PRADESH,0.0,525.86,0.0,3.56
2026-03,ASHOKNAGAR,MADHYA PRADESH,0.0,441.16,0.0,3.53
2026-03,BURHANPUR,MADHYA PRADESH,0.0,510.28,0.0,3.39
2026-03,TIKAMGARH,MADHYA PRADESH,0.0,406.25,0.0,3.39
2026-03,MANDLA,MADHYA PRADESH,0.0,459.53,0.0,3.38
2026-03,ANUPPUR,MADHYA PRADESH,0.0,380.27,0.0,3.17
2026-03,DATIA,MADHYA PRADESH,0.0,437.97,0.0,3.13
2026-03,PANNA,MADHYA PRADESH,0.0,423.27,0.0,3.04
2026-03,HARDA,MADHYA PRADESH,0.0,424.64,0.0,2.92
2026-03,MAIHAR,MADHYA PRADESH,0.0,352.94,0.0,2.73
2026-03,UMARIA,MADHYA PRADESH,0.0,271.23,0.0,2.16
2026-03,SHEOPUR,MADHYA PRADESH,0.0,292.1,0.0,2.06
2026-03,DINDORI,MADHYA PRADESH,0.0,234.24,0.0,1.86
2026-03,MAUGANJ,MADHYA PRADESH,0.0,264.86,0.0,1.71
2026-03,ALIRAJPUR,MADHYA PRADESH,0.0,232.82,0.0,1.5
2026-03,PANDHURNA,MADHYA PRADESH,0.0,243.7,0.0,1.5
2026-03,NIWARI,MADHYA PRADESH,0.0,175.65,0.0,1.35
2026-03,,MADHYA PRADESH Total,0.02,65422.5,0.02,482.43
2026-03,ERNAKULAM,KERALA,0.0,11931.77,0.0,90.07
2026-03,THIRUVANANTHAPURAM,KERALA,0.0,7458.64,0.0,54.21
2026-03,KOZHIKODE,KERALA,0.0,6259.53,0.0,46.09
2026-03,MALAPPURAM,KERALA,0.0,6013.78,0.0,43.3
2026-03,THRISSUR,KERALA,0.0,5874.99,0.0,39.94
2026-03,PALAKKAD,KERALA,0.0,4497.93,0.0,29.93
2026-03,KANNUR,KERALA,0.0,4051.72,0.0,26.91
2026-03,KOLLAM,KERALA,0.0,3817.18,0.0,25.37
2026-03,KOTTAYAM,KERALA,0.0,3468.77,0.0,23.48
2026-03,ALAPPUZHA,KERALA,0.0,3303.51,0.0,23.16
2026-03,IDUKKI,KERALA,0.0,2190.54,0.0,13.35
2026-03,KASARAGOD,KERALA,0.0,1982,0.0,12.57
2026-03,PATHANAMTHITTA,KERALA,0.0,1666.84,0.0,11.21
2026-03,WAYANAD,KERALA,0.0,1527.12,0.0,10.49
2026-03,,KERALA Total,0.02,64044.33,0.02,450.09
2026-03,GURUGRAM,HARYANA,0.01,19521.74,0.01,168.16
2026-03,FARIDABAD,HARYANA,0.0,7465.97,0.0,57.05
2026-03,SONIPAT,HARYANA,0.0,3043.04,0.0,20.05
2026-03,PANIPAT,HARYANA,0.0,2586.72,0.0,15.93
2026-03,KARNAL,HARYANA,0.0,2565.89,0.0,14
2026-03,HISAR,HARYANA,0.0,2660.79,0.0,12.97
2026-03,REWARI,HARYANA,0.0,1810.98,0.0,12.1
2026-03,JHAJJAR,HARYANA,0.0,1915.44,0.0,11.98
2026-03,AMBALA,HARYANA,0.0,2000.27,0.0,11.89
2026-03,ROHTAK,HARYANA,0.0,2115.64,0.0,11.47
2026-03,NUH,HARYANA,0.0,1603.05,0.0,11.09
2026-03,PANCHKULA,HARYANA,0.0,1580.16,0.0,10.9
2026-03,PALWAL,HARYANA,0.0,1588.52,0.0,10.82
2026-03,YAMUNANAGAR,HARYANA,0.0,1517.73,0.0,8.98
2026-03,KURUKSHETRA,HARYANA,0.0,1653.79,0.0,8.69
2026-03,SIRSA,HARYANA,0.0,1484.49,0.0,7.42
2026-03,BHIWANI,HARYANA,0.0,1376.36,0.0,6.64
2026-03,JIND,HARYANA,0.0,1467.76,0.0,6.39
2026-03,MAHENDRAGARH,HARYANA,0.0,1054.63,0.0,5.73
2026-03,KAITHAL,HARYANA,0.0,1304.58,0.0,5.65
2026-03,FATEHABAD,HARYANA,0.0,1006.47,0.0,4.51
2026-03,CHARKI DADRI,HARYANA,0.0,545.1,0.0,2.46
2026-03,,HARYANA Total,0.02,61869.14,0.02,424.91
2026-03,KHORDHA,ODISHA,0.0,8286.25,0.0,69.16
2026-03,CUTTACK,ODISHA,0.0,3616.46,0.0,26.69
2026-03,GANJAM,ODISHA,0.0,3602.79,0.0,20.9
2026-03,PURI,ODISHA,0.0,2020.26,0.0,16.26
2026-03,BALASORE,ODISHA,0.0,2439.29,0.0,16.1
2026-03,JAJAPUR,ODISHA,0.0,2063.14,0.0,15.59
2026-03,SUNDARGARH,ODISHA,0.0,2098.14,0.0,15.33
2026-03,KEONJHAR (KENDUJHAR),ODISHA,0.0,1650.63,0.0,11.5
2026-03,BHADRAK,ODISHA,0.0,1587.4,0.0,11.19
2026-03,ANUGUL,ODISHA,0.0,1493.47,0.0,10.1
2026-03,SAMBALPUR,ODISHA,0.0,1225.34,0.0,9.66
2026-03,MAYURBHANJ,ODISHA,0.0,1328.56,0.0,9.39
2026-03,JAGATSINGHPUR,ODISHA,0.0,1131.45,0.0,8.7
2026-03,KENDRAPARA,ODISHA,0.0,1181.18,0.0,8.54
2026-03,KALAHANDI,ODISHA,0.0,1057.95,0.0,7.86
2026-03,BALANGIR,ODISHA,0.0,1077.23,0.0,7.66
2026-03,KORAPUT,ODISHA,0.0,1162.06,0.0,7.64
2026-03,DHENKANAL,ODISHA,0.0,1046.35,0.0,7.35
2026-03,JHARSUGUDA,ODISHA,0.0,812.8,0.0,6.41
2026-03,BARGARH,ODISHA,0.0,944.33,0.0,6.04
2026-03,RAYAGARHA,ODISHA,0.0,862.44,0.0,5.95
2026-03,NAYAGARH,ODISHA,0.0,736.11,0.0,4.79
2026-03,NABARANGAPUR,ODISHA,0.0,750.66,0.0,4.28
2026-03,MALKANGIRI,ODISHA,0.0,446.5,0.0,3.02
2026-03,NUAPADA,ODISHA,0.0,360.35,0.0,2.63
2026-03,KANDHAMAL,ODISHA,0.0,365.04,0.0,2.56
2026-03,GAJAPATI,ODISHA,0.0,399.73,0.0,2.54
2026-03,SUBARNAPUR,ODISHA,0.0,384.12,0.0,2.52
2026-03,BOUDH,ODISHA,0.0,267.3,0.0,1.63
2026-03,DEOGARH,ODISHA,0.0,153.64,0.0,0.96
2026-03,,ODISHA Total,0.02,44550.94,0.01,322.97
2026-03,KAMRUP METRO,ASSAM,0.0,5166.09,0.0,49.5
2026-03,KAMRUP RURAL,ASSAM,0.0,1422.31,0.0,12.62
2026-03,DIBRUGARH,ASSAM,0.0,1182.97,0.0,12.12
2026-03,NAGAON,ASSAM,0.0,1365.29,0.0,11.39
2026-03,CACHAR,ASSAM,0.0,1356.52,0.0,11.05
2026-03,SONITPUR,ASSAM,0.0,971.3,0.0,9.13
2026-03,BARPETA,ASSAM,0.0,1125.68,0.0,8.38
2026-03,TINSUKIA,ASSAM,0.0,958.68,0.0,8.31
2026-03,JORHAT,ASSAM,0.0,801.11,0.0,8
2026-03,GOLAGHAT,ASSAM,0.0,846.11,0.0,7.94
2026-03,LAKHIMPUR,ASSAM,0.0,795.74,0.0,7.85
2026-03,DHUBRI,ASSAM,0.0,1028.81,0.0,7.78
2026-03,HOJAI,ASSAM,0.0,790.56,0.0,6.67
2026-03,GOALPARA,ASSAM,0.0,849.95,0.0,6.29
2026-03,SIBSAGAR,ASSAM,0.0,596.97,0.0,5.93
2026-03,DARANG,ASSAM,0.0,723.67,0.0,5.84
2026-03,MARIGAON,ASSAM,0.0,694.89,0.0,5.79
2026-03,DHEMAJI,ASSAM,0.0,555.66,0.0,5.32
2026-03,SRIBHUMI,ASSAM,0.0,725.01,0.0,5.3
2026-03,BONGAIGAON,ASSAM,0.0,631.14,0.0,4.92
2026-03,KARBI ANGLONG,ASSAM,0.0,525.54,0.0,4.83
2026-03,KOKRAJHAR,ASSAM,0.0,613.43,0.0,4.7
2026-03,BISWANATH,ASSAM,0.0,433.07,0.0,4.33
2026-03,NALBARI,ASSAM,0.0,511.99,0.0,4.22
2026-03,UDALGURI,ASSAM,0.0,453.97,0.0,3.78
2026-03,HAILAKANDI,ASSAM,0.0,386.4,0.0,3.11
2026-03,CHIRANG,ASSAM,0.0,336.17,0.0,2.5
2026-03,CHARAIDEO,ASSAM,0.0,234.58,0.0,2.34
2026-03,BAKSA,ASSAM,0.0,317,0.0,2.34
2026-03,DIMA HASAO,ASSAM,0.0,217.63,0.0,2.01
2026-03,SOUTH SALMARA,ASSAM,0.0,287.61,0.0,1.99
2026-03,BAJALI,ASSAM,0.0,236.77,0.0,1.84
2026-03,TAMULPUR,ASSAM,0.0,242.46,0.0,1.77
2026-03,WEST KARBI ANAGLONG,ASSAM,0.0,122.06,0.0,1.15
2026-03,MAJULI,ASSAM,0.0,89.98,0.0,0.91
2026-03,,ASSAM Total,0.01,27597.13,0.01,241.95
2026-03,SAS NAGAR (SAHIBZADA AJIT SINGH NAGAR),PUNJAB,0.0,6166.28,0.0,47.85
2026-03,LUDHIANA,PUNJAB,0.0,7456.17,0.0,42.36
2026-03,PATIALA,PUNJAB,0.0,3183.54,0.0,18.67
2026-03,AMRITSAR,PUNJAB,0.0,3798.48,0.0,18.59
2026-03,JALANDHAR,PUNJAB,0.0,3263.59,0.0,18.07
2026-03,BATHINDA,PUNJAB,0.0,1791.64,0.0,10.01
2026-03,KAPURTHALA,PUNJAB,0.0,1096.4,0.0,8.03
2026-03,HOSHIARPUR,PUNJAB,0.0,1418.34,0.0,7.49
2026-03,FAZILKA,PUNJAB,0.0,1165.85,0.0,6.79
2026-03,GURDASPUR,PUNJAB,0.0,1469.73,0.0,6.71
2026-03,SANGRUR,PUNJAB,0.0,1256,0.0,5.92
2026-03,FIROZPUR,PUNJAB,0.0,1024.31,0.0,5.38
2026-03,RUPNAGAR,PUNJAB,0.0,856.6,0.0,5.26
2026-03,PATHANKOT,PUNJAB,0.0,804.62,0.0,4.59
2026-03,FATEHGARH SAHIB,PUNJAB,0.0,732.8,0.0,4.48
2026-03,SRI MUKTSAR SAHIB,PUNJAB,0.0,854.55,0.0,4.34
2026-03,MOGA,PUNJAB,0.0,898.75,0.0,4.08
2026-03,TARN TARAN,PUNJAB,0.0,923.04,0.0,3.78
2026-03,FARIDKOT,PUNJAB,0.0,609.84,0.0,3.08
2026-03,MANSA,PUNJAB,0.0,601.13,0.0,2.82
2026-03,BARNALA,PUNJAB,0.0,585.94,0.0,2.7
2026-03,SHAHID BHAGAT SINGH NAGAR,PUNJAB,0.0,475.33,0.0,2.42
2026-03,MALER KOTLA,PUNJAB,0.0,418.16,0.0,2.01
2026-03,,PUNJAB Total,0.01,40851.08,0.01,235.45
2026-03,RANCHI,JHARKHAND,0.0,4945.33,0.0,37.7
2026-03,EAST SINGHBHUM,JHARKHAND,0.0,2690.12,0.0,22.13
2026-03,DHANBAD,JHARKHAND,0.0,2501.44,0.0,19.36
2026-03,BOKARO,JHARKHAND,0.0,1761.65,0.0,14.43
2026-03,HAZARIBAGH,JHARKHAND,0.0,2030.7,0.0,13.5
2026-03,GIRIDIH,JHARKHAND,0.0,1842.14,0.0,12.69
2026-03,PALAMU,JHARKHAND,0.0,1581.39,0.0,10.69
2026-03,SARAIKELA-KHARSAWAN,JHARKHAND,0.0,834.98,0.0,7.37
2026-03,DEOGHAR,JHARKHAND,0.0,942.82,0.0,7.15
2026-03,RAMGARH,JHARKHAND,0.0,903.32,0.0,6.79
2026-03,GARHWA,JHARKHAND,0.0,1050.63,0.0,6.73
2026-03,KODERMA,JHARKHAND,0.0,846.63,0.0,5.26
2026-03,CHATRA,JHARKHAND,0.0,707.26,0.0,4.53
2026-03,GODDA,JHARKHAND,0.0,611.43,0.0,4.41
2026-03,WEST SINGHBHUM,JHARKHAND,0.0,531.27,0.0,4.02
2026-03,SAHIBGANJ,JHARKHAND,0.0,595.41,0.0,3.82
2026-03,DUMKA,JHARKHAND,0.0,486.47,0.0,3.44
2026-03,LATEHAR,JHARKHAND,0.0,470.94,0.0,3.04
2026-03,GUMLA,JHARKHAND,0.0,361.94,0.0,2.25
2026-03,PAKUR,JHARKHAND,0.0,393.75,0.0,2.2
2026-03,LOHARDAGA,JHARKHAND,0.0,297.48,0.0,2.03
2026-03,JAMTARA,JHARKHAND,0.0,255.2,0.0,1.75
2026-03,KHUNTI,JHARKHAND,0.0,193.2,0.0,1.15
2026-03,SIMDEGA,JHARKHAND,0.0,189.46,0.0,1.06
2026-03,,JHARKHAND Total,0.01,27024.97,0.01,197.5
2026-03,RAIPUR,CHHATTISGARH,0.0,4438.84,0.0,32.58
2026-03,DURG,CHHATTISGARH,0.0,2203.76,0.0,17.14
2026-03,BILASPUR,CHHATTISGARH,0.0,1823.85,0.0,15.29
2026-03,KORBA,CHHATTISGARH,0.0,972.61,0.0,8.35
2026-03,RAIGARH,CHHATTISGARH,0.0,1037.87,0.0,8.25
2026-03,SURGUJA,CHHATTISGARH,0.0,626.05,0.0,5.05
2026-03,JANJGIR - CHAMPA,CHHATTISGARH,0.0,570.3,0.0,4.55
2026-03,RAJNANDGAON,CHHATTISGARH,0.0,595.1,0.0,4.25
2026-03,MAHASAMUND,CHHATTISGARH,0.0,669.9,0.0,4.2
2026-03,BALODA BAZAR,CHHATTISGARH,0.0,556.91,0.0,4.1
2026-03,BASTAR,CHHATTISGARH,0.0,553.97,0.0,4.03
2026-03,KAWARDHA (KABIRDHAM),CHHATTISGARH,0.0,370.53,0.0,3.15
2026-03,SURAJPUR,CHHATTISGARH,0.0,341.11,0.0,2.78
2026-03,SAKTI,CHHATTISGARH,0.0,352.57,0.0,2.76
2026-03,BEMETARA,CHHATTISGARH,0.0,366.75,0.0,2.75
2026-03,JASHPUR,CHHATTISGARH,0.0,393.81,0.0,2.71
2026-03,UTTAR BASTAR KANKER,CHHATTISGARH,0.0,378.06,0.0,2.7
2026-03,BALRAMPUR,CHHATTISGARH,0.0,344.28,0.0,2.5
2026-03,DHAMTARI,CHHATTISGARH,0.0,381.89,0.0,2.43
2026-03,BALOD,CHHATTISGARH,0.0,330.5,0.0,2.41
2026-03,MUNGELI,CHHATTISGARH,0.0,295.9,0.0,2.38
2026-03,SARANGARH-BILAIGARH,CHHATTISGARH,0.0,353.01,0.0,2.32
2026-03,GARIYABAND,CHHATTISGARH,0.0,255.06,0.0,1.7
2026-03,KONDAGAON,CHHATTISGARH,0.0,237.36,0.0,1.62
2026-03,DAKSHIN BASTAR DANTEWARA,CHHATTISGARH,0.0,209.91,0.0,1.47
2026-03,MANENDRAGARH-CHIRMIRI-BHARATPUR,CHHATTISGARH,0.0,182.17,0.0,1.42
2026-03,GAURELA-PENDRA-MARWAHI,CHHATTISGARH,0.0,148.29,0.0,1.22
2026-03,KOREA,CHHATTISGARH,0.0,145.53,0.0,1.2
2026-03,BIJAPUR,CHHATTISGARH,0.0,173.89,0.0,1.08
2026-03,KHAIRGARH-CHHUIKHADAN-GANDAI,CHHATTISGARH,0.0,139.12,0.0,1.04
2026-03,SUKMA,CHHATTISGARH,0.0,132.2,0.0,0.78
2026-03,NARAYANPUR,CHHATTISGARH,0.0,92.91,0.0,0.6
2026-03,MOHLA-MANPUR-AMBAGARH CHOWKI,CHHATTISGARH,0.0,75.61,0.0,0.56
2026-03,,CHHATTISGARH Total,0.01,19749.62,0.01,149.38
2026-03,DEHRADUN,UTTARAKHAND,0.0,5861.63,0.0,47.79
2026-03,HARIDWAR,UTTARAKHAND,0.0,3006.97,0.0,23.56
2026-03,UDHAM SINGH NAGAR,UTTARAKHAND,0.0,2534.68,0.0,19.02
2026-03,NAINITAL,UTTARAKHAND,0.0,1761.22,0.0,12.86
2026-03,PAURI GARHWAL,UTTARAKHAND,0.0,511.85,0.0,3.94
2026-03,TEHRI GARHWAL,UTTARAKHAND,0.0,499.64,0.0,3.75
2026-03,ALMORA,UTTARAKHAND,0.0,303,0.0,2.13
2026-03,PITHORAGARH,UTTARAKHAND,0.0,272.75,0.0,2.05
2026-03,CHAMOLI,UTTARAKHAND,0.0,235.48,0.0,1.74
2026-03,UTTARKASHI,UTTARAKHAND,0.0,209.15,0.0,1.51
2026-03,CHAMPAWAT,UTTARAKHAND,0.0,175.04,0.0,1.31
2026-03,RUDRAPRAYAG,UTTARAKHAND,0.0,142.99,0.0,0.97
2026-03,BAGESHWAR,UTTARAKHAND,0.0,110.5,0.0,0.79
2026-03,,UTTARAKHAND Total,0.01,15624.91,0.01,121.43
2026-03,JAMMU,JAMMU AND KASHMIR,0.0,3178.41,0.0,21.77
2026-03,SRINAGAR,JAMMU AND KASHMIR,0.0,1914.34,0.0,11.88
2026-03,BARAMULA,JAMMU AND KASHMIR,0.0,825.9,0.0,6.29
2026-03,ANANTNAG,JAMMU AND KASHMIR,0.0,726.45,0.0,5.59
2026-03,BADGAM,JAMMU AND KASHMIR,0.0,727.26,0.0,5.02
2026-03,KUPWARA,JAMMU AND KASHMIR,0.0,454.47,0.0,3.98
2026-03,KATHUA,JAMMU AND KASHMIR,0.0,538.08,0.0,3.53
2026-03,PULWAMA,JAMMU AND KASHMIR,0.0,485.81,0.0,3.37
2026-03,SAMBA,JAMMU AND KASHMIR,0.0,482.25,0.0,3.23
2026-03,UDHAMPUR,JAMMU AND KASHMIR,0.0,422.02,0.0,2.92
2026-03,RAJAURI,JAMMU AND KASHMIR,0.0,424.96,0.0,2.74
2026-03,RIASI,JAMMU AND KASHMIR,0.0,288.64,0.0,2.19
2026-03,KULGAM,JAMMU AND KASHMIR,0.0,264.62,0.0,2.17
2026-03,GANDERBAL,JAMMU AND KASHMIR,0.0,260.15,0.0,1.99
2026-03,PUNCH,JAMMU AND KASHMIR,0.0,291.92,0.0,1.97
2026-03,DODA,JAMMU AND KASHMIR,0.0,239.22,0.0,1.95
2026-03,BANDIPURA,JAMMU AND KASHMIR,0.0,226.86,0.0,1.85
2026-03,SHUPIYAN,JAMMU AND KASHMIR,0.0,205.37,0.0,1.66
2026-03,RAMBAN,JAMMU AND KASHMIR,0.0,166.89,0.0,1.39
2026-03,KISHTWAR,JAMMU AND KASHMIR,0.0,143.16,0.0,1.15
2026-03,MIRPUR,JAMMU AND KASHMIR,0.0,1.15,0.0,0
2026-03,MUZAFFARABAD,JAMMU AND KASHMIR,0.0,0.74,0.0,0
2026-03,,JAMMU AND KASHMIR Total,0.0,12268.67,0.0,86.63
2026-03,SOLAN,HIMACHAL PRADESH,0.0,1517.99,0.0,13.4
2026-03,KANGRA,HIMACHAL PRADESH,0.0,1497.96,0.0,10.56
2026-03,SHIMLA,HIMACHAL PRADESH,0.0,1252.38,0.0,9.88
2026-03,MANDI,HIMACHAL PRADESH,0.0,935.1,0.0,6.81
2026-03,KULLU,HIMACHAL PRADESH,0.0,800.72,0.0,5.69
2026-03,SIRMAUR,HIMACHAL PRADESH,0.0,568.68,0.0,4.61
2026-03,HAMIRPUR,HIMACHAL PRADESH,0.0,480,0.0,3.51
2026-03,UNA,HIMACHAL PRADESH,0.0,522.74,0.0,3.48
2026-03,BILASPUR,HIMACHAL PRADESH,0.0,365.61,0.0,2.71
2026-03,CHAMBA,HIMACHAL PRADESH,0.0,302.66,0.0,2.2
2026-03,KINNAUR,HIMACHAL PRADESH,0.0,108.04,0.0,0.81
2026-03,LAHAUL & SPITI,HIMACHAL PRADESH,0.0,45.07,0.0,0.29
2026-03,,HIMACHAL PRADESH Total,0.0,8396.95,0.0,63.96
2026-03,NORTH GOA,GOA,0.0,3408.86,0.0,21.69
2026-03,SOUTH GOA,GOA,0.0,1977.47,0.0,14.22
2026-03,KUSHAVATI,GOA,0.0,287.51,0.0,1.99
2026-03,,GOA Total,0.0,5673.83,0.0,37.91
2026-03,CHANDIGARH,CHANDIGARH,0.0,3573.47,0.0,28.06
2026-03,,CHANDIGARH Total,0.0,3573.47,0.0,28.06
2026-03,PAPUMPARE,ARUNACHAL PRADESH,0.0,1249.34,0.0,9.66
2026-03,EAST SIANG,ARUNACHAL PRADESH,0.0,233.59,0.0,2
2026-03,WEST KAMENG,ARUNACHAL PRADESH,0.0,197.12,0.0,1.27
2026-03,NAMSAI,ARUNACHAL PRADESH,0.0,137.28,0.0,1.11
2026-03,CHANGLANG,ARUNACHAL PRADESH,0.0,133,0.0,1.01
2026-03,WEST SIANG,ARUNACHAL PRADESH,0.0,135.54,0.0,0.94
2026-03,LOWER DIBANG VALLEY,ARUNACHAL PRADESH,0.0,115.7,0.0,0.84
2026-03,LOHIT,ARUNACHAL PRADESH,0.0,102.7,0.0,0.79
2026-03,LOWER SUBANSIRI,ARUNACHAL PRADESH,0.0,96.3,0.0,0.63
2026-03,UPPER SUBANSIRI,ARUNACHAL PRADESH,0.0,93.09,0.0,0.56
2026-03,EAST KAMENG,ARUNACHAL PRADESH,0.0,69.25,0.0,0.51
2026-03,TAWANG,ARUNACHAL PRADESH,0.0,108.49,0.0,0.5
2026-03,TIRAP,ARUNACHAL PRADESH,0.0,60.4,0.0,0.5
2026-03,SIANG,ARUNACHAL PRADESH,0.0,45.03,0.0,0.34
2026-03,LONGDING,ARUNACHAL PRADESH,0.0,36.72,0.0,0.31
2026-03,UPPER SIANG,ARUNACHAL PRADESH,0.0,43.8,0.0,0.29
2026-03,LEPA RADA,ARUNACHAL PRADESH,0.0,39.17,0.0,0.26
2026-03,KEYI PANYOR,ARUNACHAL PRADESH,0.0,29.85,0.0,0.23
2026-03,KAMLE,ARUNACHAL PRADESH,0.0,23,0.0,0.18
2026-03,ANJAW,ARUNACHAL PRADESH,0.0,27.06,0.0,0.16
2026-03,KURUNG KUMEY,ARUNACHAL PRADESH,0.0,23.87,0.0,0.14
2026-03,KRA DAADI,ARUNACHAL PRADESH,0.0,18.32,0.0,0.12
2026-03,DIBANG VALLEY,ARUNACHAL PRADESH,0.0,19.84,0.0,0.11
2026-03,LOWER SIANG,ARUNACHAL PRADESH,0.0,14.32,0.0,0.1
2026-03,PAKKE KESSANG,ARUNACHAL PRADESH,0.0,12.03,0.0,0.09
2026-03,BICHOM,ARUNACHAL PRADESH,0.0,12.68,0.0,0.08
2026-03,SHI YOMI,ARUNACHAL PRADESH,0.0,15.76,0.0,0.07
2026-03,,ARUNACHAL PRADESH Total,0.0,3093.24,0.0,22.82
2026-03,PUDUCHERRY,PUDUCHERRY,0.0,2628.09,0.0,18.56
2026-03,KARAIKAL,PUDUCHERRY,0.0,369.25,0.0,2.35
2026-03,,PUDUCHERRY Total,0.0,2997.33,0.0,20.92
2026-03,EAST KHASI HILLS,MEGHALAYA,0.0,1070.09,0.0,8.4
2026-03,WEST GARO HILLS,MEGHALAYA,0.0,284.77,0.0,2.5
2026-03,RI-BHOI,MEGHALAYA,0.0,247.69,0.0,1.89
2026-03,WEST JAINTIA HILLS,MEGHALAYA,0.0,160.85,0.0,1.34
2026-03,EAST JAINTIA HILLS,MEGHALAYA,0.0,132.85,0.0,0.86
2026-03,NORTH GARO HILLS,MEGHALAYA,0.0,55.08,0.0,0.55
2026-03,EAST GARO HILLS,MEGHALAYA,0.0,51.21,0.0,0.5
2026-03,SOUTH WEST GARO HILLS,MEGHALAYA,0.0,58.78,0.0,0.49
2026-03,WEST KHASI HILLS,MEGHALAYA,0.0,63.96,0.0,0.36
2026-03,SOUTH GARO HILLS,MEGHALAYA,0.0,44.37,0.0,0.35
2026-03,SOUTH WEST KHASI HILLS,MEGHALAYA,0.0,33.24,0.0,0.18
2026-03,EASTERN WEST KHASI HILLS,MEGHALAYA,0.0,25.55,0.0,0.14
2026-03,,MEGHALAYA Total,0.0,2228.43,0.0,17.55
2026-03,IMPHAL WEST,MANIPUR,0.0,1107.97,0.0,5.5
2026-03,IMPHAL EAST,MANIPUR,0.0,740.63,0.0,3.91
2026-03,CHURACHANDPUR,MANIPUR,0.0,300.74,0.0,1.65
2026-03,THOUBAL,MANIPUR,0.0,299.63,0.0,1.65
2026-03,BISHNUPUR,MANIPUR,0.0,233.67,0.0,1.34
2026-03,KANGPOKPI,MANIPUR,0.0,140.33,0.0,0.69
2026-03,KAKCHING,MANIPUR,0.0,128.34,0.0,0.67
2026-03,SENAPATI,MANIPUR,0.0,108.19,0.0,0.52
2026-03,UKHRUL,MANIPUR,0.0,96.28,0.0,0.37
2026-03,TAMENGLONG,MANIPUR,0.0,51.8,0.0,0.27
2026-03,JIRIBAM,MANIPUR,0.0,37.32,0.0,0.26
2026-03,CHANDEL,MANIPUR,0.0,45.46,0.0,0.23
2026-03,TENGNOUPAL,MANIPUR,0.0,31.42,0.0,0.13
2026-03,KAMJANG,MANIPUR,0.0,14.96,0.0,0.07
2026-03,NONEY,MANIPUR,0.0,12.15,0.0,0.06
2026-03,PHERZAWL,MANIPUR,0.0,4.75,0.0,0.04
2026-03,,MANIPUR Total,0.0,3353.62,0.0,17.36
2026-03,WEST TRIPURA,TRIPURA,0.0,1065.72,0.0,8.21
2026-03,NORTH TRIPURA,TRIPURA,0.0,247.55,0.0,1.8
2026-03,GOMTI,TRIPURA,0.0,217,0.0,1.47
2026-03,SEPAHIJALA,TRIPURA,0.0,203.54,0.0,1.31
2026-03,DHALAI,TRIPURA,0.0,164.79,0.0,1.19
2026-03,SOUTH TRIPURA,TRIPURA,0.0,184.8,0.0,1.15
2026-03,UNAKOTI,TRIPURA,0.0,134.85,0.0,1.04
2026-03,KHOWAI,TRIPURA,0.0,122.97,0.0,0.86
2026-03,,TRIPURA Total,0.0,2341.22,0.0,17.02
2026-03,AIZAWL,MIZORAM,0.0,1313.87,0.0,8.87
2026-03,LUNGLEI,MIZORAM,0.0,172.67,0.0,1.21
2026-03,KOLASIB,MIZORAM,0.0,114.73,0.0,0.83
2026-03,LAWNGTLAI,MIZORAM,0.0,120.43,0.0,0.75
2026-03,SERCHHIP,MIZORAM,0.0,77,0.0,0.59
2026-03,MAMIT,MIZORAM,0.0,76.58,0.0,0.56
2026-03,CHAMPHAI,MIZORAM,0.0,108.09,0.0,0.56
2026-03,SAIHA,MIZORAM,0.0,75.07,0.0,0.52
2026-03,SAITUAL,MIZORAM,0.0,37.68,0.0,0.29
2026-03,KHAWZAWL,MIZORAM,0.0,31.05,0.0,0.22
2026-03,HNAHTHIAL,MIZORAM,0.0,24.19,0.0,0.17
2026-03,,MIZORAM Total,0.0,2151.35,0.0,14.58
2026-03,DIMAPUR,NAGALAND,0.0,752.99,0.0,4.95
2026-03,KOHIMA,NAGALAND,0.0,409.9,0.0,2.63
2026-03,CHUMOUKEDIMA,NAGALAND,0.0,342.23,0.0,2.47
2026-03,MOKOKCHUNG,NAGALAND,0.0,135.89,0.0,0.84
2026-03,MON,NAGALAND,0.0,98.13,0.0,0.69
2026-03,WOKHA,NAGALAND,0.0,72.11,0.0,0.44
2026-03,TUENSANG,NAGALAND,0.0,52.53,0.0,0.38
2026-03,PEREN,NAGALAND,0.0,44.77,0.0,0.33
2026-03,PHEK,NAGALAND,0.0,52.92,0.0,0.33
2026-03,ZUNHEBOTO,NAGALAND,0.0,48.6,0.0,0.3
2026-03,KIPHIRE,NAGALAND,0.0,32.03,0.0,0.19
2026-03,LONGLENG,NAGALAND,0.0,21.41,0.0,0.16
2026-03,NOKLAK,NAGALAND,0.0,10.67,0.0,0.06
2026-03,SHAMATOR,NAGALAND,0.0,8.36,0.0,0.05
2026-03,TSEMINYU,NAGALAND,0.0,8.66,0.0,0.05
2026-03,NIULAND,NAGALAND,0.0,0.82,0.0,0.01
2026-03,,NAGALAND Total,0.0,2092.04,0.0,13.9
2026-03,DADRA AND NAGAR HAVELI,DADRA & NAGAR HAVELI & DAMAN & DIU,0.0,748.25,0.0,6.88
2026-03,DAMAN,DADRA & NAGAR HAVELI & DAMAN & DIU,0.0,435.66,0.0,4.01
2026-03,DIU,DADRA & NAGAR HAVELI & DAMAN & DIU,0.0,69.29,0.0,0.39
2026-03,,DADRA & NAGAR HAVELI & DAMAN & DIU Total,0.0,1253.21,0.0,11.29
2026-03,GANGTOK,SIKKIM,0.0,616.27,0.0,4.47
2026-03,NAMCHI,SIKKIM,0.0,252.02,0.0,2.03
2026-03,PAKYONG,SIKKIM,0.0,236.09,0.0,1.84
2026-03,SORENG,SIKKIM,0.0,70.47,0.0,0.5
2026-03,GYALSHING,SIKKIM,0.0,74.42,0.0,0.5
2026-03,MANGAN,SIKKIM,0.0,81.8,0.0,0.49
2026-03,,SIKKIM Total,0.0,1331.08,0.0,9.83
2026-03,SOUTH ANDAMANS,ANDAMAN AND NICOBAR ISLANDS,0.0,631.74,0.0,3.99
2026-03,NORTH AND MIDDLE ANDAMAN,ANDAMAN AND NICOBAR ISLANDS,0.0,78.03,0.0,0.43
2026-03,NICOBARS,ANDAMAN AND NICOBAR ISLANDS,0.0,22.12,0.0,0.13
2026-03,,ANDAMAN AND NICOBAR ISLANDS Total,0.0,731.89,0.0,4.55
2026-03,LEH,LADAKH,0.0,407.47,0.0,2.19
2026-03,KARGIL,LADAKH,0.0,113.97,0.0,0.92
2026-03,,LADAKH Total,0.0,521.44,0.0,3.11
2026-03,LAKSHADWEEP,LAKSHADWEEP,0.0,88.11,0.0,0.74
2026-03,,LAKSHADWEEP Total,0.0,88.11,0.0,0.74
2026-03,,Unclassified #,0.39,1139245.93,0.44,9902.66
2026-04,MUMBAI SUBURBAN,MAHARASHTRA,1.89,55667.95,2.49,563.35
2026-04,PUNE,MAHARASHTRA,1.66,48906.82,1.86,420.19
2026-04,MUMBAI,MAHARASHTRA,0.83,24608.68,1.07,242.24
2026-04,THANE,MAHARASHTRA,0.98,28799.09,1.06,239.78
2026-04,RAIGAD,MAHARASHTRA,0.29,8681.27,0.32,71.33
2026-04,NAGPUR,MAHARASHTRA,0.33,9871.07,0.3,68.26
2026-04,NASHIK,MAHARASHTRA,0.33,9598.15,0.29,66.49
2026-04,PALGHAR,MAHARASHTRA,0.24,6950.79,0.26,58.61
2026-04,CHHATRAPATI SAMBHAJI NAGAR,MAHARASHTRA,0.23,6705.76,0.22,49.68
2026-04,SOLAPUR,MAHARASHTRA,0.24,7025.03,0.19,43.87
2026-04,AHILYANAGAR,MAHARASHTRA,0.24,7020.81,0.19,43.87
2026-04,KOLHAPUR,MAHARASHTRA,0.17,5088.47,0.16,36.14
2026-04,SATARA,MAHARASHTRA,0.14,3999.87,0.13,29.63
2026-04,SANGLI,MAHARASHTRA,0.13,3860.78,0.11,25.66
2026-04,JALGAON,MAHARASHTRA,0.13,3831.41,0.1,23.76
2026-04,NANDED,MAHARASHTRA,0.13,3836.6,0.1,23.1
2026-04,LATUR,MAHARASHTRA,0.11,3324.92,0.1,22.15
2026-04,BEED,MAHARASHTRA,0.11,3288.66,0.08,18.75
2026-04,AMRAVATI,MAHARASHTRA,0.09,2727.86,0.08,17.81
2026-04,BULDHANA,MAHARASHTRA,0.08,2419.76,0.07,16.2
2026-04,DHARASHIV,MAHARASHTRA,0.07,2110.84,0.06,13.9
2026-04,YAVATMAL,MAHARASHTRA,0.07,2024.48,0.06,13.65
2026-04,JALNA,MAHARASHTRA,0.08,2273.31,0.06,13.58
2026-04,CHANDRAPUR,MAHARASHTRA,0.07,1987.92,0.06,13.52
2026-04,DHULE,MAHARASHTRA,0.06,1771.86,0.05,11.37
2026-04,PARBHANI,MAHARASHTRA,0.06,1782.04,0.05,11.07
2026-04,AKOLA,MAHARASHTRA,0.06,1651.9,0.05,10.93
2026-04,RATNAGIRI,MAHARASHTRA,0.05,1377.87,0.04,9.5
2026-04,HINGOLI,MAHARASHTRA,0.04,1195.75,0.04,8.5
2026-04,WARDHA,MAHARASHTRA,0.04,1129.77,0.03,7.55
2026-04,WASHIM,MAHARASHTRA,0.03,980.57,0.03,6.57
2026-04,NANDURBAR,MAHARASHTRA,0.03,943.25,0.03,6.26
2026-04,GONDIA,MAHARASHTRA,0.03,1013.37,0.03,6.22
2026-04,SINDHUDURG,MAHARASHTRA,0.03,861.32,0.02,5.57
2026-04,BHANDARA,MAHARASHTRA,0.03,904.18,0.02,5.26
2026-04,GADCHIROLI,MAHARASHTRA,0.02,707.44,0.02,4.46
2026-04,,MAHARASHTRA Total,9.11,268929.63,9.84,2228.78
2026-04,GAUTAM BUDDHA NAGAR,UTTAR PRADESH,0.61,18081.19,0.77,174.03
2026-04,LUCKNOW,UTTAR PRADESH,0.41,12103.19,0.44,98.57
2026-04,GHAZIABAD,UTTAR PRADESH,0.41,12102.27,0.43,96.5
2026-04,PRAYAGRAJ,UTTAR PRADESH,0.18,5300.92,0.19,42.05
2026-04,VARANASI,UTTAR PRADESH,0.19,5500.91,0.17,38.58
2026-04,KANPUR NAGAR,UTTAR PRADESH,0.18,5330.01,0.16,36.05
2026-04,AGRA,UTTAR PRADESH,0.17,5098.66,0.15,34.69
2026-04,GORAKHPUR,UTTAR PRADESH,0.16,4622.27,0.15,33.15
2026-04,MEERUT,UTTAR PRADESH,0.16,4616.71,0.13,29.86
2026-04,MATHURA,UTTAR PRADESH,0.11,3111.41,0.1,22.78
2026-04,BAREILLY,UTTAR PRADESH,0.11,3299.9,0.1,21.94
2026-04,ALIGARH,UTTAR PRADESH,0.1,2997.48,0.1,21.74
2026-04,JAUNPUR,UTTAR PRADESH,0.09,2602.14,0.08,18.51
2026-04,MORADABAD,UTTAR PRADESH,0.09,2801.15,0.08,18.45
2026-04,BULANDSHAHR,UTTAR PRADESH,0.09,2511.22,0.08,18.38
2026-04,SAHARANPUR,UTTAR PRADESH,0.09,2788.41,0.08,18.15
2026-04,AZAMGARH,UTTAR PRADESH,0.08,2359.35,0.08,17.18
2026-04,KUSHINAGAR,UTTAR PRADESH,0.07,2160.67,0.07,15.81
2026-04,DEORIA,UTTAR PRADESH,0.07,2028.56,0.06,14.4
2026-04,MUZAFFARNAGAR,UTTAR PRADESH,0.07,2096.44,0.06,14.09
2026-04,BIJNOR,UTTAR PRADESH,0.07,2063.64,0.06,13.58
2026-04,GHAZIPUR,UTTAR PRADESH,0.06,1869.16,0.06,13.05
2026-04,AYODHYA,UTTAR PRADESH,0.06,1801.09,0.06,12.99
2026-04,BALLIA,UTTAR PRADESH,0.06,1722.73,0.05,11.74
2026-04,PRATAPGARH,UTTAR PRADESH,0.05,1592.98,0.05,11.73
2026-04,JHANSI,UTTAR PRADESH,0.06,1770.21,0.05,11.72
2026-04,FIROZABAD,UTTAR PRADESH,0.06,1654.15,0.05,11.59
2026-04,GONDA,UTTAR PRADESH,0.06,1710.75,0.05,11.52
2026-04,BASTI,UTTAR PRADESH,0.05,1496.32,0.05,10.57
2026-04,MAHRAJGANJ,UTTAR PRADESH,0.05,1409.66,0.05,10.51
2026-04,KHERI,UTTAR PRADESH,0.05,1371.58,0.05,10.38
2026-04,BARA BANKI,UTTAR PRADESH,0.05,1342.46,0.05,10.36
2026-04,HAPUR,UTTAR PRADESH,0.05,1418.45,0.05,10.3
2026-04,RAMPUR,UTTAR PRADESH,0.05,1560.69,0.04,10.04
2026-04,SULTANPUR,UTTAR PRADESH,0.05,1378.58,0.04,9.97
2026-04,SITAPUR,UTTAR PRADESH,0.04,1271.91,0.04,9.72
2026-04,SIDDHARTHNAGAR,UTTAR PRADESH,0.05,1342.39,0.04,9.51
2026-04,BAHRAICH,UTTAR PRADESH,0.04,1315.23,0.04,9.18
2026-04,MIRZAPUR,UTTAR PRADESH,0.05,1344.87,0.04,8.92
2026-04,RAE BARELI,UTTAR PRADESH,0.04,1262.99,0.04,8.9
2026-04,AMROHA,UTTAR PRADESH,0.04,1292.37,0.04,8.82
2026-04,SONBHADRA,UTTAR PRADESH,0.04,1193.52,0.04,8.47
2026-04,UNNAO,UTTAR PRADESH,0.04,1214,0.04,8.24
2026-04,MAU,UTTAR PRADESH,0.04,1086.34,0.04,8.15
2026-04,AMBEDKAR NAGAR,UTTAR PRADESH,0.04,1100.89,0.04,8.12
2026-04,HARDOI,UTTAR PRADESH,0.04,1162.46,0.04,8
2026-04,BUDAUN,UTTAR PRADESH,0.04,1125.24,0.03,7.88
2026-04,CHANDAULI,UTTAR PRADESH,0.04,1146.21,0.03,7.62
2026-04,SHAHJAHANPUR,UTTAR PRADESH,0.04,1168.09,0.03,7.52
2026-04,MAINPURI,UTTAR PRADESH,0.03,946.86,0.03,7.36
2026-04,ETAWAH,UTTAR PRADESH,0.03,987.56,0.03,7.31
2026-04,SAMBHAL,UTTAR PRADESH,0.04,1107.12,0.03,7.3
2026-04,BALRAMPUR,UTTAR PRADESH,0.04,1036.64,0.03,7.29
2026-04,BAGHPAT,UTTAR PRADESH,0.03,983.25,0.03,6.75
2026-04,SANT KABIR NAGAR,UTTAR PRADESH,0.03,919.4,0.03,6.47
2026-04,AMETHI,UTTAR PRADESH,0.03,875.52,0.03,6.34
2026-04,JALAUN,UTTAR PRADESH,0.03,891.44,0.03,6.25
2026-04,HATHRAS,UTTAR PRADESH,0.03,886.39,0.03,6.18
2026-04,ETAH,UTTAR PRADESH,0.03,793.12,0.03,6.11
2026-04,FATEHPUR,UTTAR PRADESH,0.03,914.78,0.03,6.09
2026-04,SHAMLI,UTTAR PRADESH,0.03,909.15,0.03,6.08
2026-04,BHADOHI,UTTAR PRADESH,0.03,828.65,0.03,6.02
2026-04,FARRUKHABAD,UTTAR PRADESH,0.03,773.54,0.03,5.78
2026-04,PILIBHIT,UTTAR PRADESH,0.03,834.35,0.03,5.75
2026-04,KANNAUJ,UTTAR PRADESH,0.02,710,0.02,5.42
2026-04,KANPUR DEHAT,UTTAR PRADESH,0.03,757.62,0.02,5.18
2026-04,AURAIYA,UTTAR PRADESH,0.02,683.2,0.02,5.11
2026-04,BANDA,UTTAR PRADESH,0.02,643.8,0.02,4.72
2026-04,KASGANJ,UTTAR PRADESH,0.02,583.25,0.02,4.4
2026-04,KAUSHAMBI,UTTAR PRADESH,0.02,583.15,0.02,3.93
2026-04,LALITPUR,UTTAR PRADESH,0.02,507.57,0.02,3.88
2026-04,HAMIRPUR,UTTAR PRADESH,0.02,518.47,0.02,3.71
2026-04,MAHOBA,UTTAR PRADESH,0.01,417.3,0.01,3.24
2026-04,CHITRAKOOT,UTTAR PRADESH,0.01,401.78,0.01,2.83
2026-04,SHRAWASTI,UTTAR PRADESH,0.01,365.44,0.01,2.53
2026-04,,UTTAR PRADESH Total,5.51,162561.16,5.37,1216.04
2026-04,BENGALURU (URBAN),KARNATAKA,3.02,89191.75,2.86,648
2026-04,MYSURU,KARNATAKA,0.25,7445.57,0.21,48.6
2026-04,BENGALURU (RURAL),KARNATAKA,0.17,4909.25,0.15,34.32
2026-04,BELAGAVI,KARNATAKA,0.17,5123.05,0.15,33.93
2026-04,DAKSHINA KANNADA,KARNATAKA,0.16,4820.4,0.15,33.36
2026-04,TUMAKURU,KARNATAKA,0.14,4095.28,0.11,25.37
2026-04,DHARWAD,KARNATAKA,0.11,3140.65,0.1,22.96
2026-04,KALABURAGI,KARNATAKA,0.11,3390.56,0.1,21.99
2026-04,KOLARA,KARNATAKA,0.11,3283.74,0.09,20.5
2026-04,HASSAN,KARNATAKA,0.11,3199.23,0.08,18.11
2026-04,VIJAYAPURA,KARNATAKA,0.09,2782.47,0.08,17.02
2026-04,RAMANAGARA,KARNATAKA,0.09,2554.35,0.07,16.46
2026-04,MANDYA,KARNATAKA,0.1,3033.9,0.07,16.33
2026-04,SHIVAMOGGA,KARNATAKA,0.09,2567.97,0.07,16.17
2026-04,UDUPI,KARNATAKA,0.08,2406.74,0.07,16.06
2026-04,BIDAR,KARNATAKA,0.08,2384.74,0.07,14.93
2026-04,BALLARI,KARNATAKA,0.07,2186.45,0.07,14.82
2026-04,DAVANAGERE,KARNATAKA,0.08,2226.99,0.06,14.65
2026-04,RAICHUR,KARNATAKA,0.07,2161.55,0.06,13.63
2026-04,CHIKKABALLAPURA,KARNATAKA,0.08,2414.85,0.06,13.11
2026-04,BAGALKOT,KARNATAKA,0.06,1866.8,0.06,12.54
2026-04,CHITRADURGA,KARNATAKA,0.06,1898.6,0.05,11.51
2026-04,KOPPAL,KARNATAKA,0.05,1471.5,0.04,9.9
2026-04,VIJAYANAGARA,KARNATAKA,0.05,1498.88,0.04,9.86
2026-04,CHIKKAMAGALURU,KARNATAKA,0.06,1705.12,0.04,9.83
2026-04,UTTARA KANNADA,KARNATAKA,0.05,1488.29,0.04,9.63
2026-04,HAVERI,KARNATAKA,0.04,1301.35,0.04,8.36
2026-04,YADGIR,KARNATAKA,0.04,1098.94,0.03,6.47
2026-04,KODAGU,KARNATAKA,0.04,1099.13,0.03,6.19
2026-04,GADAG,KARNATAKA,0.03,915.14,0.03,6.16
2026-04,CHAMARAJANAGARA,KARNATAKA,0.03,994.39,0.03,5.66
2026-04,,KARNATAKA Total,5.71,168657.65,5.11,1156.43
2026-04,RANGA REDDY,TELANGANA,1.1,32396.63,0.93,210.25
2026-04,MEDCHAL-MALKAJGIRI,TELANGANA,1.0,29637.54,0.88,198.47
2026-04,HYDERABAD,TELANGANA,0.81,23836.72,0.73,166.12
2026-04,SANGAREDDY,TELANGANA,0.23,6679.54,0.19,43.18
2026-04,NALGONDA,TELANGANA,0.12,3546.97,0.08,19.2
2026-04,HANUMAKONDA,TELANGANA,0.1,3100.09,0.08,18.9
2026-04,KHAMMAM,TELANGANA,0.11,3178.88,0.08,18.36
2026-04,NIZAMABAD,TELANGANA,0.11,3297.9,0.08,17.15
2026-04,KARIMNAGAR,TELANGANA,0.1,2982.52,0.08,17.06
2026-04,SIDDIPET,TELANGANA,0.08,2404.05,0.06,13.52
2026-04,BHADRADRI KOTHAGUDEM,TELANGANA,0.07,2070,0.06,12.81
2026-04,MAHBUBNAGAR,TELANGANA,0.07,2005.56,0.05,12.26
2026-04,WARANGAL,TELANGANA,0.07,2166.23,0.05,12.19
2026-04,SURYAPET,TELANGANA,0.07,2189.56,0.05,11.25
2026-04,YADADRI BHUVANAGIRI,TELANGANA,0.07,1952.92,0.05,11.25
2026-04,MANCHERIAL,TELANGANA,0.06,1676.72,0.04,10.05
2026-04,PEDDAPALLI,TELANGANA,0.05,1550.06,0.04,9.38
2026-04,VIKARABAD,TELANGANA,0.05,1371.92,0.04,8.46
2026-04,JAGTIAL,TELANGANA,0.06,1699.27,0.04,8.43
2026-04,MEDAK,TELANGANA,0.04,1261.28,0.04,8.08
2026-04,KAMAREDDY,TELANGANA,0.05,1388.53,0.03,7.71
2026-04,NAGARKURNOOL,TELANGANA,0.05,1375.51,0.03,7.37
2026-04,MAHABUBABAD,TELANGANA,0.04,1128.44,0.03,6.52
2026-04,NIRMAL,TELANGANA,0.04,1131.05,0.03,5.84
2026-04,JANGAON,TELANGANA,0.03,1006.94,0.03,5.66
2026-04,ADILABAD,TELANGANA,0.03,852.3,0.02,5.42
2026-04,RAJANNA SIRCILLA,TELANGANA,0.04,1034.2,0.02,5.42
2026-04,WANAPARTHY,TELANGANA,0.03,893.4,0.02,5.09
2026-04,JOGULAMBA GADWAL,TELANGANA,0.03,856.38,0.02,4.72
2026-04,JAYASHANKAR BHUPALPALLI,TELANGANA,0.02,673.66,0.02,3.81
2026-04,NARAYANPET,TELANGANA,0.02,697.14,0.02,3.79
2026-04,KUMURAM BHEEM,TELANGANA,0.02,502.52,0.02,3.4
2026-04,MULUGU,TELANGANA,0.02,448.24,0.01,2.47
2026-04,,TELANGANA Total,4.78,140992.69,3.95,893.59
2026-04,CHENNAI,TAMIL NADU,0.97,28617.61,0.88,199.7
2026-04,CHENGALPATTU,TAMIL NADU,0.36,10737.66,0.36,82.47
2026-04,COIMBATORE,TAMIL NADU,0.4,11932.03,0.36,81.41
2026-04,TIRUVALLUR,TAMIL NADU,0.23,6681.97,0.21,46.59
2026-04,TIRUPPUR,TAMIL NADU,0.19,5509.85,0.17,38.07
2026-04,SALEM,TAMIL NADU,0.18,5328.51,0.13,30.3
2026-04,KANCHEEPURAM,TAMIL NADU,0.14,4151.8,0.13,29.15
2026-04,KRISHNAGIRI,TAMIL NADU,0.16,4702.54,0.13,28.66
2026-04,MADURAI,TAMIL NADU,0.17,5079.59,0.12,28.14
2026-04,TIRUCHIRAPPALLI,TAMIL NADU,0.14,4084.62,0.11,24.19
2026-04,ERODE,TAMIL NADU,0.11,3265.52,0.09,19.57
2026-04,THANJAVUR,TAMIL NADU,0.1,2819.96,0.07,16.06
2026-04,CUDDALORE,TAMIL NADU,0.09,2615.17,0.07,15.92
2026-04,VELLORE,TAMIL NADU,0.08,2230.28,0.07,14.8
2026-04,DINDIGUL,TAMIL NADU,0.09,2579.05,0.06,13.99
2026-04,TIRUNELVELI,TAMIL NADU,0.08,2323.09,0.06,13.79
2026-04,TIRUVANNAMALAI,TAMIL NADU,0.08,2227.46,0.06,13.77
2026-04,KANNIYAKUMARI,TAMIL NADU,0.09,2720.37,0.06,13.56
2026-04,THOOTHUKUDI,TAMIL NADU,0.07,2153.73,0.06,13.18
2026-04,NAMAKKAL,TAMIL NADU,0.08,2361.32,0.06,13.04
2026-04,VILUPPURAM,TAMIL NADU,0.07,1969.64,0.06,12.66
2026-04,DHARMAPURI,TAMIL NADU,0.07,2159.22,0.05,11.6
2026-04,VIRUDHUNAGAR,TAMIL NADU,0.07,1926.31,0.05,11.06
2026-04,TIRUPATHUR,TAMIL NADU,0.05,1458.74,0.04,9.05
2026-04,RANIPET,TAMIL NADU,0.05,1433.09,0.04,8.92
2026-04,PUDUKKOTTAI,TAMIL NADU,0.05,1502.95,0.04,8.16
2026-04,SIVAGANGA,TAMIL NADU,0.05,1437.77,0.03,7.77
2026-04,KALLAKURICHI,TAMIL NADU,0.04,1262.42,0.03,7.58
2026-04,TENKASI,TAMIL NADU,0.04,1327.05,0.03,7.37
2026-04,KARUR,TAMIL NADU,0.05,1329.06,0.03,7.26
2026-04,RAMANATHAPURAM,TAMIL NADU,0.05,1345.59,0.03,7.16
2026-04,THENI,TAMIL NADU,0.05,1359.65,0.03,7.01
2026-04,THE NILGIRIS,TAMIL NADU,0.04,1072.51,0.03,6.63
2026-04,THIRUVARUR,TAMIL NADU,0.03,1029.84,0.03,5.93
2026-04,MAYILADUTHURAI,TAMIL NADU,0.03,804.76,0.02,4.77
2026-04,ARIYALUR,TAMIL NADU,0.02,671.81,0.02,4.02
2026-04,NAGAPATTINAM,TAMIL NADU,0.02,588.84,0.02,3.53
2026-04,PERAMBALUR,TAMIL NADU,0.02,571.44,0.01,3.26
2026-04,,TAMIL NADU Total,4.58,135372.86,3.84,870.1
2026-04,VISAKHAPATNAM,ANDHRA PRADESH,0.32,9573.21,0.27,61.09
2026-04,TIRUPATI,ANDHRA PRADESH,0.26,7562.4,0.21,47.56
2026-04,NTR,ANDHRA PRADESH,0.24,7139.32,0.19,43.34
2026-04,GUNTUR,ANDHRA PRADESH,0.23,6893.9,0.18,41.84
2026-04,SRI POTTI SRIRAMULU NELLORE,ANDHRA PRADESH,0.22,6473.84,0.15,32.92
2026-04,KAKINADA,ANDHRA PRADESH,0.15,4540.71,0.12,27.63
2026-04,ANANTHAPURAMU,ANDHRA PRADESH,0.16,4722.28,0.12,27.13
2026-04,EAST GODAVARI,ANDHRA PRADESH,0.15,4550.26,0.11,25.64
2026-04,PRAKASAM,ANDHRA PRADESH,0.16,4629.02,0.11,24.48
2026-04,ELURU,ANDHRA PRADESH,0.14,4166.36,0.1,23.75
2026-04,Y.S.R.,ANDHRA PRADESH,0.16,4619.52,0.1,23.39
2026-04,KURNOOL,ANDHRA PRADESH,0.13,3880.54,0.1,23.28
2026-04,KRISHNA,ANDHRA PRADESH,0.14,4048.34,0.1,23.27
2026-04,WEST GODAVARI,ANDHRA PRADESH,0.14,3998.58,0.1,21.93
2026-04,CHITTOOR,ANDHRA PRADESH,0.11,3339.06,0.09,19.39
2026-04,PALNADU,ANDHRA PRADESH,0.12,3604.51,0.08,18.84
2026-04,ANNAMAYYA,ANDHRA PRADESH,0.12,3501.12,0.08,18.77
2026-04,SRIKAKULAM,ANDHRA PRADESH,0.11,3312.26,0.08,17.78
2026-04,VIZIANAGARAM,ANDHRA PRADESH,0.1,3026.14,0.08,17.75
2026-04,ANAKAPALLI,ANDHRA PRADESH,0.1,3080.27,0.08,17.57
2026-04,NANDYAL,ANDHRA PRADESH,0.11,3161.82,0.08,17.2
2026-04,SRI SATHYA SAI,ANDHRA PRADESH,0.1,2838.28,0.07,16.31
2026-04,DR. B.R. AMBEDKAR KONASEEMA,ANDHRA PRADESH,0.1,2849.62,0.07,15.97
2026-04,BAPATLA,ANDHRA PRADESH,0.09,2600.65,0.06,14.12
2026-04,PARVATHIPURAM MANYAM,ANDHRA PRADESH,0.03,867.57,0.02,4.76
2026-04,ALLURI SITARAMA RAJU,ANDHRA PRADESH,0.02,687.91,0.02,4.46
2026-04,,ANDHRA PRADESH Total,3.71,109667.48,2.78,630.17
2026-04,JAIPUR,RAJASTHAN,0.72,21310.48,0.68,154.42
2026-04,JODHPUR,RAJASTHAN,0.17,4976.6,0.14,31.14
2026-04,UDAIPUR,RAJASTHAN,0.12,3497.92,0.11,25.13
2026-04,KOTA,RAJASTHAN,0.1,2980.39,0.1,22.01
2026-04,AJMER,RAJASTHAN,0.12,3427.64,0.09,20.63
2026-04,SIKAR,RAJASTHAN,0.12,3557.35,0.09,19.86
2026-04,BHILWARA,RAJASTHAN,0.11,3114.76,0.08,19.05
2026-04,BIKANER,RAJASTHAN,0.09,2664.03,0.07,15.72
2026-04,ALWAR,RAJASTHAN,0.07,2114.41,0.07,15.01
2026-04,GANGANAGAR,RAJASTHAN,0.08,2330.4,0.06,14.21
2026-04,KHAIRTHAL-TIJARA,RAJASTHAN,0.06,1663.82,0.06,12.8
2026-04,JHUNJHUNU,RAJASTHAN,0.07,2208.14,0.05,11.54
2026-04,DAUSA,RAJASTHAN,0.05,1618.61,0.05,11.47
2026-04,KOTPUTLI-BEHROR,RAJASTHAN,0.06,1770.81,0.05,10.53
2026-04,CHITTAURGARH,RAJASTHAN,0.05,1596.25,0.05,10.21
2026-04,PALI,RAJASTHAN,0.06,1652.06,0.04,9.96
2026-04,BARMER,RAJASTHAN,0.05,1610.99,0.04,9.49
2026-04,CHURU,RAJASTHAN,0.06,1725.05,0.04,9.02
2026-04,HANUMANGARH,RAJASTHAN,0.05,1563.01,0.04,8.85
2026-04,JALOR,RAJASTHAN,0.05,1611.3,0.04,8.19
2026-04,NAGAUR,RAJASTHAN,0.05,1513.05,0.04,8.06
2026-04,DIDWANA-KUCHAMAN,RAJASTHAN,0.05,1521.45,0.03,7.88
2026-04,TONK,RAJASTHAN,0.04,1139.99,0.03,7.73
2026-04,BHARATPUR,RAJASTHAN,0.04,1061.52,0.03,7.73
2026-04,BEAWAR,RAJASTHAN,0.04,1308.58,0.03,7.67
2026-04,RAJSAMAND,RAJASTHAN,0.04,1192.46,0.03,7.37
2026-04,KARAULI,RAJASTHAN,0.03,1002.73,0.03,7.37
2026-04,SAWAI MADHOPUR,RAJASTHAN,0.03,1000.13,0.03,6.98
2026-04,JHALAWAR,RAJASTHAN,0.03,940.67,0.03,6.5
2026-04,BALOTRA,RAJASTHAN,0.04,1041.26,0.03,5.86
2026-04,DHAULPUR,RAJASTHAN,0.03,789.94,0.03,5.79
2026-04,JAISALMER,RAJASTHAN,0.03,948.96,0.03,5.77
2026-04,BANSWARA,RAJASTHAN,0.03,818.36,0.03,5.67
2026-04,SIROHI,RAJASTHAN,0.03,826.02,0.02,5.35
2026-04,BUNDI,RAJASTHAN,0.03,772.65,0.02,5.27
2026-04,BARAN,RAJASTHAN,0.02,710.79,0.02,4.66
2026-04,DUNGARPUR,RAJASTHAN,0.02,689.63,0.02,4.57
2026-04,PHALODI,RAJASTHAN,0.03,743.66,0.02,4.1
2026-04,DEEG,RAJASTHAN,0.02,539.01,0.02,3.9
2026-04,PRATAPGARH,RAJASTHAN,0.01,424.85,0.01,2.91
2026-04,SALUMBAR,RAJASTHAN,0.01,289.75,0.01,1.87
2026-04,,RAJASTHAN Total,2.92,86269.47,2.48,562.25
2026-04,AHMADABAD,GUJARAT,0.68,19945.13,0.59,132.82
2026-04,SURAT,GUJARAT,0.51,15175.48,0.42,95.41
2026-04,VADODARA,GUJARAT,0.25,7265.67,0.25,56.57
2026-04,KACHCHH,GUJARAT,0.13,3922,0.11,24.73
2026-04,GANDHINAGAR,GUJARAT,0.11,3225.55,0.1,23.34
2026-04,RAJKOT,GUJARAT,0.15,4452.21,0.1,22.43
2026-04,BHARUCH,GUJARAT,0.09,2664.17,0.09,20.94
2026-04,VALSAD,GUJARAT,0.09,2640.88,0.09,20.1
2026-04,BANAS KANTHA,GUJARAT,0.09,2726.85,0.07,16.47
2026-04,ANAND,GUJARAT,0.06,1792.65,0.06,12.5
2026-04,MAHESANA,GUJARAT,0.07,2030.03,0.05,12.43
2026-04,JAMNAGAR,GUJARAT,0.06,1776.74,0.05,11.4
2026-04,KHEDA,GUJARAT,0.05,1337.85,0.04,9.3
2026-04,BHAVNAGAR,GUJARAT,0.06,1723.83,0.04,8.87
2026-04,PANCH MAHALS,GUJARAT,0.04,1037.12,0.04,7.99
2026-04,NAVSARI,GUJARAT,0.04,1130.93,0.03,7.75
2026-04,SABAR KANTHA,GUJARAT,0.04,1134.01,0.03,7.14
2026-04,DAHOD,GUJARAT,0.03,807,0.03,5.66
2026-04,PATAN,GUJARAT,0.03,878.01,0.02,5.59
2026-04,SURENDRANAGAR,GUJARAT,0.04,1036.92,0.02,5.42
2026-04,MORBI,GUJARAT,0.03,1026.19,0.02,4.97
2026-04,JUNAGADH,GUJARAT,0.03,987.55,0.02,4.66
2026-04,ARVALLI,GUJARAT,0.02,677.93,0.02,4.48
2026-04,GIR SOMNATH,GUJARAT,0.03,838.77,0.02,4.17
2026-04,AMRELI,GUJARAT,0.02,712.62,0.02,3.47
2026-04,DEVBHUMI DWARKA,GUJARAT,0.02,615.26,0.02,3.44
2026-04,TAPI,GUJARAT,0.01,423.22,0.01,3.28
2026-04,MAHISAGAR,GUJARAT,0.02,442.97,0.01,3.1
2026-04,BOTAD,GUJARAT,0.01,435.41,0.01,2.43
2026-04,CHHOTAUDEPUR,GUJARAT,0.01,299.91,0.01,2.01
2026-04,NARMADA,GUJARAT,0.01,233.17,0.01,1.97
2026-04,PORBANDAR,GUJARAT,0.01,402.41,0.01,1.77
2026-04,DANGS,GUJARAT,0.0,64.7,0.0,0.58
2026-04,,GUJARAT Total,2.84,83863.15,2.42,547.19
2026-04,WEST,DELHI,0.33,9795.6,0.32,71.7
2026-04,SOUTH EAST,DELHI,0.27,7941.82,0.31,70.87
2026-04,CENTRAL,DELHI,0.26,7566.43,0.25,55.73
2026-04,NEW DELHI,DELHI,0.21,6314.23,0.24,55.36
2026-04,SOUTH,DELHI,0.18,5397.07,0.21,48.57
2026-04,SOUTH WEST,DELHI,0.2,5828.65,0.21,46.85
2026-04,EAST,DELHI,0.28,8217.65,0.2,46.08
2026-04,NORTH,DELHI,0.2,5872.72,0.18,40.47
2026-04,NORTH WEST,DELHI,0.2,5771.57,0.18,40.22
2026-04,SHAHDARA,DELHI,0.14,4177.47,0.12,28
2026-04,NORTH EAST,DELHI,0.08,2357.24,0.07,16.72
2026-04,NAZUL,DELHI,0.01,396.06,0.01,3.11
2026-04,,DELHI Total,2.36,69636.52,2.31,523.68
2026-04,NORTH TWENTY-FOUR PARGANAS,WEST BENGAL,0.4,11735.3,0.39,88.36
2026-04,KOLKATA,WEST BENGAL,0.35,10277.8,0.32,73.01
2026-04,SOUTH 24PARGANAS,WEST BENGAL,0.17,5053.2,0.15,32.98
2026-04,HAORA,WEST BENGAL,0.14,4171.62,0.12,27.83
2026-04,MURSHIDABAD,WEST BENGAL,0.16,4621.49,0.11,25.91
2026-04,HUGLI,WEST BENGAL,0.13,3694.72,0.11,24.23
2026-04,PURBA MEDINIPUR,WEST BENGAL,0.13,3700.15,0.1,22.83
2026-04,PASCHIM BARDDHAMAN,WEST BENGAL,0.1,2842.72,0.1,21.77
2026-04,NADIA,WEST BENGAL,0.12,3471.48,0.1,21.65
2026-04,PASCHIM MEDINIPUR,WEST BENGAL,0.1,2967.93,0.09,21.33
2026-04,MALDAH,WEST BENGAL,0.1,3003.17,0.08,18.93
2026-04,PURBA BARDDHAMAN,WEST BENGAL,0.09,2587.94,0.07,16.28
2026-04,DARJILING,WEST BENGAL,0.07,2191.99,0.07,15.25
2026-04,JALPAIGURI,WEST BENGAL,0.06,1894.02,0.06,14.53
2026-04,UTTAR DINAJPUR,WEST BENGAL,0.06,1895.49,0.06,12.62
2026-04,KOCH BIHAR,WEST BENGAL,0.05,1613.45,0.06,12.52
2026-04,BIRBHAM,WEST BENGAL,0.06,1895.78,0.05,12
2026-04,BANKURA,WEST BENGAL,0.05,1388.67,0.05,10.21
2026-04,PURULIYA,WEST BENGAL,0.03,995.06,0.04,8.79
2026-04,ALIPUR DUAR,WEST BENGAL,0.03,904.75,0.03,6.95
2026-04,DAKSHIN DINAJPUR,WEST BENGAL,0.03,832.97,0.02,5.37
2026-04,JHARGRAM,WEST BENGAL,0.01,393.57,0.01,3.23
2026-04,KALIMPONG,WEST BENGAL,0.01,230.51,0.01,1.63
2026-04,,WEST BENGAL Total,2.45,72363.79,2.2,498.2
2026-04,PATNA,BIHAR,0.34,10132.97,0.33,73.66
2026-04,MUZAFFARPUR,BIHAR,0.13,3962.43,0.12,26.18
2026-04,PURBA CHAMPARAN,BIHAR,0.12,3625.15,0.11,25.51
2026-04,GAYA,BIHAR,0.11,3123.06,0.09,20.55
2026-04,PASHCHIM CHAMPARAN,BIHAR,0.09,2573.48,0.08,19.22
2026-04,SAMASTIPUR,BIHAR,0.09,2542.98,0.07,16.8
2026-04,SARAN,BIHAR,0.08,2435.55,0.07,16.63
2026-04,DARBHANGA,BIHAR,0.08,2491.21,0.07,16.48
2026-04,MADHUBANI,BIHAR,0.08,2439.88,0.07,15.98
2026-04,PURNIA,BIHAR,0.08,2237.8,0.07,15.81
2026-04,VAISHALI,BIHAR,0.08,2302.36,0.07,15.15
2026-04,BHAGALPUR,BIHAR,0.07,2104.77,0.07,15.14
2026-04,SIWAN,BIHAR,0.07,2208.24,0.06,14.28
2026-04,ROHTAS,BIHAR,0.07,2183.81,0.06,13.27
2026-04,KATIHAR,BIHAR,0.06,1917.72,0.06,13.19
2026-04,BEGUSARAI,BIHAR,0.06,1892.54,0.06,12.97
2026-04,AURANGABAD,BIHAR,0.06,1730.2,0.05,12.45
2026-04,SITAMARHI,BIHAR,0.06,1781.05,0.05,11.69
2026-04,GOPALGANJ,BIHAR,0.06,1729.53,0.05,11.65
2026-04,NALANDA,BIHAR,0.06,1783.39,0.05,11.64
2026-04,BHOJPUR,BIHAR,0.06,1748.54,0.05,10.91
2026-04,ARARIA,BIHAR,0.05,1526,0.05,10.75
2026-04,SUPAUL,BIHAR,0.04,1302.46,0.04,9.6
2026-04,SAHARSA,BIHAR,0.04,1093.64,0.04,8.31
2026-04,MADHEPURA,BIHAR,0.04,1060.57,0.03,7.79
2026-04,NAWADA,BIHAR,0.04,1234.45,0.03,7.65
2026-04,KISHANGANJ,BIHAR,0.04,1078.46,0.03,7.09
2026-04,BUXAR,BIHAR,0.04,1113.1,0.03,6.68
2026-04,JAMUI,BIHAR,0.03,945.85,0.03,6.52
2026-04,KHAGARIA,BIHAR,0.03,910.63,0.03,6.09
2026-04,KAIMUR (BHABUA),BIHAR,0.03,966.59,0.03,5.85
2026-04,JEHANABAD,BIHAR,0.02,704.11,0.03,5.73
2026-04,BANKA,BIHAR,0.03,807.88,0.02,5.65
2026-04,MUNGER,BIHAR,0.02,737.72,0.02,5.07
2026-04,LAKHISARAI,BIHAR,0.02,578.16,0.02,3.76
2026-04,ARWAL,BIHAR,0.01,374.01,0.01,2.98
2026-04,SHEIKHPURA,BIHAR,0.01,370.02,0.01,2.28
2026-04,SHEOHAR,BIHAR,0.01,317.95,0.01,2.12
2026-04,,BIHAR Total,2.44,72068.24,2.18,493.11
2026-04,INDORE,MADHYA PRADESH,0.37,10878.35,0.38,85.17
2026-04,BHOPAL,MADHYA PRADESH,0.22,6486.81,0.24,54.54
2026-04,GWALIOR,MADHYA PRADESH,0.11,3370.37,0.1,22.23
2026-04,JABALPUR,MADHYA PRADESH,0.1,2888.96,0.09,20.19
2026-04,UJJAIN,MADHYA PRADESH,0.09,2530.62,0.08,18.65
2026-04,DHAR,MADHYA PRADESH,0.06,1845.86,0.06,13.26
2026-04,DEWAS,MADHYA PRADESH,0.05,1578.9,0.05,11.16
2026-04,SAGAR,MADHYA PRADESH,0.05,1440.8,0.04,10.01
2026-04,REWA,MADHYA PRADESH,0.05,1422.13,0.04,9.96
2026-04,SEHORE,MADHYA PRADESH,0.04,1205.52,0.04,9.1
2026-04,MORENA,MADHYA PRADESH,0.05,1362.52,0.04,8.56
2026-04,RATLAM,MADHYA PRADESH,0.04,1298.29,0.04,8.5
2026-04,CHHINDWARA,MADHYA PRADESH,0.04,1168.53,0.04,8.31
2026-04,RAJGARH,MADHYA PRADESH,0.04,1133.85,0.04,7.98
2026-04,SATNA,MADHYA PRADESH,0.04,1100.6,0.03,7.81
2026-04,NARMADAPURAM,MADHYA PRADESH,0.04,1034.59,0.03,7.62
2026-04,RAISEN,MADHYA PRADESH,0.03,992.87,0.03,7.58
2026-04,SINGRAULI,MADHYA PRADESH,0.03,1017.68,0.03,7.51
2026-04,KHARGONE,MADHYA PRADESH,0.04,1218.56,0.03,7.48
2026-04,MANDSAUR,MADHYA PRADESH,0.04,1108.07,0.03,7.37
2026-04,SHIVPURI,MADHYA PRADESH,0.03,1004.67,0.03,7.35
2026-04,CHHATARPUR,MADHYA PRADESH,0.03,996.62,0.03,7.08
2026-04,BALAGHAT,MADHYA PRADESH,0.03,955.25,0.03,6.93
2026-04,VIDISHA,MADHYA PRADESH,0.03,952.87,0.03,6.55
2026-04,GUNA,MADHYA PRADESH,0.03,908.63,0.03,6.5
2026-04,KHANDWA,MADHYA PRADESH,0.03,865.14,0.03,6.46
2026-04,BETUL,MADHYA PRADESH,0.03,927.57,0.03,6.37
2026-04,BHIND,MADHYA PRADESH,0.03,942.59,0.03,6.05
2026-04,SEONI,MADHYA PRADESH,0.03,779.92,0.03,5.71
2026-04,KATNI,MADHYA PRADESH,0.03,772.43,0.02,5.41
2026-04,SHAJAPUR,MADHYA PRADESH,0.02,729.37,0.02,5.13
2026-04,SIDHI,MADHYA PRADESH,0.02,688.25,0.02,4.93
2026-04,SHAHDOL,MADHYA PRADESH,0.02,649.28,0.02,4.92
2026-04,NARSIMHAPUR,MADHYA PRADESH,0.02,685.52,0.02,4.76
2026-04,NEEMUCH,MADHYA PRADESH,0.02,711.53,0.02,4.63
2026-04,BARWANI,MADHYA PRADESH,0.02,639.56,0.02,4.26
2026-04,DAMOH,MADHYA PRADESH,0.02,549.05,0.02,3.56
2026-04,AGAR MALWA,MADHYA PRADESH,0.02,477.19,0.02,3.55
2026-04,ASHOKNAGAR,MADHYA PRADESH,0.02,467.61,0.02,3.4
2026-04,MANDLA,MADHYA PRADESH,0.02,452.83,0.01,3.39
2026-04,TIKAMGARH,MADHYA PRADESH,0.01,431.51,0.01,3.28
2026-04,BURHANPUR,MADHYA PRADESH,0.02,478.37,0.01,3.25
2026-04,JHABUA,MADHYA PRADESH,0.02,485.8,0.01,3.25
2026-04,ANUPPUR,MADHYA PRADESH,0.01,378.28,0.01,3.21
2026-04,PANNA,MADHYA PRADESH,0.01,439.27,0.01,3.11
2026-04,DATIA,MADHYA PRADESH,0.02,464.28,0.01,3.07
2026-04,HARDA,MADHYA PRADESH,0.01,393.16,0.01,2.81
2026-04,MAIHAR,MADHYA PRADESH,0.01,362.43,0.01,2.74
2026-04,UMARIA,MADHYA PRADESH,0.01,277.81,0.01,2.18
2026-04,SHEOPUR,MADHYA PRADESH,0.01,301.15,0.01,2.08
2026-04,MAUGANJ,MADHYA PRADESH,0.01,306.73,0.01,1.99
2026-04,DINDORI,MADHYA PRADESH,0.01,234.79,0.01,1.86
2026-04,PANDHURNA,MADHYA PRADESH,0.01,224.21,0.01,1.51
2026-04,ALIRAJPUR,MADHYA PRADESH,0.01,232.89,0.01,1.46
2026-04,NIWARI,MADHYA PRADESH,0.01,185.94,0.01,1.33
2026-04,,MADHYA PRADESH Total,2.22,65436.38,2.11,477.06
2026-04,ERNAKULAM,KERALA,0.38,11212.25,0.38,85.81
2026-04,THIRUVANANTHAPURAM,KERALA,0.24,7137.18,0.23,52.17
2026-04,KOZHIKODE,KERALA,0.21,6088.89,0.2,46.37
2026-04,MALAPPURAM,KERALA,0.2,5825.06,0.19,43.63
2026-04,THRISSUR,KERALA,0.19,5756.96,0.18,39.74
2026-04,PALAKKAD,KERALA,0.15,4414.96,0.13,29.73
2026-04,KANNUR,KERALA,0.14,3996.88,0.12,27.25
2026-04,KOLLAM,KERALA,0.13,3697.18,0.11,24.81
2026-04,ALAPPUZHA,KERALA,0.11,3229.61,0.1,22.83
2026-04,KOTTAYAM,KERALA,0.11,3332.08,0.1,22.61
2026-04,IDUKKI,KERALA,0.07,2089.59,0.06,13.09
2026-04,KASARAGOD,KERALA,0.07,1947.1,0.06,12.56
2026-04,PATHANAMTHITTA,KERALA,0.05,1615.27,0.05,10.88
2026-04,WAYANAD,KERALA,0.05,1521.43,0.05,10.64
2026-04,,KERALA Total,2.1,61864.44,1.95,442.12
2026-04,GURUGRAM,HARYANA,0.67,19752.75,0.76,170.98
2026-04,FARIDABAD,HARYANA,0.25,7491.61,0.25,57.43
2026-04,SONIPAT,HARYANA,0.1,3072.13,0.09,20.3
2026-04,PANIPAT,HARYANA,0.09,2570.58,0.07,15.9
2026-04,KARNAL,HARYANA,0.09,2551.7,0.06,14.07
2026-04,HISAR,HARYANA,0.09,2655.35,0.06,12.87
2026-04,REWARI,HARYANA,0.06,1854.94,0.05,12.07
2026-04,JHAJJAR,HARYANA,0.07,1969.08,0.05,12.02
2026-04,AMBALA,HARYANA,0.07,2004.39,0.05,11.84
2026-04,ROHTAK,HARYANA,0.07,2142.04,0.05,11.61
2026-04,PANCHKULA,HARYANA,0.05,1608.35,0.05,11.06
2026-04,PALWAL,HARYANA,0.06,1651.28,0.05,10.87
2026-04,NUH,HARYANA,0.05,1568.56,0.05,10.57
2026-04,YAMUNANAGAR,HARYANA,0.05,1507.85,0.04,8.92
2026-04,KURUKSHETRA,HARYANA,0.06,1632.88,0.04,8.71
2026-04,SIRSA,HARYANA,0.05,1444.2,0.03,7.23
2026-04,BHIWANI,HARYANA,0.05,1381.81,0.03,6.49
2026-04,JIND,HARYANA,0.05,1444.97,0.03,6.31
2026-04,KAITHAL,HARYANA,0.04,1286.17,0.02,5.65
2026-04,MAHENDRAGARH,HARYANA,0.04,1083.23,0.02,5.62
2026-04,FATEHABAD,HARYANA,0.03,968.53,0.02,4.37
2026-04,CHARKI DADRI,HARYANA,0.02,557.3,0.01,2.4
2026-04,,HARYANA Total,2.11,62199.7,1.89,427.28
2026-04,KHORDHA,ODISHA,0.27,7834.89,0.29,66.33
2026-04,CUTTACK,ODISHA,0.11,3394.75,0.11,25.77
2026-04,GANJAM,ODISHA,0.12,3537.04,0.1,21.77
2026-04,BALASORE,ODISHA,0.07,2206.35,0.07,15.18
2026-04,PURI,ODISHA,0.06,1858.28,0.07,15.05
2026-04,SUNDARGARH,ODISHA,0.07,2013.13,0.07,14.95
2026-04,JAJAPUR,ODISHA,0.06,1871.03,0.06,14.65
2026-04,KEONJHAR (KENDUJHAR),ODISHA,0.05,1493.12,0.05,11.04
2026-04,BHADRAK,ODISHA,0.05,1428.41,0.05,10.32
2026-04,ANUGUL,ODISHA,0.05,1387.76,0.04,9.7
2026-04,SAMBALPUR,ODISHA,0.04,1128.85,0.04,9.33
2026-04,MAYURBHANJ,ODISHA,0.04,1205.1,0.04,8.98
2026-04,JAGATSINGHPUR,ODISHA,0.04,1059.83,0.04,8.27
2026-04,KENDRAPARA,ODISHA,0.04,1068.41,0.04,8.01
2026-04,KALAHANDI,ODISHA,0.03,922.59,0.03,7.42
2026-04,KORAPUT,ODISHA,0.04,1054.95,0.03,7.42
2026-04,BALANGIR,ODISHA,0.03,926.27,0.03,7.16
2026-04,DHENKANAL,ODISHA,0.03,952.04,0.03,7.04
2026-04,JHARSUGUDA,ODISHA,0.03,770.39,0.03,6.19
2026-04,RAYAGARHA,ODISHA,0.03,805.66,0.03,5.87
2026-04,BARGARH,ODISHA,0.03,804.87,0.02,5.65
2026-04,NAYAGARH,ODISHA,0.02,656.52,0.02,4.64
2026-04,NABARANGAPUR,ODISHA,0.02,600.36,0.02,3.96
2026-04,MALKANGIRI,ODISHA,0.01,390.03,0.01,2.78
2026-04,GAJAPATI,ODISHA,0.01,380.65,0.01,2.52
2026-04,KANDHAMAL,ODISHA,0.01,338.15,0.01,2.5
2026-04,NUAPADA,ODISHA,0.01,314.49,0.01,2.44
2026-04,SUBARNAPUR,ODISHA,0.01,323.49,0.01,2.32
2026-04,BOUDH,ODISHA,0.01,216.26,0.01,1.5
2026-04,DEOGARH,ODISHA,0.0,142.57,0.0,0.93
2026-04,,ODISHA Total,1.39,41086.24,1.37,309.67
2026-04,KAMRUP METRO,ASSAM,0.16,4814.95,0.2,46.37
2026-04,KAMRUP RURAL,ASSAM,0.04,1317.67,0.05,12.41
2026-04,NAGAON,ASSAM,0.04,1278.04,0.05,11.67
2026-04,DIBRUGARH,ASSAM,0.04,1143.04,0.05,11.58
2026-04,CACHAR,ASSAM,0.04,1212.16,0.05,10.4
2026-04,SONITPUR,ASSAM,0.03,946.51,0.04,8.97
2026-04,BARPETA,ASSAM,0.04,1043.89,0.04,8.42
2026-04,TINSUKIA,ASSAM,0.03,909.71,0.04,8.11
2026-04,GOLAGHAT,ASSAM,0.03,774.1,0.03,7.71
2026-04,DHUBRI,ASSAM,0.03,879.46,0.03,7.65
2026-04,LAKHIMPUR,ASSAM,0.02,713.32,0.03,7.56
2026-04,JORHAT,ASSAM,0.03,750.82,0.03,7.49
2026-04,HOJAI,ASSAM,0.03,768.99,0.03,6.97
2026-04,GOALPARA,ASSAM,0.03,749.29,0.03,6.05
2026-04,MARIGAON,ASSAM,0.02,672.98,0.03,6.02
2026-04,DARANG,ASSAM,0.02,719.59,0.03,5.96
2026-04,SIBSAGAR,ASSAM,0.02,546.35,0.03,5.71
2026-04,DHEMAJI,ASSAM,0.02,520.58,0.02,5.2
2026-04,BONGAIGAON,ASSAM,0.02,621.62,0.02,5.11
2026-04,SRIBHUMI,ASSAM,0.02,634.76,0.02,4.87
2026-04,KARBI ANGLONG,ASSAM,0.02,475.35,0.02,4.67
2026-04,BISWANATH,ASSAM,0.01,396.55,0.02,4.28
2026-04,NALBARI,ASSAM,0.02,481.27,0.02,4.2
2026-04,KOKRAJHAR,ASSAM,0.02,512.55,0.02,4.17
2026-04,UDALGURI,ASSAM,0.01,422.09,0.02,3.87
2026-04,HAILAKANDI,ASSAM,0.01,328.82,0.01,2.86
2026-04,CHIRANG,ASSAM,0.01,312.06,0.01,2.42
2026-04,BAKSA,ASSAM,0.01,285.08,0.01,2.34
2026-04,CHARAIDEO,ASSAM,0.01,216.46,0.01,2.25
2026-04,SOUTH SALMARA,ASSAM,0.01,241.4,0.01,1.99
2026-04,DIMA HASAO,ASSAM,0.01,200.99,0.01,1.97
2026-04,BAJALI,ASSAM,0.01,224.34,0.01,1.9
2026-04,TAMULPUR,ASSAM,0.01,224.5,0.01,1.84
2026-04,WEST KARBI ANAGLONG,ASSAM,0.0,103.76,0.01,1.14
2026-04,MAJULI,ASSAM,0.0,74.72,0.0,0.86
2026-04,,ASSAM Total,0.86,25517.76,1.04,234.98
2026-04,SAS NAGAR (SAHIBZADA AJIT SINGH NAGAR),PUNJAB,0.21,6308.25,0.21,48.46
2026-04,LUDHIANA,PUNJAB,0.24,7214.59,0.18,41.88
2026-04,PATIALA,PUNJAB,0.11,3130.96,0.08,18.87
2026-04,AMRITSAR,PUNJAB,0.13,3723.15,0.08,18.44
2026-04,JALANDHAR,PUNJAB,0.11,3166.33,0.08,17.84
2026-04,BATHINDA,PUNJAB,0.06,1729.98,0.04,9.84
2026-04,KAPURTHALA,PUNJAB,0.04,1079.85,0.04,8.23
2026-04,HOSHIARPUR,PUNJAB,0.05,1398.75,0.03,7.5
2026-04,GURDASPUR,PUNJAB,0.05,1419.11,0.03,6.64
2026-04,FAZILKA,PUNJAB,0.04,1098.08,0.03,6.56
2026-04,SANGRUR,PUNJAB,0.04,1209.82,0.03,5.9
2026-04,FIROZPUR,PUNJAB,0.03,1018.96,0.02,5.37
2026-04,RUPNAGAR,PUNJAB,0.03,824.76,0.02,5.13
2026-04,PATHANKOT,PUNJAB,0.03,815.65,0.02,4.55
2026-04,FATEHGARH SAHIB,PUNJAB,0.02,720.79,0.02,4.51
2026-04,SRI MUKTSAR SAHIB,PUNJAB,0.03,809.61,0.02,4.26
2026-04,MOGA,PUNJAB,0.03,853.32,0.02,4.01
2026-04,TARN TARAN,PUNJAB,0.03,920.69,0.02,3.83
2026-04,FARIDKOT,PUNJAB,0.02,594.35,0.01,3.06
2026-04,MANSA,PUNJAB,0.02,568.27,0.01,2.73
2026-04,BARNALA,PUNJAB,0.02,555.85,0.01,2.66
2026-04,SHAHID BHAGAT SINGH NAGAR,PUNJAB,0.02,459.26,0.01,2.4
2026-04,MALER KOTLA,PUNJAB,0.01,396.82,0.01,1.98
2026-04,,PUNJAB Total,1.36,40017.17,1.04,234.65
2026-04,RANCHI,JHARKHAND,0.17,5135.54,0.17,39.02
2026-04,EAST SINGHBHUM,JHARKHAND,0.09,2669.14,0.1,21.91
2026-04,DHANBAD,JHARKHAND,0.08,2493.13,0.08,19
2026-04,BOKARO,JHARKHAND,0.06,1744.75,0.06,14.05
2026-04,HAZARIBAGH,JHARKHAND,0.07,2076.2,0.06,13.41
2026-04,GIRIDIH,JHARKHAND,0.06,1857.65,0.05,12.43
2026-04,PALAMU,JHARKHAND,0.06,1627.15,0.05,10.76
2026-04,SARAIKELA-KHARSAWAN,JHARKHAND,0.03,831.57,0.03,7.36
2026-04,DEOGHAR,JHARKHAND,0.03,939.41,0.03,7.11
2026-04,GARHWA,JHARKHAND,0.04,1080.7,0.03,6.97
2026-04,RAMGARH,JHARKHAND,0.03,923.7,0.03,6.69
2026-04,KODERMA,JHARKHAND,0.03,876.88,0.02,5.24
2026-04,CHATRA,JHARKHAND,0.02,727.2,0.02,4.34
2026-04,GODDA,JHARKHAND,0.02,588.18,0.02,4.28
2026-04,WEST SINGHBHUM,JHARKHAND,0.02,526.23,0.02,3.92
2026-04,SAHIBGANJ,JHARKHAND,0.02,565.9,0.02,3.58
2026-04,DUMKA,JHARKHAND,0.02,478.78,0.01,3.39
2026-04,LATEHAR,JHARKHAND,0.02,470.76,0.01,2.98
2026-04,GUMLA,JHARKHAND,0.01,368.32,0.01,2.26
2026-04,PAKUR,JHARKHAND,0.01,369.45,0.01,2.09
2026-04,LOHARDAGA,JHARKHAND,0.01,290.54,0.01,1.96
2026-04,JAMTARA,JHARKHAND,0.01,245.41,0.01,1.7
2026-04,KHUNTI,JHARKHAND,0.01,203.21,0.01,1.19
2026-04,SIMDEGA,JHARKHAND,0.01,200.58,0.0,1.08
2026-04,,JHARKHAND Total,0.92,27290.39,0.87,196.71
2026-04,RAIPUR,CHHATTISGARH,0.15,4473.45,0.15,32.84
2026-04,DURG,CHHATTISGARH,0.08,2227.69,0.08,17.14
2026-04,BILASPUR,CHHATTISGARH,0.06,1842.68,0.07,15.35
2026-04,KORBA,CHHATTISGARH,0.03,960.84,0.04,8.02
2026-04,RAIGARH,CHHATTISGARH,0.03,988.83,0.04,7.98
2026-04,SURGUJA,CHHATTISGARH,0.02,637.92,0.02,5
2026-04,JANJGIR - CHAMPA,CHHATTISGARH,0.02,569.17,0.02,4.52
2026-04,RAJNANDGAON,CHHATTISGARH,0.02,583.18,0.02,4.14
2026-04,BASTAR,CHHATTISGARH,0.02,561.34,0.02,4.04
2026-04,BALODA BAZAR,CHHATTISGARH,0.02,523.79,0.02,3.99
2026-04,MAHASAMUND,CHHATTISGARH,0.02,559.08,0.02,3.92
2026-04,KAWARDHA (KABIRDHAM),CHHATTISGARH,0.01,356.85,0.01,3.04
2026-04,UTTAR BASTAR KANKER,CHHATTISGARH,0.01,378.43,0.01,2.74
2026-04,SURAJPUR,CHHATTISGARH,0.01,347.01,0.01,2.74
2026-04,JASHPUR,CHHATTISGARH,0.01,371.41,0.01,2.68
2026-04,SAKTI,CHHATTISGARH,0.01,330.99,0.01,2.67
2026-04,BEMETARA,CHHATTISGARH,0.01,351.9,0.01,2.61
2026-04,DHAMTARI,CHHATTISGARH,0.01,364.5,0.01,2.39
2026-04,BALOD,CHHATTISGARH,0.01,316.37,0.01,2.38
2026-04,BALRAMPUR,CHHATTISGARH,0.01,332.5,0.01,2.36
2026-04,MUNGELI,CHHATTISGARH,0.01,291.08,0.01,2.3
2026-04,SARANGARH-BILAIGARH,CHHATTISGARH,0.01,306.6,0.01,2.21
2026-04,KONDAGAON,CHHATTISGARH,0.01,225.66,0.01,1.58
2026-04,GARIYABAND,CHHATTISGARH,0.01,203.25,0.01,1.56
2026-04,DAKSHIN BASTAR DANTEWARA,CHHATTISGARH,0.01,214.24,0.01,1.42
2026-04,MANENDRAGARH-CHIRMIRI-BHARATPUR,CHHATTISGARH,0.01,180.17,0.01,1.38
2026-04,GAURELA-PENDRA-MARWAHI,CHHATTISGARH,0.01,148.8,0.01,1.22
2026-04,KOREA,CHHATTISGARH,0.0,143.41,0.01,1.17
2026-04,BIJAPUR,CHHATTISGARH,0.01,181.4,0.0,1.07
2026-04,KHAIRGARH-CHHUIKHADAN-GANDAI,CHHATTISGARH,0.0,134.27,0.0,1.02
2026-04,SUKMA,CHHATTISGARH,0.0,135.66,0.0,0.78
2026-04,NARAYANPUR,CHHATTISGARH,0.0,99.13,0.0,0.62
2026-04,MOHLA-MANPUR-AMBAGARH CHOWKI,CHHATTISGARH,0.0,73.96,0.0,0.55
2026-04,,CHHATTISGARH Total,0.66,19415.56,0.65,147.42
2026-04,DEHRADUN,UTTARAKHAND,0.21,6210.7,0.22,50.01
2026-04,HARIDWAR,UTTARAKHAND,0.1,3050,0.11,24.37
2026-04,UDHAM SINGH NAGAR,UTTARAKHAND,0.08,2496.34,0.08,18.95
2026-04,NAINITAL,UTTARAKHAND,0.06,1859.42,0.06,13.4
2026-04,TEHRI GARHWAL,UTTARAKHAND,0.02,577.31,0.02,4.33
2026-04,PAURI GARHWAL,UTTARAKHAND,0.02,546.86,0.02,4.22
2026-04,ALMORA,UTTARAKHAND,0.01,328.9,0.01,2.3
2026-04,PITHORAGARH,UTTARAKHAND,0.01,308.83,0.01,2.19
2026-04,CHAMOLI,UTTARAKHAND,0.01,273.66,0.01,1.94
2026-04,UTTARKASHI,UTTARAKHAND,0.01,244.96,0.01,1.69
2026-04,RUDRAPRAYAG,UTTARAKHAND,0.01,219.6,0.01,1.43
2026-04,CHAMPAWAT,UTTARAKHAND,0.01,177.67,0.01,1.32
2026-04,BAGESHWAR,UTTARAKHAND,0.0,123.61,0.0,0.86
2026-04,,UTTARAKHAND Total,0.56,16417.86,0.56,127
2026-04,JAMMU,JAMMU AND KASHMIR,0.11,3193.99,0.1,21.87
2026-04,SRINAGAR,JAMMU AND KASHMIR,0.07,2081.25,0.06,14.65
2026-04,BARAMULA,JAMMU AND KASHMIR,0.03,858.05,0.03,7.08
2026-04,ANANTNAG,JAMMU AND KASHMIR,0.03,766.59,0.03,6.48
2026-04,BADGAM,JAMMU AND KASHMIR,0.03,761.61,0.03,5.79
2026-04,KUPWARA,JAMMU AND KASHMIR,0.02,498.8,0.02,4.41
2026-04,PULWAMA,JAMMU AND KASHMIR,0.02,495.9,0.02,3.83
2026-04,KATHUA,JAMMU AND KASHMIR,0.02,544.28,0.02,3.56
2026-04,SAMBA,JAMMU AND KASHMIR,0.02,491.09,0.01,3.27
2026-04,UDHAMPUR,JAMMU AND KASHMIR,0.02,447.12,0.01,3
2026-04,RAJAURI,JAMMU AND KASHMIR,0.02,449.44,0.01,2.8
2026-04,KULGAM,JAMMU AND KASHMIR,0.01,263.89,0.01,2.46
2026-04,GANDERBAL,JAMMU AND KASHMIR,0.01,272.3,0.01,2.3
2026-04,RIASI,JAMMU AND KASHMIR,0.01,300.46,0.01,2.21
2026-04,BANDIPURA,JAMMU AND KASHMIR,0.01,241.25,0.01,2.11
2026-04,PUNCH,JAMMU AND KASHMIR,0.01,308.6,0.01,1.99
2026-04,DODA,JAMMU AND KASHMIR,0.01,227.94,0.01,1.95
2026-04,SHUPIYAN,JAMMU AND KASHMIR,0.01,202.1,0.01,1.88
2026-04,RAMBAN,JAMMU AND KASHMIR,0.01,161.94,0.01,1.38
2026-04,KISHTWAR,JAMMU AND KASHMIR,0.0,145.76,0.01,1.2
2026-04,MIRPUR,JAMMU AND KASHMIR,0.0,1.74,0.0,0
2026-04,MUZAFFARABAD,JAMMU AND KASHMIR,0.0,1.44,0.0,0
2026-04,,JAMMU AND KASHMIR Total,0.43,12715.55,0.42,94.21
2026-04,SOLAN,HIMACHAL PRADESH,0.05,1504.3,0.06,13.31
2026-04,KANGRA,HIMACHAL PRADESH,0.05,1550.66,0.05,10.87
2026-04,SHIMLA,HIMACHAL PRADESH,0.04,1266.39,0.04,9.97
2026-04,MANDI,HIMACHAL PRADESH,0.03,949.76,0.03,6.86
2026-04,KULLU,HIMACHAL PRADESH,0.03,872.11,0.03,6.02
2026-04,SIRMAUR,HIMACHAL PRADESH,0.02,556.84,0.02,4.44
2026-04,UNA,HIMACHAL PRADESH,0.02,513.16,0.02,3.45
2026-04,HAMIRPUR,HIMACHAL PRADESH,0.02,487.8,0.02,3.45
2026-04,BILASPUR,HIMACHAL PRADESH,0.01,369.81,0.01,2.7
2026-04,CHAMBA,HIMACHAL PRADESH,0.01,307.96,0.01,2.24
2026-04,KINNAUR,HIMACHAL PRADESH,0.0,115.06,0.0,0.84
2026-04,LAHAUL & SPITI,HIMACHAL PRADESH,0.0,59.43,0.0,0.36
2026-04,,HIMACHAL PRADESH Total,0.29,8553.29,0.28,64.49
2026-04,NORTH GOA,GOA,0.11,3368,0.09,20.87
2026-04,SOUTH GOA,GOA,0.07,1952.19,0.06,13.74
2026-04,KUSHAVATI,GOA,0.01,274.27,0.01,1.88
2026-04,,GOA Total,0.19,5594.45,0.16,36.49
2026-04,CHANDIGARH,CHANDIGARH,0.12,3593.42,0.12,28.24
2026-04,,CHANDIGARH Total,0.12,3593.42,0.12,28.24
2026-04,PAPUMPARE,ARUNACHAL PRADESH,0.04,1300.63,0.04,9.52
2026-04,EAST SIANG,ARUNACHAL PRADESH,0.01,242.81,0.01,1.99
2026-04,WEST KAMENG,ARUNACHAL PRADESH,0.01,205.71,0.01,1.25
2026-04,NAMSAI,ARUNACHAL PRADESH,0.0,137.76,0.0,1.09
2026-04,CHANGLANG,ARUNACHAL PRADESH,0.0,136.78,0.0,1.01
2026-04,WEST SIANG,ARUNACHAL PRADESH,0.0,137.15,0.0,0.9
2026-04,LOWER DIBANG VALLEY,ARUNACHAL PRADESH,0.0,111.79,0.0,0.81
2026-04,LOHIT,ARUNACHAL PRADESH,0.0,94.13,0.0,0.77
2026-04,LOWER SUBANSIRI,ARUNACHAL PRADESH,0.0,86.58,0.0,0.58
2026-04,UPPER SUBANSIRI,ARUNACHAL PRADESH,0.0,99.6,0.0,0.55
2026-04,TAWANG,ARUNACHAL PRADESH,0.0,121.69,0.0,0.54
2026-04,EAST KAMENG,ARUNACHAL PRADESH,0.0,72,0.0,0.5
2026-04,TIRAP,ARUNACHAL PRADESH,0.0,65.27,0.0,0.49
2026-04,SIANG,ARUNACHAL PRADESH,0.0,43.82,0.0,0.31
2026-04,LONGDING,ARUNACHAL PRADESH,0.0,40.19,0.0,0.31
2026-04,UPPER SIANG,ARUNACHAL PRADESH,0.0,42.39,0.0,0.26
2026-04,LEPA RADA,ARUNACHAL PRADESH,0.0,40.68,0.0,0.25
2026-04,KEYI PANYOR,ARUNACHAL PRADESH,0.0,29.42,0.0,0.23
2026-04,KAMLE,ARUNACHAL PRADESH,0.0,24.41,0.0,0.18
2026-04,ANJAW,ARUNACHAL PRADESH,0.0,26.87,0.0,0.15
2026-04,KURUNG KUMEY,ARUNACHAL PRADESH,0.0,24.9,0.0,0.13
2026-04,KRA DAADI,ARUNACHAL PRADESH,0.0,19.73,0.0,0.13
2026-04,DIBANG VALLEY,ARUNACHAL PRADESH,0.0,18.01,0.0,0.1
2026-04,LOWER SIANG,ARUNACHAL PRADESH,0.0,15.68,0.0,0.1
2026-04,PAKKE KESSANG,ARUNACHAL PRADESH,0.0,12.11,0.0,0.09
2026-04,BICHOM,ARUNACHAL PRADESH,0.0,12.75,0.0,0.08
2026-04,SHI YOMI,ARUNACHAL PRADESH,0.0,16.13,0.0,0.06
2026-04,,ARUNACHAL PRADESH Total,0.11,3178.99,0.1,22.37
2026-04,PUDUCHERRY,PUDUCHERRY,0.08,2491.09,0.08,17.59
2026-04,KARAIKAL,PUDUCHERRY,0.01,342.76,0.01,2.25
2026-04,,PUDUCHERRY Total,0.1,2833.84,0.09,19.84
2026-04,EAST KHASI HILLS,MEGHALAYA,0.04,1044.68,0.04,8.21
2026-04,WEST GARO HILLS,MEGHALAYA,0.01,325.36,0.01,3.04
2026-04,RI-BHOI,MEGHALAYA,0.01,234.53,0.01,1.84
2026-04,WEST JAINTIA HILLS,MEGHALAYA,0.01,152.97,0.01,1.35
2026-04,EAST JAINTIA HILLS,MEGHALAYA,0.0,123.66,0.0,0.85
2026-04,NORTH GARO HILLS,MEGHALAYA,0.0,57.74,0.0,0.64
2026-04,EAST GARO HILLS,MEGHALAYA,0.0,56.75,0.0,0.58
2026-04,SOUTH WEST GARO HILLS,MEGHALAYA,0.0,64.42,0.0,0.58
2026-04,SOUTH GARO HILLS,MEGHALAYA,0.0,48.02,0.0,0.42
2026-04,WEST KHASI HILLS,MEGHALAYA,0.0,59.65,0.0,0.34
2026-04,SOUTH WEST KHASI HILLS,MEGHALAYA,0.0,31.26,0.0,0.17
2026-04,EASTERN WEST KHASI HILLS,MEGHALAYA,0.0,23.35,0.0,0.14
2026-04,,MEGHALAYA Total,0.08,2222.38,0.08,18.16
2026-04,WEST TRIPURA,TRIPURA,0.04,1036.3,0.04,8
2026-04,NORTH TRIPURA,TRIPURA,0.01,225.72,0.01,1.71
2026-04,GOMTI,TRIPURA,0.01,211.64,0.01,1.45
2026-04,SEPAHIJALA,TRIPURA,0.01,195.44,0.01,1.27
2026-04,DHALAI,TRIPURA,0.01,149.67,0.0,1.13
2026-04,SOUTH TRIPURA,TRIPURA,0.01,176.28,0.0,1.1
2026-04,UNAKOTI,TRIPURA,0.0,124.89,0.0,0.99
2026-04,KHOWAI,TRIPURA,0.0,115.01,0.0,0.85
2026-04,,TRIPURA Total,0.08,2234.95,0.07,16.51
2026-04,AIZAWL,MIZORAM,0.04,1249.25,0.04,8.81
2026-04,LUNGLEI,MIZORAM,0.01,155.79,0.01,1.14
2026-04,KOLASIB,MIZORAM,0.0,108.13,0.0,0.83
2026-04,LAWNGTLAI,MIZORAM,0.0,101.17,0.0,0.69
2026-04,SERCHHIP,MIZORAM,0.0,71.9,0.0,0.58
2026-04,MAMIT,MIZORAM,0.0,69.75,0.0,0.56
2026-04,CHAMPHAI,MIZORAM,0.0,100.36,0.0,0.55
2026-04,SAIHA,MIZORAM,0.0,70.42,0.0,0.49
2026-04,SAITUAL,MIZORAM,0.0,34.06,0.0,0.27
2026-04,KHAWZAWL,MIZORAM,0.0,28.54,0.0,0.22
2026-04,HNAHTHIAL,MIZORAM,0.0,22.79,0.0,0.17
2026-04,,MIZORAM Total,0.07,2012.16,0.06,14.3
2026-04,DIMAPUR,NAGALAND,0.02,732.09,0.02,4.93
2026-04,KOHIMA,NAGALAND,0.01,398.81,0.01,2.59
2026-04,CHUMOUKEDIMA,NAGALAND,0.01,324.98,0.01,2.44
2026-04,MOKOKCHUNG,NAGALAND,0.0,128.94,0.0,0.84
2026-04,MON,NAGALAND,0.0,88.89,0.0,0.67
2026-04,WOKHA,NAGALAND,0.0,68.14,0.0,0.44
2026-04,TUENSANG,NAGALAND,0.0,47.46,0.0,0.36
2026-04,PHEK,NAGALAND,0.0,49.19,0.0,0.32
2026-04,PEREN,NAGALAND,0.0,42.16,0.0,0.32
2026-04,ZUNHEBOTO,NAGALAND,0.0,44.69,0.0,0.29
2026-04,KIPHIRE,NAGALAND,0.0,27.72,0.0,0.18
2026-04,LONGLENG,NAGALAND,0.0,19.03,0.0,0.15
2026-04,NOKLAK,NAGALAND,0.0,10.04,0.0,0.06
2026-04,TSEMINYU,NAGALAND,0.0,8.17,0.0,0.05
2026-04,SHAMATOR,NAGALAND,0.0,8.11,0.0,0.05
2026-04,NIULAND,NAGALAND,0.0,0.86,0.0,0.01
2026-04,,NAGALAND Total,0.07,1999.31,0.06,13.73
2026-04,IMPHAL WEST,MANIPUR,0.03,888.79,0.02,3.82
2026-04,IMPHAL EAST,MANIPUR,0.02,618.9,0.01,2.82
2026-04,CHURACHANDPUR,MANIPUR,0.01,295.49,0.01,1.69
2026-04,THOUBAL,MANIPUR,0.01,251.44,0.0,1.13
2026-04,BISHNUPUR,MANIPUR,0.01,183.49,0.0,0.89
2026-04,KANGPOKPI,MANIPUR,0.0,141.76,0.0,0.7
2026-04,SENAPATI,MANIPUR,0.0,102.62,0.0,0.51
2026-04,KAKCHING,MANIPUR,0.0,104.29,0.0,0.45
2026-04,UKHRUL,MANIPUR,0.0,97.83,0.0,0.39
2026-04,TAMENGLONG,MANIPUR,0.0,53.35,0.0,0.27
2026-04,JIRIBAM,MANIPUR,0.0,38.8,0.0,0.25
2026-04,CHANDEL,MANIPUR,0.0,46.08,0.0,0.23
2026-04,TENGNOUPAL,MANIPUR,0.0,31.28,0.0,0.13
2026-04,KAMJANG,MANIPUR,0.0,15.16,0.0,0.07
2026-04,NONEY,MANIPUR,0.0,11.91,0.0,0.06
2026-04,PHERZAWL,MANIPUR,0.0,5.47,0.0,0.04
2026-04,,MANIPUR Total,0.1,2886.67,0.06,13.44
2026-04,DADRA AND NAGAR HAVELI,DADRA & NAGAR HAVELI & DAMAN & DIU,0.02,718.1,0.03,6.43
2026-04,DAMAN,DADRA & NAGAR HAVELI & DAMAN & DIU,0.01,429.26,0.02,3.84
2026-04,DIU,DADRA & NAGAR HAVELI & DAMAN & DIU,0.0,62.26,0.0,0.37
2026-04,,DADRA & NAGAR HAVELI & DAMAN & DIU Total,0.04,1209.62,0.05,10.63
2026-04,GANGTOK,SIKKIM,0.02,605.65,0.02,4.34
2026-04,NAMCHI,SIKKIM,0.01,247.12,0.01,1.99
2026-04,PAKYONG,SIKKIM,0.01,224.4,0.01,1.77
2026-04,GYALSHING,SIKKIM,0.0,73.42,0.0,0.5
2026-04,SORENG,SIKKIM,0.0,68.94,0.0,0.5
2026-04,MANGAN,SIKKIM,0.0,85.8,0.0,0.48
2026-04,,SIKKIM Total,0.04,1305.33,0.04,9.59
2026-04,SOUTH ANDAMANS,ANDAMAN AND NICOBAR ISLANDS,0.02,608.74,0.02,3.85
2026-04,NORTH AND MIDDLE ANDAMAN,ANDAMAN AND NICOBAR ISLANDS,0.0,80.64,0.0,0.44
2026-04,NICOBARS,ANDAMAN AND NICOBAR ISLANDS,0.0,24.77,0.0,0.13
2026-04,,ANDAMAN AND NICOBAR ISLANDS Total,0.02,714.15,0.02,4.42
2026-04,LEH,LADAKH,0.02,609.28,0.01,2.86
2026-04,KARGIL,LADAKH,0.01,163.27,0.01,1.28
2026-04,,LADAKH Total,0.03,772.55,0.02,4.14
2026-04,LAKSHADWEEP,LAKSHADWEEP,0.0,85.42,0.0,0.71
2026-04,,LAKSHADWEEP Total,0.0,85.42,0.0,0.71
2026-04,,Unclassified #,38.63,1121447.83,43.67,9759.1
2026-05,MUMBAI SUBURBAN,MAHARASHTRA,1.95,58937.89,2.43,571.17
2026-05,PUNE,MAHARASHTRA,1.62,48966.21,1.79,421.91
2026-05,THANE,MAHARASHTRA,0.95,28604.84,1.02,239.53
2026-05,MUMBAI,MAHARASHTRA,0.8,24017.98,0.99,233.82
2026-05,RAIGAD,MAHARASHTRA,0.3,8919.09,0.31,73.53
2026-05,NAGPUR,MAHARASHTRA,0.33,9946.12,0.3,69.62
2026-05,NASHIK,MAHARASHTRA,0.33,9833.49,0.3,69.42
2026-05,PALGHAR,MAHARASHTRA,0.23,6852.39,0.25,58.6
2026-05,CHHATRAPATI SAMBHAJI NAGAR,MAHARASHTRA,0.23,6812.99,0.22,50.96
2026-05,SOLAPUR,MAHARASHTRA,0.24,7287.43,0.2,46.88
2026-05,AHILYANAGAR,MAHARASHTRA,0.24,7337.41,0.2,46.38
2026-05,KOLHAPUR,MAHARASHTRA,0.18,5383.91,0.17,38.99
2026-05,SATARA,MAHARASHTRA,0.14,4344.03,0.14,32.45
2026-05,SANGLI,MAHARASHTRA,0.13,4013.19,0.12,27.08
2026-05,JALGAON,MAHARASHTRA,0.13,4026.81,0.11,25.06
2026-05,NANDED,MAHARASHTRA,0.13,3992.08,0.1,24.35
2026-05,LATUR,MAHARASHTRA,0.11,3407.59,0.1,23.38
2026-05,BEED,MAHARASHTRA,0.11,3457.34,0.09,20.13
2026-05,AMRAVATI,MAHARASHTRA,0.09,2755.21,0.08,18.31
2026-05,BULDHANA,MAHARASHTRA,0.08,2560.21,0.07,17.3
2026-05,DHARASHIV,MAHARASHTRA,0.07,2195.27,0.06,14.93
2026-05,YAVATMAL,MAHARASHTRA,0.07,2077.39,0.06,14.43
2026-05,JALNA,MAHARASHTRA,0.08,2282.04,0.06,14.24
2026-05,CHANDRAPUR,MAHARASHTRA,0.07,1983.49,0.06,13.79
2026-05,DHULE,MAHARASHTRA,0.06,1841.86,0.05,11.83
2026-05,RATNAGIRI,MAHARASHTRA,0.06,1679.17,0.05,11.76
2026-05,PARBHANI,MAHARASHTRA,0.06,1853.41,0.05,11.74
2026-05,AKOLA,MAHARASHTRA,0.06,1716.56,0.05,11.53
2026-05,HINGOLI,MAHARASHTRA,0.04,1266.06,0.04,8.73
2026-05,WARDHA,MAHARASHTRA,0.04,1158.84,0.03,7.87
2026-05,SINDHUDURG,MAHARASHTRA,0.04,1078.36,0.03,7.21
2026-05,WASHIM,MAHARASHTRA,0.03,1053.78,0.03,7.07
2026-05,NANDURBAR,MAHARASHTRA,0.03,935.53,0.03,6.35
2026-05,GONDIA,MAHARASHTRA,0.03,1005.46,0.03,6.29
2026-05,BHANDARA,MAHARASHTRA,0.03,934.26,0.02,5.51
2026-05,GADCHIROLI,MAHARASHTRA,0.02,687.72,0.02,4.49
2026-05,,MAHARASHTRA Total,9.11,275205.41,9.63,2266.63
2026-05,GAUTAM BUDDHA NAGAR,UTTAR PRADESH,0.61,18367.75,0.76,179.94
2026-05,LUCKNOW,UTTAR PRADESH,0.4,12166.48,0.43,101.56
2026-05,GHAZIABAD,UTTAR PRADESH,0.41,12263.13,0.43,100.06
2026-05,PRAYAGRAJ,UTTAR PRADESH,0.17,5279.58,0.19,43.65
2026-05,VARANASI,UTTAR PRADESH,0.18,5563.55,0.17,40.33
2026-05,KANPUR NAGAR,UTTAR PRADESH,0.18,5320.38,0.16,37.16
2026-05,GORAKHPUR,UTTAR PRADESH,0.16,4792.56,0.15,35.85
2026-05,AGRA,UTTAR PRADESH,0.17,5018.44,0.15,35.73
2026-05,MEERUT,UTTAR PRADESH,0.16,4687.9,0.13,31.38
2026-05,MATHURA,UTTAR PRADESH,0.1,3146.25,0.1,23.54
2026-05,JAUNPUR,UTTAR PRADESH,0.1,3113.64,0.1,22.86
2026-05,BAREILLY,UTTAR PRADESH,0.11,3244.33,0.1,22.39
2026-05,ALIGARH,UTTAR PRADESH,0.1,3049.8,0.09,22.19
2026-05,AZAMGARH,UTTAR PRADESH,0.09,2729.55,0.09,20.59
2026-05,SAHARANPUR,UTTAR PRADESH,0.1,2882.65,0.08,19.05
2026-05,MORADABAD,UTTAR PRADESH,0.09,2782.41,0.08,19.02
2026-05,BULANDSHAHR,UTTAR PRADESH,0.08,2545.56,0.08,18.96
2026-05,KUSHINAGAR,UTTAR PRADESH,0.07,2231.44,0.07,16.98
2026-05,DEORIA,UTTAR PRADESH,0.07,2104.26,0.07,15.71
2026-05,GHAZIPUR,UTTAR PRADESH,0.07,2030.24,0.06,14.78
2026-05,MUZAFFARNAGAR,UTTAR PRADESH,0.07,2135.88,0.06,14.77
2026-05,BIJNOR,UTTAR PRADESH,0.07,2076.39,0.06,14.28
2026-05,AYODHYA,UTTAR PRADESH,0.06,1822.16,0.06,13.84
2026-05,PRATAPGARH,UTTAR PRADESH,0.06,1737.08,0.06,13.46
2026-05,BALLIA,UTTAR PRADESH,0.06,1779.27,0.05,12.77
2026-05,GONDA,UTTAR PRADESH,0.06,1739.39,0.05,12.59
2026-05,BASTI,UTTAR PRADESH,0.05,1599.56,0.05,12.15
2026-05,JHANSI,UTTAR PRADESH,0.06,1712.74,0.05,11.82
2026-05,SIDDHARTHNAGAR,UTTAR PRADESH,0.05,1553.02,0.05,11.79
2026-05,FIROZABAD,UTTAR PRADESH,0.05,1608.97,0.05,11.71
2026-05,MAHRAJGANJ,UTTAR PRADESH,0.05,1478.61,0.05,11.44
2026-05,SULTANPUR,UTTAR PRADESH,0.05,1482.78,0.05,11.2
2026-05,HAPUR,UTTAR PRADESH,0.05,1446.82,0.05,10.78
2026-05,BARA BANKI,UTTAR PRADESH,0.05,1359.61,0.05,10.74
2026-05,KHERI,UTTAR PRADESH,0.04,1306.62,0.04,10.45
2026-05,RAMPUR,UTTAR PRADESH,0.05,1575.59,0.04,10.36
2026-05,SITAPUR,UTTAR PRADESH,0.04,1245.39,0.04,9.85
2026-05,BAHRAICH,UTTAR PRADESH,0.04,1280.03,0.04,9.47
2026-05,RAE BARELI,UTTAR PRADESH,0.04,1277.08,0.04,9.46
2026-05,MIRZAPUR,UTTAR PRADESH,0.04,1353.23,0.04,9.38
2026-05,AMBEDKAR NAGAR,UTTAR PRADESH,0.04,1199.23,0.04,9.31
2026-05,MAU,UTTAR PRADESH,0.04,1196.14,0.04,9.3
2026-05,AMROHA,UTTAR PRADESH,0.04,1299.27,0.04,9.21
2026-05,UNNAO,UTTAR PRADESH,0.04,1243.35,0.04,8.53
2026-05,SONBHADRA,UTTAR PRADESH,0.04,1150.57,0.04,8.53
2026-05,BALRAMPUR,UTTAR PRADESH,0.04,1115.61,0.04,8.42
2026-05,CHANDAULI,UTTAR PRADESH,0.04,1230.82,0.04,8.32
2026-05,HARDOI,UTTAR PRADESH,0.04,1158.11,0.03,8.21
2026-05,BUDAUN,UTTAR PRADESH,0.04,1104.72,0.03,7.82
2026-05,SANT KABIR NAGAR,UTTAR PRADESH,0.03,1034.12,0.03,7.76
2026-05,SHAHJAHANPUR,UTTAR PRADESH,0.04,1145.67,0.03,7.72
2026-05,ETAWAH,UTTAR PRADESH,0.03,977.04,0.03,7.51
2026-05,MAINPURI,UTTAR PRADESH,0.03,921.58,0.03,7.39
2026-05,SAMBHAL,UTTAR PRADESH,0.04,1078.11,0.03,7.37
2026-05,BAGHPAT,UTTAR PRADESH,0.03,1035.56,0.03,7.17
2026-05,BHADOHI,UTTAR PRADESH,0.03,928.72,0.03,7.02
2026-05,AMETHI,UTTAR PRADESH,0.03,929.93,0.03,7
2026-05,JALAUN,UTTAR PRADESH,0.03,886.74,0.03,6.44
2026-05,SHAMLI,UTTAR PRADESH,0.03,949.98,0.03,6.42
2026-05,FATEHPUR,UTTAR PRADESH,0.03,924.7,0.03,6.39
2026-05,HATHRAS,UTTAR PRADESH,0.03,854.14,0.03,6.2
2026-05,ETAH,UTTAR PRADESH,0.03,777.48,0.03,6.1
2026-05,PILIBHIT,UTTAR PRADESH,0.03,835.61,0.03,5.96
2026-05,FARRUKHABAD,UTTAR PRADESH,0.03,762.77,0.03,5.95
2026-05,KANNAUJ,UTTAR PRADESH,0.02,697.04,0.02,5.54
2026-05,KANPUR DEHAT,UTTAR PRADESH,0.03,768.39,0.02,5.34
2026-05,AURAIYA,UTTAR PRADESH,0.02,679.51,0.02,5.24
2026-05,BANDA,UTTAR PRADESH,0.02,668.91,0.02,5.01
2026-05,KASGANJ,UTTAR PRADESH,0.02,567.95,0.02,4.36
2026-05,KAUSHAMBI,UTTAR PRADESH,0.02,580.98,0.02,4.08
2026-05,LALITPUR,UTTAR PRADESH,0.02,487.37,0.02,3.84
2026-05,HAMIRPUR,UTTAR PRADESH,0.02,494.8,0.02,3.68
2026-05,MAHOBA,UTTAR PRADESH,0.01,411.02,0.01,3.26
2026-05,CHITRAKOOT,UTTAR PRADESH,0.01,401.03,0.01,2.95
2026-05,SHRAWASTI,UTTAR PRADESH,0.01,352.85,0.01,2.61
2026-05,,UTTAR PRADESH Total,5.49,165739.97,5.44,1280
2026-05,BENGALURU (URBAN),KARNATAKA,3.02,91320.19,2.85,669.92
2026-05,MYSURU,KARNATAKA,0.26,7740,0.22,51
2026-05,BENGALURU (RURAL),KARNATAKA,0.17,5152.45,0.15,36.12
2026-05,BELAGAVI,KARNATAKA,0.17,5212.56,0.15,35.34
2026-05,DAKSHINA KANNADA,KARNATAKA,0.17,5104.44,0.15,34.52
2026-05,TUMAKURU,KARNATAKA,0.14,4220.02,0.11,26.24
2026-05,DHARWAD,KARNATAKA,0.11,3200.47,0.1,23.86
2026-05,KALABURAGI,KARNATAKA,0.11,3443.32,0.1,22.95
2026-05,KOLARA,KARNATAKA,0.11,3422.21,0.09,21.73
2026-05,HASSAN,KARNATAKA,0.11,3339.55,0.08,19.06
2026-05,VIJAYAPURA,KARNATAKA,0.1,2888.74,0.08,17.74
2026-05,MANDYA,KARNATAKA,0.1,3139.87,0.07,17.16
2026-05,RAMANAGARA,KARNATAKA,0.09,2682.37,0.07,17.14
2026-05,SHIVAMOGGA,KARNATAKA,0.09,2641.51,0.07,16.89
2026-05,UDUPI,KARNATAKA,0.09,2599.83,0.07,16.85
2026-05,BIDAR,KARNATAKA,0.08,2540.78,0.07,16.09
2026-05,BALLARI,KARNATAKA,0.07,2209.6,0.06,15.24
2026-05,DAVANAGERE,KARNATAKA,0.08,2298.19,0.06,15.23
2026-05,RAICHUR,KARNATAKA,0.07,2231.47,0.06,13.98
2026-05,CHIKKABALLAPURA,KARNATAKA,0.08,2527.62,0.06,13.73
2026-05,BAGALKOT,KARNATAKA,0.06,1914.75,0.05,12.84
2026-05,CHITRADURGA,KARNATAKA,0.06,1924.02,0.05,11.8
2026-05,CHIKKAMAGALURU,KARNATAKA,0.06,1812.23,0.04,10.56
2026-05,UTTARA KANNADA,KARNATAKA,0.05,1584.68,0.04,10.39
2026-05,VIJAYANAGARA,KARNATAKA,0.05,1525.9,0.04,10.21
2026-05,KOPPAL,KARNATAKA,0.05,1523.52,0.04,10.11
2026-05,HAVERI,KARNATAKA,0.04,1306.58,0.04,8.51
2026-05,KODAGU,KARNATAKA,0.04,1213.94,0.03,6.78
2026-05,YADGIR,KARNATAKA,0.04,1175.46,0.03,6.6
2026-05,GADAG,KARNATAKA,0.03,906.93,0.03,6.26
2026-05,CHAMARAJANAGARA,KARNATAKA,0.03,1005.41,0.03,5.89
2026-05,,KARNATAKA Total,5.76,173808.63,5.1,1200.76
2026-05,RANGA REDDY,TELANGANA,1.07,32371.27,0.89,210.35
2026-05,MEDCHAL-MALKAJGIRI,TELANGANA,0.97,29336.94,0.83,195.54
2026-05,HYDERABAD,TELANGANA,0.8,24006.62,0.71,167.53
2026-05,SANGAREDDY,TELANGANA,0.22,6766.78,0.19,43.83
2026-05,NALGONDA,TELANGANA,0.14,4168.85,0.09,20.78
2026-05,KHAMMAM,TELANGANA,0.11,3418.81,0.08,19.24
2026-05,HANUMAKONDA,TELANGANA,0.11,3183.58,0.08,18.74
2026-05,NIZAMABAD,TELANGANA,0.13,3937.64,0.08,18.64
2026-05,KARIMNAGAR,TELANGANA,0.11,3200.14,0.08,17.73
2026-05,SIDDIPET,TELANGANA,0.09,2609.29,0.06,14.54
2026-05,BHADRADRI KOTHAGUDEM,TELANGANA,0.07,2161.34,0.06,13.28
2026-05,MAHBUBNAGAR,TELANGANA,0.07,2115.47,0.05,12.66
2026-05,WARANGAL,TELANGANA,0.08,2278.02,0.05,12.58
2026-05,SURYAPET,TELANGANA,0.09,2589.36,0.05,12.21
2026-05,YADADRI BHUVANAGIRI,TELANGANA,0.07,2154.29,0.05,12.2
2026-05,MANCHERIAL,TELANGANA,0.06,1719.74,0.04,10.55
2026-05,PEDDAPALLI,TELANGANA,0.06,1709.32,0.04,10.02
2026-05,JAGTIAL,TELANGANA,0.06,1885.82,0.04,9.26
2026-05,VIKARABAD,TELANGANA,0.05,1408.26,0.04,8.84
2026-05,MEDAK,TELANGANA,0.05,1423.12,0.04,8.72
2026-05,KAMAREDDY,TELANGANA,0.06,1673.6,0.04,8.56
2026-05,NAGARKURNOOL,TELANGANA,0.05,1440.98,0.03,7.83
2026-05,MAHABUBABAD,TELANGANA,0.04,1271.85,0.03,7.15
2026-05,NIRMAL,TELANGANA,0.04,1275.58,0.03,6.45
2026-05,JANGAON,TELANGANA,0.04,1154.84,0.03,6.18
2026-05,RAJANNA SIRCILLA,TELANGANA,0.04,1164.16,0.03,5.92
2026-05,ADILABAD,TELANGANA,0.03,872.33,0.02,5.66
2026-05,WANAPARTHY,TELANGANA,0.03,952.62,0.02,5.36
2026-05,JOGULAMBA GADWAL,TELANGANA,0.03,876.98,0.02,4.9
2026-05,JAYASHANKAR BHUPALPALLI,TELANGANA,0.02,723.01,0.02,4.2
2026-05,NARAYANPET,TELANGANA,0.03,787.7,0.02,4
2026-05,KUMURAM BHEEM,TELANGANA,0.02,491.87,0.02,3.54
2026-05,MULUGU,TELANGANA,0.02,474.45,0.01,2.65
2026-05,,TELANGANA Total,4.82,145604.64,3.87,909.65
2026-05,CHENNAI,TAMIL NADU,0.97,29246.24,0.88,205.9
2026-05,CHENGALPATTU,TAMIL NADU,0.37,11189.78,0.36,84.62
2026-05,COIMBATORE,TAMIL NADU,0.41,12516.65,0.36,83.76
2026-05,TIRUVALLUR,TAMIL NADU,0.23,6922.68,0.2,48.21
2026-05,TIRUPPUR,TAMIL NADU,0.19,5791.38,0.17,39.69
2026-05,SALEM,TAMIL NADU,0.18,5572.02,0.13,31.56
2026-05,KANCHEEPURAM,TAMIL NADU,0.14,4284.61,0.13,30.28
2026-05,MADURAI,TAMIL NADU,0.18,5395.54,0.13,29.52
2026-05,KRISHNAGIRI,TAMIL NADU,0.16,4806.5,0.13,29.44
2026-05,TIRUCHIRAPPALLI,TAMIL NADU,0.14,4316.38,0.11,25.26
2026-05,ERODE,TAMIL NADU,0.11,3381.47,0.09,20.31
2026-05,THANJAVUR,TAMIL NADU,0.1,2961.36,0.07,16.98
2026-05,CUDDALORE,TAMIL NADU,0.09,2734.13,0.07,16.66
2026-05,DINDIGUL,TAMIL NADU,0.09,2803.73,0.06,15.15
2026-05,TIRUNELVELI,TAMIL NADU,0.08,2537,0.06,14.97
2026-05,VELLORE,TAMIL NADU,0.08,2321,0.06,14.71
2026-05,KANNIYAKUMARI,TAMIL NADU,0.1,2945.21,0.06,14.6
2026-05,TIRUVANNAMALAI,TAMIL NADU,0.08,2288.39,0.06,14.51
2026-05,THOOTHUKUDI,TAMIL NADU,0.08,2364.51,0.06,14.42
2026-05,NAMAKKAL,TAMIL NADU,0.08,2448.52,0.06,13.5
2026-05,VILUPPURAM,TAMIL NADU,0.07,2048.93,0.06,13.15
2026-05,DHARMAPURI,TAMIL NADU,0.07,2177.98,0.05,11.82
2026-05,VIRUDHUNAGAR,TAMIL NADU,0.07,1989.97,0.05,11.28
2026-05,TIRUPATHUR,TAMIL NADU,0.05,1538.07,0.04,9.52
2026-05,RANIPET,TAMIL NADU,0.05,1485.91,0.04,9.32
2026-05,PUDUKKOTTAI,TAMIL NADU,0.05,1568.26,0.04,8.57
2026-05,SIVAGANGA,TAMIL NADU,0.05,1529.38,0.03,8.22
2026-05,TENKASI,TAMIL NADU,0.05,1429.28,0.03,8
2026-05,RAMANATHAPURAM,TAMIL NADU,0.05,1452.22,0.03,7.79
2026-05,KALLAKURICHI,TAMIL NADU,0.04,1290.61,0.03,7.77
2026-05,THENI,TAMIL NADU,0.05,1495.86,0.03,7.73
2026-05,KARUR,TAMIL NADU,0.05,1390.73,0.03,7.71
2026-05,THE NILGIRIS,TAMIL NADU,0.04,1237.15,0.03,7.54
2026-05,THIRUVARUR,TAMIL NADU,0.04,1072.66,0.03,6.25
2026-05,MAYILADUTHURAI,TAMIL NADU,0.03,834.64,0.02,4.99
2026-05,ARIYALUR,TAMIL NADU,0.02,711.89,0.02,4.18
2026-05,NAGAPATTINAM,TAMIL NADU,0.02,625.2,0.02,3.87
2026-05,PERAMBALUR,TAMIL NADU,0.02,608.65,0.01,3.49
2026-05,,TAMIL NADU Total,4.68,141314.49,3.85,905.25
2026-05,VISAKHAPATNAM,ANDHRA PRADESH,0.31,9502.84,0.26,61.79
2026-05,TIRUPATI,ANDHRA PRADESH,0.25,7403.17,0.2,47.67
2026-05,NTR,ANDHRA PRADESH,0.24,7232.51,0.19,44.36
2026-05,GUNTUR,ANDHRA PRADESH,0.23,6924.8,0.18,41.64
2026-05,SRI POTTI SRIRAMULU NELLORE,ANDHRA PRADESH,0.21,6409.37,0.14,34.1
2026-05,KAKINADA,ANDHRA PRADESH,0.16,4748,0.12,28.59
2026-05,ANANTHAPURAMU,ANDHRA PRADESH,0.16,4764.65,0.12,27.57
2026-05,EAST GODAVARI,ANDHRA PRADESH,0.16,4825.32,0.11,26.8
2026-05,PRAKASAM,ANDHRA PRADESH,0.16,4761.37,0.11,25.64
2026-05,ELURU,ANDHRA PRADESH,0.15,4465.12,0.11,24.82
2026-05,KRISHNA,ANDHRA PRADESH,0.14,4140.38,0.1,24.06
2026-05,Y.S.R.,ANDHRA PRADESH,0.15,4665.07,0.1,23.71
2026-05,KURNOOL,ANDHRA PRADESH,0.13,3835.04,0.1,23.6
2026-05,WEST GODAVARI,ANDHRA PRADESH,0.14,4353.19,0.1,22.86
2026-05,CHITTOOR,ANDHRA PRADESH,0.11,3458.25,0.09,20.04
2026-05,PALNADU,ANDHRA PRADESH,0.12,3750.56,0.08,19.65
2026-05,ANNAMAYYA,ANDHRA PRADESH,0.12,3683.56,0.08,19.36
2026-05,SRIKAKULAM,ANDHRA PRADESH,0.12,3485.66,0.08,19.17
2026-05,ANAKAPALLI,ANDHRA PRADESH,0.1,3113.05,0.08,18.26
2026-05,VIZIANAGARAM,ANDHRA PRADESH,0.1,3112.08,0.08,18.22
2026-05,NANDYAL,ANDHRA PRADESH,0.11,3381.6,0.08,18.16
2026-05,DR. B.R. AMBEDKAR KONASEEMA,ANDHRA PRADESH,0.1,3063.81,0.07,17.06
2026-05,SRI SATHYA SAI,ANDHRA PRADESH,0.1,2904.26,0.07,16.79
2026-05,BAPATLA,ANDHRA PRADESH,0.09,2739.46,0.06,15.16
2026-05,PARVATHIPURAM MANYAM,ANDHRA PRADESH,0.03,898.86,0.02,5.13
2026-05,ALLURI SITARAMA RAJU,ANDHRA PRADESH,0.02,715.36,0.02,4.9
2026-05,,ANDHRA PRADESH Total,3.72,112337.35,2.76,649.11
2026-05,JAIPUR,RAJASTHAN,0.71,21403.78,0.67,158.69
2026-05,JODHPUR,RAJASTHAN,0.17,5000.72,0.14,32.01
2026-05,UDAIPUR,RAJASTHAN,0.12,3538.01,0.11,25.99
2026-05,KOTA,RAJASTHAN,0.1,2984.48,0.09,21.74
2026-05,AJMER,RAJASTHAN,0.11,3470.15,0.09,21.36
2026-05,SIKAR,RAJASTHAN,0.12,3496.6,0.09,20.01
2026-05,BHILWARA,RAJASTHAN,0.1,3151.11,0.08,19.5
2026-05,BIKANER,RAJASTHAN,0.09,2665.45,0.07,16.12
2026-05,ALWAR,RAJASTHAN,0.07,2110.12,0.07,15.5
2026-05,GANGANAGAR,RAJASTHAN,0.08,2407.45,0.06,14.66
2026-05,KHAIRTHAL-TIJARA,RAJASTHAN,0.06,1697.29,0.06,13.47
2026-05,JHUNJHUNU,RAJASTHAN,0.07,2208.28,0.05,11.69
2026-05,DAUSA,RAJASTHAN,0.05,1531.4,0.05,11.28
2026-05,KOTPUTLI-BEHROR,RAJASTHAN,0.06,1748.93,0.05,10.75
2026-05,CHITTAURGARH,RAJASTHAN,0.05,1637.46,0.05,10.65
2026-05,PALI,RAJASTHAN,0.05,1646.71,0.04,10.24
2026-05,BARMER,RAJASTHAN,0.05,1548.96,0.04,9.59
2026-05,HANUMANGARH,RAJASTHAN,0.06,1703.67,0.04,9.19
2026-05,CHURU,RAJASTHAN,0.06,1734.7,0.04,9.14
2026-05,JALOR,RAJASTHAN,0.05,1594.77,0.04,8.41
2026-05,NAGAUR,RAJASTHAN,0.05,1520.93,0.03,8.2
2026-05,BEAWAR,RAJASTHAN,0.04,1337.45,0.03,8
2026-05,DIDWANA-KUCHAMAN,RAJASTHAN,0.05,1508,0.03,7.99
2026-05,BHARATPUR,RAJASTHAN,0.03,1054.11,0.03,7.91
2026-05,RAJSAMAND,RAJASTHAN,0.04,1223.36,0.03,7.67
2026-05,TONK,RAJASTHAN,0.04,1132.07,0.03,7.49
2026-05,KARAULI,RAJASTHAN,0.03,955.46,0.03,7.17
2026-05,SAWAI MADHOPUR,RAJASTHAN,0.03,962.12,0.03,6.99
2026-05,JHALAWAR,RAJASTHAN,0.03,947.76,0.03,6.65
2026-05,JAISALMER,RAJASTHAN,0.03,902.87,0.02,5.88
2026-05,BALOTRA,RAJASTHAN,0.03,995.49,0.02,5.78
2026-05,SIROHI,RAJASTHAN,0.03,856.4,0.02,5.73
2026-05,BANSWARA,RAJASTHAN,0.03,807.02,0.02,5.72
2026-05,DHAULPUR,RAJASTHAN,0.02,738.39,0.02,5.62
2026-05,BUNDI,RAJASTHAN,0.03,803.01,0.02,5.31
2026-05,BARAN,RAJASTHAN,0.02,725.51,0.02,4.75
2026-05,DUNGARPUR,RAJASTHAN,0.02,670.39,0.02,4.6
2026-05,PHALODI,RAJASTHAN,0.03,760.3,0.02,4.22
2026-05,DEEG,RAJASTHAN,0.02,564.94,0.02,4.14
2026-05,PRATAPGARH,RAJASTHAN,0.01,424.75,0.01,2.95
2026-05,SALUMBAR,RAJASTHAN,0.01,274.16,0.01,1.83
2026-05,,RAJASTHAN Total,2.86,86444.52,2.44,574.61
2026-05,AHMADABAD,GUJARAT,0.67,20120.98,0.58,136.52
2026-05,SURAT,GUJARAT,0.49,14828.59,0.41,96.3
2026-05,VADODARA,GUJARAT,0.24,7374.13,0.24,57.28
2026-05,KACHCHH,GUJARAT,0.13,3922.21,0.11,25.62
2026-05,GANDHINAGAR,GUJARAT,0.11,3219.69,0.1,23.38
2026-05,RAJKOT,GUJARAT,0.15,4500.49,0.1,22.94
2026-05,BHARUCH,GUJARAT,0.09,2699.46,0.09,21.5
2026-05,VALSAD,GUJARAT,0.09,2701.45,0.09,20.49
2026-05,BANAS KANTHA,GUJARAT,0.09,2696.64,0.07,16.91
2026-05,MAHESANA,GUJARAT,0.07,2066.73,0.05,12.92
2026-05,ANAND,GUJARAT,0.06,1850.66,0.05,12.85
2026-05,JAMNAGAR,GUJARAT,0.06,1837.11,0.05,12.07
2026-05,KHEDA,GUJARAT,0.05,1390.63,0.04,9.85
2026-05,BHAVNAGAR,GUJARAT,0.06,1781.96,0.04,9.47
2026-05,NAVSARI,GUJARAT,0.04,1217.31,0.04,8.3
2026-05,PANCH MAHALS,GUJARAT,0.03,1031.54,0.03,8.2
2026-05,SABAR KANTHA,GUJARAT,0.04,1171.55,0.03,7.57
2026-05,PATAN,GUJARAT,0.03,904.33,0.02,5.81
2026-05,SURENDRANAGAR,GUJARAT,0.04,1069.29,0.02,5.78
2026-05,MORBI,GUJARAT,0.04,1118.29,0.02,5.75
2026-05,DAHOD,GUJARAT,0.03,771.2,0.02,5.51
2026-05,JUNAGADH,GUJARAT,0.04,1066.8,0.02,5.07
2026-05,ARVALLI,GUJARAT,0.02,696.2,0.02,4.76
2026-05,GIR SOMNATH,GUJARAT,0.03,958.81,0.02,4.73
2026-05,DEVBHUMI DWARKA,GUJARAT,0.02,663.63,0.02,3.76
2026-05,AMRELI,GUJARAT,0.03,759.23,0.02,3.73
2026-05,TAPI,GUJARAT,0.01,447.2,0.01,3.47
2026-05,MAHISAGAR,GUJARAT,0.02,456.98,0.01,3.28
2026-05,BOTAD,GUJARAT,0.02,458.25,0.01,2.69
2026-05,CHHOTAUDEPUR,GUJARAT,0.01,309.3,0.01,2.04
2026-05,NARMADA,GUJARAT,0.01,236.89,0.01,1.96
2026-05,PORBANDAR,GUJARAT,0.01,433.83,0.01,1.92
2026-05,DANGS,GUJARAT,0.0,74.32,0.0,0.65
2026-05,,GUJARAT Total,2.81,84835.7,2.39,563.06
2026-05,WEST,DELHI,0.33,9909.39,0.31,73.86
2026-05,SOUTH EAST,DELHI,0.26,7996.38,0.31,72.32
2026-05,NEW DELHI,DELHI,0.21,6277.54,0.24,56.1
2026-05,CENTRAL,DELHI,0.24,7297.87,0.24,55.81
2026-05,SOUTH,DELHI,0.18,5489.88,0.21,49.67
2026-05,SOUTH WEST,DELHI,0.19,5887.91,0.21,48.46
2026-05,EAST,DELHI,0.28,8588.23,0.2,48.11
2026-05,NORTH WEST,DELHI,0.19,5833.2,0.18,41.63
2026-05,NORTH,DELHI,0.19,5749.64,0.17,40.96
2026-05,SHAHDARA,DELHI,0.14,4183.72,0.12,29.14
2026-05,NORTH EAST,DELHI,0.08,2391.33,0.07,17.49
2026-05,NAZUL,DELHI,0.01,390.76,0.01,3.18
2026-05,,DELHI Total,2.32,69995.86,2.28,536.74
2026-05,PATNA,BIHAR,0.33,10032.58,0.32,76.44
2026-05,MUZAFFARPUR,BIHAR,0.13,4057.71,0.12,27.88
2026-05,PURBA CHAMPARAN,BIHAR,0.12,3735.04,0.12,27.39
2026-05,GAYA,BIHAR,0.1,3010.37,0.09,21.23
2026-05,PASHCHIM CHAMPARAN,BIHAR,0.08,2566.03,0.08,19.98
2026-05,SARAN,BIHAR,0.08,2534.59,0.08,18.15
2026-05,SAMASTIPUR,BIHAR,0.09,2615.81,0.08,18.01
2026-05,DARBHANGA,BIHAR,0.09,2600.02,0.08,17.82
2026-05,MADHUBANI,BIHAR,0.08,2513.7,0.07,17.05
2026-05,PURNIA,BIHAR,0.08,2422.64,0.07,16.97
2026-05,VAISHALI,BIHAR,0.08,2356.67,0.07,16.14
2026-05,BHAGALPUR,BIHAR,0.07,2110.73,0.07,15.84
2026-05,SIWAN,BIHAR,0.08,2318.22,0.07,15.44
2026-05,KATIHAR,BIHAR,0.07,2115.95,0.06,14.5
2026-05,ROHTAS,BIHAR,0.07,2196.48,0.06,14.05
2026-05,BEGUSARAI,BIHAR,0.06,1936.42,0.06,13.87
2026-05,AURANGABAD,BIHAR,0.06,1705.38,0.05,12.87
2026-05,SITAMARHI,BIHAR,0.06,1840.37,0.05,12.62
2026-05,GOPALGANJ,BIHAR,0.06,1816.06,0.05,12.59
2026-05,NALANDA,BIHAR,0.06,1728.71,0.05,12.13
2026-05,ARARIA,BIHAR,0.05,1644.94,0.05,11.82
2026-05,BHOJPUR,BIHAR,0.06,1786.67,0.05,11.75
2026-05,SUPAUL,BIHAR,0.05,1370.31,0.04,10.23
2026-05,SAHARSA,BIHAR,0.04,1135.38,0.04,8.83
2026-05,MADHEPURA,BIHAR,0.04,1158.45,0.04,8.34
2026-05,NAWADA,BIHAR,0.04,1187.77,0.03,7.8
2026-05,KISHANGANJ,BIHAR,0.04,1110.68,0.03,7.53
2026-05,BUXAR,BIHAR,0.04,1125.79,0.03,7.15
2026-05,JAMUI,BIHAR,0.03,910.6,0.03,6.74
2026-05,KHAGARIA,BIHAR,0.03,939.81,0.03,6.42
2026-05,KAIMUR (BHABUA),BIHAR,0.03,1002.28,0.03,6.32
2026-05,JEHANABAD,BIHAR,0.02,694.54,0.02,5.86
2026-05,BANKA,BIHAR,0.03,776.83,0.02,5.8
2026-05,MUNGER,BIHAR,0.02,751.49,0.02,5.45
2026-05,LAKHISARAI,BIHAR,0.02,560.99,0.02,3.88
2026-05,ARWAL,BIHAR,0.01,385.08,0.01,3.23
2026-05,SHEOHAR,BIHAR,0.01,333.99,0.01,2.34
2026-05,SHEIKHPURA,BIHAR,0.01,354.01,0.01,2.3
2026-05,,BIHAR Total,2.43,73443.09,2.22,522.78
2026-05,NORTH TWENTY-FOUR PARGANAS,WEST BENGAL,0.39,11720.37,0.39,91.43
2026-05,KOLKATA,WEST BENGAL,0.34,10193.19,0.32,74.9
2026-05,SOUTH 24PARGANAS,WEST BENGAL,0.16,4928.69,0.14,33.89
2026-05,HAORA,WEST BENGAL,0.14,4146.97,0.12,28.82
2026-05,HUGLI,WEST BENGAL,0.13,3781.08,0.11,25.78
2026-05,MURSHIDABAD,WEST BENGAL,0.14,4358.92,0.11,25.15
2026-05,PURBA MEDINIPUR,WEST BENGAL,0.12,3707.14,0.1,23.43
2026-05,NADIA,WEST BENGAL,0.11,3422.22,0.1,22.48
2026-05,PASCHIM BARDDHAMAN,WEST BENGAL,0.09,2748.37,0.09,22.13
2026-05,PASCHIM MEDINIPUR,WEST BENGAL,0.1,3007.36,0.09,21.61
2026-05,MALDAH,WEST BENGAL,0.1,2952.9,0.08,18.66
2026-05,PURBA BARDDHAMAN,WEST BENGAL,0.08,2554.29,0.07,16.84
2026-05,DARJILING,WEST BENGAL,0.08,2292.27,0.07,16.31
2026-05,JALPAIGURI,WEST BENGAL,0.06,1838.78,0.06,14.56
2026-05,UTTAR DINAJPUR,WEST BENGAL,0.06,1795.29,0.05,12.38
2026-05,BIRBHAM,WEST BENGAL,0.06,1762.33,0.05,11.95
2026-05,KOCH BIHAR,WEST BENGAL,0.05,1435.93,0.05,11.77
2026-05,BANKURA,WEST BENGAL,0.04,1307.16,0.04,10.25
2026-05,PURULIYA,WEST BENGAL,0.03,929.93,0.04,8.69
2026-05,ALIPUR DUAR,WEST BENGAL,0.03,831.05,0.03,6.57
2026-05,DAKSHIN DINAJPUR,WEST BENGAL,0.02,734.75,0.02,4.97
2026-05,JHARGRAM,WEST BENGAL,0.01,384.89,0.01,3.24
2026-05,KALIMPONG,WEST BENGAL,0.01,245.68,0.01,1.72
2026-05,,WEST BENGAL Total,2.35,71079.56,2.16,507.53
2026-05,INDORE,MADHYA PRADESH,0.36,10918.13,0.37,86.91
2026-05,BHOPAL,MADHYA PRADESH,0.22,6608.17,0.24,55.81
2026-05,GWALIOR,MADHYA PRADESH,0.11,3401.36,0.1,22.91
2026-05,JABALPUR,MADHYA PRADESH,0.1,2870.31,0.09,20.54
2026-05,UJJAIN,MADHYA PRADESH,0.09,2773.27,0.08,19.7
2026-05,DHAR,MADHYA PRADESH,0.06,1879.58,0.06,13.57
2026-05,DEWAS,MADHYA PRADESH,0.06,1680.27,0.05,11.28
2026-05,SAGAR,MADHYA PRADESH,0.05,1550.6,0.04,10.5
2026-05,REWA,MADHYA PRADESH,0.05,1434.31,0.04,10.33
2026-05,SEHORE,MADHYA PRADESH,0.04,1357.22,0.04,8.88
2026-05,RATLAM,MADHYA PRADESH,0.05,1369.82,0.04,8.85
2026-05,CHHINDWARA,MADHYA PRADESH,0.04,1199.43,0.04,8.53
2026-05,MORENA,MADHYA PRADESH,0.04,1322.7,0.04,8.48
2026-05,RAJGARH,MADHYA PRADESH,0.04,1326.36,0.04,8.26
2026-05,SATNA,MADHYA PRADESH,0.04,1128.25,0.03,8.19
2026-05,NARMADAPURAM,MADHYA PRADESH,0.04,1127.95,0.03,7.99
2026-05,RAISEN,MADHYA PRADESH,0.04,1121.56,0.03,7.86
2026-05,MANDSAUR,MADHYA PRADESH,0.04,1199.18,0.03,7.65
2026-05,KHARGONE,MADHYA PRADESH,0.04,1226.05,0.03,7.61
2026-05,SHIVPURI,MADHYA PRADESH,0.03,1037.15,0.03,7.47
2026-05,CHHATARPUR,MADHYA PRADESH,0.03,1005.98,0.03,7.34
2026-05,SINGRAULI,MADHYA PRADESH,0.03,931.29,0.03,7.29
2026-05,BALAGHAT,MADHYA PRADESH,0.03,943.39,0.03,7.02
2026-05,VIDISHA,MADHYA PRADESH,0.04,1160.09,0.03,6.87
2026-05,BETUL,MADHYA PRADESH,0.03,950.38,0.03,6.74
2026-05,GUNA,MADHYA PRADESH,0.03,965.96,0.03,6.7
2026-05,KHANDWA,MADHYA PRADESH,0.03,895.97,0.03,6.64
2026-05,BHIND,MADHYA PRADESH,0.03,938.97,0.03,6.15
2026-05,SEONI,MADHYA PRADESH,0.03,868.22,0.03,6.02
2026-05,KATNI,MADHYA PRADESH,0.03,768.48,0.02,5.53
2026-05,SHAJAPUR,MADHYA PRADESH,0.03,875.26,0.02,5.29
2026-05,SHAHDOL,MADHYA PRADESH,0.02,632.6,0.02,4.97
2026-05,NARSIMHAPUR,MADHYA PRADESH,0.02,717.66,0.02,4.94
2026-05,SIDHI,MADHYA PRADESH,0.02,655.17,0.02,4.88
2026-05,NEEMUCH,MADHYA PRADESH,0.02,730.72,0.02,4.72
2026-05,BARWANI,MADHYA PRADESH,0.02,653.64,0.02,4.44
2026-05,AGAR MALWA,MADHYA PRADESH,0.02,552.61,0.02,3.74
2026-05,DAMOH,MADHYA PRADESH,0.02,566.5,0.02,3.6
2026-05,ASHOKNAGAR,MADHYA PRADESH,0.02,516.75,0.01,3.5
2026-05,MANDLA,MADHYA PRADESH,0.02,460.26,0.01,3.49
2026-05,BURHANPUR,MADHYA PRADESH,0.02,503.84,0.01,3.42
2026-05,ANUPPUR,MADHYA PRADESH,0.01,378.01,0.01,3.3
2026-05,JHABUA,MADHYA PRADESH,0.02,480.58,0.01,3.26
2026-05,TIKAMGARH,MADHYA PRADESH,0.01,403.39,0.01,3.22
2026-05,PANNA,MADHYA PRADESH,0.01,442.69,0.01,3.2
2026-05,DATIA,MADHYA PRADESH,0.02,486.19,0.01,3.15
2026-05,HARDA,MADHYA PRADESH,0.02,461.33,0.01,2.94
2026-05,MAIHAR,MADHYA PRADESH,0.01,372.4,0.01,2.84
2026-05,UMARIA,MADHYA PRADESH,0.01,272.97,0.01,2.2
2026-05,MAUGANJ,MADHYA PRADESH,0.01,306.05,0.01,2.15
2026-05,SHEOPUR,MADHYA PRADESH,0.01,314.59,0.01,2.04
2026-05,DINDORI,MADHYA PRADESH,0.01,240.23,0.01,1.9
2026-05,PANDHURNA,MADHYA PRADESH,0.01,228.47,0.01,1.59
2026-05,ALIRAJPUR,MADHYA PRADESH,0.01,233.91,0.01,1.5
2026-05,NIWARI,MADHYA PRADESH,0.01,179.23,0.01,1.33
2026-05,,MADHYA PRADESH Total,2.24,67625.43,2.08,489.25
2026-05,ERNAKULAM,KERALA,0.4,12118.47,0.39,91.66
2026-05,THIRUVANANTHAPURAM,KERALA,0.25,7668.48,0.24,55.43
2026-05,KOZHIKODE,KERALA,0.21,6425.34,0.2,47.93
2026-05,MALAPPURAM,KERALA,0.21,6251.9,0.2,46.28
2026-05,THRISSUR,KERALA,0.2,6123.54,0.18,42.02
2026-05,PALAKKAD,KERALA,0.15,4625.97,0.13,30.91
2026-05,KANNUR,KERALA,0.14,4195.23,0.12,28.42
2026-05,KOLLAM,KERALA,0.13,3946.32,0.11,25.92
2026-05,KOTTAYAM,KERALA,0.12,3593.12,0.1,23.78
2026-05,ALAPPUZHA,KERALA,0.11,3440.76,0.1,23.76
2026-05,IDUKKI,KERALA,0.08,2414.29,0.06,14.55
2026-05,KASARAGOD,KERALA,0.07,2071.06,0.06,13.35
2026-05,WAYANAD,KERALA,0.06,1694.14,0.05,11.58
2026-05,PATHANAMTHITTA,KERALA,0.06,1742.09,0.05,11.46
2026-05,,KERALA Total,2.2,66310.71,1.99,467.06
2026-05,GURUGRAM,HARYANA,0.67,20152.63,0.75,177.28
2026-05,FARIDABAD,HARYANA,0.25,7618.49,0.25,59.41
2026-05,SONIPAT,HARYANA,0.11,3292.29,0.09,20.95
2026-05,PANIPAT,HARYANA,0.09,2730.16,0.07,16.73
2026-05,KARNAL,HARYANA,0.09,2833.03,0.06,14.89
2026-05,HISAR,HARYANA,0.1,2981.23,0.06,13.76
2026-05,REWARI,HARYANA,0.06,1888.02,0.05,12.79
2026-05,JHAJJAR,HARYANA,0.07,2090.86,0.05,12.72
2026-05,AMBALA,HARYANA,0.07,2075.9,0.05,12.47
2026-05,ROHTAK,HARYANA,0.08,2317.1,0.05,12.35
2026-05,PANCHKULA,HARYANA,0.05,1626.32,0.05,11.46
2026-05,PALWAL,HARYANA,0.06,1752.14,0.05,11.44
2026-05,NUH,HARYANA,0.05,1630.65,0.05,11.24
2026-05,YAMUNANAGAR,HARYANA,0.05,1593.58,0.04,9.39
2026-05,KURUKSHETRA,HARYANA,0.06,1796.26,0.04,9.17
2026-05,SIRSA,HARYANA,0.06,1786.8,0.03,7.92
2026-05,JIND,HARYANA,0.06,1845.85,0.03,6.92
2026-05,BHIWANI,HARYANA,0.05,1513.34,0.03,6.86
2026-05,KAITHAL,HARYANA,0.06,1666.77,0.03,6.22
2026-05,MAHENDRAGARH,HARYANA,0.04,1079.25,0.02,5.79
2026-05,FATEHABAD,HARYANA,0.04,1270.29,0.02,4.91
2026-05,CHARKI DADRI,HARYANA,0.02,599.21,0.01,2.5
2026-05,,HARYANA Total,2.19,66140.19,1.9,447.16
2026-05,KHORDHA,ODISHA,0.27,8071.06,0.29,68.59
2026-05,CUTTACK,ODISHA,0.12,3475.01,0.11,26.38
2026-05,GANJAM,ODISHA,0.11,3442.99,0.09,21.69
2026-05,BALASORE,ODISHA,0.08,2334.99,0.07,16.21
2026-05,PURI,ODISHA,0.06,1942.15,0.07,15.98
2026-05,SUNDARGARH,ODISHA,0.07,2016.76,0.06,15.15
2026-05,JAJAPUR,ODISHA,0.06,1926.57,0.06,15.13
2026-05,KEONJHAR (KENDUJHAR),ODISHA,0.05,1562.39,0.05,11.46
2026-05,BHADRAK,ODISHA,0.05,1464.53,0.05,10.66
2026-05,ANUGUL,ODISHA,0.05,1385.84,0.04,9.94
2026-05,MAYURBHANJ,ODISHA,0.04,1245.54,0.04,9.43
2026-05,SAMBALPUR,ODISHA,0.04,1139.24,0.04,9.35
2026-05,JAGATSINGHPUR,ODISHA,0.04,1096.53,0.04,8.59
2026-05,KENDRAPARA,ODISHA,0.04,1103.88,0.03,8.21
2026-05,KORAPUT,ODISHA,0.03,1050.57,0.03,7.43
2026-05,KALAHANDI,ODISHA,0.03,850.72,0.03,7.07
2026-05,DHENKANAL,ODISHA,0.03,937.02,0.03,7.06
2026-05,BALANGIR,ODISHA,0.03,885.88,0.03,6.99
2026-05,JHARSUGUDA,ODISHA,0.03,780.12,0.03,6.41
2026-05,BARGARH,ODISHA,0.03,791.25,0.02,5.65
2026-05,RAYAGARHA,ODISHA,0.03,780.22,0.02,5.65
2026-05,NAYAGARH,ODISHA,0.02,636.2,0.02,4.54
2026-05,NABARANGAPUR,ODISHA,0.02,560.79,0.02,3.84
2026-05,MALKANGIRI,ODISHA,0.01,367.04,0.01,2.79
2026-05,GAJAPATI,ODISHA,0.01,396.01,0.01,2.57
2026-05,KANDHAMAL,ODISHA,0.01,341.96,0.01,2.54
2026-05,NUAPARHA,ODISHA,0.01,298.45,0.01,2.38
2026-05,SUBARNAPUR,ODISHA,0.01,307.65,0.01,2.28
2026-05,BOUDH,ODISHA,0.01,204.07,0.01,1.46
2026-05,DEOGARH,ODISHA,0.0,140.83,0.0,0.93
2026-05,,ODISHA Total,1.38,41536.28,1.34,316.35
2026-05,KAMRUP METRO,ASSAM,0.17,5202.29,0.22,52.53
2026-05,KAMRUP RURAL,ASSAM,0.04,1332.75,0.06,12.97
2026-05,DIBRUGARH,ASSAM,0.04,1161.35,0.05,12.59
2026-05,NAGAON,ASSAM,0.04,1267.91,0.05,11.57
2026-05,CACHAR,ASSAM,0.04,1210.98,0.05,10.82
2026-05,SONITPUR,ASSAM,0.03,959.52,0.04,9.48
2026-05,TINSUKIA,ASSAM,0.03,906.24,0.04,8.45
2026-05,BARPETA,ASSAM,0.03,1025.52,0.04,8.45
2026-05,JORHAT,ASSAM,0.03,766.03,0.03,8.18
2026-05,GOLAGHAT,ASSAM,0.03,769.94,0.03,7.96
2026-05,DHUBRI,ASSAM,0.03,896.66,0.03,7.85
2026-05,LAKHIMPUR,ASSAM,0.02,709.56,0.03,7.81
2026-05,HOJAI,ASSAM,0.02,753.47,0.03,6.68
2026-05,GOALPARA,ASSAM,0.02,748.9,0.03,6.35
2026-05,MARIGAON,ASSAM,0.02,704.26,0.03,6.12
2026-05,DARANG,ASSAM,0.02,726.82,0.03,6.09
2026-05,SIBSAGAR,ASSAM,0.02,546.9,0.03,5.94
2026-05,DHEMAJI,ASSAM,0.02,506.24,0.02,5.37
2026-05,BONGAIGAON,ASSAM,0.02,594.6,0.02,5.08
2026-05,SRIBHUMI,ASSAM,0.02,630.89,0.02,5.02
2026-05,KARBI ANGLONG,ASSAM,0.02,475.4,0.02,4.88
2026-05,KOKRAJHAR,ASSAM,0.02,526.23,0.02,4.59
2026-05,NALBARI,ASSAM,0.02,491.66,0.02,4.36
2026-05,BISWANATH,ASSAM,0.01,393.53,0.02,4.34
2026-05,UDALGURI,ASSAM,0.01,421.31,0.02,3.92
2026-05,HAILAKANDI,ASSAM,0.01,325.25,0.01,3
2026-05,CHIRANG,ASSAM,0.01,317.76,0.01,2.61
2026-05,BAKSA,ASSAM,0.01,284.27,0.01,2.39
2026-05,CHARAIDEO,ASSAM,0.01,216.94,0.01,2.33
2026-05,DIMA HASAO,ASSAM,0.01,200.93,0.01,2.09
2026-05,SOUTH SALMARA,ASSAM,0.01,224.11,0.01,1.99
2026-05,BAJALI,ASSAM,0.01,222.79,0.01,1.9
2026-05,TAMULPUR,ASSAM,0.01,209.61,0.01,1.79
2026-05,WEST KARBI ANAGLONG,ASSAM,0.0,96.07,0.0,1.1
2026-05,MAJULI,ASSAM,0.0,71.54,0.0,0.87
2026-05,,ASSAM Total,0.86,25898.23,1.05,247.47
2026-05,SAS NAGAR (SAHIBZADA AJIT SINGH NAGAR),PUNJAB,0.21,6366.97,0.21,49.34
2026-05,LUDHIANA,PUNJAB,0.24,7343.59,0.18,43.52
2026-05,AMRITSAR,PUNJAB,0.13,4031.19,0.08,19.81
2026-05,PATIALA,PUNJAB,0.11,3407.86,0.08,19.78
2026-05,JALANDHAR,PUNJAB,0.11,3249.23,0.08,18.68
2026-05,BATHINDA,PUNJAB,0.07,2004.76,0.05,10.62
2026-05,KAPURTHALA,PUNJAB,0.04,1202.33,0.04,8.27
2026-05,HOSHIARPUR,PUNJAB,0.05,1441.78,0.03,7.86
2026-05,GURDASPUR,PUNJAB,0.05,1606.54,0.03,7.18
2026-05,FAZILKA,PUNJAB,0.04,1283.34,0.03,7.08
2026-05,SANGRUR,PUNJAB,0.05,1539.42,0.03,6.51
2026-05,FIROZPUR,PUNJAB,0.04,1232.56,0.03,5.89
2026-05,RUPNAGAR,PUNJAB,0.03,862.33,0.02,5.29
2026-05,SRI MUKTSAR SAHIB,PUNJAB,0.03,1032.81,0.02,4.81
2026-05,PATHANKOT,PUNJAB,0.03,824.8,0.02,4.78
2026-05,FATEHGARH SAHIB,PUNJAB,0.02,748.32,0.02,4.63
2026-05,MOGA,PUNJAB,0.03,990.01,0.02,4.36
2026-05,TARN TARAN,PUNJAB,0.04,1176.89,0.02,4.36
2026-05,FARIDKOT,PUNJAB,0.02,708.04,0.01,3.32
2026-05,MANSA,PUNJAB,0.03,778.64,0.01,3.11
2026-05,BARNALA,PUNJAB,0.02,676.38,0.01,2.91
2026-05,SHAHID BHAGAT SINGH NAGAR,PUNJAB,0.02,484.63,0.01,2.54
2026-05,MALER KOTLA,PUNJAB,0.01,442.76,0.01,2.13
2026-05,,PUNJAB Total,1.44,43435.19,1.05,246.8
2026-05,RANCHI,JHARKHAND,0.17,5202.2,0.17,40.38
2026-05,EAST SINGHBHUM,JHARKHAND,0.09,2701.17,0.1,22.53
2026-05,DHANBAD,JHARKHAND,0.08,2470.81,0.08,19.45
2026-05,BOKARO,JHARKHAND,0.06,1705.44,0.06,14.32
2026-05,HAZARIBAGH,JHARKHAND,0.07,1987.33,0.06,13.57
2026-05,GIRIDIH,JHARKHAND,0.06,1670.12,0.05,12.03
2026-05,PALAMU,JHARKHAND,0.05,1520.36,0.05,10.85
2026-05,SARAIKELA-KHARSAWAN,JHARKHAND,0.03,832.96,0.03,7.51
2026-05,DEOGHAR,JHARKHAND,0.03,935.96,0.03,7.46
2026-05,GARHWA,JHARKHAND,0.03,1018.01,0.03,7.03
2026-05,RAMGARH,JHARKHAND,0.03,886.53,0.03,6.76
2026-05,KODERMA,JHARKHAND,0.03,808.92,0.02,5.21
2026-05,GODDA,JHARKHAND,0.02,561.96,0.02,4.37
2026-05,CHATRA,JHARKHAND,0.02,665.04,0.02,4.27
2026-05,WEST SINGHBHUM,JHARKHAND,0.02,519.45,0.02,3.99
2026-05,SAHIBGANJ,JHARKHAND,0.02,579.69,0.02,3.89
2026-05,DUMKA,JHARKHAND,0.02,472.98,0.01,3.51
2026-05,LATEHAR,JHARKHAND,0.01,446.67,0.01,2.97
2026-05,GUMLA,JHARKHAND,0.01,360.58,0.01,2.31
2026-05,PAKUR,JHARKHAND,0.01,372.34,0.01,2.22
2026-05,LOHARDAGA,JHARKHAND,0.01,284.27,0.01,2.03
2026-05,JAMTARA,JHARKHAND,0.01,240.94,0.01,1.78
2026-05,KHUNTI,JHARKHAND,0.01,203.76,0.01,1.23
2026-05,SIMDEGA,JHARKHAND,0.01,195.85,0.0,1.11
2026-05,,JHARKHAND Total,0.88,26643.36,0.85,200.77
2026-05,RAIPUR,CHHATTISGARH,0.15,4489.59,0.14,33.55
2026-05,DURG,CHHATTISGARH,0.07,2228.79,0.07,17.26
2026-05,BILASPUR,CHHATTISGARH,0.06,1826.18,0.07,15.5
2026-05,KORBA,CHHATTISGARH,0.03,945.51,0.03,8.13
2026-05,RAIGARH,CHHATTISGARH,0.03,966.42,0.03,8.04
2026-05,SURGUJA,CHHATTISGARH,0.02,628.72,0.02,4.98
2026-05,JANJGIR - CHAMPA,CHHATTISGARH,0.02,560.69,0.02,4.55
2026-05,RAJNANDGAON,CHHATTISGARH,0.02,583.77,0.02,4.16
2026-05,BASTAR,CHHATTISGARH,0.02,552.28,0.02,4.08
2026-05,BALODA BAZAR,CHHATTISGARH,0.02,515.2,0.02,3.98
2026-05,MAHASAMUND,CHHATTISGARH,0.02,562.35,0.02,3.94
2026-05,KAWARDHA (KABIRDHAM),CHHATTISGARH,0.01,352.63,0.01,3.09
2026-05,JASHPUR,CHHATTISGARH,0.01,386.08,0.01,2.86
2026-05,UTTAR BASTAR KANKER,CHHATTISGARH,0.01,375.76,0.01,2.75
2026-05,SURAJPUR,CHHATTISGARH,0.01,324.09,0.01,2.69
2026-05,SAKTI,CHHATTISGARH,0.01,318.73,0.01,2.6
2026-05,BEMETARA,CHHATTISGARH,0.01,337.86,0.01,2.52
2026-05,DHAMTARI,CHHATTISGARH,0.01,371.46,0.01,2.45
2026-05,BALOD,CHHATTISGARH,0.01,318.78,0.01,2.38
2026-05,BALRAMPUR,CHHATTISGARH,0.01,320.26,0.01,2.33
2026-05,MUNGELI,CHHATTISGARH,0.01,275.47,0.01,2.22
2026-05,SARANGARH-BILAIGARH,CHHATTISGARH,0.01,297.67,0.01,2.18
2026-05,GARIYABAND,CHHATTISGARH,0.01,200.62,0.01,1.58
2026-05,KONDAGAON,CHHATTISGARH,0.01,216.5,0.01,1.56
2026-05,DAKSHIN BASTAR DANTEWARA,CHHATTISGARH,0.01,208.07,0.01,1.43
2026-05,MANENDRAGARH-CHIRMIRI-BHARATPUR,CHHATTISGARH,0.01,172.42,0.01,1.41
2026-05,GAURELA-PENDRA-MARWAHI,CHHATTISGARH,0.0,145.44,0.01,1.22
2026-05,KOREA,CHHATTISGARH,0.0,137.56,0.01,1.18
2026-05,BIJAPUR,CHHATTISGARH,0.01,175.84,0.0,1.06
2026-05,KHAIRGARH-CHHUIKHADAN-GANDAI,CHHATTISGARH,0.0,129.88,0.0,0.98
2026-05,SUKMA,CHHATTISGARH,0.0,130.63,0.0,0.77
2026-05,NARAYANPUR,CHHATTISGARH,0.0,93.85,0.0,0.61
2026-05,MOHLA-MANPUR-AMBAGARH CHOWKI,CHHATTISGARH,0.0,72.69,0.0,0.55
2026-05,,CHHATTISGARH Total,0.64,19221.79,0.63,148.59
2026-05,DEHRADUN,UTTARAKHAND,0.22,6502.62,0.23,53.31
2026-05,HARIDWAR,UTTARAKHAND,0.11,3377.24,0.11,26.99
2026-05,UDHAM SINGH NAGAR,UTTARAKHAND,0.08,2564.09,0.08,19.77
2026-05,NAINITAL,UTTARAKHAND,0.06,1952.78,0.06,14.54
2026-05,TEHRI GARHWAL,UTTARAKHAND,0.02,686.57,0.02,5.11
2026-05,PAURI GARHWAL,UTTARAKHAND,0.02,600.62,0.02,4.69
2026-05,CHAMOLI,UTTARAKHAND,0.01,417.48,0.01,2.74
2026-05,RUDRAPRAYAG,UTTARAKHAND,0.02,495.3,0.01,2.64
2026-05,ALMORA,UTTARAKHAND,0.01,369.76,0.01,2.63
2026-05,PITHORAGARH,UTTARAKHAND,0.01,339.8,0.01,2.41
2026-05,UTTARKASHI,UTTARAKHAND,0.01,360.45,0.01,2.17
2026-05,CHAMPAWAT,UTTARAKHAND,0.01,186.37,0.01,1.43
2026-05,BAGESHWAR,UTTARAKHAND,0.0,124.8,0.0,0.92
2026-05,,UTTARAKHAND Total,0.6,17977.87,0.59,139.34
2026-05,JAMMU,JAMMU AND KASHMIR,0.1,3119.46,0.09,22.04
2026-05,SRINAGAR,JAMMU AND KASHMIR,0.08,2430.33,0.07,16.57
2026-05,BARAMULA,JAMMU AND KASHMIR,0.03,968.36,0.03,8.13
2026-05,ANANTNAG,JAMMU AND KASHMIR,0.03,879.28,0.03,7.54
2026-05,BADGAM,JAMMU AND KASHMIR,0.03,883.76,0.03,6.69
2026-05,KUPWARA,JAMMU AND KASHMIR,0.02,546.24,0.02,5.03
2026-05,PULWAMA,JAMMU AND KASHMIR,0.02,569.1,0.02,4.43
2026-05,KATHUA,JAMMU AND KASHMIR,0.02,542.89,0.02,3.67
2026-05,SAMBA,JAMMU AND KASHMIR,0.02,491.96,0.01,3.41
2026-05,UDHAMPUR,JAMMU AND KASHMIR,0.02,457.35,0.01,3.2
2026-05,RAJAURI,JAMMU AND KASHMIR,0.02,467.67,0.01,3.03
2026-05,KULGAM,JAMMU AND KASHMIR,0.01,305.66,0.01,2.83
2026-05,GANDERBAL,JAMMU AND KASHMIR,0.01,336.74,0.01,2.72
2026-05,BANDIPURA,JAMMU AND KASHMIR,0.01,271.78,0.01,2.41
2026-05,RIASI,JAMMU AND KASHMIR,0.01,317.71,0.01,2.36
2026-05,PUNCH,JAMMU AND KASHMIR,0.01,330.24,0.01,2.21
2026-05,SHUPIYAN,JAMMU AND KASHMIR,0.01,226.62,0.01,2.17
2026-05,DODA,JAMMU AND KASHMIR,0.01,247.78,0.01,2.15
2026-05,RAMBAN,JAMMU AND KASHMIR,0.01,190.72,0.01,1.59
2026-05,KISHTWAR,JAMMU AND KASHMIR,0.01,157.52,0.01,1.32
2026-05,MIRPUR,JAMMU AND KASHMIR,0.0,1.51,0.0,0
2026-05,MUZAFFARABAD,JAMMU AND KASHMIR,0.0,1.18,0.0,0
2026-05,,JAMMU AND KASHMIR Total,0.46,13743.86,0.44,103.51
2026-05,SOLAN,HIMACHAL PRADESH,0.05,1522.48,0.06,13.78
2026-05,KANGRA,HIMACHAL PRADESH,0.05,1651.48,0.05,11.9
2026-05,SHIMLA,HIMACHAL PRADESH,0.04,1330.86,0.05,10.69
2026-05,KULLU,HIMACHAL PRADESH,0.04,1167.88,0.03,7.7
2026-05,MANDI,HIMACHAL PRADESH,0.03,950.82,0.03,7.14
2026-05,SIRMAUR,HIMACHAL PRADESH,0.02,557.71,0.02,4.57
2026-05,UNA,HIMACHAL PRADESH,0.02,519.99,0.02,3.58
2026-05,HAMIRPUR,HIMACHAL PRADESH,0.02,476.78,0.01,3.52
2026-05,BILASPUR,HIMACHAL PRADESH,0.01,365.33,0.01,2.74
2026-05,CHAMBA,HIMACHAL PRADESH,0.01,320.85,0.01,2.47
2026-05,KINNAUR,HIMACHAL PRADESH,0.0,142.39,0.0,1
2026-05,LAHAUL & SPITI,HIMACHAL PRADESH,0.0,106.2,0.0,0.59
2026-05,,HIMACHAL PRADESH Total,0.3,9112.76,0.3,69.68
2026-05,NORTH GOA,GOA,0.12,3568.67,0.09,22.18
2026-05,SOUTH GOA,GOA,0.07,1978.8,0.06,14
2026-05,KUSHAVATI,GOA,0.01,297.5,0.01,2.05
2026-05,,GOA Total,0.19,5844.97,0.16,38.23
2026-05,CHANDIGARH,CHANDIGARH,0.12,3594.84,0.12,28.75
2026-05,,CHANDIGARH Total,0.12,3594.84,0.12,28.75
2026-05,PAPUMPARE,ARUNACHAL PRADESH,0.04,1336.17,0.05,10.65
2026-05,EAST SIANG,ARUNACHAL PRADESH,0.01,250.15,0.01,2.2
2026-05,WEST KAMENG,ARUNACHAL PRADESH,0.01,218.53,0.01,1.39
2026-05,NAMSAI,ARUNACHAL PRADESH,0.0,144.14,0.01,1.2
2026-05,CHANGLANG,ARUNACHAL PRADESH,0.0,136.8,0.0,1.06
2026-05,WEST SIANG,ARUNACHAL PRADESH,0.0,137.2,0.0,1.02
2026-05,LOWER DIBANG VALLEY,ARUNACHAL PRADESH,0.0,116.41,0.0,0.9
2026-05,LOHIT,ARUNACHAL PRADESH,0.0,99.15,0.0,0.85
2026-05,LOWER SUBANSIRI,ARUNACHAL PRADESH,0.0,89.72,0.0,0.68
2026-05,TAWANG,ARUNACHAL PRADESH,0.0,139.29,0.0,0.65
2026-05,TIRAP,ARUNACHAL PRADESH,0.0,72.1,0.0,0.62
2026-05,UPPER SUBANSIRI,ARUNACHAL PRADESH,0.0,92.55,0.0,0.59
2026-05,EAST KAMENG,ARUNACHAL PRADESH,0.0,71.29,0.0,0.57
2026-05,SIANG,ARUNACHAL PRADESH,0.0,44.58,0.0,0.36
2026-05,LONGDING,ARUNACHAL PRADESH,0.0,41.22,0.0,0.35
2026-05,UPPER SIANG,ARUNACHAL PRADESH,0.0,42.55,0.0,0.29
2026-05,LEPA RADA,ARUNACHAL PRADESH,0.0,38.08,0.0,0.28
2026-05,KEYI PANYOR,ARUNACHAL PRADESH,0.0,31.86,0.0,0.26
2026-05,KAMLE,ARUNACHAL PRADESH,0.0,23.6,0.0,0.2
2026-05,ANJAW,ARUNACHAL PRADESH,0.0,26.69,0.0,0.17
2026-05,KRA DAADI,ARUNACHAL PRADESH,0.0,19.61,0.0,0.14
2026-05,KURUNG KUMEY,ARUNACHAL PRADESH,0.0,23.75,0.0,0.14
2026-05,DIBANG VALLEY,ARUNACHAL PRADESH,0.0,19.4,0.0,0.12
2026-05,LOWER SIANG,ARUNACHAL PRADESH,0.0,14.31,0.0,0.1
2026-05,PAKKE KESSANG,ARUNACHAL PRADESH,0.0,10.96,0.0,0.1
2026-05,BICHOM,ARUNACHAL PRADESH,0.0,14.45,0.0,0.09
2026-05,SHI YOMI,ARUNACHAL PRADESH,0.0,16.53,0.0,0.07
2026-05,,ARUNACHAL PRADESH Total,0.11,3271.1,0.11,25.03
2026-05,PUDUCHERRY,PUDUCHERRY,0.09,2627.99,0.08,18.78
2026-05,KARAIKAL,PUDUCHERRY,0.01,357.87,0.01,2.41
2026-05,,PUDUCHERRY Total,0.1,2985.87,0.09,21.19
2026-05,EAST KHASI HILLS,MEGHALAYA,0.04,1126.2,0.04,8.99
2026-05,WEST GARO HILLS,MEGHALAYA,0.01,337.72,0.01,3.44
2026-05,RI-BHOI,MEGHALAYA,0.01,250.44,0.01,2.01
2026-05,WEST JAINTIA HILLS,MEGHALAYA,0.01,159.99,0.01,1.36
2026-05,EAST JAINTIA HILLS,MEGHALAYA,0.0,123.46,0.0,0.88
2026-05,NORTH GARO HILLS,MEGHALAYA,0.0,60.95,0.0,0.7
2026-05,EAST GARO HILLS,MEGHALAYA,0.0,59.23,0.0,0.65
2026-05,SOUTH WEST GARO HILLS,MEGHALAYA,0.0,66.62,0.0,0.61
2026-05,SOUTH GARO HILLS,MEGHALAYA,0.0,45.29,0.0,0.45
2026-05,WEST KHASI HILLS,MEGHALAYA,0.0,57.18,0.0,0.36
2026-05,SOUTH WEST KHASI HILLS,MEGHALAYA,0.0,29.52,0.0,0.18
2026-05,EASTERN WEST KHASI HILLS,MEGHALAYA,0.0,23.34,0.0,0.14
2026-05,,MEGHALAYA Total,0.08,2339.95,0.08,19.77
2026-05,IMPHAL WEST,MANIPUR,0.04,1148.41,0.02,5.74
2026-05,IMPHAL EAST,MANIPUR,0.03,765.11,0.02,4.1
2026-05,CHURACHANDPUR,MANIPUR,0.01,314.65,0.01,1.84
2026-05,THOUBAL,MANIPUR,0.01,307,0.01,1.68
2026-05,BISHNUPUR,MANIPUR,0.01,241.32,0.01,1.33
2026-05,KANGPOKPI,MANIPUR,0.0,127.19,0.0,0.67
2026-05,KAKCHING,MANIPUR,0.0,128.74,0.0,0.65
2026-05,SENAPATI,MANIPUR,0.0,110.65,0.0,0.57
2026-05,UKHRUL,MANIPUR,0.0,107.11,0.0,0.42
2026-05,TAMENGLONG,MANIPUR,0.0,58.7,0.0,0.31
2026-05,JIRIBAM,MANIPUR,0.0,40.87,0.0,0.28
2026-05,CHANDEL,MANIPUR,0.0,47.89,0.0,0.25
2026-05,TENGNOUPAL,MANIPUR,0.0,30.61,0.0,0.13
2026-05,KAMJANG,MANIPUR,0.0,15.73,0.0,0.07
2026-05,NONEY,MANIPUR,0.0,13.76,0.0,0.07
2026-05,PHERZAWL,MANIPUR,0.0,6.21,0.0,0.05
2026-05,,MANIPUR Total,0.11,3463.95,0.08,18.17
2026-05,WEST TRIPURA,TRIPURA,0.03,1019.17,0.04,8.32
2026-05,NORTH TRIPURA,TRIPURA,0.01,220.78,0.01,1.76
2026-05,GOMTI,TRIPURA,0.01,194.13,0.01,1.46
2026-05,SEPAHIJALA,TRIPURA,0.01,185.69,0.01,1.3
2026-05,DHALAI,TRIPURA,0.0,143.1,0.0,1.14
2026-05,SOUTH TRIPURA,TRIPURA,0.01,155.26,0.0,1.1
2026-05,UNAKOTI,TRIPURA,0.0,120.72,0.0,1.02
2026-05,KHOWAI,TRIPURA,0.0,107.88,0.0,0.84
2026-05,,TRIPURA Total,0.07,2146.73,0.07,16.94
2026-05,AIZAWL,MIZORAM,0.04,1317.65,0.04,9.3
2026-05,LUNGLEI,MIZORAM,0.01,164.27,0.01,1.2
2026-05,KOLASIB,MIZORAM,0.0,115.07,0.0,0.91
2026-05,LAWNGTLAI,MIZORAM,0.0,121.11,0.0,0.8
2026-05,SERCHHIP,MIZORAM,0.0,79.19,0.0,0.62
2026-05,MAMIT,MIZORAM,0.0,73.67,0.0,0.6
2026-05,CHAMPHAI,MIZORAM,0.0,107.78,0.0,0.58
2026-05,SAIHA,MIZORAM,0.0,83.07,0.0,0.57
2026-05,SAITUAL,MIZORAM,0.0,36.64,0.0,0.28
2026-05,KHAWZAWL,MIZORAM,0.0,32.73,0.0,0.23
2026-05,HNAHTHIAL,MIZORAM,0.0,25.92,0.0,0.19
2026-05,,MIZORAM Total,0.07,2157.1,0.06,15.28
2026-05,DIMAPUR,NAGALAND,0.02,751.1,0.02,5.25
2026-05,KOHIMA,NAGALAND,0.01,419.09,0.01,2.81
2026-05,CHUMOUKEDIMA,NAGALAND,0.01,337.41,0.01,2.61
2026-05,MOKOKCHUNG,NAGALAND,0.0,130.29,0.0,0.89
2026-05,MON,NAGALAND,0.0,89.55,0.0,0.73
2026-05,WOKHA,NAGALAND,0.0,68.66,0.0,0.46
2026-05,TUENSANG,NAGALAND,0.0,48.22,0.0,0.38
2026-05,PEREN,NAGALAND,0.0,45.29,0.0,0.36
2026-05,PHEK,NAGALAND,0.0,49.83,0.0,0.34
2026-05,ZUNHEBOTO,NAGALAND,0.0,44.32,0.0,0.31
2026-05,KIPHIRE,NAGALAND,0.0,27.24,0.0,0.19
2026-05,LONGLENG,NAGALAND,0.0,18.43,0.0,0.16
2026-05,NOKLAK,NAGALAND,0.0,10.24,0.0,0.07
2026-05,TSEMINYU,NAGALAND,0.0,8.05,0.0,0.05
2026-05,SHAMATOR,NAGALAND,0.0,7.57,0.0,0.05
2026-05,NIULAND,NAGALAND,0.0,0.8,0.0,0.01
2026-05,,NAGALAND Total,0.07,2056.06,0.06,14.68
2026-05,DADRA AND NAGAR HAVELI,DADRA & NAGAR HAVELI & DAMAN & DIU,0.02,702.63,0.03,6.4
2026-05,DAMAN,DADRA & NAGAR HAVELI & DAMAN & DIU,0.01,446.28,0.02,4.05
2026-05,DIU,DADRA & NAGAR HAVELI & DAMAN & DIU,0.0,75.14,0.0,0.45
2026-05,,DADRA & NAGAR HAVELI & DAMAN & DIU Total,0.04,1224.04,0.05,10.9
2026-05,GANGTOK,SIKKIM,0.02,702.8,0.02,4.85
2026-05,NAMCHI,SIKKIM,0.01,258.72,0.01,2.07
2026-05,PAKYONG,SIKKIM,0.01,241.9,0.01,1.89
2026-05,GYALSHING,SIKKIM,0.0,88.76,0.0,0.57
2026-05,MANGAN,SIKKIM,0.0,94.83,0.0,0.52
2026-05,SORENG,SIKKIM,0.0,71.16,0.0,0.52
2026-05,,SIKKIM Total,0.05,1458.17,0.04,10.43
2026-05,LEH,LADAKH,0.02,733.42,0.01,3.48
2026-05,KARGIL,LADAKH,0.01,199.26,0.01,1.54
2026-05,,LADAKH Total,0.03,932.68,0.02,5.02
2026-05,SOUTH ANDAMANS,ANDAMAN AND NICOBAR ISLANDS,0.02,595.7,0.02,3.79
2026-05,NORTH AND MIDDLE ANDAMAN,ANDAMAN AND NICOBAR ISLANDS,0.0,73.96,0.0,0.43
2026-05,NICOBARS,ANDAMAN AND NICOBAR ISLANDS,0.0,22.4,0.0,0.12
2026-05,,ANDAMAN AND NICOBAR ISLANDS Total,0.02,692.06,0.02,4.34
2026-05,LAKSHADWEEP,LAKSHADWEEP,0.0,82.02,0.0,0.72
2026-05,,LAKSHADWEEP Total,0.0,82.02,0.0,0.72
2026-05,,Unclassified #,39.4,1189825.9,44.65,10504.21
2026-06,MUMBAI SUBURBAN,MAHARASHTRA,2.02,58518.6,2.51,570.95
2026-06,PUNE,MAHARASHTRA,1.69,48989.64,1.84,418.09
2026-06,THANE,MAHARASHTRA,0.99,28519.52,1.07,241.97
2026-06,MUMBAI,MAHARASHTRA,0.81,23369.4,1.04,235.38
2026-06,RAIGAD,MAHARASHTRA,0.3,8707.79,0.32,71.86
2026-06,NAGPUR,MAHARASHTRA,0.33,9671.59,0.3,67.64
2026-06,NASHIK,MAHARASHTRA,0.33,9515.98,0.29,66.28
2026-06,PALGHAR,MAHARASHTRA,0.24,6872.93,0.26,59.07
2026-06,CHHATRAPATI SAMBHAJI NAGAR,MAHARASHTRA,0.23,6528.43,0.22,49.62
2026-06,SOLAPUR,MAHARASHTRA,0.24,6869.93,0.19,43.99
2026-06,AHILYANAGAR,MAHARASHTRA,0.24,6987.3,0.19,43.71
2026-06,KOLHAPUR,MAHARASHTRA,0.17,5053.23,0.16,36
2026-06,SATARA,MAHARASHTRA,0.14,3978.9,0.13,29.27
2026-06,SANGLI,MAHARASHTRA,0.13,3751.97,0.11,25.21
2026-06,JALGAON,MAHARASHTRA,0.13,3674.12,0.1,23.26
2026-06,NANDED,MAHARASHTRA,0.13,3632.55,0.1,22.64
2026-06,LATUR,MAHARASHTRA,0.11,3118.08,0.1,21.65
2026-06,BEED,MAHARASHTRA,0.11,3223.51,0.08,18.68
2026-06,AMRAVATI,MAHARASHTRA,0.09,2604.49,0.08,17.23
2026-06,BULDHANA,MAHARASHTRA,0.08,2300.89,0.07,15.69
2026-06,DHARASHIV,MAHARASHTRA,0.07,1979.06,0.06,13.51
2026-06,YAVATMAL,MAHARASHTRA,0.07,1922.97,0.06,13.28
2026-06,CHANDRAPUR,MAHARASHTRA,0.07,1896.48,0.06,13.17
2026-06,JALNA,MAHARASHTRA,0.07,2030.72,0.06,13.06
2026-06,DHULE,MAHARASHTRA,0.06,1720.12,0.05,11.01
2026-06,AKOLA,MAHARASHTRA,0.06,1598.25,0.05,10.86
2026-06,PARBHANI,MAHARASHTRA,0.06,1650.46,0.05,10.72
2026-06,RATNAGIRI,MAHARASHTRA,0.05,1343.93,0.04,9.35
2026-06,HINGOLI,MAHARASHTRA,0.04,1086.75,0.03,7.77
2026-06,WARDHA,MAHARASHTRA,0.04,1087.74,0.03,7.52
2026-06,WASHIM,MAHARASHTRA,0.03,938.21,0.03,6.36
2026-06,NANDURBAR,MAHARASHTRA,0.03,878.56,0.03,6.03
2026-06,GONDIA,MAHARASHTRA,0.03,998.19,0.03,5.95
2026-06,BHANDARA,MAHARASHTRA,0.03,926.64,0.02,5.23
2026-06,SINDHUDURG,MAHARASHTRA,0.03,776.9,0.02,5.07
2026-06,GADCHIROLI,MAHARASHTRA,0.02,688.84,0.02,4.33
2026-06,,MAHARASHTRA Total,9.25,267412.66,9.78,2221.42
2026-06,GAUTAM BUDDHA NAGAR,UTTAR PRADESH,0.6,17392.51,0.76,173.12
2026-06,LUCKNOW,UTTAR PRADESH,0.4,11644.08,0.43,97.03
2026-06,GHAZIABAD,UTTAR PRADESH,0.4,11439.1,0.42,94.8
2026-06,PRAYAGRAJ,UTTAR PRADESH,0.17,4778.18,0.18,40.04
2026-06,VARANASI,UTTAR PRADESH,0.18,5175.84,0.17,38.92
2026-06,KANPUR NAGAR,UTTAR PRADESH,0.17,5061.09,0.16,35.36
2026-06,AGRA,UTTAR PRADESH,0.16,4770.32,0.15,34.91
2026-06,GORAKHPUR,UTTAR PRADESH,0.15,4281.31,0.15,33.21
2026-06,MEERUT,UTTAR PRADESH,0.15,4382.2,0.13,30.08
2026-06,MATHURA,UTTAR PRADESH,0.11,3070.62,0.1,23.82
2026-06,BAREILLY,UTTAR PRADESH,0.11,3075.3,0.1,21.93
2026-06,ALIGARH,UTTAR PRADESH,0.1,2807.77,0.09,21
2026-06,JAUNPUR,UTTAR PRADESH,0.09,2522.35,0.09,20.1
2026-06,AZAMGARH,UTTAR PRADESH,0.08,2338.46,0.08,18.78
2026-06,SAHARANPUR,UTTAR PRADESH,0.1,2747.95,0.08,18.72
2026-06,BULANDSHAHR,UTTAR PRADESH,0.08,2387.46,0.08,18.67
2026-06,MORADABAD,UTTAR PRADESH,0.09,2616.31,0.08,18.57
2026-06,KUSHINAGAR,UTTAR PRADESH,0.07,1993.56,0.07,16.22
2026-06,MUZAFFARNAGAR,UTTAR PRADESH,0.07,2023.94,0.06,14.62
2026-06,DEORIA,UTTAR PRADESH,0.06,1825.1,0.06,14.55
2026-06,BIJNOR,UTTAR PRADESH,0.07,1965.93,0.06,14.33
2026-06,GHAZIPUR,UTTAR PRADESH,0.06,1743.64,0.06,13.5
2026-06,AYODHYA,UTTAR PRADESH,0.06,1696.72,0.06,13.44
2026-06,PRATAPGARH,UTTAR PRADESH,0.05,1484.27,0.05,12.21
2026-06,GONDA,UTTAR PRADESH,0.05,1479.43,0.05,11.72
2026-06,BALLIA,UTTAR PRADESH,0.05,1526,0.05,11.62
2026-06,FIROZABAD,UTTAR PRADESH,0.05,1534.42,0.05,11.39
2026-06,JHANSI,UTTAR PRADESH,0.06,1651.36,0.05,11.36
2026-06,BASTI,UTTAR PRADESH,0.05,1362.47,0.05,11.09
2026-06,SIDDHARTHNAGAR,UTTAR PRADESH,0.04,1298.26,0.05,10.95
2026-06,HAPUR,UTTAR PRADESH,0.05,1375.6,0.05,10.57
2026-06,MAHRAJGANJ,UTTAR PRADESH,0.04,1267.54,0.05,10.53
2026-06,RAMPUR,UTTAR PRADESH,0.05,1476.98,0.05,10.38
2026-06,SULTANPUR,UTTAR PRADESH,0.04,1293.32,0.05,10.33
2026-06,BARA BANKI,UTTAR PRADESH,0.04,1246.46,0.04,10.16
2026-06,KHERI,UTTAR PRADESH,0.04,1208.87,0.04,10.11
2026-06,SITAPUR,UTTAR PRADESH,0.04,1192.72,0.04,9.78
2026-06,BAHRAICH,UTTAR PRADESH,0.04,1202.03,0.04,9.39
2026-06,AMROHA,UTTAR PRADESH,0.04,1256.29,0.04,9.22
2026-06,RAE BARELI,UTTAR PRADESH,0.04,1171.87,0.04,8.91
2026-06,AMBEDKAR NAGAR,UTTAR PRADESH,0.04,1075.02,0.04,8.78
2026-06,MIRZAPUR,UTTAR PRADESH,0.04,1228.28,0.04,8.71
2026-06,MAU,UTTAR PRADESH,0.04,1042.57,0.04,8.6
2026-06,UNNAO,UTTAR PRADESH,0.04,1189.39,0.04,8.18
2026-06,BALRAMPUR,UTTAR PRADESH,0.03,934.78,0.04,8.03
2026-06,SONBHADRA,UTTAR PRADESH,0.04,1066.32,0.04,7.98
2026-06,HARDOI,UTTAR PRADESH,0.04,1079.14,0.03,7.93
2026-06,BUDAUN,UTTAR PRADESH,0.04,1068.05,0.03,7.91
2026-06,CHANDAULI,UTTAR PRADESH,0.04,1111.79,0.03,7.87
2026-06,SHAHJAHANPUR,UTTAR PRADESH,0.04,1071.47,0.03,7.54
2026-06,SAMBHAL,UTTAR PRADESH,0.04,1029.87,0.03,7.39
2026-06,MAINPURI,UTTAR PRADESH,0.03,894.65,0.03,7.29
2026-06,ETAWAH,UTTAR PRADESH,0.03,924.85,0.03,7.26
2026-06,BAGHPAT,UTTAR PRADESH,0.03,971.82,0.03,7.1
2026-06,SANT KABIR NAGAR,UTTAR PRADESH,0.03,862.02,0.03,7.04
2026-06,AMETHI,UTTAR PRADESH,0.03,798.54,0.03,6.38
2026-06,SHAMLI,UTTAR PRADESH,0.03,899.38,0.03,6.35
2026-06,BHADOHI,UTTAR PRADESH,0.03,746.56,0.03,6.21
2026-06,HATHRAS,UTTAR PRADESH,0.03,810.08,0.03,6.07
2026-06,FATEHPUR,UTTAR PRADESH,0.03,860.49,0.03,6.04
2026-06,JALAUN,UTTAR PRADESH,0.03,815.3,0.03,5.98
2026-06,ETAH,UTTAR PRADESH,0.03,742.8,0.03,5.97
2026-06,PILIBHIT,UTTAR PRADESH,0.03,774.68,0.03,5.77
2026-06,FARRUKHABAD,UTTAR PRADESH,0.03,727.97,0.03,5.75
2026-06,KANNAUJ,UTTAR PRADESH,0.02,675.49,0.02,5.41
2026-06,KANPUR DEHAT,UTTAR PRADESH,0.03,724.96,0.02,5.14
2026-06,AURAIYA,UTTAR PRADESH,0.02,655.98,0.02,5.12
2026-06,BANDA,UTTAR PRADESH,0.02,607.95,0.02,4.56
2026-06,KASGANJ,UTTAR PRADESH,0.02,548.34,0.02,4.32
2026-06,KAUSHAMBI,UTTAR PRADESH,0.02,529.56,0.02,3.85
2026-06,LALITPUR,UTTAR PRADESH,0.02,478.26,0.02,3.76
2026-06,HAMIRPUR,UTTAR PRADESH,0.02,457.45,0.02,3.47
2026-06,MAHOBA,UTTAR PRADESH,0.01,387.33,0.01,3.15
2026-06,CHITRAKOOT,UTTAR PRADESH,0.01,371.82,0.01,2.74
2026-06,SHRAWASTI,UTTAR PRADESH,0.01,323.77,0.01,2.6
2026-06,,UTTAR PRADESH Total,5.3,153254.31,5.38,1221.7
2026-06,BENGALURU (URBAN),KARNATAKA,3.12,90109.72,2.96,673.09
2026-06,MYSURU,KARNATAKA,0.25,7311.93,0.21,48.75
2026-06,BENGALURU (RURAL),KARNATAKA,0.17,4958.45,0.16,35.74
2026-06,BELAGAVI,KARNATAKA,0.16,4768.75,0.15,33.27
2026-06,DAKSHINA KANNADA,KARNATAKA,0.16,4579.41,0.14,31.78
2026-06,TUMAKURU,KARNATAKA,0.14,3975.74,0.11,25.15
2026-06,DHARWAD,KARNATAKA,0.1,2976.55,0.1,22.86
2026-06,KALABURAGI,KARNATAKA,0.11,3170.69,0.1,21.6
2026-06,KOLARA,KARNATAKA,0.11,3325.09,0.09,21.34
2026-06,HASSAN,KARNATAKA,0.11,3040.52,0.08,17.85
2026-06,VIJAYAPURA,KARNATAKA,0.09,2628.79,0.07,16.86
2026-06,MANDYA,KARNATAKA,0.1,2902.36,0.07,16.14
2026-06,RAMANAGARA,KARNATAKA,0.08,2451.83,0.07,15.97
2026-06,SHIVAMOGGA,KARNATAKA,0.08,2416.93,0.07,15.86
2026-06,BIDAR,KARNATAKA,0.08,2291.63,0.07,14.94
2026-06,BALLARI,KARNATAKA,0.07,2101.74,0.06,14.73
2026-06,DAVANAGERE,KARNATAKA,0.08,2173.77,0.06,14.53
2026-06,UDUPI,KARNATAKA,0.07,2080.16,0.06,13.81
2026-06,RAICHUR,KARNATAKA,0.07,2090.69,0.06,13.62
2026-06,CHIKKABALLAPURA,KARNATAKA,0.08,2360.75,0.06,13.05
2026-06,BAGALKOT,KARNATAKA,0.06,1753.48,0.05,12.17
2026-06,CHITRADURGA,KARNATAKA,0.06,1775.37,0.05,11.24
2026-06,CHIKKAMAGALURU,KARNATAKA,0.06,1682.1,0.04,10.12
2026-06,KOPPAL,KARNATAKA,0.05,1444.27,0.04,9.89
2026-06,VIJAYANAGARA,KARNATAKA,0.05,1408.23,0.04,9.79
2026-06,UTTARA KANNADA,KARNATAKA,0.05,1318.24,0.04,8.92
2026-06,HAVERI,KARNATAKA,0.04,1206.88,0.04,8.22
2026-06,YADGIR,KARNATAKA,0.04,1094.68,0.03,6.33
2026-06,KODAGU,KARNATAKA,0.04,1086.07,0.03,6.23
2026-06,GADAG,KARNATAKA,0.03,810.41,0.03,5.89
2026-06,CHAMARAJANAGARA,KARNATAKA,0.03,951.93,0.02,5.63
2026-06,,KARNATAKA Total,5.75,166247.17,5.17,1175.34
2026-06,CHENNAI,TAMIL NADU,1.04,29940.62,0.93,211.58
2026-06,COIMBATORE,TAMIL NADU,0.44,12722.03,0.37,85.13
2026-06,CHENGALPATTU,TAMIL NADU,0.39,11252.54,0.37,84.68
2026-06,TIRUVALLUR,TAMIL NADU,0.24,7027.42,0.21,48.83
2026-06,TIRUPPUR,TAMIL NADU,0.21,5929.49,0.18,40.43
2026-06,KANCHEEPURAM,TAMIL NADU,0.15,4423.09,0.14,31.4
2026-06,SALEM,TAMIL NADU,0.19,5506.83,0.14,31.29
2026-06,KRISHNAGIRI,TAMIL NADU,0.17,4850.19,0.13,29.79
2026-06,MADURAI,TAMIL NADU,0.19,5350.82,0.13,29.44
2026-06,TIRUCHIRAPPALLI,TAMIL NADU,0.15,4305.45,0.11,25.29
2026-06,ERODE,TAMIL NADU,0.12,3394.88,0.09,20.4
2026-06,THANJAVUR,TAMIL NADU,0.1,2990.96,0.07,16.7
2026-06,CUDDALORE,TAMIL NADU,0.09,2731.31,0.07,16.62
2026-06,DINDIGUL,TAMIL NADU,0.09,2712.19,0.06,14.6
2026-06,TIRUNELVELI,TAMIL NADU,0.08,2434.04,0.06,14.47
2026-06,VELLORE,TAMIL NADU,0.08,2301.59,0.06,14.21
2026-06,TIRUVANNAMALAI,TAMIL NADU,0.08,2273.2,0.06,14.16
2026-06,THOOTHUKUDI,TAMIL NADU,0.08,2259.04,0.06,13.9
2026-06,KANNIYAKUMARI,TAMIL NADU,0.1,2754,0.06,13.86
2026-06,NAMAKKAL,TAMIL NADU,0.08,2437.2,0.06,13.44
2026-06,VILUPPURAM,TAMIL NADU,0.07,2028.08,0.06,12.91
2026-06,DHARMAPURI,TAMIL NADU,0.08,2178.99,0.05,11.78
2026-06,VIRUDHUNAGAR,TAMIL NADU,0.07,1979.08,0.05,11.06
2026-06,TIRUPATHUR,TAMIL NADU,0.05,1514.53,0.04,9.35
2026-06,RANIPET,TAMIL NADU,0.05,1465.48,0.04,9.2
2026-06,PUDUKKOTTAI,TAMIL NADU,0.05,1573.16,0.04,8.5
2026-06,TENKASI,TAMIL NADU,0.05,1433.76,0.04,8.12
2026-06,SIVAGANGA,TAMIL NADU,0.05,1501.4,0.04,8.1
2026-06,KALLAKURICHI,TAMIL NADU,0.04,1299.64,0.03,7.83
2026-06,KARUR,TAMIL NADU,0.05,1395.79,0.03,7.68
2026-06,RAMANATHAPURAM,TAMIL NADU,0.05,1422.68,0.03,7.62
2026-06,THENI,TAMIL NADU,0.05,1448.34,0.03,7.29
2026-06,THE NILGIRIS,TAMIL NADU,0.04,1084.53,0.03,6.56
2026-06,THIRUVARUR,TAMIL NADU,0.04,1092.87,0.03,6.26
2026-06,MAYILADUTHURAI,TAMIL NADU,0.03,847.44,0.02,5.01
2026-06,ARIYALUR,TAMIL NADU,0.02,713.3,0.02,4.16
2026-06,NAGAPATTINAM,TAMIL NADU,0.02,608.63,0.02,3.68
2026-06,PERAMBALUR,TAMIL NADU,0.02,607.59,0.02,3.43
2026-06,,TAMIL NADU Total,4.9,141792.15,4.0,908.74
2026-06,RANGA REDDY,TELANGANA,1.13,32709.79,0.93,211.1
2026-06,MEDCHAL-MALKAJGIRI,TELANGANA,1.03,29695.06,0.86,196.33
2026-06,HYDERABAD,TELANGANA,0.82,23626.9,0.73,165.61
2026-06,SANGAREDDY,TELANGANA,0.23,6768.69,0.19,43.01
2026-06,NALGONDA,TELANGANA,0.14,3991.56,0.09,19.94
2026-06,KHAMMAM,TELANGANA,0.12,3352.27,0.08,18.44
2026-06,HANUMAKONDA,TELANGANA,0.11,3290.35,0.08,18.37
2026-06,NIZAMABAD,TELANGANA,0.14,3950.35,0.08,18.12
2026-06,KARIMNAGAR,TELANGANA,0.12,3409.47,0.08,17.59
2026-06,SIDDIPET,TELANGANA,0.1,2958.03,0.06,14.42
2026-06,BHADRADRI KOTHAGUDEM,TELANGANA,0.07,2120.55,0.06,12.83
2026-06,WARANGAL,TELANGANA,0.08,2429.48,0.05,12.44
2026-06,MAHBUBNAGAR,TELANGANA,0.07,2096.3,0.05,12.35
2026-06,YADADRI BHUVANAGIRI,TELANGANA,0.08,2240.67,0.05,11.74
2026-06,SURYAPET,TELANGANA,0.09,2492.61,0.05,11.67
2026-06,MANCHERIAL,TELANGANA,0.06,1836.25,0.05,10.33
2026-06,PEDDAPALLI,TELANGANA,0.06,1872.03,0.04,9.97
2026-06,JAGTIAL,TELANGANA,0.08,2171.74,0.04,9.19
2026-06,MEDAK,TELANGANA,0.06,1660.85,0.04,8.65
2026-06,VIKARABAD,TELANGANA,0.05,1412.29,0.04,8.49
2026-06,KAMAREDDY,TELANGANA,0.06,1718.43,0.04,8.23
2026-06,NAGARKURNOOL,TELANGANA,0.05,1500.51,0.03,7.57
2026-06,MAHABUBABAD,TELANGANA,0.05,1359.05,0.03,6.81
2026-06,NIRMAL,TELANGANA,0.05,1374.18,0.03,6.32
2026-06,JANGAON,TELANGANA,0.04,1243.5,0.03,5.93
2026-06,RAJANNA SIRCILLA,TELANGANA,0.05,1310.95,0.03,5.86
2026-06,ADILABAD,TELANGANA,0.03,870.27,0.02,5.52
2026-06,WANAPARTHY,TELANGANA,0.04,1013.36,0.02,5.21
2026-06,JOGULAMBA GADWAL,TELANGANA,0.03,850.6,0.02,4.73
2026-06,JAYASHANKAR BHUPALPALLI,TELANGANA,0.03,807.25,0.02,4.07
2026-06,NARAYANPET,TELANGANA,0.03,764.03,0.02,3.85
2026-06,KUMURAM BHEEM,TELANGANA,0.02,504.76,0.02,3.45
2026-06,MULUGU,TELANGANA,0.02,526.91,0.01,2.65
2026-06,,TELANGANA Total,5.11,147929.06,3.97,900.79
2026-06,VISAKHAPATNAM,ANDHRA PRADESH,0.33,9425.46,0.27,61.34
2026-06,TIRUPATI,ANDHRA PRADESH,0.25,7322.8,0.21,46.85
2026-06,NTR,ANDHRA PRADESH,0.24,7063.81,0.19,43.48
2026-06,GUNTUR,ANDHRA PRADESH,0.23,6769.52,0.18,40.61
2026-06,SRI POTTI SRIRAMULU NELLORE,ANDHRA PRADESH,0.21,6067.71,0.15,33.52
2026-06,KAKINADA,ANDHRA PRADESH,0.16,4535.37,0.12,27.74
2026-06,ANANTHAPURAMU,ANDHRA PRADESH,0.16,4591.37,0.12,26.96
2026-06,EAST GODAVARI,ANDHRA PRADESH,0.16,4630.54,0.12,26.15
2026-06,PRAKASAM,ANDHRA PRADESH,0.16,4573.91,0.11,25.08
2026-06,ELURU,ANDHRA PRADESH,0.15,4204.81,0.11,23.86
2026-06,KRISHNA,ANDHRA PRADESH,0.14,4003.93,0.1,23.53
2026-06,KURNOOL,ANDHRA PRADESH,0.13,3765.06,0.1,23.35
2026-06,Y.S.R.,ANDHRA PRADESH,0.16,4497.88,0.1,23.08
2026-06,WEST GODAVARI,ANDHRA PRADESH,0.14,4056.35,0.1,22.14
2026-06,CHITTOOR,ANDHRA PRADESH,0.12,3459.13,0.09,19.44
2026-06,PALNADU,ANDHRA PRADESH,0.12,3520.33,0.08,19.01
2026-06,ANNAMAYYA,ANDHRA PRADESH,0.13,3617.92,0.08,18.59
2026-06,SRIKAKULAM,ANDHRA PRADESH,0.11,3190.5,0.08,17.85
2026-06,ANAKAPALLI,ANDHRA PRADESH,0.1,3024.21,0.08,17.73
2026-06,VIZIANAGARAM,ANDHRA PRADESH,0.1,2933.15,0.08,17.44
2026-06,NANDYAL,ANDHRA PRADESH,0.11,3140.16,0.08,17.44
2026-06,SRI SATHYA SAI,ANDHRA PRADESH,0.1,2806.56,0.07,16.48
2026-06,DR. B.R. AMBEDKAR KONASEEMA,ANDHRA PRADESH,0.1,2895.82,0.07,16.29
2026-06,BAPATLA,ANDHRA PRADESH,0.09,2548.71,0.06,14.54
2026-06,ALLURI SITARAMA RAJU,ANDHRA PRADESH,0.03,727.43,0.02,4.89
2026-06,PARVATHIPURAM MANYAM,ANDHRA PRADESH,0.03,850.09,0.02,4.84
2026-06,,ANDHRA PRADESH Total,3.74,108222.52,2.78,632.22
2026-06,AHMADABAD,GUJARAT,0.7,20262.2,0.61,137.73
2026-06,SURAT,GUJARAT,0.52,14942.84,0.43,98.61
2026-06,VADODARA,GUJARAT,0.25,7356.93,0.25,57.61
2026-06,KACHCHH,GUJARAT,0.14,3946.22,0.12,26.23
2026-06,GANDHINAGAR,GUJARAT,0.11,3281.14,0.1,23.5
2026-06,RAJKOT,GUJARAT,0.16,4552.08,0.1,23.15
2026-06,BHARUCH,GUJARAT,0.09,2726.61,0.1,22.2
2026-06,VALSAD,GUJARAT,0.09,2681.86,0.09,20.68
2026-06,BANAS KANTHA,GUJARAT,0.09,2605.75,0.07,16.57
2026-06,ANAND,GUJARAT,0.06,1852.45,0.06,12.9
2026-06,MAHESANA,GUJARAT,0.07,2052.36,0.06,12.8
2026-06,JAMNAGAR,GUJARAT,0.06,1808.54,0.05,12.15
2026-06,KHEDA,GUJARAT,0.05,1396.83,0.04,10.02
2026-06,BHAVNAGAR,GUJARAT,0.06,1807.97,0.04,9.37
2026-06,PANCH MAHALS,GUJARAT,0.03,1006.52,0.04,8.18
2026-06,NAVSARI,GUJARAT,0.04,1160.33,0.04,8.14
2026-06,SABAR KANTHA,GUJARAT,0.04,1121.64,0.03,7.51
2026-06,MORBI,GUJARAT,0.04,1222.34,0.03,6.2
2026-06,SURENDRANAGAR,GUJARAT,0.04,1062.96,0.03,5.74
2026-06,PATAN,GUJARAT,0.03,872.7,0.03,5.71
2026-06,DAHOD,GUJARAT,0.02,720.7,0.02,5.4
2026-06,JUNAGADH,GUJARAT,0.04,1022.46,0.02,4.91
2026-06,ARVALLI,GUJARAT,0.02,659.15,0.02,4.68
2026-06,GIR SOMNATH,GUJARAT,0.03,893.79,0.02,4.54
2026-06,DEVBHUMI DWARKA,GUJARAT,0.02,642.04,0.02,3.74
2026-06,AMRELI,GUJARAT,0.03,725.59,0.02,3.68
2026-06,TAPI,GUJARAT,0.02,438.5,0.02,3.45
2026-06,MAHISAGAR,GUJARAT,0.01,427.71,0.01,3.18
2026-06,BOTAD,GUJARAT,0.02,456.74,0.01,2.55
2026-06,NARMADA,GUJARAT,0.01,234.71,0.01,1.99
2026-06,CHHOTAUDEPUR,GUJARAT,0.01,298.18,0.01,1.99
2026-06,PORBANDAR,GUJARAT,0.01,416.68,0.01,1.86
2026-06,DANGS,GUJARAT,0.0,75.04,0.0,0.67
2026-06,,GUJARAT Total,2.93,84731.57,2.5,567.66
2026-06,JAIPUR,RAJASTHAN,0.71,20612.79,0.67,152.6
2026-06,JODHPUR,RAJASTHAN,0.17,4799.16,0.14,30.97
2026-06,UDAIPUR,RAJASTHAN,0.12,3431.44,0.11,25.24
2026-06,AJMER,RAJASTHAN,0.12,3418.57,0.09,21.23
2026-06,KOTA,RAJASTHAN,0.1,2866.68,0.09,21.2
2026-06,SIKAR,RAJASTHAN,0.12,3431.38,0.09,20.23
2026-06,BHILWARA,RAJASTHAN,0.11,3045.87,0.08,19.06
2026-06,BIKANER,RAJASTHAN,0.09,2548.86,0.07,15.53
2026-06,ALWAR,RAJASTHAN,0.07,2026.19,0.07,15.29
2026-06,GANGANAGAR,RAJASTHAN,0.08,2246.31,0.06,13.99
2026-06,KHAIRTHAL-TIJARA,RAJASTHAN,0.06,1653.72,0.06,13.44
2026-06,JHUNJHUNU,RAJASTHAN,0.07,2127.39,0.05,11.48
2026-06,DAUSA,RAJASTHAN,0.05,1472.97,0.05,11.09
2026-06,KOTPUTLI-BEHROR,RAJASTHAN,0.06,1692.95,0.05,10.71
2026-06,CHITTAURGARH,RAJASTHAN,0.05,1568.36,0.05,10.28
2026-06,BARMER,RAJASTHAN,0.05,1476.47,0.04,9.32
2026-06,PALI,RAJASTHAN,0.05,1428.5,0.04,9.31
2026-06,HANUMANGARH,RAJASTHAN,0.06,1624.78,0.04,8.97
2026-06,CHURU,RAJASTHAN,0.06,1638.76,0.04,8.93
2026-06,NAGAUR,RAJASTHAN,0.05,1457.9,0.04,8.13
2026-06,BHARATPUR,RAJASTHAN,0.04,1024,0.03,7.95
2026-06,DIDWANA-KUCHAMAN,RAJASTHAN,0.05,1453.25,0.03,7.87
2026-06,JALOR,RAJASTHAN,0.05,1362.95,0.03,7.64
2026-06,BEAWAR,RAJASTHAN,0.04,1225.59,0.03,7.6
2026-06,RAJSAMAND,RAJASTHAN,0.04,1136.5,0.03,7.21
2026-06,TONK,RAJASTHAN,0.04,1068.59,0.03,7.14
2026-06,KARAULI,RAJASTHAN,0.03,872.32,0.03,6.81
2026-06,SAWAI MADHOPUR,RAJASTHAN,0.03,897.13,0.03,6.7
2026-06,JHALAWAR,RAJASTHAN,0.03,920.63,0.03,6.54
2026-06,JAISALMER,RAJASTHAN,0.03,854.93,0.03,5.74
2026-06,SIROHI,RAJASTHAN,0.03,801.47,0.02,5.5
2026-06,DHAULPUR,RAJASTHAN,0.02,705.01,0.02,5.49
2026-06,BANSWARA,RAJASTHAN,0.03,764.34,0.02,5.47
2026-06,BALOTRA,RAJASTHAN,0.03,909.11,0.02,5.46
2026-06,BUNDI,RAJASTHAN,0.03,766.59,0.02,5.14
2026-06,BARAN,RAJASTHAN,0.02,680.29,0.02,4.59
2026-06,DUNGARPUR,RAJASTHAN,0.02,638.17,0.02,4.37
2026-06,DEEG,RAJASTHAN,0.02,520.44,0.02,4.1
2026-06,PHALODI,RAJASTHAN,0.03,725.51,0.02,4.09
2026-06,PRATAPGARH,RAJASTHAN,0.01,407.48,0.01,2.86
2026-06,SALUMBAR,RAJASTHAN,0.01,260.38,0.01,1.73
2026-06,,RAJASTHAN Total,2.85,82563.71,2.45,557.02
2026-06,WEST,DELHI,0.33,9433.59,0.31,71.44
2026-06,SOUTH EAST,DELHI,0.26,7511.6,0.3,69.14
2026-06,NEW DELHI,DELHI,0.21,6055.52,0.24,54.78
2026-06,CENTRAL,DELHI,0.24,7005.67,0.24,54.02
2026-06,SOUTH,DELHI,0.18,5169.05,0.21,47.71
2026-06,SOUTH WEST,DELHI,0.19,5573.06,0.21,46.82
2026-06,EAST,DELHI,0.29,8295.68,0.2,46.56
2026-06,NORTH WEST,DELHI,0.19,5577.24,0.18,40.4
2026-06,NORTH,DELHI,0.18,5067.88,0.17,38
2026-06,SHAHDARA,DELHI,0.13,3868.86,0.12,27.77
2026-06,NORTH EAST,DELHI,0.08,2169.57,0.07,16.39
2026-06,NAZUL,DELHI,0.01,376.1,0.01,3.16
2026-06,,DELHI Total,2.29,66103.83,2.27,516.17
2026-06,PATNA,BIHAR,0.33,9664.37,0.33,75.26
2026-06,MUZAFFARPUR,BIHAR,0.14,3959.52,0.12,27.28
2026-06,PURBA CHAMPARAN,BIHAR,0.13,3649.54,0.12,26.5
2026-06,GAYA,BIHAR,0.1,2823.34,0.09,20.16
2026-06,PASHCHIM CHAMPARAN,BIHAR,0.08,2395.74,0.08,18.87
2026-06,SAMASTIPUR,BIHAR,0.09,2533.52,0.08,17.27
2026-06,PURNIA,BIHAR,0.09,2566.28,0.08,17.19
2026-06,SARAN,BIHAR,0.08,2332.84,0.07,16.86
2026-06,DARBHANGA,BIHAR,0.08,2388.43,0.07,16.73
2026-06,BHAGALPUR,BIHAR,0.08,2178.19,0.07,15.99
2026-06,VAISHALI,BIHAR,0.08,2249.61,0.07,15.56
2026-06,MADHUBANI,BIHAR,0.08,2214.56,0.07,15.47
2026-06,KATIHAR,BIHAR,0.07,2162.67,0.06,14.75
2026-06,SIWAN,BIHAR,0.07,2077.8,0.06,14.44
2026-06,BEGUSARAI,BIHAR,0.06,1834.88,0.06,13.31
2026-06,ROHTAS,BIHAR,0.06,1878.24,0.06,12.71
2026-06,ARARIA,BIHAR,0.06,1860.81,0.05,12.49
2026-06,SITAMARHI,BIHAR,0.06,1697.18,0.05,12.02
2026-06,NALANDA,BIHAR,0.06,1647.4,0.05,11.72
2026-06,GOPALGANJ,BIHAR,0.06,1622,0.05,11.7
2026-06,AURANGABAD,BIHAR,0.05,1462.96,0.05,11.53
2026-06,BHOJPUR,BIHAR,0.05,1539.59,0.05,10.59
2026-06,SUPAUL,BIHAR,0.05,1429.54,0.05,10.36
2026-06,SAHARSA,BIHAR,0.04,1196.58,0.04,8.88
2026-06,MADHEPURA,BIHAR,0.05,1313.18,0.04,8.65
2026-06,KISHANGANJ,BIHAR,0.04,1125.21,0.03,7.55
2026-06,NAWADA,BIHAR,0.04,1127.26,0.03,7.42
2026-06,BUXAR,BIHAR,0.03,953.51,0.03,6.35
2026-06,JAMUI,BIHAR,0.03,833.82,0.03,6.35
2026-06,KHAGARIA,BIHAR,0.03,983.48,0.03,6.32
2026-06,KAIMUR (BHABUA),BIHAR,0.03,843.64,0.02,5.68
2026-06,JEHANABAD,BIHAR,0.02,646.42,0.02,5.52
2026-06,BANKA,BIHAR,0.03,733.36,0.02,5.46
2026-06,MUNGER,BIHAR,0.02,707.85,0.02,5.11
2026-06,LAKHISARAI,BIHAR,0.02,525.4,0.02,3.57
2026-06,ARWAL,BIHAR,0.01,340.29,0.01,2.93
2026-06,SHEOHAR,BIHAR,0.01,309.41,0.01,2.14
2026-06,SHEIKHPURA,BIHAR,0.01,322.49,0.01,2.07
2026-06,,BIHAR Total,2.42,70130.89,2.21,502.75
2026-06,NORTH TWENTY-FOUR PARGANAS,WEST BENGAL,0.39,11202.29,0.39,88.06
2026-06,KOLKATA,WEST BENGAL,0.34,9872.45,0.32,73.76
2026-06,SOUTH 24PARGANAS,WEST BENGAL,0.16,4515.16,0.14,31.69
2026-06,HAORA,WEST BENGAL,0.14,3935.47,0.12,27.59
2026-06,MURSHIDABAD,WEST BENGAL,0.14,4154.41,0.11,24.85
2026-06,HUGLI,WEST BENGAL,0.12,3499.35,0.11,24.35
2026-06,PURBA MEDINIPUR,WEST BENGAL,0.12,3527.59,0.1,22.23
2026-06,PASCHIM BARDDHAMAN,WEST BENGAL,0.09,2649.22,0.1,21.66
2026-06,NADIA,WEST BENGAL,0.11,3099.7,0.09,20.69
2026-06,PASCHIM MEDINIPUR,WEST BENGAL,0.1,2837.94,0.09,20.51
2026-06,MALDAH,WEST BENGAL,0.1,2915.24,0.08,17.76
2026-06,DARJILING,WEST BENGAL,0.08,2247.68,0.07,16.16
2026-06,PURBA BARDDHAMAN,WEST BENGAL,0.08,2365.35,0.07,15.87
2026-06,JALPAIGURI,WEST BENGAL,0.06,1752.78,0.06,13.9
2026-06,UTTAR DINAJPUR,WEST BENGAL,0.06,1784.34,0.05,11.7
2026-06,BIRBHAM,WEST BENGAL,0.06,1692.86,0.05,11.61
2026-06,KOCH BIHAR,WEST BENGAL,0.05,1322.95,0.05,10.59
2026-06,BANKURA,WEST BENGAL,0.04,1257.49,0.04,9.81
2026-06,PURULIYA,WEST BENGAL,0.03,853.56,0.04,8.03
2026-06,ALIPUR DUAR,WEST BENGAL,0.03,768.9,0.03,6.02
2026-06,DAKSHIN DINAJPUR,WEST BENGAL,0.02,709.78,0.02,4.58
2026-06,JHARGRAM,WEST BENGAL,0.01,368.06,0.01,3.09
2026-06,KALIMPONG,WEST BENGAL,0.01,235.9,0.01,1.7
2026-06,,WEST BENGAL Total,2.34,67568.46,2.14,486.19
2026-06,INDORE,MADHYA PRADESH,0.37,10763.57,0.38,85.22
2026-06,BHOPAL,MADHYA PRADESH,0.23,6600.23,0.24,55.45
2026-06,GWALIOR,MADHYA PRADESH,0.11,3310.46,0.1,22.74
2026-06,JABALPUR,MADHYA PRADESH,0.1,2829.35,0.09,20.28
2026-06,UJJAIN,MADHYA PRADESH,0.09,2725.03,0.09,19.91
2026-06,DHAR,MADHYA PRADESH,0.06,1840.24,0.06,13.39
2026-06,DEWAS,MADHYA PRADESH,0.06,1594.46,0.05,10.93
2026-06,SAGAR,MADHYA PRADESH,0.06,1614.83,0.05,10.43
2026-06,REWA,MADHYA PRADESH,0.05,1373.48,0.04,9.57
2026-06,RATLAM,MADHYA PRADESH,0.05,1326.74,0.04,8.87
2026-06,SEHORE,MADHYA PRADESH,0.04,1295.25,0.04,8.61
2026-06,MORENA,MADHYA PRADESH,0.04,1265.07,0.04,8.32
2026-06,CHHINDWARA,MADHYA PRADESH,0.04,1179.95,0.04,8.27
2026-06,NARMADAPURAM,MADHYA PRADESH,0.04,1220.57,0.04,8.04
2026-06,RAJGARH,MADHYA PRADESH,0.04,1270.16,0.04,8.01
2026-06,RAISEN,MADHYA PRADESH,0.04,1180.69,0.04,7.99
2026-06,SATNA,MADHYA PRADESH,0.04,1128.71,0.03,7.73
2026-06,SHIVPURI,MADHYA PRADESH,0.04,1078.62,0.03,7.57
2026-06,MANDSAUR,MADHYA PRADESH,0.04,1136.64,0.03,7.56
2026-06,KHARGONE,MADHYA PRADESH,0.04,1177.48,0.03,7.5
2026-06,SINGRAULI,MADHYA PRADESH,0.03,937.2,0.03,7.2
2026-06,CHHATARPUR,MADHYA PRADESH,0.03,1010.1,0.03,7.17
2026-06,VIDISHA,MADHYA PRADESH,0.04,1235.72,0.03,6.92
2026-06,GUNA,MADHYA PRADESH,0.03,951.07,0.03,6.57
2026-06,KHANDWA,MADHYA PRADESH,0.03,880.17,0.03,6.55
2026-06,BALAGHAT,MADHYA PRADESH,0.03,921.79,0.03,6.49
2026-06,BETUL,MADHYA PRADESH,0.03,928.15,0.03,6.33
2026-06,BHIND,MADHYA PRADESH,0.03,887.55,0.03,5.95
2026-06,SEONI,MADHYA PRADESH,0.03,878.81,0.03,5.76
2026-06,KATNI,MADHYA PRADESH,0.03,771.25,0.02,5.28
2026-06,SHAJAPUR,MADHYA PRADESH,0.03,797.26,0.02,5.01
2026-06,NARSIMHAPUR,MADHYA PRADESH,0.03,743.1,0.02,4.89
2026-06,SHAHDOL,MADHYA PRADESH,0.02,637.42,0.02,4.84
2026-06,NEEMUCH,MADHYA PRADESH,0.03,724.43,0.02,4.74
2026-06,SIDHI,MADHYA PRADESH,0.02,609.57,0.02,4.36
2026-06,BARWANI,MADHYA PRADESH,0.02,631.6,0.02,4.29
2026-06,AGAR MALWA,MADHYA PRADESH,0.02,538.89,0.02,3.67
2026-06,DAMOH,MADHYA PRADESH,0.02,581.65,0.02,3.56
2026-06,ASHOKNAGAR,MADHYA PRADESH,0.02,519.33,0.02,3.51
2026-06,MANDLA,MADHYA PRADESH,0.02,473.52,0.01,3.34
2026-06,BURHANPUR,MADHYA PRADESH,0.02,478.76,0.01,3.28
2026-06,JHABUA,MADHYA PRADESH,0.02,469.39,0.01,3.24
2026-06,TIKAMGARH,MADHYA PRADESH,0.01,404.32,0.01,3.17
2026-06,ANUPPUR,MADHYA PRADESH,0.01,375.54,0.01,3.15
2026-06,DATIA,MADHYA PRADESH,0.02,460.85,0.01,3.09
2026-06,PANNA,MADHYA PRADESH,0.02,452.36,0.01,2.99
2026-06,HARDA,MADHYA PRADESH,0.02,486.47,0.01,2.83
2026-06,MAIHAR,MADHYA PRADESH,0.01,367.25,0.01,2.62
2026-06,UMARIA,MADHYA PRADESH,0.01,274.82,0.01,2.09
2026-06,SHEOPUR,MADHYA PRADESH,0.01,301.61,0.01,1.99
2026-06,DINDORI,MADHYA PRADESH,0.01,241.11,0.01,1.8
2026-06,MAUGANJ,MADHYA PRADESH,0.01,270,0.01,1.79
2026-06,PANDHURNA,MADHYA PRADESH,0.01,217.33,0.01,1.51
2026-06,ALIRAJPUR,MADHYA PRADESH,0.01,210.09,0.01,1.34
2026-06,NIWARI,MADHYA PRADESH,0.01,178.44,0.01,1.34
2026-06,,MADHYA PRADESH Total,2.31,66758.42,2.11,479.06
2026-06,ERNAKULAM,KERALA,0.41,11938.18,0.4,91.24
2026-06,THIRUVANANTHAPURAM,KERALA,0.26,7460.96,0.24,54.74
2026-06,KOZHIKODE,KERALA,0.21,6101.46,0.2,46.36
2026-06,MALAPPURAM,KERALA,0.21,6026.62,0.2,45.43
2026-06,THRISSUR,KERALA,0.2,5808.91,0.18,40.26
2026-06,PALAKKAD,KERALA,0.15,4390.32,0.13,29.76
2026-06,KANNUR,KERALA,0.14,4031.95,0.12,27.82
2026-06,KOLLAM,KERALA,0.13,3777.58,0.11,25.24
2026-06,KOTTAYAM,KERALA,0.12,3415.67,0.1,23.15
2026-06,ALAPPUZHA,KERALA,0.11,3240.78,0.1,22.91
2026-06,IDUKKI,KERALA,0.08,2176.07,0.06,13.51
2026-06,KASARAGOD,KERALA,0.07,1926.47,0.05,12.49
2026-06,PATHANAMTHITTA,KERALA,0.06,1671.4,0.05,11.25
2026-06,WAYANAD,KERALA,0.05,1523.25,0.05,10.74
2026-06,,KERALA Total,2.2,63489.63,2.0,454.91
2026-06,GURUGRAM,HARYANA,0.67,19449.02,0.77,175.34
2026-06,FARIDABAD,HARYANA,0.25,7212.87,0.26,58.06
2026-06,SONIPAT,HARYANA,0.11,3041.47,0.09,20.29
2026-06,PANIPAT,HARYANA,0.09,2584.4,0.07,16.63
2026-06,KARNAL,HARYANA,0.09,2576.74,0.06,14.5
2026-06,HISAR,HARYANA,0.09,2670.43,0.06,13.33
2026-06,REWARI,HARYANA,0.06,1798.72,0.06,12.77
2026-06,JHAJJAR,HARYANA,0.07,1933.25,0.06,12.74
2026-06,AMBALA,HARYANA,0.07,1978.26,0.05,12.14
2026-06,ROHTAK,HARYANA,0.07,2114.11,0.05,11.96
2026-06,PANCHKULA,HARYANA,0.05,1564.31,0.05,11.13
2026-06,PALWAL,HARYANA,0.05,1551.03,0.05,11.09
2026-06,NUH,HARYANA,0.05,1478.78,0.05,10.81
2026-06,YAMUNANAGAR,HARYANA,0.05,1490.64,0.04,9.12
2026-06,KURUKSHETRA,HARYANA,0.06,1649.89,0.04,8.79
2026-06,SIRSA,HARYANA,0.05,1565.31,0.03,7.69
2026-06,JIND,HARYANA,0.05,1548.3,0.03,6.76
2026-06,BHIWANI,HARYANA,0.05,1350.53,0.03,6.71
2026-06,KAITHAL,HARYANA,0.05,1392.13,0.03,6.02
2026-06,MAHENDRAGARH,HARYANA,0.04,1018.29,0.03,5.75
2026-06,FATEHABAD,HARYANA,0.04,1056.39,0.02,4.72
2026-06,CHARKI DADRI,HARYANA,0.02,539.75,0.01,2.46
2026-06,,HARYANA Total,2.13,61564.62,1.93,438.82
2026-06,KHORDHA,ODISHA,0.27,7710.11,0.28,64.68
2026-06,CUTTACK,ODISHA,0.12,3341.18,0.11,25.65
2026-06,GANJAM,ODISHA,0.11,3048.32,0.08,19.14
2026-06,PURI,ODISHA,0.07,1942.01,0.07,16.19
2026-06,BALASORE,ODISHA,0.08,2237.45,0.07,15.44
2026-06,JAJAPUR,ODISHA,0.06,1868.53,0.07,15.11
2026-06,SUNDARGARH,ODISHA,0.07,1933.7,0.06,14.72
2026-06,KEONJHAR (KENDUJHAR),ODISHA,0.05,1523.91,0.05,11.37
2026-06,BHADRAK,ODISHA,0.05,1361.9,0.05,10.4
2026-06,ANUGUL,ODISHA,0.05,1324.94,0.04,9.6
2026-06,SAMBALPUR,ODISHA,0.04,1155.08,0.04,9.4
2026-06,MAYURBHANJ,ODISHA,0.04,1185.91,0.04,9.13
2026-06,JAGATSINGHPUR,ODISHA,0.04,1056.96,0.04,8.68
2026-06,KENDRAPARA,ODISHA,0.04,1053.06,0.04,8.09
2026-06,KALAHANDI,ODISHA,0.03,958.36,0.03,7.09
2026-06,KORAPUT,ODISHA,0.04,1023.03,0.03,7.05
2026-06,BALANGIR,ODISHA,0.03,910.64,0.03,7.02
2026-06,DHENKANAL,ODISHA,0.03,888.22,0.03,6.85
2026-06,JHARSUGUDA,ODISHA,0.03,778.03,0.03,6.3
2026-06,BARGARH,ODISHA,0.03,877.59,0.03,5.76
2026-06,RAYAGARHA,ODISHA,0.03,734.18,0.02,5.38
2026-06,NAYAGARH,ODISHA,0.02,609.06,0.02,4.46
2026-06,NABARANGAPUR,ODISHA,0.02,570.79,0.02,3.72
2026-06,MALKANGIRI,ODISHA,0.01,351.75,0.01,2.65
2026-06,NUAPARHA,ODISHA,0.01,319.68,0.01,2.42
2026-06,KANDHAMAL,ODISHA,0.01,322.6,0.01,2.39
2026-06,SUBARNAPUR,ODISHA,0.01,373.69,0.01,2.38
2026-06,GAJAPATI,ODISHA,0.01,333.61,0.01,2.27
2026-06,BOUDH,ODISHA,0.01,209.27,0.01,1.45
2026-06,DEOGARH,ODISHA,0.0,130.81,0.0,0.91
2026-06,,ODISHA Total,1.39,40134.36,1.35,305.71
2026-06,KAMRUP METRO,ASSAM,0.18,5076.79,0.23,52.29
2026-06,KAMRUP RURAL,ASSAM,0.04,1243.63,0.05,12.47
2026-06,DIBRUGARH,ASSAM,0.04,1119.74,0.05,12.35
2026-06,NAGAON,ASSAM,0.04,1175.82,0.05,10.85
2026-06,CACHAR,ASSAM,0.04,1153.88,0.05,10.44
2026-06,SONITPUR,ASSAM,0.03,889.5,0.04,8.99
2026-06,TINSUKIA,ASSAM,0.03,859.41,0.04,8.21
2026-06,JORHAT,ASSAM,0.03,731.11,0.03,7.85
2026-06,BARPETA,ASSAM,0.03,889.96,0.03,7.79
2026-06,GOLAGHAT,ASSAM,0.03,734.7,0.03,7.73
2026-06,LAKHIMPUR,ASSAM,0.02,655.76,0.03,7.5
2026-06,DHUBRI,ASSAM,0.03,810.94,0.03,7.3
2026-06,HOJAI,ASSAM,0.02,693.32,0.03,6.29
2026-06,GOALPARA,ASSAM,0.02,699.6,0.03,5.99
2026-06,SIBSAGAR,ASSAM,0.02,522.84,0.03,5.84
2026-06,MARIGAON,ASSAM,0.02,674.29,0.03,5.84
2026-06,DARANG,ASSAM,0.02,679.98,0.02,5.62
2026-06,DHEMAJI,ASSAM,0.02,470.39,0.02,5.17
2026-06,SRIBHUMI,ASSAM,0.02,601.98,0.02,4.94
2026-06,KARBI ANGLONG,ASSAM,0.02,451.98,0.02,4.77
2026-06,BONGAIGAON,ASSAM,0.02,532.42,0.02,4.74
2026-06,KOKRAJHAR,ASSAM,0.02,481.83,0.02,4.3
2026-06,BISWANATH,ASSAM,0.01,373.86,0.02,4.17
2026-06,NALBARI,ASSAM,0.02,454.02,0.02,4.16
2026-06,UDALGURI,ASSAM,0.01,399.12,0.02,3.75
2026-06,HAILAKANDI,ASSAM,0.01,313.74,0.01,2.92
2026-06,CHIRANG,ASSAM,0.01,281.75,0.01,2.44
2026-06,BAKSA,ASSAM,0.01,263.76,0.01,2.3
2026-06,CHARAIDEO,ASSAM,0.01,212.23,0.01,2.29
2026-06,DIMA HASAO,ASSAM,0.01,196.75,0.01,2.11
2026-06,SOUTH SALMARA,ASSAM,0.01,204.68,0.01,1.82
2026-06,BAJALI,ASSAM,0.01,204.3,0.01,1.82
2026-06,TAMULPUR,ASSAM,0.01,194.51,0.01,1.72
2026-06,WEST KARBI ANAGLONG,ASSAM,0.0,92.57,0.0,1.08
2026-06,MAJULI,ASSAM,0.0,69.66,0.0,0.87
2026-06,,ASSAM Total,0.84,24410.81,1.05,238.73
2026-06,SAS NAGAR (SAHIBZADA AJIT SINGH NAGAR),PUNJAB,0.21,5965.85,0.2,46.08
2026-06,LUDHIANA,PUNJAB,0.24,7045.04,0.19,42.61
2026-06,AMRITSAR,PUNJAB,0.13,3712.4,0.08,18.87
2026-06,PATIALA,PUNJAB,0.11,3094.24,0.08,18.2
2026-06,JALANDHAR,PUNJAB,0.11,3091.67,0.08,18.02
2026-06,BATHINDA,PUNJAB,0.06,1805.48,0.04,10.14
2026-06,HOSHIARPUR,PUNJAB,0.05,1378.53,0.03,7.79
2026-06,GURDASPUR,PUNJAB,0.05,1435.52,0.03,6.9
2026-06,KAPURTHALA,PUNJAB,0.04,1031.66,0.03,6.82
2026-06,FAZILKA,PUNJAB,0.04,1142.48,0.03,6.77
2026-06,SANGRUR,PUNJAB,0.04,1289.67,0.03,6.13
2026-06,FIROZPUR,PUNJAB,0.04,1075.95,0.02,5.61
2026-06,RUPNAGAR,PUNJAB,0.03,815.24,0.02,5.19
2026-06,PATHANKOT,PUNJAB,0.03,793.4,0.02,4.73
2026-06,SRI MUKTSAR SAHIB,PUNJAB,0.03,906.5,0.02,4.62
2026-06,FATEHGARH SAHIB,PUNJAB,0.02,693.33,0.02,4.32
2026-06,MOGA,PUNJAB,0.03,893.89,0.02,4.23
2026-06,TARN TARAN,PUNJAB,0.03,987.16,0.02,4.11
2026-06,FARIDKOT,PUNJAB,0.02,619.12,0.01,3.15
2026-06,MANSA,PUNJAB,0.02,644.57,0.01,2.96
2026-06,BARNALA,PUNJAB,0.02,599.67,0.01,2.86
2026-06,SHAHID BHAGAT SINGH NAGAR,PUNJAB,0.02,451.41,0.01,2.47
2026-06,MALER KOTLA,PUNJAB,0.01,401.48,0.01,2.07
2026-06,,PUNJAB Total,1.38,39874.25,1.03,234.65
2026-06,RANCHI,JHARKHAND,0.17,4943.83,0.17,38.47
2026-06,EAST SINGHBHUM,JHARKHAND,0.09,2584.59,0.1,21.91
2026-06,DHANBAD,JHARKHAND,0.08,2284.01,0.08,18.39
2026-06,BOKARO,JHARKHAND,0.06,1600.08,0.06,13.7
2026-06,HAZARIBAGH,JHARKHAND,0.06,1863.93,0.06,13.23
2026-06,GIRIDIH,JHARKHAND,0.05,1563.64,0.05,11.51
2026-06,PALAMU,JHARKHAND,0.05,1363.89,0.04,9.77
2026-06,DEOGHAR,JHARKHAND,0.03,885.54,0.03,7.4
2026-06,SARAIKELA-KHARSAWAN,JHARKHAND,0.03,800.01,0.03,7.25
2026-06,RAMGARH,JHARKHAND,0.03,827.67,0.03,6.53
2026-06,GARHWA,JHARKHAND,0.03,870.04,0.03,6.13
2026-06,KODERMA,JHARKHAND,0.03,751.68,0.02,4.89
2026-06,GODDA,JHARKHAND,0.02,540.52,0.02,4.32
2026-06,CHATRA,JHARKHAND,0.02,607.69,0.02,4.03
2026-06,SAHIBGANJ,JHARKHAND,0.02,559.39,0.02,4
2026-06,WEST SINGHBHUM,JHARKHAND,0.02,487.44,0.02,3.85
2026-06,DUMKA,JHARKHAND,0.01,431.35,0.01,3.31
2026-06,LATEHAR,JHARKHAND,0.01,425.13,0.01,2.85
2026-06,GUMLA,JHARKHAND,0.01,353.86,0.01,2.21
2026-06,PAKUR,JHARKHAND,0.01,348.6,0.01,2.2
2026-06,LOHARDAGA,JHARKHAND,0.01,270.97,0.01,1.94
2026-06,JAMTARA,JHARKHAND,0.01,218.25,0.01,1.7
2026-06,KHUNTI,JHARKHAND,0.01,195.15,0.01,1.18
2026-06,SIMDEGA,JHARKHAND,0.01,183.72,0.0,1.04
2026-06,,JHARKHAND Total,0.86,24960.98,0.84,191.82
2026-06,RAIPUR,CHHATTISGARH,0.15,4433.56,0.15,33.16
2026-06,DURG,CHHATTISGARH,0.07,2147.87,0.07,16.92
2026-06,BILASPUR,CHHATTISGARH,0.06,1777.44,0.07,15.02
2026-06,RAIGARH,CHHATTISGARH,0.03,981.9,0.04,8.05
2026-06,KORBA,CHHATTISGARH,0.03,931.13,0.04,8
2026-06,SURGUJA,CHHATTISGARH,0.02,613.13,0.02,4.9
2026-06,JANJGIR - CHAMPA,CHHATTISGARH,0.02,544.83,0.02,4.43
2026-06,RAJNANDGAON,CHHATTISGARH,0.02,572.17,0.02,4.08
2026-06,BASTAR,CHHATTISGARH,0.02,542.88,0.02,3.97
2026-06,BALODA BAZAR,CHHATTISGARH,0.02,509.68,0.02,3.94
2026-06,MAHASAMUND,CHHATTISGARH,0.02,571.19,0.02,3.88
2026-06,KAWARDHA (KABIRDHAM),CHHATTISGARH,0.01,348.29,0.01,3.12
2026-06,JASHPUR,CHHATTISGARH,0.01,376.65,0.01,2.71
2026-06,UTTAR BASTAR KANKER,CHHATTISGARH,0.01,375.15,0.01,2.67
2026-06,SURAJPUR,CHHATTISGARH,0.01,328.54,0.01,2.65
2026-06,SAKTI,CHHATTISGARH,0.01,322.91,0.01,2.56
2026-06,BEMETARA,CHHATTISGARH,0.01,325.22,0.01,2.44
2026-06,DHAMTARI,CHHATTISGARH,0.01,362.28,0.01,2.37
2026-06,BALOD,CHHATTISGARH,0.01,313.04,0.01,2.33
2026-06,BALRAMPUR,CHHATTISGARH,0.01,337.89,0.01,2.31
2026-06,MUNGELI,CHHATTISGARH,0.01,263.69,0.01,2.17
2026-06,SARANGARH-BILAIGARH,CHHATTISGARH,0.01,287.55,0.01,2.11
2026-06,GARIYABAND,CHHATTISGARH,0.01,204.53,0.01,1.54
2026-06,KONDAGAON,CHHATTISGARH,0.01,218.97,0.01,1.51
2026-06,MANENDRAGARH-CHIRMIRI-BHARATPUR,CHHATTISGARH,0.01,174.85,0.01,1.41
2026-06,DAKSHIN BASTAR DANTEWARA,CHHATTISGARH,0.01,201.51,0.01,1.41
2026-06,GAURELA-PENDRA-MARWAHI,CHHATTISGARH,0.01,146.68,0.01,1.19
2026-06,KOREA,CHHATTISGARH,0.0,138.19,0.01,1.16
2026-06,BIJAPUR,CHHATTISGARH,0.01,161.42,0.0,1
2026-06,KHAIRGARH-CHHUIKHADAN-GANDAI,CHHATTISGARH,0.0,129.18,0.0,0.95
2026-06,SUKMA,CHHATTISGARH,0.0,126.69,0.0,0.75
2026-06,NARAYANPUR,CHHATTISGARH,0.0,91.13,0.0,0.59
2026-06,MOHLA-MANPUR-AMBAGARH CHOWKI,CHHATTISGARH,0.0,79.41,0.0,0.56
2026-06,,CHHATTISGARH Total,0.65,18939.56,0.64,145.87
2026-06,DEHRADUN,UTTARAKHAND,0.21,6105.48,0.22,49.62
2026-06,HARIDWAR,UTTARAKHAND,0.11,3218.16,0.12,26.56
2026-06,UDHAM SINGH NAGAR,UTTARAKHAND,0.08,2439.12,0.09,19.33
2026-06,NAINITAL,UTTARAKHAND,0.07,1914.01,0.06,14.43
2026-06,TEHRI GARHWAL,UTTARAKHAND,0.02,654.09,0.02,4.99
2026-06,PAURI GARHWAL,UTTARAKHAND,0.02,600.93,0.02,4.79
2026-06,ALMORA,UTTARAKHAND,0.01,378.79,0.01,2.83
2026-06,CHAMOLI,UTTARAKHAND,0.01,388.97,0.01,2.68
2026-06,PITHORAGARH,UTTARAKHAND,0.01,322.36,0.01,2.46
2026-06,RUDRAPRAYAG,UTTARAKHAND,0.01,363.05,0.01,2.26
2026-06,UTTARKASHI,UTTARAKHAND,0.01,281.82,0.01,1.95
2026-06,CHAMPAWAT,UTTARAKHAND,0.01,180.02,0.01,1.41
2026-06,BAGESHWAR,UTTARAKHAND,0.0,115.1,0.0,0.89
2026-06,,UTTARAKHAND Total,0.59,16961.9,0.59,134.18
2026-06,JAMMU,JAMMU AND KASHMIR,0.1,2878.33,0.09,20.61
2026-06,SRINAGAR,JAMMU AND KASHMIR,0.08,2363.97,0.07,16.56
2026-06,BARAMULA,JAMMU AND KASHMIR,0.03,904.16,0.03,7.83
2026-06,ANANTNAG,JAMMU AND KASHMIR,0.03,903.44,0.03,7.74
2026-06,BADGAM,JAMMU AND KASHMIR,0.03,823.71,0.03,6.46
2026-06,KUPWARA,JAMMU AND KASHMIR,0.02,501.26,0.02,4.88
2026-06,PULWAMA,JAMMU AND KASHMIR,0.02,533.59,0.02,4.31
2026-06,KATHUA,JAMMU AND KASHMIR,0.02,524.09,0.02,3.63
2026-06,SAMBA,JAMMU AND KASHMIR,0.02,463.26,0.01,3.28
2026-06,UDHAMPUR,JAMMU AND KASHMIR,0.01,432.39,0.01,3.11
2026-06,GANDERBAL,JAMMU AND KASHMIR,0.01,358.39,0.01,2.86
2026-06,RAJAURI,JAMMU AND KASHMIR,0.01,432.69,0.01,2.86
2026-06,KULGAM,JAMMU AND KASHMIR,0.01,280.44,0.01,2.76
2026-06,RIASI,JAMMU AND KASHMIR,0.01,321.07,0.01,2.45
2026-06,BANDIPURA,JAMMU AND KASHMIR,0.01,260.44,0.01,2.39
2026-06,DODA,JAMMU AND KASHMIR,0.01,241.73,0.01,2.17
2026-06,PUNCH,JAMMU AND KASHMIR,0.01,304.98,0.01,2.15
2026-06,SHUPIYAN,JAMMU AND KASHMIR,0.01,212.28,0.01,2.12
2026-06,RAMBAN,JAMMU AND KASHMIR,0.01,192.9,0.01,1.67
2026-06,KISHTWAR,JAMMU AND KASHMIR,0.01,161.04,0.01,1.39
2026-06,MIRPUR,JAMMU AND KASHMIR,0.0,1.15,0.0,
2026-06,MUZAFFARABAD,JAMMU AND KASHMIR,0.0,1.28,0.0,
2026-06,,JAMMU AND KASHMIR Total,0.45,13096.6,0.45,101.23
2026-06,SOLAN,HIMACHAL PRADESH,0.05,1555.39,0.06,13.86
2026-06,KANGRA,HIMACHAL PRADESH,0.06,1659.26,0.05,12.05
2026-06,SHIMLA,HIMACHAL PRADESH,0.05,1384.1,0.05,11.03
2026-06,KULLU,HIMACHAL PRADESH,0.04,1274.63,0.04,8.1
2026-06,MANDI,HIMACHAL PRADESH,0.03,1006.03,0.03,7.38
2026-06,SIRMAUR,HIMACHAL PRADESH,0.02,567.06,0.02,4.61
2026-06,UNA,HIMACHAL PRADESH,0.02,518.37,0.02,3.57
2026-06,HAMIRPUR,HIMACHAL PRADESH,0.02,477.39,0.02,3.51
2026-06,BILASPUR,HIMACHAL PRADESH,0.01,376.66,0.01,2.8
2026-06,CHAMBA,HIMACHAL PRADESH,0.01,341.09,0.01,2.56
2026-06,KINNAUR,HIMACHAL PRADESH,0.01,165.6,0.0,1.11
2026-06,LAHAUL & SPITI,HIMACHAL PRADESH,0.01,158.91,0.0,0.82
2026-06,,HIMACHAL PRADESH Total,0.33,9484.49,0.31,71.39
2026-06,NORTH GOA,GOA,0.12,3344.8,0.09,20.89
2026-06,SOUTH GOA,GOA,0.07,1889.63,0.06,13.42
2026-06,KUSHAVATI,GOA,0.01,250.91,0.01,1.78
2026-06,,GOA Total,0.19,5485.34,0.16,36.09
2026-06,CHANDIGARH,CHANDIGARH,0.12,3424.31,0.12,26.99
2026-06,,CHANDIGARH Total,0.12,3424.31,0.12,26.99
2026-06,PAPUMPARE,ARUNACHAL PRADESH,0.05,1306.49,0.05,10.47
2026-06,EAST SIANG,ARUNACHAL PRADESH,0.01,228.59,0.01,2.06
2026-06,WEST KAMENG,ARUNACHAL PRADESH,0.01,197.28,0.01,1.35
2026-06,NAMSAI,ARUNACHAL PRADESH,0.0,137.27,0.0,1.12
2026-06,CHANGLANG,ARUNACHAL PRADESH,0.0,123.57,0.0,1.04
2026-06,WEST SIANG,ARUNACHAL PRADESH,0.0,128.18,0.0,1.01
2026-06,LOWER DIBANG VALLEY,ARUNACHAL PRADESH,0.0,109.03,0.0,0.89
2026-06,LOHIT,ARUNACHAL PRADESH,0.0,94.99,0.0,0.81
2026-06,LOWER SUBANSIRI,ARUNACHAL PRADESH,0.0,92.48,0.0,0.68
2026-06,TIRAP,ARUNACHAL PRADESH,0.0,68.38,0.0,0.61
2026-06,TAWANG,ARUNACHAL PRADESH,0.0,122.76,0.0,0.61
2026-06,UPPER SUBANSIRI,ARUNACHAL PRADESH,0.0,86.52,0.0,0.6
2026-06,EAST KAMENG,ARUNACHAL PRADESH,0.0,71.05,0.0,0.59
2026-06,LONGDING,ARUNACHAL PRADESH,0.0,37.92,0.0,0.35
2026-06,SIANG,ARUNACHAL PRADESH,0.0,39.8,0.0,0.35
2026-06,UPPER SIANG,ARUNACHAL PRADESH,0.0,39.81,0.0,0.3
2026-06,LEPA RADA,ARUNACHAL PRADESH,0.0,35.72,0.0,0.28
2026-06,KEYI PANYOR,ARUNACHAL PRADESH,0.0,29.9,0.0,0.26
2026-06,KAMLE,ARUNACHAL PRADESH,0.0,23.77,0.0,0.21
2026-06,ANJAW,ARUNACHAL PRADESH,0.0,29.33,0.0,0.18
2026-06,KRA DAADI,ARUNACHAL PRADESH,0.0,20.6,0.0,0.16
2026-06,KURUNG KUMEY,ARUNACHAL PRADESH,0.0,22.3,0.0,0.15
2026-06,DIBANG VALLEY,ARUNACHAL PRADESH,0.0,18.41,0.0,0.12
2026-06,LOWER SIANG,ARUNACHAL PRADESH,0.0,12.67,0.0,0.1
2026-06,PAKKE KESSANG,ARUNACHAL PRADESH,0.0,11.45,0.0,0.1
2026-06,BICHOM,ARUNACHAL PRADESH,0.0,13.09,0.0,0.09
2026-06,SHI YOMI,ARUNACHAL PRADESH,0.0,15.91,0.0,0.08
2026-06,,ARUNACHAL PRADESH Total,0.11,3117.28,0.11,24.55
2026-06,PUDUCHERRY,PUDUCHERRY,0.09,2627.26,0.08,18.91
2026-06,KARAIKAL,PUDUCHERRY,0.01,369.16,0.01,2.41
2026-06,,PUDUCHERRY Total,0.1,2996.42,0.09,21.33
2026-06,EAST KHASI HILLS,MEGHALAYA,0.04,1110.84,0.04,8.83
2026-06,WEST GARO HILLS,MEGHALAYA,0.01,308.44,0.01,3.14
2026-06,RI-BHOI,MEGHALAYA,0.01,241.48,0.01,1.97
2026-06,WEST JAINTIA HILLS,MEGHALAYA,0.01,151.72,0.01,1.29
2026-06,EAST JAINTIA HILLS,MEGHALAYA,0.0,118.9,0.0,0.88
2026-06,NORTH GARO HILLS,MEGHALAYA,0.0,59,0.0,0.67
2026-06,EAST GARO HILLS,MEGHALAYA,0.0,54.71,0.0,0.64
2026-06,SOUTH WEST GARO HILLS,MEGHALAYA,0.0,60.9,0.0,0.59
2026-06,SOUTH GARO HILLS,MEGHALAYA,0.0,42.07,0.0,0.43
2026-06,WEST KHASI HILLS,MEGHALAYA,0.0,55.41,0.0,0.36
2026-06,SOUTH WEST KHASI HILLS,MEGHALAYA,0.0,28.63,0.0,0.17
2026-06,EASTERN WEST KHASI HILLS,MEGHALAYA,0.0,22.86,0.0,0.15
2026-06,,MEGHALAYA Total,0.08,2254.97,0.08,19.12
2026-06,IMPHAL WEST,MANIPUR,0.04,1105.58,0.03,5.72
2026-06,IMPHAL EAST,MANIPUR,0.03,729.13,0.02,4.09
2026-06,CHURACHANDPUR,MANIPUR,0.01,300.83,0.01,1.86
2026-06,THOUBAL,MANIPUR,0.01,285.64,0.01,1.66
2026-06,BISHNUPUR,MANIPUR,0.01,227.23,0.01,1.34
2026-06,KAKCHING,MANIPUR,0.0,120.85,0.0,0.66
2026-06,KANGPOKPI,MANIPUR,0.0,116.17,0.0,0.63
2026-06,SENAPATI,MANIPUR,0.0,95.03,0.0,0.48
2026-06,UKHRUL,MANIPUR,0.0,95.73,0.0,0.4
2026-06,JIRIBAM,MANIPUR,0.0,40.28,0.0,0.29
2026-06,TAMENGLONG,MANIPUR,0.0,51.26,0.0,0.28
2026-06,CHANDEL,MANIPUR,0.0,41.25,0.0,0.23
2026-06,TENGNOUPAL,MANIPUR,0.0,27.96,0.0,0.12
2026-06,KAMJANG,MANIPUR,0.0,14.27,0.0,0.07
2026-06,NONEY,MANIPUR,0.0,11.93,0.0,0.07
2026-06,PHERZAWL,MANIPUR,0.0,5.22,0.0,0.04
2026-06,,MANIPUR Total,0.11,3268.34,0.08,17.95
2026-06,WEST TRIPURA,TRIPURA,0.03,999.84,0.04,8.12
2026-06,NORTH TRIPURA,TRIPURA,0.01,220.01,0.01,1.76
2026-06,GOMTI,TRIPURA,0.01,203.92,0.01,1.48
2026-06,SEPAHIJALA,TRIPURA,0.01,189.28,0.01,1.32
2026-06,DHALAI,TRIPURA,0.01,150.09,0.01,1.18
2026-06,SOUTH TRIPURA,TRIPURA,0.01,161.7,0.0,1.1
2026-06,UNAKOTI,TRIPURA,0.0,121.9,0.0,1.03
2026-06,KHOWAI,TRIPURA,0.0,110.84,0.0,0.84
2026-06,,TRIPURA Total,0.07,2157.59,0.07,16.81
2026-06,AIZAWL,MIZORAM,0.04,1294.57,0.04,9.23
2026-06,LUNGLEI,MIZORAM,0.01,158.45,0.01,1.19
2026-06,KOLASIB,MIZORAM,0.0,111.5,0.0,0.9
2026-06,LAWNGTLAI,MIZORAM,0.0,113.85,0.0,0.76
2026-06,SERCHHIP,MIZORAM,0.0,77.54,0.0,0.62
2026-06,MAMIT,MIZORAM,0.0,72.1,0.0,0.6
2026-06,CHAMPHAI,MIZORAM,0.0,106.21,0.0,0.59
2026-06,SAIHA,MIZORAM,0.0,71.95,0.0,0.56
2026-06,SAITUAL,MIZORAM,0.0,35.97,0.0,0.29
2026-06,KHAWZAWL,MIZORAM,0.0,30.83,0.0,0.23
2026-06,HNAHTHIAL,MIZORAM,0.0,24.32,0.0,0.19
2026-06,,MIZORAM Total,0.07,2097.27,0.07,15.16
2026-06,DIMAPUR,NAGALAND,0.03,728.04,0.02,5.12
2026-06,KOHIMA,NAGALAND,0.01,403.04,0.01,2.71
2026-06,CHUMOUKEDIMA,NAGALAND,0.01,323.46,0.01,2.49
2026-06,MOKOKCHUNG,NAGALAND,0.0,133.07,0.0,0.88
2026-06,MON,NAGALAND,0.0,89.56,0.0,0.78
2026-06,WOKHA,NAGALAND,0.0,70.97,0.0,0.48
2026-06,TUENSANG,NAGALAND,0.0,49.03,0.0,0.4
2026-06,PEREN,NAGALAND,0.0,42.1,0.0,0.35
2026-06,PHEK,NAGALAND,0.0,47.26,0.0,0.34
2026-06,ZUNHEBOTO,NAGALAND,0.0,44.37,0.0,0.3
2026-06,KIPHIRE,NAGALAND,0.0,26.98,0.0,0.19
2026-06,LONGLENG,NAGALAND,0.0,18.19,0.0,0.17
2026-06,NOKLAK,NAGALAND,0.0,10.09,0.0,0.07
2026-06,SHAMATOR,NAGALAND,0.0,8.8,0.0,0.06
2026-06,TSEMINYU,NAGALAND,0.0,8.15,0.0,0.06
2026-06,NIULAND,NAGALAND,0.0,0.79,0.0,0.01
2026-06,,NAGALAND Total,0.07,2003.89,0.06,14.42
2026-06,DADRA AND NAGAR HAVELI,DADRA & NAGAR HAVELI & DAMAN & DIU,0.02,716.64,0.03,6.63
2026-06,DAMAN,DADRA & NAGAR HAVELI & DAMAN & DIU,0.02,437.37,0.02,4.06
2026-06,DIU,DADRA & NAGAR HAVELI & DAMAN & DIU,0.0,68.67,0.0,0.4
2026-06,,DADRA & NAGAR HAVELI & DAMAN & DIU Total,0.04,1222.69,0.05,11.09
2026-06,GANGTOK,SIKKIM,0.02,677.61,0.02,4.79
2026-06,NAMCHI,SIKKIM,0.01,251.36,0.01,2.01
2026-06,PAKYONG,SIKKIM,0.01,233.2,0.01,1.87
2026-06,GYALSHING,SIKKIM,0.0,80.97,0.0,0.55
2026-06,SORENG,SIKKIM,0.0,69.18,0.0,0.52
2026-06,MANGAN,SIKKIM,0.0,84.85,0.0,0.49
2026-06,,SIKKIM Total,0.05,1397.18,0.05,10.23
2026-06,LEH,LADAKH,0.03,797.27,0.02,3.79
2026-06,KARGIL,LADAKH,0.01,218.27,0.01,1.61
2026-06,,LADAKH Total,0.04,1015.53,0.02,5.4
2026-06,SOUTH ANDAMANS,ANDAMAN AND NICOBAR ISLANDS,0.02,533.87,0.02,3.58
2026-06,NORTH AND MIDDLE ANDAMAN,ANDAMAN AND NICOBAR ISLANDS,0.0,64.99,0.0,0.4
2026-06,NICOBARS,ANDAMAN AND NICOBAR ISLANDS,0.0,19.95,0.0,0.12
2026-06,,ANDAMAN AND NICOBAR ISLANDS Total,0.02,618.81,0.02,4.09
2026-06,LAKSHADWEEP,LAKSHADWEEP,0.0,69.98,0.0,0.69
2026-06,,LAKSHADWEEP Total,0.0,69.98,0.0,0.69
2026-06,,Unclassified #,38.91,1125377.12,44.05,10005.78
2026-07,MUMBAI SUBURBAN,MAHARASHTRA,2.07,61755.96,2.49,589.33
2026-07,PUNE,MAHARASHTRA,1.72,51264.87,1.79,422.33
2026-07,MUMBAI,MAHARASHTRA,0.8,23983.23,1.06,251.17
2026-07,THANE,MAHARASHTRA,1.0,29825.22,1.03,243.18
2026-07,NAGPUR,MAHARASHTRA,0.33,9962.15,0.3,70.68
2026-07,RAIGAD,MAHARASHTRA,0.29,8768.34,0.3,70.07
2026-07,NASHIK,MAHARASHTRA,0.32,9549.32,0.28,65.36
2026-07,PALGHAR,MAHARASHTRA,0.22,6613.88,0.23,54.77
2026-07,CHHATRAPATI SAMBHAJI NAGAR,MAHARASHTRA,0.22,6598.04,0.21,50.65
2026-07,SOLAPUR,MAHARASHTRA,0.23,6997.93,0.19,45.07
2026-07,AHILYANAGAR,MAHARASHTRA,0.23,6991.1,0.19,43.79
2026-07,KOLHAPUR,MAHARASHTRA,0.17,4961.82,0.15,35
2026-07,SATARA,MAHARASHTRA,0.13,3803.71,0.12,27.94
2026-07,SANGLI,MAHARASHTRA,0.13,3766.82,0.11,25.3
2026-07,JALGAON,MAHARASHTRA,0.12,3603.87,0.1,23.11
2026-07,NANDED,MAHARASHTRA,0.11,3334.69,0.09,22.38
2026-07,LATUR,MAHARASHTRA,0.1,2984.43,0.09,21.6
2026-07,BEED,MAHARASHTRA,0.1,3069.17,0.08,18.7
2026-07,AMRAVATI,MAHARASHTRA,0.09,2604.93,0.08,17.82
2026-07,BULDHANA,MAHARASHTRA,0.07,2191.28,0.07,15.56
2026-07,YAVATMAL,MAHARASHTRA,0.06,1874.67,0.06,13.54
2026-07,CHANDRAPUR,MAHARASHTRA,0.06,1885.43,0.06,13.44
2026-07,DHARASHIV,MAHARASHTRA,0.07,1950.5,0.06,13.35
2026-07,JALNA,MAHARASHTRA,0.07,1957.81,0.06,13.14
2026-07,AKOLA,MAHARASHTRA,0.05,1578.02,0.05,11.04
2026-07,DHULE,MAHARASHTRA,0.06,1693.84,0.05,11.03
2026-07,PARBHANI,MAHARASHTRA,0.05,1533.3,0.05,10.73
2026-07,RATNAGIRI,MAHARASHTRA,0.04,1205.38,0.04,8.61
2026-07,HINGOLI,MAHARASHTRA,0.03,998.49,0.03,7.61
2026-07,WARDHA,MAHARASHTRA,0.04,1060.93,0.03,7.57
2026-07,WASHIM,MAHARASHTRA,0.03,888.15,0.03,6.43
2026-07,NANDURBAR,MAHARASHTRA,0.03,841.96,0.03,6.09
2026-07,GONDIA,MAHARASHTRA,0.03,966.27,0.03,5.95
2026-07,BHANDARA,MAHARASHTRA,0.03,870.69,0.02,5.15
2026-07,SINDHUDURG,MAHARASHTRA,0.02,682.75,0.02,4.65
2026-07,GADCHIROLI,MAHARASHTRA,0.02,659.97,0.02,4.34
2026-07,,MAHARASHTRA Total,9.15,273278.93,9.54,2256.48
2026-07,GAUTAM BUDDHA NAGAR,UTTAR PRADESH,0.65,19368.51,0.78,185.1
2026-07,LUCKNOW,UTTAR PRADESH,0.42,12568.11,0.44,103.91
2026-07,GHAZIABAD,UTTAR PRADESH,0.42,12582.42,0.43,100.93
2026-07,PRAYAGRAJ,UTTAR PRADESH,0.16,4908.58,0.18,41.42
2026-07,VARANASI,UTTAR PRADESH,0.18,5320.11,0.17,39.7
2026-07,KANPUR NAGAR,UTTAR PRADESH,0.18,5357.01,0.16,36.95
2026-07,AGRA,UTTAR PRADESH,0.17,5047.92,0.15,36.05
2026-07,GORAKHPUR,UTTAR PRADESH,0.15,4392.94,0.14,33.8
2026-07,MEERUT,UTTAR PRADESH,0.15,4599.76,0.13,30.36
2026-07,MATHURA,UTTAR PRADESH,0.1,3112.01,0.1,23.67
2026-07,BAREILLY,UTTAR PRADESH,0.11,3174.31,0.09,22.24
2026-07,ALIGARH,UTTAR PRADESH,0.1,2948.31,0.09,21.76
2026-07,SAHARANPUR,UTTAR PRADESH,0.1,2941.45,0.08,19.34
2026-07,BULANDSHAHR,UTTAR PRADESH,0.08,2488.15,0.08,18.98
2026-07,MORADABAD,UTTAR PRADESH,0.09,2692.46,0.08,18.75
2026-07,JAUNPUR,UTTAR PRADESH,0.08,2253.64,0.08,18.43
2026-07,AZAMGARH,UTTAR PRADESH,0.07,2166.13,0.08,17.97
2026-07,KUSHINAGAR,UTTAR PRADESH,0.07,1971.46,0.07,16.25
2026-07,MUZAFFARNAGAR,UTTAR PRADESH,0.07,2044.21,0.06,14.51
2026-07,DEORIA,UTTAR PRADESH,0.06,1787.05,0.06,14.45
2026-07,BIJNOR,UTTAR PRADESH,0.06,1905.41,0.06,13.61
2026-07,AYODHYA,UTTAR PRADESH,0.06,1684.15,0.06,13.27
2026-07,GHAZIPUR,UTTAR PRADESH,0.05,1622.38,0.05,12.79
2026-07,JHANSI,UTTAR PRADESH,0.06,1746.02,0.05,12.14
2026-07,FIROZABAD,UTTAR PRADESH,0.05,1611.16,0.05,11.68
2026-07,PRATAPGARH,UTTAR PRADESH,0.05,1370.18,0.05,11.59
2026-07,GONDA,UTTAR PRADESH,0.05,1430.18,0.05,11.4
2026-07,BALLIA,UTTAR PRADESH,0.05,1459.3,0.05,11.29
2026-07,HAPUR,UTTAR PRADESH,0.05,1431.42,0.05,10.73
2026-07,BASTI,UTTAR PRADESH,0.04,1293.47,0.04,10.59
2026-07,BARA BANKI,UTTAR PRADESH,0.04,1263.25,0.04,10.44
2026-07,KHERI,UTTAR PRADESH,0.04,1256.35,0.04,10.44
2026-07,MAHRAJGANJ,UTTAR PRADESH,0.04,1264.72,0.04,10.41
2026-07,RAMPUR,UTTAR PRADESH,0.05,1443.09,0.04,10.17
2026-07,SULTANPUR,UTTAR PRADESH,0.04,1224.07,0.04,10
2026-07,SITAPUR,UTTAR PRADESH,0.04,1196.28,0.04,9.98
2026-07,SIDDHARTHNAGAR,UTTAR PRADESH,0.04,1140.34,0.04,9.94
2026-07,BAHRAICH,UTTAR PRADESH,0.04,1219.27,0.04,9.64
2026-07,AMROHA,UTTAR PRADESH,0.04,1328.33,0.04,9.22
2026-07,RAE BARELI,UTTAR PRADESH,0.04,1171.14,0.04,9.09
2026-07,MIRZAPUR,UTTAR PRADESH,0.04,1183.38,0.04,8.67
2026-07,AMBEDKAR NAGAR,UTTAR PRADESH,0.03,1011.6,0.04,8.46
2026-07,MAU,UTTAR PRADESH,0.03,990.67,0.04,8.28
2026-07,UNNAO,UTTAR PRADESH,0.04,1176.33,0.03,8.26
2026-07,SONBHADRA,UTTAR PRADESH,0.04,1076.11,0.03,8.25
2026-07,HARDOI,UTTAR PRADESH,0.04,1084.27,0.03,8.04
2026-07,BUDAUN,UTTAR PRADESH,0.04,1053.97,0.03,7.84
2026-07,SHAHJAHANPUR,UTTAR PRADESH,0.04,1094.9,0.03,7.79
2026-07,CHANDAULI,UTTAR PRADESH,0.04,1078.01,0.03,7.78
2026-07,ETAWAH,UTTAR PRADESH,0.03,951.25,0.03,7.51
2026-07,SAMBHAL,UTTAR PRADESH,0.03,1043.25,0.03,7.39
2026-07,MAINPURI,UTTAR PRADESH,0.03,925.3,0.03,7.32
2026-07,BALRAMPUR,UTTAR PRADESH,0.03,828.15,0.03,7.32
2026-07,BAGHPAT,UTTAR PRADESH,0.03,985.48,0.03,7.12
2026-07,SHAMLI,UTTAR PRADESH,0.03,924.55,0.03,6.57
2026-07,SANT KABIR NAGAR,UTTAR PRADESH,0.03,787.79,0.03,6.49
2026-07,HATHRAS,UTTAR PRADESH,0.03,844.15,0.03,6.27
2026-07,AMETHI,UTTAR PRADESH,0.03,775.34,0.03,6.26
2026-07,JALAUN,UTTAR PRADESH,0.03,798.68,0.03,6.11
2026-07,ETAH,UTTAR PRADESH,0.03,762.42,0.03,6.1
2026-07,FATEHPUR,UTTAR PRADESH,0.03,826.31,0.03,6.02
2026-07,FARRUKHABAD,UTTAR PRADESH,0.03,766.73,0.02,5.87
2026-07,PILIBHIT,UTTAR PRADESH,0.03,794.43,0.02,5.85
2026-07,BHADOHI,UTTAR PRADESH,0.02,697.54,0.02,5.8
2026-07,KANNAUJ,UTTAR PRADESH,0.02,694.33,0.02,5.43
2026-07,AURAIYA,UTTAR PRADESH,0.02,653.24,0.02,5.23
2026-07,KANPUR DEHAT,UTTAR PRADESH,0.02,707.94,0.02,5.15
2026-07,BANDA,UTTAR PRADESH,0.02,568.66,0.02,4.51
2026-07,KASGANJ,UTTAR PRADESH,0.02,562.39,0.02,4.38
2026-07,LALITPUR,UTTAR PRADESH,0.02,477.06,0.02,3.94
2026-07,KAUSHAMBI,UTTAR PRADESH,0.02,515.2,0.02,3.85
2026-07,HAMIRPUR,UTTAR PRADESH,0.01,446.22,0.01,3.53
2026-07,MAHOBA,UTTAR PRADESH,0.01,379.31,0.01,3.21
2026-07,CHITRAKOOT,UTTAR PRADESH,0.01,358.56,0.01,2.74
2026-07,SHRAWASTI,UTTAR PRADESH,0.01,315.94,0.01,2.63
2026-07,,UTTAR PRADESH Total,5.29,157924.5,5.28,1248.92
2026-07,BENGALURU (URBAN),KARNATAKA,3.22,96153.36,3.03,717.37
2026-07,MYSURU,KARNATAKA,0.25,7570.74,0.21,50.81
2026-07,BENGALURU (RURAL),KARNATAKA,0.18,5293.21,0.16,38.33
2026-07,BELAGAVI,KARNATAKA,0.16,4775.98,0.14,33.42
2026-07,DAKSHINA KANNADA,KARNATAKA,0.16,4733.47,0.14,33.41
2026-07,TUMAKURU,KARNATAKA,0.14,4146.43,0.11,26.44
2026-07,DHARWAD,KARNATAKA,0.1,3079.99,0.1,23.64
2026-07,KOLARA,KARNATAKA,0.12,3547.58,0.1,22.8
2026-07,KALABURAGI,KARNATAKA,0.11,3182.46,0.09,22.07
2026-07,HASSAN,KARNATAKA,0.1,3116,0.08,18.46
2026-07,VIJAYAPURA,KARNATAKA,0.09,2647.25,0.07,17.45
2026-07,RAMANAGARA,KARNATAKA,0.09,2587.26,0.07,16.9
2026-07,MANDYA,KARNATAKA,0.1,2993.84,0.07,16.85
2026-07,SHIVAMOGGA,KARNATAKA,0.08,2431.49,0.07,16.3
2026-07,BALLARI,KARNATAKA,0.07,2158.71,0.07,15.45
2026-07,DAVANAGERE,KARNATAKA,0.07,2208.7,0.06,15.06
2026-07,BIDAR,KARNATAKA,0.07,2204.72,0.06,15.02
2026-07,UDUPI,KARNATAKA,0.07,2109.5,0.06,14.61
2026-07,RAICHUR,KARNATAKA,0.07,2096.09,0.06,13.95
2026-07,CHIKKABALLAPURA,KARNATAKA,0.08,2464.14,0.06,13.77
2026-07,BAGALKOT,KARNATAKA,0.06,1784.55,0.05,12.6
2026-07,CHITRADURGA,KARNATAKA,0.06,1866.11,0.05,11.85
2026-07,CHIKKAMAGALURU,KARNATAKA,0.06,1721.32,0.04,10.49
2026-07,VIJAYANAGARA,KARNATAKA,0.05,1441.18,0.04,10.17
2026-07,KOPPAL,KARNATAKA,0.05,1476.41,0.04,10.15
2026-07,UTTARA KANNADA,KARNATAKA,0.04,1285.21,0.04,8.88
2026-07,HAVERI,KARNATAKA,0.04,1236.42,0.04,8.43
2026-07,YADGIR,KARNATAKA,0.03,1032.66,0.03,6.38
2026-07,KODAGU,KARNATAKA,0.03,1035.08,0.03,6.16
2026-07,GADAG,KARNATAKA,0.03,829.47,0.03,6.09
2026-07,CHAMARAJANAGARA,KARNATAKA,0.03,990.36,0.02,5.91
2026-07,,KARNATAKA Total,5.83,174199.69,5.24,1239.23
2026-07,CHENNAI,TAMIL NADU,1.07,31849.98,0.97,228.97
2026-07,COIMBATORE,TAMIL NADU,0.45,13490.62,0.39,93.13
2026-07,CHENGALPATTU,TAMIL NADU,0.41,12107.25,0.39,92.7
2026-07,TIRUVALLUR,TAMIL NADU,0.25,7420.86,0.22,52.92
2026-07,TIRUPPUR,TAMIL NADU,0.21,6157.04,0.18,43.26
2026-07,KANCHEEPURAM,TAMIL NADU,0.16,4738.03,0.14,34.18
2026-07,SALEM,TAMIL NADU,0.19,5691.56,0.14,32.97
2026-07,KRISHNAGIRI,TAMIL NADU,0.17,5091.41,0.13,31.66
2026-07,MADURAI,TAMIL NADU,0.18,5465.69,0.13,31.11
2026-07,TIRUCHIRAPPALLI,TAMIL NADU,0.15,4505.47,0.12,27.25
2026-07,ERODE,TAMIL NADU,0.12,3521.38,0.09,21.59
2026-07,THANJAVUR,TAMIL NADU,0.1,3104.1,0.08,17.85
2026-07,CUDDALORE,TAMIL NADU,0.09,2799.3,0.07,17.5
2026-07,VELLORE,TAMIL NADU,0.08,2417.76,0.07,16.05
2026-07,TIRUNELVELI,TAMIL NADU,0.08,2481.8,0.06,15.13
2026-07,DINDIGUL,TAMIL NADU,0.09,2731.84,0.06,15.12
2026-07,TIRUVANNAMALAI,TAMIL NADU,0.08,2328.76,0.06,14.82
2026-07,THOOTHUKUDI,TAMIL NADU,0.08,2313.56,0.06,14.6
2026-07,KANNIYAKUMARI,TAMIL NADU,0.1,2848.44,0.06,14.57
2026-07,NAMAKKAL,TAMIL NADU,0.09,2545.41,0.06,14.28
2026-07,VILUPPURAM,TAMIL NADU,0.07,2081.39,0.06,13.54
2026-07,DHARMAPURI,TAMIL NADU,0.07,2221.11,0.05,12.17
2026-07,VIRUDHUNAGAR,TAMIL NADU,0.07,2032.7,0.05,11.79
2026-07,TIRUPATHUR,TAMIL NADU,0.05,1532.59,0.04,9.76
2026-07,RANIPET,TAMIL NADU,0.05,1522.3,0.04,9.75
2026-07,PUDUKKOTTAI,TAMIL NADU,0.05,1604.98,0.04,8.94
2026-07,TENKASI,TAMIL NADU,0.05,1495.84,0.04,8.62
2026-07,SIVAGANGA,TAMIL NADU,0.05,1519.1,0.04,8.51
2026-07,KARUR,TAMIL NADU,0.05,1432.62,0.03,8.1
2026-07,KALLAKURICHI,TAMIL NADU,0.04,1304.54,0.03,8.07
2026-07,RAMANATHAPURAM,TAMIL NADU,0.05,1454.65,0.03,7.94
2026-07,THENI,TAMIL NADU,0.05,1464.3,0.03,7.54
2026-07,THIRUVARUR,TAMIL NADU,0.04,1124.24,0.03,6.5
2026-07,THE NILGIRIS,TAMIL NADU,0.03,1045.55,0.03,6.45
2026-07,MAYILADUTHURAI,TAMIL NADU,0.03,866.13,0.02,5.22
2026-07,ARIYALUR,TAMIL NADU,0.02,725.94,0.02,4.33
2026-07,NAGAPATTINAM,TAMIL NADU,0.02,640.07,0.02,3.81
2026-07,PERAMBALUR,TAMIL NADU,0.02,620.13,0.02,3.62
2026-07,,TAMIL NADU Total,4.96,148298.42,4.12,974.33
2026-07,RANGA REDDY,TELANGANA,1.18,35118.87,0.95,225.05
2026-07,MEDCHAL-MALKAJGIRI,TELANGANA,1.06,31747.9,0.88,208.43
2026-07,HYDERABAD,TELANGANA,0.83,24939.68,0.74,175.72
2026-07,SANGAREDDY,TELANGANA,0.24,7122.68,0.19,45.38
2026-07,NALGONDA,TELANGANA,0.13,3776.97,0.09,20.13
2026-07,HANUMAKONDA,TELANGANA,0.11,3312.75,0.08,19.08
2026-07,KHAMMAM,TELANGANA,0.11,3335.99,0.08,19.08
2026-07,KARIMNAGAR,TELANGANA,0.11,3372.43,0.08,17.97
2026-07,NIZAMABAD,TELANGANA,0.12,3531.4,0.08,17.89
2026-07,SIDDIPET,TELANGANA,0.09,2814.08,0.06,14.3
2026-07,BHADRADRI KOTHAGUDEM,TELANGANA,0.07,2160.27,0.06,13.15
2026-07,MAHBUBNAGAR,TELANGANA,0.07,2124.55,0.05,12.83
2026-07,WARANGAL,TELANGANA,0.08,2316.66,0.05,12.58
2026-07,YADADRI BHUVANAGIRI,TELANGANA,0.08,2252.88,0.05,11.86
2026-07,SURYAPET,TELANGANA,0.08,2382.75,0.05,11.83
2026-07,MANCHERIAL,TELANGANA,0.06,1811.93,0.04,10.36
2026-07,PEDDAPALLI,TELANGANA,0.06,1746.75,0.04,9.86
2026-07,JAGTIAL,TELANGANA,0.07,2016.81,0.04,9
2026-07,VIKARABAD,TELANGANA,0.05,1420.78,0.04,8.71
2026-07,MEDAK,TELANGANA,0.05,1483.89,0.04,8.42
2026-07,KAMAREDDY,TELANGANA,0.05,1510.27,0.03,7.91
2026-07,NAGARKURNOOL,TELANGANA,0.05,1552.43,0.03,7.76
2026-07,MAHABUBABAD,TELANGANA,0.04,1241.97,0.03,6.73
2026-07,NIRMAL,TELANGANA,0.05,1373.12,0.03,6.3
2026-07,JANGAON,TELANGANA,0.04,1162.15,0.02,5.9
2026-07,RAJANNA SIRCILLA,TELANGANA,0.04,1237.46,0.02,5.73
2026-07,ADILABAD,TELANGANA,0.03,891.79,0.02,5.61
2026-07,WANAPARTHY,TELANGANA,0.03,1013.93,0.02,5.29
2026-07,JOGULAMBA GADWAL,TELANGANA,0.03,901.6,0.02,4.9
2026-07,JAYASHANKAR BHUPALPALLI,TELANGANA,0.03,787.43,0.02,4.04
2026-07,NARAYANPET,TELANGANA,0.02,743.72,0.02,3.92
2026-07,KUMURAM BHEEM,TELANGANA,0.02,518.64,0.01,3.51
2026-07,MULUGU,TELANGANA,0.02,490.56,0.01,2.59
2026-07,,TELANGANA Total,5.09,152215.08,3.98,941.8
2026-07,VISAKHAPATNAM,ANDHRA PRADESH,0.34,10060,0.28,65.93
2026-07,TIRUPATI,ANDHRA PRADESH,0.26,7783.18,0.21,50.72
2026-07,NTR,ANDHRA PRADESH,0.25,7403.48,0.2,46.43
2026-07,GUNTUR,ANDHRA PRADESH,0.24,7214.36,0.19,44.13
2026-07,SRI POTTI SRIRAMULU NELLORE,ANDHRA PRADESH,0.21,6257.42,0.15,34.99
2026-07,KAKINADA,ANDHRA PRADESH,0.16,4751.14,0.12,29.36
2026-07,ANANTHAPURAMU,ANDHRA PRADESH,0.16,4809.28,0.12,28.53
2026-07,EAST GODAVARI,ANDHRA PRADESH,0.16,4768.18,0.12,27.39
2026-07,PRAKASAM,ANDHRA PRADESH,0.16,4742.92,0.11,26.08
2026-07,KRISHNA,ANDHRA PRADESH,0.14,4225.45,0.11,25.07
2026-07,ELURU,ANDHRA PRADESH,0.14,4323.99,0.11,24.99
2026-07,KURNOOL,ANDHRA PRADESH,0.13,3966.19,0.1,24.62
2026-07,Y.S.R.,ANDHRA PRADESH,0.16,4732.98,0.1,24.49
2026-07,WEST GODAVARI,ANDHRA PRADESH,0.14,4158.69,0.1,23.27
2026-07,CHITTOOR,ANDHRA PRADESH,0.12,3677.84,0.09,20.75
2026-07,PALNADU,ANDHRA PRADESH,0.12,3627.45,0.08,20.01
2026-07,ANNAMAYYA,ANDHRA PRADESH,0.13,3758.06,0.08,19.67
2026-07,ANAKAPALLI,ANDHRA PRADESH,0.11,3167.88,0.08,18.5
2026-07,VIZIANAGARAM,ANDHRA PRADESH,0.1,3017.85,0.08,18.27
2026-07,SRIKAKULAM,ANDHRA PRADESH,0.11,3235.74,0.08,18.1
2026-07,NANDYAL,ANDHRA PRADESH,0.1,3106.13,0.08,17.81
2026-07,SRI SATHYA SAI,ANDHRA PRADESH,0.1,2934.59,0.07,17.41
2026-07,DR. B.R. AMBEDKAR KONASEEMA,ANDHRA PRADESH,0.1,2922.93,0.07,16.7
2026-07,BAPATLA,ANDHRA PRADESH,0.09,2597.57,0.06,15.02
2026-07,ALLURI SITARAMA RAJU,ANDHRA PRADESH,0.02,729.36,0.02,4.87
2026-07,PARVATHIPURAM MANYAM,ANDHRA PRADESH,0.03,835.54,0.02,4.78
2026-07,,ANDHRA PRADESH Total,3.78,112808.2,2.82,667.89
2026-07,JAIPUR,RAJASTHAN,0.76,22567.42,0.7,166.23
2026-07,JODHPUR,RAJASTHAN,0.17,5110.24,0.14,33.15
2026-07,UDAIPUR,RAJASTHAN,0.12,3723.23,0.12,27.44
2026-07,KOTA,RAJASTHAN,0.1,3027.47,0.1,22.5
2026-07,AJMER,RAJASTHAN,0.12,3552.63,0.09,22.34
2026-07,SIKAR,RAJASTHAN,0.12,3551.94,0.09,20.97
2026-07,BHILWARA,RAJASTHAN,0.11,3157.17,0.09,20.48
2026-07,BIKANER,RAJASTHAN,0.09,2694.19,0.07,16.86
2026-07,ALWAR,RAJASTHAN,0.07,2116.71,0.07,16.47
2026-07,GANGANAGAR,RAJASTHAN,0.08,2287.61,0.06,14.78
2026-07,KHAIRTHAL-TIJARA,RAJASTHAN,0.06,1766.88,0.06,14.45
2026-07,JHUNJHUNU,RAJASTHAN,0.07,2167.1,0.05,12.03
2026-07,DAUSA,RAJASTHAN,0.05,1481.18,0.05,11.72
2026-07,KOTPUTLI-BEHROR,RAJASTHAN,0.06,1769.79,0.05,11.29
2026-07,CHITTAURGARH,RAJASTHAN,0.05,1625.18,0.05,11.03
2026-07,BARMER,RAJASTHAN,0.05,1526.16,0.04,9.92
2026-07,PALI,RAJASTHAN,0.05,1471.61,0.04,9.77
2026-07,CHURU,RAJASTHAN,0.06,1681.22,0.04,9.48
2026-07,HANUMANGARH,RAJASTHAN,0.05,1597.62,0.04,9.32
2026-07,NAGAUR,RAJASTHAN,0.05,1492.11,0.04,8.67
2026-07,BHARATPUR,RAJASTHAN,0.04,1051.58,0.04,8.4
2026-07,DIDWANA-KUCHAMAN,RAJASTHAN,0.05,1507.53,0.04,8.34
2026-07,BEAWAR,RAJASTHAN,0.04,1264.48,0.03,8.02
2026-07,JALOR,RAJASTHAN,0.05,1358.3,0.03,7.9
2026-07,TONK,RAJASTHAN,0.04,1100.06,0.03,7.83
2026-07,RAJSAMAND,RAJASTHAN,0.04,1173.1,0.03,7.53
2026-07,JHALAWAR,RAJASTHAN,0.03,933.12,0.03,7.16
2026-07,SAWAI MADHOPUR,RAJASTHAN,0.03,880.71,0.03,6.98
2026-07,KARAULI,RAJASTHAN,0.03,845.96,0.03,6.85
2026-07,JAISALMER,RAJASTHAN,0.03,905.98,0.03,6.37
2026-07,BANSWARA,RAJASTHAN,0.03,781.22,0.02,5.9
2026-07,SIROHI,RAJASTHAN,0.03,847.43,0.02,5.85
2026-07,BALOTRA,RAJASTHAN,0.03,927.28,0.02,5.75
2026-07,DHAULPUR,RAJASTHAN,0.02,712.13,0.02,5.7
2026-07,BUNDI,RAJASTHAN,0.03,748.36,0.02,5.45
2026-07,BARAN,RAJASTHAN,0.02,638.33,0.02,4.83
2026-07,DUNGARPUR,RAJASTHAN,0.02,666.66,0.02,4.65
2026-07,DEEG,RAJASTHAN,0.02,526.73,0.02,4.39
2026-07,PHALODI,RAJASTHAN,0.02,714.89,0.02,4.36
2026-07,PRATAPGARH,RAJASTHAN,0.01,403.42,0.01,3.01
2026-07,SALUMBAR,RAJASTHAN,0.01,265.46,0.01,1.82
2026-07,,RAJASTHAN Total,2.9,86620.17,2.52,595.98
2026-07,AHMADABAD,GUJARAT,0.72,21532.85,0.61,143.44
2026-07,SURAT,GUJARAT,0.52,15461.92,0.43,101.85
2026-07,VADODARA,GUJARAT,0.26,7791.98,0.25,60.07
2026-07,KACHCHH,GUJARAT,0.14,4091.05,0.12,27.63
2026-07,GANDHINAGAR,GUJARAT,0.12,3546.35,0.11,25.02
2026-07,RAJKOT,GUJARAT,0.16,4916.37,0.11,24.92
2026-07,BHARUCH,GUJARAT,0.09,2829.49,0.1,22.71
2026-07,VALSAD,GUJARAT,0.09,2573.61,0.08,19.67
2026-07,BANAS KANTHA,GUJARAT,0.09,2641.25,0.07,17.02
2026-07,ANAND,GUJARAT,0.07,1949.73,0.06,13.53
2026-07,MAHESANA,GUJARAT,0.07,2168.34,0.06,13.34
2026-07,JAMNAGAR,GUJARAT,0.06,1940.71,0.05,12.99
2026-07,KHEDA,GUJARAT,0.05,1416.57,0.04,10.3
2026-07,BHAVNAGAR,GUJARAT,0.07,1944.22,0.04,9.57
2026-07,PANCH MAHALS,GUJARAT,0.03,1031.85,0.04,8.54
2026-07,NAVSARI,GUJARAT,0.04,1104.68,0.03,7.72
2026-07,SABAR KANTHA,GUJARAT,0.04,1141.94,0.03,7.68
2026-07,MORBI,GUJARAT,0.04,1272.77,0.03,6.6
2026-07,PATAN,GUJARAT,0.03,901.37,0.03,5.92
2026-07,SURENDRANAGAR,GUJARAT,0.04,1099.35,0.02,5.91
2026-07,DAHOD,GUJARAT,0.02,716.19,0.02,5.65
2026-07,JUNAGADH,GUJARAT,0.03,1012.64,0.02,4.95
2026-07,ARVALLI,GUJARAT,0.02,676.48,0.02,4.76
2026-07,GIR SOMNATH,GUJARAT,0.03,823.07,0.02,4.32
2026-07,AMRELI,GUJARAT,0.02,716.79,0.02,3.71
2026-07,DEVBHUMI DWARKA,GUJARAT,0.02,607.71,0.02,3.58
2026-07,TAPI,GUJARAT,0.01,395.81,0.01,3.3
2026-07,MAHISAGAR,GUJARAT,0.01,428.61,0.01,3.29
2026-07,BOTAD,GUJARAT,0.02,487.13,0.01,2.73
2026-07,CHHOTAUDEPUR,GUJARAT,0.01,278.4,0.01,2
2026-07,NARMADA,GUJARAT,0.01,226.04,0.01,1.97
2026-07,PORBANDAR,GUJARAT,0.01,414.77,0.01,1.89
2026-07,DANGS,GUJARAT,0.0,70.47,0.0,0.64
2026-07,,GUJARAT Total,2.95,88210.52,2.48,587.23
2026-07,WEST,DELHI,0.34,10259.1,0.32,76.18
2026-07,SOUTH EAST,DELHI,0.28,8319.26,0.32,74.94
2026-07,NEW DELHI,DELHI,0.22,6635.08,0.24,57.78
2026-07,CENTRAL,DELHI,0.25,7510.21,0.24,56.3
2026-07,SOUTH,DELHI,0.19,5728.06,0.22,51.29
2026-07,SOUTH WEST,DELHI,0.21,6136.53,0.21,50.41
2026-07,EAST,DELHI,0.31,9148.65,0.21,49.98
2026-07,NORTH WEST,DELHI,0.2,6082.12,0.18,42.96
2026-07,NORTH,DELHI,0.18,5506.73,0.17,40.21
2026-07,SHAHDARA,DELHI,0.14,4200.77,0.13,29.65
2026-07,NORTH EAST,DELHI,0.08,2371.93,0.08,17.84
2026-07,NAZUL,DELHI,0.01,402.99,0.01,3.33
2026-07,,DELHI Total,2.42,72301.42,2.33,550.88
2026-07,NORTH TWENTY-FOUR PARGANAS,WEST BENGAL,0.41,12109.6,0.4,94.03
2026-07,KOLKATA,WEST BENGAL,0.36,10854.73,0.34,79.88
2026-07,SOUTH 24PARGANAS,WEST BENGAL,0.16,4678.71,0.14,33.05
2026-07,HAORA,WEST BENGAL,0.14,4196.65,0.12,29.12
2026-07,HUGLI,WEST BENGAL,0.12,3652.07,0.11,25.48
2026-07,MURSHIDABAD,WEST BENGAL,0.14,4129.84,0.1,23.71
2026-07,PASCHIM BARDDHAMAN,WEST BENGAL,0.1,2887.6,0.1,23
2026-07,PURBA MEDINIPUR,WEST BENGAL,0.12,3504.74,0.09,21.95
2026-07,NADIA,WEST BENGAL,0.11,3266.62,0.09,21.61
2026-07,PASCHIM MEDINIPUR,WEST BENGAL,0.1,2870.71,0.09,21.35
2026-07,MALDAH,WEST BENGAL,0.09,2729.96,0.07,17.02
2026-07,PURBA BARDDHAMAN,WEST BENGAL,0.08,2447.28,0.07,16.46
2026-07,DARJILING,WEST BENGAL,0.07,2221.69,0.07,16.44
2026-07,JALPAIGURI,WEST BENGAL,0.06,1810.43,0.06,14.63
2026-07,BIRBHAM,WEST BENGAL,0.06,1711.02,0.05,11.81
2026-07,UTTAR DINAJPUR,WEST BENGAL,0.06,1723.99,0.05,11.4
2026-07,KOCH BIHAR,WEST BENGAL,0.05,1357.45,0.05,11.01
2026-07,BANKURA,WEST BENGAL,0.04,1284.56,0.04,10.21
2026-07,PURULIYA,WEST BENGAL,0.03,884.33,0.03,8.28
2026-07,ALIPUR DUAR,WEST BENGAL,0.03,800.16,0.03,6.34
2026-07,DAKSHIN DINAJPUR,WEST BENGAL,0.02,686.9,0.02,4.61
2026-07,JHARGRAM,WEST BENGAL,0.01,369.29,0.01,3.2
2026-07,KALIMPONG,WEST BENGAL,0.01,212.36,0.01,1.59
2026-07,,WEST BENGAL Total,2.36,70390.7,2.14,506.18
2026-07,PATNA,BIHAR,0.34,10063.54,0.33,79.05
2026-07,MUZAFFARPUR,BIHAR,0.13,3797.55,0.11,26.91
2026-07,PURBA CHAMPARAN,BIHAR,0.11,3354.8,0.11,25.64
2026-07,GAYA,BIHAR,0.1,2903.86,0.09,21.02
2026-07,PASHCHIM CHAMPARAN,BIHAR,0.08,2325.4,0.08,18.91
2026-07,SAMASTIPUR,BIHAR,0.08,2474.99,0.07,17.27
2026-07,PURNIA,BIHAR,0.08,2370.37,0.07,16.92
2026-07,DARBHANGA,BIHAR,0.08,2326.14,0.07,16.6
2026-07,BHAGALPUR,BIHAR,0.07,2174.49,0.07,16.55
2026-07,SARAN,BIHAR,0.07,2160.96,0.07,16.26
2026-07,VAISHALI,BIHAR,0.07,2227.55,0.07,15.48
2026-07,MADHUBANI,BIHAR,0.07,2138.86,0.06,15.36
2026-07,KATIHAR,BIHAR,0.07,2016.9,0.06,14.06
2026-07,SIWAN,BIHAR,0.07,1954.56,0.06,13.74
2026-07,BEGUSARAI,BIHAR,0.06,1839.14,0.06,13.34
2026-07,ROHTAS,BIHAR,0.06,1808.84,0.05,12.83
2026-07,ARARIA,BIHAR,0.05,1632.84,0.05,11.87
2026-07,SITAMARHI,BIHAR,0.06,1654.3,0.05,11.75
2026-07,NALANDA,BIHAR,0.05,1615.59,0.05,11.72
2026-07,AURANGABAD,BIHAR,0.05,1421.76,0.05,11.67
2026-07,GOPALGANJ,BIHAR,0.05,1557.14,0.05,11.64
2026-07,BHOJPUR,BIHAR,0.05,1538.22,0.05,10.82
2026-07,SUPAUL,BIHAR,0.04,1284.81,0.04,10.19
2026-07,SAHARSA,BIHAR,0.04,1145.03,0.04,8.89
2026-07,MADHEPURA,BIHAR,0.04,1139.51,0.04,8.42
2026-07,NAWADA,BIHAR,0.04,1133.94,0.03,7.64
2026-07,KISHANGANJ,BIHAR,0.03,1028.73,0.03,7.23
2026-07,JAMUI,BIHAR,0.03,846.23,0.03,6.61
2026-07,BUXAR,BIHAR,0.03,933.95,0.03,6.46
2026-07,KHAGARIA,BIHAR,0.03,929.47,0.03,6.38
2026-07,JEHANABAD,BIHAR,0.02,661.72,0.02,5.89
2026-07,BANKA,BIHAR,0.03,753.83,0.02,5.79
2026-07,KAIMUR (BHABUA),BIHAR,0.03,793.81,0.02,5.6
2026-07,MUNGER,BIHAR,0.02,722.58,0.02,5.39
2026-07,LAKHISARAI,BIHAR,0.02,518.96,0.02,3.64
2026-07,ARWAL,BIHAR,0.01,334.93,0.01,3.05
2026-07,SHEIKHPURA,BIHAR,0.01,325.19,0.01,2.15
2026-07,SHEOHAR,BIHAR,0.01,295.29,0.01,2.09
2026-07,,BIHAR Total,2.28,68205.77,2.13,504.81
2026-07,INDORE,MADHYA PRADESH,0.39,11515.08,0.38,90.45
2026-07,BHOPAL,MADHYA PRADESH,0.23,6898.01,0.25,58.19
2026-07,GWALIOR,MADHYA PRADESH,0.12,3469.68,0.1,23.82
2026-07,JABALPUR,MADHYA PRADESH,0.1,2920.09,0.09,20.88
2026-07,UJJAIN,MADHYA PRADESH,0.09,2702.41,0.09,20.5
2026-07,DHAR,MADHYA PRADESH,0.06,1897.91,0.06,14.12
2026-07,DEWAS,MADHYA PRADESH,0.05,1586.26,0.05,11.38
2026-07,SAGAR,MADHYA PRADESH,0.05,1452.07,0.05,10.71
2026-07,REWA,MADHYA PRADESH,0.04,1292.6,0.04,9.64
2026-07,SEHORE,MADHYA PRADESH,0.04,1216.7,0.04,9.27
2026-07,RATLAM,MADHYA PRADESH,0.04,1326.57,0.04,9.21
2026-07,MORENA,MADHYA PRADESH,0.04,1209.22,0.04,8.44
2026-07,CHHINDWARA,MADHYA PRADESH,0.04,1162.61,0.04,8.43
2026-07,RAJGARH,MADHYA PRADESH,0.04,1158.82,0.04,8.3
2026-07,SHIVPURI,MADHYA PRADESH,0.04,1046.19,0.03,8.16
2026-07,NARMADAPURAM,MADHYA PRADESH,0.04,1117.41,0.03,8.13
2026-07,RAISEN,MADHYA PRADESH,0.04,1053.52,0.03,8.09
2026-07,MANDSAUR,MADHYA PRADESH,0.04,1143.47,0.03,7.99
2026-07,KHARGONE,MADHYA PRADESH,0.04,1204.2,0.03,7.81
2026-07,SATNA,MADHYA PRADESH,0.04,1060.92,0.03,7.69
2026-07,SINGRAULI,MADHYA PRADESH,0.03,943.87,0.03,7.51
2026-07,CHHATARPUR,MADHYA PRADESH,0.03,971.02,0.03,7.27
2026-07,GUNA,MADHYA PRADESH,0.03,926.87,0.03,7.09
2026-07,VIDISHA,MADHYA PRADESH,0.03,1011.01,0.03,7.04
2026-07,KHANDWA,MADHYA PRADESH,0.03,835.2,0.03,6.68
2026-07,BALAGHAT,MADHYA PRADESH,0.03,880.2,0.03,6.52
2026-07,BETUL,MADHYA PRADESH,0.03,892.71,0.03,6.35
2026-07,BHIND,MADHYA PRADESH,0.03,827.94,0.02,5.82
2026-07,SEONI,MADHYA PRADESH,0.03,772.28,0.02,5.68
2026-07,KATNI,MADHYA PRADESH,0.02,746.16,0.02,5.33
2026-07,SHAJAPUR,MADHYA PRADESH,0.02,738.72,0.02,5.15
2026-07,NEEMUCH,MADHYA PRADESH,0.02,734.85,0.02,5.01
2026-07,NARSIMHAPUR,MADHYA PRADESH,0.02,687.24,0.02,4.94
2026-07,SHAHDOL,MADHYA PRADESH,0.02,625.58,0.02,4.91
2026-07,BARWANI,MADHYA PRADESH,0.02,647.88,0.02,4.5
2026-07,SIDHI,MADHYA PRADESH,0.02,576.59,0.02,4.4
2026-07,AGAR MALWA,MADHYA PRADESH,0.02,502.5,0.02,3.94
2026-07,ASHOKNAGAR,MADHYA PRADESH,0.02,475.85,0.02,3.75
2026-07,DAMOH,MADHYA PRADESH,0.02,524.24,0.02,3.59
2026-07,JHABUA,MADHYA PRADESH,0.02,475.61,0.01,3.48
2026-07,BURHANPUR,MADHYA PRADESH,0.02,491.72,0.01,3.37
2026-07,TIKAMGARH,MADHYA PRADESH,0.01,395.79,0.01,3.28
2026-07,MANDLA,MADHYA PRADESH,0.01,426.56,0.01,3.27
2026-07,DATIA,MADHYA PRADESH,0.01,446.09,0.01,3.23
2026-07,ANUPPUR,MADHYA PRADESH,0.01,365.74,0.01,3.23
2026-07,PANNA,MADHYA PRADESH,0.01,391.18,0.01,2.91
2026-07,HARDA,MADHYA PRADESH,0.01,409.49,0.01,2.86
2026-07,MAIHAR,MADHYA PRADESH,0.01,334.88,0.01,2.57
2026-07,SHEOPUR,MADHYA PRADESH,0.01,297.34,0.01,2.16
2026-07,UMARIA,MADHYA PRADESH,0.01,256.86,0.01,2.09
2026-07,DINDORI,MADHYA PRADESH,0.01,225.31,0.01,1.76
2026-07,MAUGANJ,MADHYA PRADESH,0.01,236.36,0.01,1.68
2026-07,PANDHURNA,MADHYA PRADESH,0.01,212.23,0.01,1.51
2026-07,ALIRAJPUR,MADHYA PRADESH,0.01,208.04,0.01,1.42
2026-07,NIWARI,MADHYA PRADESH,0.01,179.43,0.01,1.41
2026-07,,MADHYA PRADESH Total,2.21,66107.08,2.1,496.91
2026-07,ERNAKULAM,KERALA,0.43,12895.71,0.42,99.51
2026-07,THIRUVANANTHAPURAM,KERALA,0.27,8067.54,0.25,59.54
2026-07,KOZHIKODE,KERALA,0.22,6526.58,0.21,49.99
2026-07,MALAPPURAM,KERALA,0.22,6437.17,0.21,48.89
2026-07,THRISSUR,KERALA,0.21,6227.61,0.18,43.3
2026-07,PALAKKAD,KERALA,0.15,4576.01,0.13,31.41
2026-07,KANNUR,KERALA,0.14,4230.96,0.12,29.18
2026-07,KOLLAM,KERALA,0.14,4128.28,0.12,27.51
2026-07,KOTTAYAM,KERALA,0.12,3689.89,0.11,25.26
2026-07,ALAPPUZHA,KERALA,0.12,3483.9,0.1,24.7
2026-07,IDUKKI,KERALA,0.07,2238.53,0.06,14.12
2026-07,KASARAGOD,KERALA,0.07,2041,0.06,13.39
2026-07,PATHANAMTHITTA,KERALA,0.06,1816.74,0.05,12.23
2026-07,WAYANAD,KERALA,0.05,1497.23,0.05,10.73
2026-07,,KERALA Total,2.27,67857.16,2.07,489.77
2026-07,GURUGRAM,HARYANA,0.72,21509.46,0.79,187.96
2026-07,FARIDABAD,HARYANA,0.26,7879.66,0.26,61.35
2026-07,SONIPAT,HARYANA,0.11,3188.74,0.09,21.2
2026-07,PANIPAT,HARYANA,0.09,2738.11,0.07,17.53
2026-07,KARNAL,HARYANA,0.09,2678.99,0.06,14.97
2026-07,HISAR,HARYANA,0.09,2817.43,0.06,13.9
2026-07,REWARI,HARYANA,0.06,1935.08,0.06,13.53
2026-07,JHAJJAR,HARYANA,0.07,2044.34,0.06,13.5
2026-07,AMBALA,HARYANA,0.07,2084.43,0.05,12.72
2026-07,ROHTAK,HARYANA,0.07,2232.77,0.05,12.57
2026-07,PANCHKULA,HARYANA,0.06,1715.05,0.05,11.85
2026-07,NUH,HARYANA,0.05,1558.48,0.05,11.75
2026-07,PALWAL,HARYANA,0.05,1622.06,0.05,11.56
2026-07,YAMUNANAGAR,HARYANA,0.05,1551.37,0.04,9.49
2026-07,KURUKSHETRA,HARYANA,0.06,1728.81,0.04,9.03
2026-07,SIRSA,HARYANA,0.05,1551.81,0.03,7.95
2026-07,BHIWANI,HARYANA,0.05,1393.24,0.03,6.97
2026-07,JIND,HARYANA,0.05,1532.44,0.03,6.91
2026-07,KAITHAL,HARYANA,0.05,1381.12,0.03,6.17
2026-07,MAHENDRAGARH,HARYANA,0.04,1060.4,0.03,5.97
2026-07,FATEHABAD,HARYANA,0.04,1056.96,0.02,4.89
2026-07,CHARKI DADRI,HARYANA,0.02,539.81,0.01,2.52
2026-07,,HARYANA Total,2.2,65800.57,1.96,464.28
2026-07,KHORDHA,ODISHA,0.27,8095.17,0.29,67.57
2026-07,CUTTACK,ODISHA,0.11,3360.97,0.11,26.07
2026-07,GANJAM,ODISHA,0.11,3159.86,0.08,19.89
2026-07,PURI,ODISHA,0.06,1911.98,0.07,16.01
2026-07,BALASORE,ODISHA,0.07,2143.73,0.06,15.18
2026-07,SUNDARGARH,ODISHA,0.07,1948.64,0.06,15.08
2026-07,JAJAPUR,ODISHA,0.06,1771.05,0.06,14.5
2026-07,KEONJHAR (KENDUJHAR),ODISHA,0.05,1425.19,0.05,11.1
2026-07,ANUGUL,ODISHA,0.05,1361.28,0.04,9.96
2026-07,BHADRAK,ODISHA,0.04,1265.97,0.04,9.87
2026-07,SAMBALPUR,ODISHA,0.04,1178.4,0.04,9.6
2026-07,MAYURBHANJ,ODISHA,0.04,1126.04,0.04,9.04
2026-07,JAGATSINGHPUR,ODISHA,0.03,1009.21,0.04,8.28
2026-07,KENDRAPARA,ODISHA,0.03,972.68,0.03,7.52
2026-07,KALAHANDI,ODISHA,0.03,1005.46,0.03,7.3
2026-07,KORAPUT,ODISHA,0.04,1054.67,0.03,7.2
2026-07,BALANGIR,ODISHA,0.03,924.53,0.03,7.11
2026-07,DHENKANAL,ODISHA,0.03,870.78,0.03,6.87
2026-07,JHARSUGUDA,ODISHA,0.03,802.86,0.03,6.51
2026-07,RAYAGARHA,ODISHA,0.03,751.15,0.02,5.64
2026-07,BARGARH,ODISHA,0.03,854.79,0.02,5.6
2026-07,NAYAGARH,ODISHA,0.02,605.07,0.02,4.47
2026-07,NABARANGAPUR,ODISHA,0.02,535.39,0.02,3.71
2026-07,MALKANGIRI,ODISHA,0.01,340.87,0.01,2.68
2026-07,GAJAPATI,ODISHA,0.01,335.2,0.01,2.48
2026-07,NUAPARHA,ODISHA,0.01,330.15,0.01,2.42
2026-07,SUBARNAPUR,ODISHA,0.01,360.58,0.01,2.32
2026-07,KANDHAMAL,ODISHA,0.01,303.36,0.01,2.31
2026-07,BOUDH,ODISHA,0.01,202.18,0.01,1.44
2026-07,DEOGARH,ODISHA,0.0,126.38,0.0,0.9
2026-07,,ODISHA Total,1.34,40133.59,1.3,308.63
2026-07,SAS NAGAR (SAHIBZADA AJIT SINGH NAGAR),PUNJAB,0.22,6649.25,0.21,50.48
2026-07,LUDHIANA,PUNJAB,0.26,7631.55,0.2,46.27
2026-07,PATIALA,PUNJAB,0.11,3286.09,0.08,19.68
2026-07,AMRITSAR,PUNJAB,0.13,3852.25,0.08,19.67
2026-07,JALANDHAR,PUNJAB,0.11,3354.88,0.08,19.41
2026-07,BATHINDA,PUNJAB,0.06,1851.41,0.04,10.45
2026-07,HOSHIARPUR,PUNJAB,0.05,1449.19,0.03,8.21
2026-07,GURDASPUR,PUNJAB,0.05,1459.92,0.03,7.2
2026-07,KAPURTHALA,PUNJAB,0.04,1091.16,0.03,7.01
2026-07,FAZILKA,PUNJAB,0.04,1130.5,0.03,6.93
2026-07,SANGRUR,PUNJAB,0.04,1280.27,0.03,6.37
2026-07,FIROZPUR,PUNJAB,0.04,1047.01,0.02,5.77
2026-07,RUPNAGAR,PUNJAB,0.03,841.52,0.02,5.34
2026-07,PATHANKOT,PUNJAB,0.03,810.95,0.02,4.84
2026-07,SRI MUKTSAR SAHIB,PUNJAB,0.03,882.89,0.02,4.74
2026-07,FATEHGARH SAHIB,PUNJAB,0.02,744.17,0.02,4.6
2026-07,MOGA,PUNJAB,0.03,908.41,0.02,4.43
2026-07,TARN TARAN,PUNJAB,0.03,971.15,0.02,4.26
2026-07,FARIDKOT,PUNJAB,0.02,624.25,0.01,3.32
2026-07,MANSA,PUNJAB,0.02,621.42,0.01,3.06
2026-07,BARNALA,PUNJAB,0.02,594.08,0.01,2.92
2026-07,SHAHID BHAGAT SINGH NAGAR,PUNJAB,0.02,476.33,0.01,2.62
2026-07,MALER KOTLA,PUNJAB,0.01,419.88,0.01,2.22
2026-07,,PUNJAB Total,1.4,41978.54,1.06,249.8
2026-07,KAMRUP METRO,ASSAM,0.17,5216.3,0.22,52.05
2026-07,KAMRUP RURAL,ASSAM,0.04,1302.21,0.06,13.03
2026-07,DIBRUGARH,ASSAM,0.04,1161.78,0.05,12.6
2026-07,NAGAON,ASSAM,0.04,1211.07,0.05,11.03
2026-07,CACHAR,ASSAM,0.04,1188.23,0.05,10.8
2026-07,SONITPUR,ASSAM,0.03,909.51,0.04,9.09
2026-07,TINSUKIA,ASSAM,0.03,885.04,0.04,8.56
2026-07,GOLAGHAT,ASSAM,0.03,757.53,0.03,7.99
2026-07,LAKHIMPUR,ASSAM,0.02,691.89,0.03,7.91
2026-07,JORHAT,ASSAM,0.02,746.56,0.03,7.88
2026-07,BARPETA,ASSAM,0.03,895.83,0.03,7.83
2026-07,DHUBRI,ASSAM,0.03,811.36,0.03,7.24
2026-07,HOJAI,ASSAM,0.02,704.22,0.03,6.47
2026-07,GOALPARA,ASSAM,0.02,703.58,0.03,6.11
2026-07,MARIGAON,ASSAM,0.02,701.75,0.03,5.97
2026-07,DARANG,ASSAM,0.02,649.41,0.02,5.69
2026-07,SIBSAGAR,ASSAM,0.02,486.12,0.02,5.6
2026-07,DHEMAJI,ASSAM,0.02,478.12,0.02,5.35
2026-07,SRIBHUMI,ASSAM,0.02,607.72,0.02,5.02
2026-07,KARBI ANGLONG,ASSAM,0.02,460.01,0.02,4.88
2026-07,BONGAIGAON,ASSAM,0.02,535.06,0.02,4.86
2026-07,KOKRAJHAR,ASSAM,0.02,496.23,0.02,4.47
2026-07,NALBARI,ASSAM,0.02,466.09,0.02,4.36
2026-07,BISWANATH,ASSAM,0.01,385.7,0.02,4.34
2026-07,UDALGURI,ASSAM,0.01,397.58,0.02,3.87
2026-07,HAILAKANDI,ASSAM,0.01,308.23,0.01,2.9
2026-07,CHIRANG,ASSAM,0.01,279.8,0.01,2.51
2026-07,BAKSA,ASSAM,0.01,266.69,0.01,2.37
2026-07,CHARAIDEO,ASSAM,0.01,209.01,0.01,2.31
2026-07,DIMA HASAO,ASSAM,0.01,204.2,0.01,2.21
2026-07,BAJALI,ASSAM,0.01,208.44,0.01,1.87
2026-07,SOUTH SALMARA,ASSAM,0.01,213.04,0.01,1.87
2026-07,TAMULPUR,ASSAM,0.01,198.8,0.01,1.8
2026-07,WEST KARBI ANAGLONG,ASSAM,0.0,93.87,0.0,1.12
2026-07,MAJULI,ASSAM,0.0,70.2,0.0,0.87
2026-07,,ASSAM Total,0.83,24901.19,1.03,242.84
2026-07,RANCHI,JHARKHAND,0.17,5164.78,0.17,40.95
2026-07,EAST SINGHBHUM,JHARKHAND,0.09,2712.56,0.1,23.07
2026-07,DHANBAD,JHARKHAND,0.08,2424.97,0.08,19.43
2026-07,BOKARO,JHARKHAND,0.06,1719.66,0.06,14.54
2026-07,HAZARIBAGH,JHARKHAND,0.06,1928.37,0.06,13.88
2026-07,GIRIDIH,JHARKHAND,0.05,1603.78,0.05,11.97
2026-07,PALAMU,JHARKHAND,0.04,1301.81,0.04,9.73
2026-07,DEOGHAR,JHARKHAND,0.03,950.96,0.03,7.8
2026-07,SARAIKELA-KHARSAWAN,JHARKHAND,0.03,840.58,0.03,7.71
2026-07,RAMGARH,JHARKHAND,0.03,862.85,0.03,6.8
2026-07,GARHWA,JHARKHAND,0.03,868.99,0.03,6.07
2026-07,KODERMA,JHARKHAND,0.03,751.05,0.02,5.06
2026-07,GODDA,JHARKHAND,0.02,557.1,0.02,4.42
2026-07,CHATRA,JHARKHAND,0.02,632.37,0.02,4.24
2026-07,SAHIBGANJ,JHARKHAND,0.02,567.26,0.02,4.09
2026-07,WEST SINGHBHUM,JHARKHAND,0.02,492.24,0.02,3.97
2026-07,DUMKA,JHARKHAND,0.02,481.21,0.02,3.69
2026-07,LATEHAR,JHARKHAND,0.01,428.25,0.01,2.94
2026-07,GUMLA,JHARKHAND,0.01,348.12,0.01,2.26
2026-07,PAKUR,JHARKHAND,0.01,346.93,0.01,2.19
2026-07,LOHARDAGA,JHARKHAND,0.01,273.4,0.01,2.02
2026-07,JAMTARA,JHARKHAND,0.01,236.42,0.01,1.75
2026-07,KHUNTI,JHARKHAND,0.01,193.44,0.01,1.21
2026-07,SIMDEGA,JHARKHAND,0.01,181.9,0.0,1.07
2026-07,,JHARKHAND Total,0.87,25869,0.85,200.89
2026-07,RAIPUR,CHHATTISGARH,0.16,4636.61,0.15,34.68
2026-07,DURG,CHHATTISGARH,0.08,2244.79,0.07,17.39
2026-07,BILASPUR,CHHATTISGARH,0.06,1833.38,0.07,15.57
2026-07,RAIGARH,CHHATTISGARH,0.03,1002.33,0.04,8.38
2026-07,KORBA,CHHATTISGARH,0.03,953.25,0.03,8.22
2026-07,SURGUJA,CHHATTISGARH,0.02,607.01,0.02,5.06
2026-07,JANJGIR - CHAMPA,CHHATTISGARH,0.02,536.52,0.02,4.55
2026-07,RAJNANDGAON,CHHATTISGARH,0.02,582.57,0.02,4.21
2026-07,BASTAR,CHHATTISGARH,0.02,543.77,0.02,4.1
2026-07,BALODA BAZAR,CHHATTISGARH,0.02,506.69,0.02,4.09
2026-07,MAHASAMUND,CHHATTISGARH,0.02,552.1,0.02,3.96
2026-07,KAWARDHA (KABIRDHAM),CHHATTISGARH,0.01,345.02,0.01,3.24
2026-07,UTTAR BASTAR KANKER,CHHATTISGARH,0.01,370.78,0.01,2.76
2026-07,SURAJPUR,CHHATTISGARH,0.01,317.8,0.01,2.72
2026-07,JASHPUR,CHHATTISGARH,0.01,354.08,0.01,2.68
2026-07,SAKTI,CHHATTISGARH,0.01,320.45,0.01,2.64
2026-07,BEMETARA,CHHATTISGARH,0.01,314.81,0.01,2.54
2026-07,DHAMTARI,CHHATTISGARH,0.01,357.29,0.01,2.45
2026-07,BALOD,CHHATTISGARH,0.01,302.51,0.01,2.38
2026-07,BALRAMPUR,CHHATTISGARH,0.01,311.85,0.01,2.32
2026-07,MUNGELI,CHHATTISGARH,0.01,263.28,0.01,2.24
2026-07,SARANGARH-BILAIGARH,CHHATTISGARH,0.01,281.79,0.01,2.14
2026-07,GARIYABAND,CHHATTISGARH,0.01,204.48,0.01,1.62
2026-07,KONDAGAON,CHHATTISGARH,0.01,210.41,0.01,1.56
2026-07,DAKSHIN BASTAR DANTEWARA,CHHATTISGARH,0.01,210.33,0.01,1.49
2026-07,MANENDRAGARH-CHIRMIRI-BHARATPUR,CHHATTISGARH,0.01,177.85,0.01,1.42
2026-07,GAURELA-PENDRA-MARWAHI,CHHATTISGARH,0.0,140.83,0.01,1.19
2026-07,KOREA,CHHATTISGARH,0.0,136.36,0.0,1.17
2026-07,BIJAPUR,CHHATTISGARH,0.01,166.67,0.0,1.04
2026-07,KHAIRGARH-CHHUIKHADAN-GANDAI,CHHATTISGARH,0.0,126.36,0.0,0.98
2026-07,SUKMA,CHHATTISGARH,0.0,136.03,0.0,0.79
2026-07,NARAYANPUR,CHHATTISGARH,0.0,85.88,0.0,0.58
2026-07,MOHLA-MANPUR-AMBAGARH CHOWKI,CHHATTISGARH,0.0,72.38,0.0,0.55
2026-07,,CHHATTISGARH Total,0.64,19206.25,0.64,150.73
2026-07,DEHRADUN,UTTARAKHAND,0.21,6217.57,0.21,49.45
2026-07,HARIDWAR,UTTARAKHAND,0.1,3112.28,0.11,25.58
2026-07,UDHAM SINGH NAGAR,UTTARAKHAND,0.08,2523.63,0.08,19.78
2026-07,NAINITAL,UTTARAKHAND,0.06,1801.57,0.06,13.68
2026-07,PAURI GARHWAL,UTTARAKHAND,0.02,501.78,0.02,3.92
2026-07,TEHRI GARHWAL,UTTARAKHAND,0.02,472.52,0.02,3.58
2026-07,ALMORA,UTTARAKHAND,0.01,318.2,0.01,2.38
2026-07,PITHORAGARH,UTTARAKHAND,0.01,287.28,0.01,2.22
2026-07,CHAMOLI,UTTARAKHAND,0.01,282.64,0.01,2.15
2026-07,UTTARKASHI,UTTARAKHAND,0.01,221.27,0.01,1.72
2026-07,RUDRAPRAYAG,UTTARAKHAND,0.01,182.81,0.01,1.42
2026-07,CHAMPAWAT,UTTARAKHAND,0.01,168.43,0.01,1.31
2026-07,BAGESHWAR,UTTARAKHAND,0.0,107.57,0.0,0.85
2026-07,,UTTARAKHAND Total,0.54,16197.55,0.54,128.04
2026-07,JAMMU,JAMMU AND KASHMIR,0.1,3104.86,0.09,21.95
2026-07,SRINAGAR,JAMMU AND KASHMIR,0.08,2389.01,0.07,17.47
2026-07,BARAMULA,JAMMU AND KASHMIR,0.03,937.19,0.04,8.41
2026-07,ANANTNAG,JAMMU AND KASHMIR,0.03,927.54,0.03,8.09
2026-07,BADGAM,JAMMU AND KASHMIR,0.03,869.27,0.03,6.96
2026-07,KUPWARA,JAMMU AND KASHMIR,0.02,531.04,0.02,5.16
2026-07,PULWAMA,JAMMU AND KASHMIR,0.02,552.14,0.02,4.62
2026-07,KATHUA,JAMMU AND KASHMIR,0.02,539.4,0.02,3.76
2026-07,SAMBA,JAMMU AND KASHMIR,0.02,486.33,0.01,3.44
2026-07,GANDERBAL,JAMMU AND KASHMIR,0.01,419.57,0.01,3.22
2026-07,UDHAMPUR,JAMMU AND KASHMIR,0.02,451.2,0.01,3.2
2026-07,RAJAURI,JAMMU AND KASHMIR,0.01,430.4,0.01,2.94
2026-07,KULGAM,JAMMU AND KASHMIR,0.01,288.88,0.01,2.93
2026-07,BANDIPURA,JAMMU AND KASHMIR,0.01,278.7,0.01,2.59
2026-07,RIASI,JAMMU AND KASHMIR,0.01,305.73,0.01,2.32
2026-07,SHUPIYAN,JAMMU AND KASHMIR,0.01,219.3,0.01,2.28
2026-07,PUNCH,JAMMU AND KASHMIR,0.01,300.54,0.01,2.12
2026-07,DODA,JAMMU AND KASHMIR,0.01,224.94,0.01,1.92
2026-07,RAMBAN,JAMMU AND KASHMIR,0.01,199.2,0.01,1.71
2026-07,KISHTWAR,JAMMU AND KASHMIR,0.01,166.86,0.01,1.43
2026-07,MIRPUR,JAMMU AND KASHMIR,0.0,1.51,0.0,0
2026-07,MUZAFFARABAD,JAMMU AND KASHMIR,0.0,1.51,0.0,0
2026-07,,JAMMU AND KASHMIR Total,0.46,13625.1,0.45,106.53
2026-07,SOLAN,HIMACHAL PRADESH,0.05,1587.74,0.06,14.13
2026-07,KANGRA,HIMACHAL PRADESH,0.05,1512.19,0.05,10.92
2026-07,SHIMLA,HIMACHAL PRADESH,0.04,1304.41,0.04,10.52
2026-07,MANDI,HIMACHAL PRADESH,0.03,935.59,0.03,6.79
2026-07,KULLU,HIMACHAL PRADESH,0.03,802.91,0.02,5.65
2026-07,SIRMAUR,HIMACHAL PRADESH,0.02,567.74,0.02,4.62
2026-07,UNA,HIMACHAL PRADESH,0.02,527.39,0.02,3.64
2026-07,HAMIRPUR,HIMACHAL PRADESH,0.02,475.95,0.01,3.41
2026-07,BILASPUR,HIMACHAL PRADESH,0.01,354.33,0.01,2.64
2026-07,CHAMBA,HIMACHAL PRADESH,0.01,308.34,0.01,2.37
2026-07,KINNAUR,HIMACHAL PRADESH,0.0,141.11,0.0,0.98
2026-07,LAHAUL & SPITI,HIMACHAL PRADESH,0.0,101.84,0.0,0.56
2026-07,,HIMACHAL PRADESH Total,0.29,8619.55,0.28,66.23
2026-07,NORTH GOA,GOA,0.11,3215.03,0.09,20.49
2026-07,SOUTH GOA,GOA,0.07,1943.81,0.06,13.93
2026-07,KUSHAVATI,GOA,0.01,241.29,0.01,1.75
2026-07,,GOA Total,0.18,5400.14,0.15,36.17
2026-07,CHANDIGARH,CHANDIGARH,0.13,3763.53,0.12,29.42
2026-07,,CHANDIGARH Total,0.13,3763.53,0.12,29.42
2026-07,PAPUMPARE,ARUNACHAL PRADESH,0.05,1458.35,0.05,11.45
2026-07,EAST SIANG,ARUNACHAL PRADESH,0.01,248.65,0.01,2.23
2026-07,WEST KAMENG,ARUNACHAL PRADESH,0.01,212.39,0.01,1.47
2026-07,NAMSAI,ARUNACHAL PRADESH,0.0,149.02,0.01,1.25
2026-07,WEST SIANG,ARUNACHAL PRADESH,0.0,146.69,0.0,1.15
2026-07,CHANGLANG,ARUNACHAL PRADESH,0.0,129.71,0.0,1.11
2026-07,LOWER DIBANG VALLEY,ARUNACHAL PRADESH,0.0,117.68,0.0,0.96
2026-07,LOHIT,ARUNACHAL PRADESH,0.0,99.65,0.0,0.85
2026-07,LOWER SUBANSIRI,ARUNACHAL PRADESH,0.0,108.7,0.0,0.74
2026-07,EAST KAMENG,ARUNACHAL PRADESH,0.0,84.73,0.0,0.69
2026-07,TIRAP,ARUNACHAL PRADESH,0.0,77.41,0.0,0.65
2026-07,UPPER SUBANSIRI,ARUNACHAL PRADESH,0.0,89.55,0.0,0.65
2026-07,TAWANG,ARUNACHAL PRADESH,0.0,128.07,0.0,0.63
2026-07,SIANG,ARUNACHAL PRADESH,0.0,46.68,0.0,0.4
2026-07,LONGDING,ARUNACHAL PRADESH,0.0,40.23,0.0,0.38
2026-07,UPPER SIANG,ARUNACHAL PRADESH,0.0,43.58,0.0,0.33
2026-07,LEPA RADA,ARUNACHAL PRADESH,0.0,40.46,0.0,0.31
2026-07,KEYI PANYOR,ARUNACHAL PRADESH,0.0,33.64,0.0,0.27
2026-07,KAMLE,ARUNACHAL PRADESH,0.0,28.02,0.0,0.23
2026-07,ANJAW,ARUNACHAL PRADESH,0.0,31.24,0.0,0.19
2026-07,KRA DAADI,ARUNACHAL PRADESH,0.0,22.72,0.0,0.17
2026-07,KURUNG KUMEY,ARUNACHAL PRADESH,0.0,24.37,0.0,0.16
2026-07,DIBANG VALLEY,ARUNACHAL PRADESH,0.0,21.37,0.0,0.14
2026-07,PAKKE KESSANG,ARUNACHAL PRADESH,0.0,13.03,0.0,0.11
2026-07,LOWER SIANG,ARUNACHAL PRADESH,0.0,13.38,0.0,0.11
2026-07,BICHOM,ARUNACHAL PRADESH,0.0,14.83,0.0,0.1
2026-07,SHI YOMI,ARUNACHAL PRADESH,0.0,20.01,0.0,0.1
2026-07,,ARUNACHAL PRADESH Total,0.12,3444.16,0.11,26.82
2026-07,PUDUCHERRY,PUDUCHERRY,0.09,2744.1,0.08,20.03
2026-07,KARAIKAL,PUDUCHERRY,0.01,396.9,0.01,2.62
2026-07,,PUDUCHERRY Total,0.11,3141.01,0.1,22.65
2026-07,EAST KHASI HILLS,MEGHALAYA,0.04,1132.77,0.04,9.04
2026-07,WEST GARO HILLS,MEGHALAYA,0.01,321.13,0.01,3.22
2026-07,RI-BHOI,MEGHALAYA,0.01,244.78,0.01,1.99
2026-07,WEST JAINTIA HILLS,MEGHALAYA,0.01,155.52,0.01,1.31
2026-07,EAST JAINTIA HILLS,MEGHALAYA,0.0,125.3,0.0,0.93
2026-07,NORTH GARO HILLS,MEGHALAYA,0.0,58.3,0.0,0.67
2026-07,EAST GARO HILLS,MEGHALAYA,0.0,54.76,0.0,0.66
2026-07,SOUTH WEST GARO HILLS,MEGHALAYA,0.0,63.2,0.0,0.61
2026-07,SOUTH GARO HILLS,MEGHALAYA,0.0,40.98,0.0,0.44
2026-07,WEST KHASI HILLS,MEGHALAYA,0.0,57.44,0.0,0.38
2026-07,SOUTH WEST KHASI HILLS,MEGHALAYA,0.0,28.43,0.0,0.17
2026-07,EASTERN WEST KHASI HILLS,MEGHALAYA,0.0,24.69,0.0,0.15
2026-07,,MEGHALAYA Total,0.08,2307.32,0.08,19.57
2026-07,IMPHAL WEST,MANIPUR,0.04,1165.63,0.03,6.14
2026-07,IMPHAL EAST,MANIPUR,0.03,772.05,0.02,4.38
2026-07,CHURACHANDPUR,MANIPUR,0.01,309.5,0.01,1.97
2026-07,THOUBAL,MANIPUR,0.01,302.57,0.01,1.76
2026-07,BISHNUPUR,MANIPUR,0.01,243.94,0.01,1.43
2026-07,KAKCHING,MANIPUR,0.0,131.01,0.0,0.72
2026-07,KANGPOKPI,MANIPUR,0.0,128.49,0.0,0.69
2026-07,SENAPATI,MANIPUR,0.0,106.24,0.0,0.56
2026-07,UKHRUL,MANIPUR,0.0,96.41,0.0,0.42
2026-07,TAMENGLONG,MANIPUR,0.0,57.72,0.0,0.32
2026-07,JIRIBAM,MANIPUR,0.0,44.71,0.0,0.31
2026-07,CHANDEL,MANIPUR,0.0,43.7,0.0,0.25
2026-07,TENGNOUPAL,MANIPUR,0.0,28.16,0.0,0.13
2026-07,NONEY,MANIPUR,0.0,14.14,0.0,0.08
2026-07,KAMJANG,MANIPUR,0.0,14.8,0.0,0.07
2026-07,PHERZAWL,MANIPUR,0.0,5.68,0.0,0.05
2026-07,,MANIPUR Total,0.12,3464.76,0.08,19.27
2026-07,WEST TRIPURA,TRIPURA,0.04,1075.39,0.04,8.71
2026-07,NORTH TRIPURA,TRIPURA,0.01,228.35,0.01,1.87
2026-07,GOMTI,TRIPURA,0.01,204.35,0.01,1.52
2026-07,SEPAHIJALA,TRIPURA,0.01,191.57,0.01,1.37
2026-07,DHALAI,TRIPURA,0.01,159.06,0.01,1.25
2026-07,SOUTH TRIPURA,TRIPURA,0.01,168.84,0.0,1.16
2026-07,UNAKOTI,TRIPURA,0.0,132.56,0.0,1.11
2026-07,KHOWAI,TRIPURA,0.0,117.33,0.0,0.88
2026-07,,TRIPURA Total,0.08,2277.46,0.08,17.87
2026-07,AIZAWL,MIZORAM,0.04,1340.23,0.04,9.84
2026-07,LUNGLEI,MIZORAM,0.01,166.4,0.01,1.27
2026-07,KOLASIB,MIZORAM,0.0,115.77,0.0,0.98
2026-07,LAWNGTLAI,MIZORAM,0.0,122.6,0.0,0.88
2026-07,SERCHHIP,MIZORAM,0.0,79.21,0.0,0.67
2026-07,MAMIT,MIZORAM,0.0,75.37,0.0,0.65
2026-07,CHAMPHAI,MIZORAM,0.0,106.09,0.0,0.64
2026-07,SAIHA,MIZORAM,0.0,75.37,0.0,0.6
2026-07,SAITUAL,MIZORAM,0.0,38.3,0.0,0.31
2026-07,KHAWZAWL,MIZORAM,0.0,31.45,0.0,0.25
2026-07,HNAHTHIAL,MIZORAM,0.0,25.93,0.0,0.2
2026-07,,MIZORAM Total,0.07,2176.72,0.07,16.3
2026-07,DIMAPUR,NAGALAND,0.02,737.17,0.02,5.29
2026-07,KOHIMA,NAGALAND,0.01,415.73,0.01,2.87
2026-07,CHUMOUKEDIMA,NAGALAND,0.01,332.03,0.01,2.59
2026-07,MOKOKCHUNG,NAGALAND,0.0,130.91,0.0,0.9
2026-07,MON,NAGALAND,0.0,82.32,0.0,0.72
2026-07,WOKHA,NAGALAND,0.0,69.43,0.0,0.47
2026-07,TUENSANG,NAGALAND,0.0,48.45,0.0,0.41
2026-07,PEREN,NAGALAND,0.0,42.77,0.0,0.37
2026-07,PHEK,NAGALAND,0.0,49.25,0.0,0.36
2026-07,ZUNHEBOTO,NAGALAND,0.0,44.09,0.0,0.31
2026-07,KIPHIRE,NAGALAND,0.0,28.42,0.0,0.2
2026-07,LONGLENG,NAGALAND,0.0,15.07,0.0,0.14
2026-07,NOKLAK,NAGALAND,0.0,9.12,0.0,0.07
2026-07,SHAMATOR,NAGALAND,0.0,8.14,0.0,0.06
2026-07,TSEMINYU,NAGALAND,0.0,8,0.0,0.06
2026-07,NIULAND,NAGALAND,0.0,0.83,0.0,0.01
2026-07,,NAGALAND Total,0.07,2021.72,0.06,14.82
2026-07,DADRA AND NAGAR HAVELI,DADRA & NAGAR HAVELI & DAMAN & DIU,0.02,729.99,0.03,6.52
2026-07,DAMAN,DADRA & NAGAR HAVELI & DAMAN & DIU,0.01,417.03,0.02,3.74
2026-07,DIU,DADRA & NAGAR HAVELI & DAMAN & DIU,0.0,63.52,0.0,0.36
2026-07,,DADRA & NAGAR HAVELI & DAMAN & DIU Total,0.04,1210.53,0.04,10.61
2026-07,GANGTOK,SIKKIM,0.02,584.42,0.02,4.41
2026-07,NAMCHI,SIKKIM,0.01,255.85,0.01,2.01
2026-07,PAKYONG,SIKKIM,0.01,233.65,0.01,1.86
2026-07,SORENG,SIKKIM,0.0,67.5,0.0,0.51
2026-07,GYALSHING,SIKKIM,0.0,65.03,0.0,0.49
2026-07,MANGAN,SIKKIM,0.0,75.54,0.0,0.47
2026-07,,SIKKIM Total,0.04,1281.99,0.04,9.74
2026-07,LEH,LADAKH,0.03,794.37,0.02,3.93
2026-07,KARGIL,LADAKH,0.01,234.64,0.01,1.81
2026-07,,LADAKH Total,0.03,1029.01,0.02,5.74
2026-07,SOUTH ANDAMANS,ANDAMAN AND NICOBAR ISLANDS,0.02,551.95,0.02,3.78
2026-07,NORTH AND MIDDLE ANDAMAN,ANDAMAN AND NICOBAR ISLANDS,0.0,74.01,0.0,0.44
2026-07,NICOBARS,ANDAMAN AND NICOBAR ISLANDS,0.0,23.56,0.0,0.13
2026-07,,ANDAMAN AND NICOBAR ISLANDS Total,0.02,649.53,0.02,4.35
2026-07,LAKSHADWEEP,LAKSHADWEEP,0.0,76.47,0.0,0.74
2026-07,,LAKSHADWEEP Total,0.0,76.47,0.0,0.74
2026-07,,Unclassified #,38.85,1160887.15,44.15,10445.87
2026-08,MUMBAI SUBURBAN,MAHARASHTRA,2.14,63832.60015555885,2.46,603.026427
2026-08,PUNE,MAHARASHTRA,1.77,52815.84091925405,1.86,455.650724
2026-08,MUMBAI,MAHARASHTRA,0.8,23944.430498050133,1.14,278.99699
2026-08,THANE,MAHARASHTRA,1.03,30667.501833244,1.06,260.493753
2026-08,RAIGAD,MAHARASHTRA,0.31,9140.821503942994,0.31,76.833166
2026-08,NAGPUR,MAHARASHTRA,0.33,9808.509732506005,0.3,72.843263
2026-08,NASHIK,MAHARASHTRA,0.33,9758.274528374,0.29,70.157128
2026-08,PALGHAR,MAHARASHTRA,0.24,7240.861053256999,0.26,63.222009
2026-08,CHHATRAPATI SAMBHAJI NAGAR,MAHARASHTRA,0.23,6764.195032982002,0.22,53.265982
2026-08,SOLAPUR,MAHARASHTRA,0.24,7027.657771742003,0.19,45.942648
2026-08,AHILYANAGAR,MAHARASHTRA,0.24,7093.765957744002,0.19,45.641148
2026-08,KOLHAPUR,MAHARASHTRA,0.17,5074.627783702,0.15,36.923948
2026-08,SATARA,MAHARASHTRA,0.13,3884.5868656650023,0.12,29.693855
2026-08,SANGLI,MAHARASHTRA,0.13,3796.172959634001,0.11,26.211407
2026-08,JALGAON,MAHARASHTRA,0.12,3571.1312877090013,0.1,24.068805
2026-08,NANDED,MAHARASHTRA,0.11,3263.6727029320004,0.09,22.894269
2026-08,LATUR,MAHARASHTRA,0.1,2897.032830366,0.09,22.060155
2026-08,BEED,MAHARASHTRA,0.1,2986.113405791,0.08,19.069578
2026-08,AMRAVATI,MAHARASHTRA,0.09,2539.1606778140003,0.07,18.257666
2026-08,BULDHANA,MAHARASHTRA,0.07,2141.5495087540007,0.06,15.902788
2026-08,DHARASHIV,MAHARASHTRA,0.06,1924.5770429750016,0.06,13.799217
2026-08,YAVATMAL,MAHARASHTRA,0.06,1825.2390511650012,0.06,13.651647
2026-08,CHANDRAPUR,MAHARASHTRA,0.06,1804.0916755120002,0.06,13.63246
2026-08,JALNA,MAHARASHTRA,0.07,1944.1603822219997,0.05,13.422699
2026-08,DHULE,MAHARASHTRA,0.06,1693.712329169001,0.05,11.710995
2026-08,AKOLA,MAHARASHTRA,0.05,1545.9352969620004,0.05,11.330825
2026-08,PARBHANI,MAHARASHTRA,0.05,1481.5489957840007,0.04,10.978726
2026-08,RATNAGIRI,MAHARASHTRA,0.04,1228.6327059290004,0.04,9.076266
2026-08,HINGOLI,MAHARASHTRA,0.03,975.1717652530001,0.03,7.73817
2026-08,WARDHA,MAHARASHTRA,0.03,1024.751840876,0.03,7.628869
2026-08,WASHIM,MAHARASHTRA,0.03,856.9584066629999,0.03,6.459458
2026-08,NANDURBAR,MAHARASHTRA,0.03,824.0554225919998,0.03,6.354445
2026-08,GONDIA,MAHARASHTRA,0.03,920.461222974,0.02,5.932303
2026-08,BHANDARA,MAHARASHTRA,0.03,833.203543445,0.02,5.136097
2026-08,SINDHUDURG,MAHARASHTRA,0.02,698.8819011180001,0.02,4.880534
2026-08,GADCHIROLI,MAHARASHTRA,0.02,614.3400384849998,0.02,4.381904
2026-08,,MAHARASHTRA Total,9.34,278444.228630146,9.74,2387.270324
2026-08,BENGALURU (URBAN),KARNATAKA,3.25,96830.57472340511,2.98,729.270641
2026-08,MYSURU,KARNATAKA,0.26,7680.839373594002,0.21,52.420399
2026-08,BENGALURU (RURAL),KARNATAKA,0.18,5418.344903062,0.16,39.645087
2026-08,DAKSHINA KANNADA,KARNATAKA,0.16,4852.725897410998,0.14,34.867744
2026-08,BELAGAVI,KARNATAKA,0.16,4796.783041792003,0.14,34.376313
2026-08,TUMAKURU,KARNATAKA,0.14,4223.566615988,0.11,27.308282
2026-08,DHARWAD,KARNATAKA,0.1,3123.162013291001,0.1,24.424459
2026-08,KOLARA,KARNATAKA,0.12,3506.8872459170016,0.09,23.250309
2026-08,KALABURAGI,KARNATAKA,0.11,3157.349145388001,0.09,22.565976
2026-08,HASSAN,KARNATAKA,0.11,3225.6110181859995,0.08,19.393685
2026-08,RAMANAGARA,KARNATAKA,0.09,2626.9962757500007,0.07,17.793797
2026-08,VIJAYAPURA,KARNATAKA,0.09,2590.6880022360015,0.07,17.656343
2026-08,MANDYA,KARNATAKA,0.1,3066.396172484,0.07,17.555419
2026-08,SHIVAMOGGA,KARNATAKA,0.08,2420.101334569001,0.07,16.782625
2026-08,UDUPI,KARNATAKA,0.07,2187.532796737,0.07,16.085542
2026-08,BALLARI,KARNATAKA,0.07,2190.637074683001,0.06,15.848679
2026-08,DAVANAGERE,KARNATAKA,0.07,2197.484413925001,0.06,15.381164
2026-08,BIDAR,KARNATAKA,0.07,2184.2635816390016,0.06,15.368194
2026-08,CHIKKABALLAPURA,KARNATAKA,0.09,2535.322806285001,0.06,14.364904
2026-08,RAICHUR,KARNATAKA,0.07,2062.9961137080004,0.06,14.240872
2026-08,BAGALKOT,KARNATAKA,0.06,1776.3896351750009,0.05,12.806612
2026-08,CHITRADURGA,KARNATAKA,0.06,1881.6430828570003,0.05,12.230262
2026-08,CHIKKAMAGALURU,KARNATAKA,0.06,1720.898218899001,0.04,10.741699
2026-08,VIJAYANAGARA,KARNATAKA,0.05,1442.0548740020006,0.04,10.404227
2026-08,KOPPAL,KARNATAKA,0.05,1445.1306204810003,0.04,10.210373
2026-08,UTTARA KANNADA,KARNATAKA,0.04,1296.1421277000002,0.04,9.243124
2026-08,HAVERI,KARNATAKA,0.04,1218.5289403699996,0.04,8.618706
2026-08,YADGIR,KARNATAKA,0.03,983.912511494,0.03,6.457532
2026-08,KODAGU,KARNATAKA,0.03,1030.6830727870001,0.03,6.308383
2026-08,GADAG,KARNATAKA,0.03,835.0356473530002,0.03,6.207463
2026-08,CHAMARAJANAGARA,KARNATAKA,0.03,1006.6441196559999,0.03,6.157006
2026-08,,KARNATAKA Total,5.89,175515.32540082413,5.17,1267.985821
2026-08,GAUTAM BUDDHA NAGAR,UTTAR PRADESH,0.65,19257.762058189,0.77,189.232475
2026-08,LUCKNOW,UTTAR PRADESH,0.41,12263.474380493999,0.43,106.259563
2026-08,GHAZIABAD,UTTAR PRADESH,0.42,12378.715449598003,0.42,103.503813
2026-08,PRAYAGRAJ,UTTAR PRADESH,0.16,4680.861950163002,0.17,42.173956
2026-08,VARANASI,UTTAR PRADESH,0.17,5168.952983087001,0.16,39.930601
2026-08,KANPUR NAGAR,UTTAR PRADESH,0.17,5153.868683297,0.15,37.906037
2026-08,AGRA,UTTAR PRADESH,0.16,4919.23033127,0.15,36.717788
2026-08,GORAKHPUR,UTTAR PRADESH,0.14,4273.961767647999,0.14,34.048051
2026-08,MEERUT,UTTAR PRADESH,0.15,4447.8092310779975,0.13,31.11681
2026-08,MATHURA,UTTAR PRADESH,0.1,3107.493586053001,0.1,24.604412
2026-08,BAREILLY,UTTAR PRADESH,0.11,3134.1703981590017,0.09,23.152687
2026-08,ALIGARH,UTTAR PRADESH,0.1,2916.9173293770004,0.09,22.742611
2026-08,SAHARANPUR,UTTAR PRADESH,0.09,2809.4248261680004,0.08,19.600519
2026-08,BULANDSHAHR,UTTAR PRADESH,0.08,2434.669516308001,0.08,19.424331
2026-08,MORADABAD,UTTAR PRADESH,0.09,2650.525942305002,0.08,19.216234
2026-08,JAUNPUR,UTTAR PRADESH,0.07,2120.7668495830003,0.07,17.968656
2026-08,AZAMGARH,UTTAR PRADESH,0.07,2080.5333582960006,0.07,17.730979
2026-08,KUSHINAGAR,UTTAR PRADESH,0.06,1912.5466880649997,0.07,16.055206
2026-08,MUZAFFARNAGAR,UTTAR PRADESH,0.07,1962.4065337840009,0.06,15.335318
2026-08,DEORIA,UTTAR PRADESH,0.06,1696.8287574610008,0.06,14.121726
2026-08,BIJNOR,UTTAR PRADESH,0.06,1825.822639465,0.06,13.987181
2026-08,AYODHYA,UTTAR PRADESH,0.05,1638.4199626160002,0.05,13.418183
2026-08,GHAZIPUR,UTTAR PRADESH,0.05,1552.137819467,0.05,12.608757
2026-08,JHANSI,UTTAR PRADESH,0.06,1651.6960317650005,0.05,12.191966
2026-08,FIROZABAD,UTTAR PRADESH,0.05,1572.7556781969997,0.05,11.841944
2026-08,BALLIA,UTTAR PRADESH,0.05,1401.6919091400002,0.05,11.272798
2026-08,PRATAPGARH,UTTAR PRADESH,0.04,1295.7750991410003,0.05,11.218297
2026-08,GONDA,UTTAR PRADESH,0.05,1346.3285357140003,0.04,10.963644
2026-08,HAPUR,UTTAR PRADESH,0.05,1391.0662831349998,0.04,10.946131
2026-08,KHERI,UTTAR PRADESH,0.04,1225.132540291,0.04,10.866845
2026-08,BARA BANKI,UTTAR PRADESH,0.04,1226.425792655,0.04,10.712627
2026-08,RAMPUR,UTTAR PRADESH,0.05,1379.9211210209999,0.04,10.393444
2026-08,BASTI,UTTAR PRADESH,0.04,1227.7284188530004,0.04,10.375185
2026-08,SITAPUR,UTTAR PRADESH,0.04,1154.7857279939997,0.04,10.140733
2026-08,MAHRAJGANJ,UTTAR PRADESH,0.04,1206.338832614,0.04,10.110759
2026-08,SULTANPUR,UTTAR PRADESH,0.04,1163.169051661,0.04,9.829741
2026-08,BAHRAICH,UTTAR PRADESH,0.04,1151.0485603900001,0.04,9.387471
2026-08,AMROHA,UTTAR PRADESH,0.04,1258.0519269949996,0.04,9.365479
2026-08,SIDDHARTHNAGAR,UTTAR PRADESH,0.03,1039.7625672090003,0.04,9.006051
2026-08,RAE BARELI,UTTAR PRADESH,0.04,1127.1493526890001,0.04,8.97001
2026-08,MIRZAPUR,UTTAR PRADESH,0.04,1106.2882961649998,0.03,8.546602
2026-08,AMBEDKAR NAGAR,UTTAR PRADESH,0.03,974.7721762389999,0.03,8.447351
2026-08,BUDAUN,UTTAR PRADESH,0.04,1055.9380665560002,0.03,8.341345
2026-08,SONBHADRA,UTTAR PRADESH,0.03,999.5859390530003,0.03,8.17018
2026-08,UNNAO,UTTAR PRADESH,0.04,1107.4271903709998,0.03,8.166734
2026-08,SHAHJAHANPUR,UTTAR PRADESH,0.04,1074.832051356,0.03,8.152239
2026-08,HARDOI,UTTAR PRADESH,0.03,1027.5663742160002,0.03,8.134191
2026-08,MAU,UTTAR PRADESH,0.03,958.8737424930002,0.03,8.102397
2026-08,SAMBHAL,UTTAR PRADESH,0.04,1046.536946152,0.03,7.781277
2026-08,ETAWAH,UTTAR PRADESH,0.03,911.3956173990001,0.03,7.7583
2026-08,CHANDAULI,UTTAR PRADESH,0.03,1018.2198199430001,0.03,7.712325
2026-08,MAINPURI,UTTAR PRADESH,0.03,874.4897930169998,0.03,7.555629
2026-08,BAGHPAT,UTTAR PRADESH,0.03,976.4536198189999,0.03,7.378335
2026-08,SHAMLI,UTTAR PRADESH,0.03,896.303545361,0.03,6.672871
2026-08,BALRAMPUR,UTTAR PRADESH,0.03,764.1603724200003,0.03,6.600994
2026-08,HATHRAS,UTTAR PRADESH,0.03,821.7388603879998,0.03,6.407366
2026-08,SANT KABIR NAGAR,UTTAR PRADESH,0.03,761.4551679119998,0.03,6.250524
2026-08,ETAH,UTTAR PRADESH,0.02,724.239642098,0.03,6.241969
2026-08,PILIBHIT,UTTAR PRADESH,0.03,770.4577389509998,0.02,6.102499
2026-08,AMETHI,UTTAR PRADESH,0.02,730.8041700859997,0.02,6.096274
2026-08,FARRUKHABAD,UTTAR PRADESH,0.02,734.5830458130001,0.02,6.009474
2026-08,JALAUN,UTTAR PRADESH,0.02,720.085077748,0.02,5.838452
2026-08,FATEHPUR,UTTAR PRADESH,0.03,764.1423678189999,0.02,5.804546
2026-08,BHADOHI,UTTAR PRADESH,0.02,666.909830172,0.02,5.697826
2026-08,KANNAUJ,UTTAR PRADESH,0.02,656.681720304,0.02,5.539665
2026-08,AURAIYA,UTTAR PRADESH,0.02,628.3644209459998,0.02,5.432471
2026-08,KANPUR DEHAT,UTTAR PRADESH,0.02,666.910608623,0.02,5.112883
2026-08,KASGANJ,UTTAR PRADESH,0.02,552.9464694669995,0.02,4.631679
2026-08,BANDA,UTTAR PRADESH,0.02,517.7623665159998,0.02,4.393403
2026-08,LALITPUR,UTTAR PRADESH,0.02,447.9631501319999,0.02,4.018295
2026-08,KAUSHAMBI,UTTAR PRADESH,0.02,468.09133848999977,0.01,3.669239
2026-08,HAMIRPUR,UTTAR PRADESH,0.01,411.02891408,0.01,3.412408
2026-08,MAHOBA,UTTAR PRADESH,0.01,342.8039310549999,0.01,3.129292
2026-08,CHITRAKOOT,UTTAR PRADESH,0.01,317.4967647669999,0.01,2.618989
2026-08,SHRAWASTI,UTTAR PRADESH,0.01,300.08812903000006,0.01,2.526707
2026-08,,UTTAR PRADESH Total,5.13,153003.52573635202,5.16,1264.90375
2026-08,CHENNAI,TAMIL NADU,1.06,31661.68099719599,0.94,229.269249
2026-08,CHENGALPATTU,TAMIL NADU,0.41,12270.949405533,0.39,95.332987
2026-08,COIMBATORE,TAMIL NADU,0.45,13561.773126197995,0.39,94.852663
2026-08,TIRUVALLUR,TAMIL NADU,0.25,7525.494081142001,0.22,54.297536
2026-08,TIRUPPUR,TAMIL NADU,0.21,6286.932491312002,0.18,44.644946
2026-08,KANCHEEPURAM,TAMIL NADU,0.16,4802.167220140997,0.14,34.940314
2026-08,SALEM,TAMIL NADU,0.19,5759.657273681998,0.14,33.921695
2026-08,KRISHNAGIRI,TAMIL NADU,0.17,5085.407315854,0.13,32.335802
2026-08,MADURAI,TAMIL NADU,0.19,5589.883835537,0.13,32.227458
2026-08,TIRUCHIRAPPALLI,TAMIL NADU,0.15,4557.9182707,0.12,28.302226
2026-08,ERODE,TAMIL NADU,0.12,3620.0184528160003,0.09,22.427824
2026-08,THANJAVUR,TAMIL NADU,0.11,3188.3848719140005,0.08,18.577737
2026-08,CUDDALORE,TAMIL NADU,0.1,2872.797169630002,0.07,18.081991
2026-08,VELLORE,TAMIL NADU,0.08,2455.740344274,0.07,16.689649
2026-08,TIRUNELVELI,TAMIL NADU,0.09,2571.3984701390004,0.06,15.813842
2026-08,DINDIGUL,TAMIL NADU,0.09,2823.1301234390003,0.06,15.769126
2026-08,TIRUVANNAMALAI,TAMIL NADU,0.08,2373.1903900030015,0.06,15.305962
2026-08,KANNIYAKUMARI,TAMIL NADU,0.1,2944.768365354002,0.06,15.304094
2026-08,THOOTHUKUDI,TAMIL NADU,0.08,2390.250180010001,0.06,15.254799
2026-08,NAMAKKAL,TAMIL NADU,0.09,2574.667346316,0.06,14.751473
2026-08,VILUPPURAM,TAMIL NADU,0.07,2134.472648803001,0.06,14.07031
2026-08,DHARMAPURI,TAMIL NADU,0.08,2251.786977039001,0.05,12.63941
2026-08,VIRUDHUNAGAR,TAMIL NADU,0.07,2092.1903696290005,0.05,12.325759
2026-08,TIRUPATHUR,TAMIL NADU,0.05,1558.061214376,0.04,10.209427
2026-08,RANIPET,TAMIL NADU,0.05,1551.758074011001,0.04,10.039613
2026-08,PUDUKKOTTAI,TAMIL NADU,0.06,1651.7468403710009,0.04,9.280095
2026-08,TENKASI,TAMIL NADU,0.05,1503.154526749001,0.04,8.845961
2026-08,SIVAGANGA,TAMIL NADU,0.05,1564.6676350280002,0.04,8.760364
2026-08,KALLAKURICHI,TAMIL NADU,0.05,1346.7466600430005,0.03,8.489239
2026-08,KARUR,TAMIL NADU,0.05,1474.8541474610004,0.03,8.455887
2026-08,RAMANATHAPURAM,TAMIL NADU,0.05,1482.7891477780004,0.03,8.245621
2026-08,THENI,TAMIL NADU,0.05,1512.4408502450005,0.03,7.871717
2026-08,THIRUVARUR,TAMIL NADU,0.04,1138.17335908,0.03,6.751679
2026-08,THE NILGIRIS,TAMIL NADU,0.04,1070.4690896940003,0.03,6.748481
2026-08,MAYILADUTHURAI,TAMIL NADU,0.03,899.32420539,0.02,5.507894
2026-08,ARIYALUR,TAMIL NADU,0.02,742.3365105950003,0.02,4.468904
2026-08,NAGAPATTINAM,TAMIL NADU,0.02,649.5852445729998,0.02,3.999104
2026-08,PERAMBALUR,TAMIL NADU,0.02,629.002627379,0.02,3.77089
2026-08,,TAMIL NADU Total,5.04,150169.76985943402,4.07,998.581728
2026-08,RANGA REDDY,TELANGANA,1.16,34728.580002624,0.94,230.756884
2026-08,MEDCHAL-MALKAJGIRI,TELANGANA,1.06,31615.669052653997,0.88,216.756907
2026-08,HYDERABAD,TELANGANA,0.84,25002.505157585,0.74,181.204783
2026-08,SANGAREDDY,TELANGANA,0.24,7008.820693452,0.19,47.009088
2026-08,NALGONDA,TELANGANA,0.12,3527.6191106810043,0.08,20.279008
2026-08,HANUMAKONDA,TELANGANA,0.11,3195.6151497470005,0.08,19.902487
2026-08,KHAMMAM,TELANGANA,0.1,3102.8695768520033,0.08,19.21434
2026-08,KARIMNAGAR,TELANGANA,0.11,3173.664182798002,0.08,18.513812
2026-08,NIZAMABAD,TELANGANA,0.11,3271.621642599002,0.07,17.990625
2026-08,SIDDIPET,TELANGANA,0.08,2504.509122238001,0.06,14.196841
2026-08,BHADRADRI KOTHAGUDEM,TELANGANA,0.07,2028.3495017480016,0.05,13.329402
2026-08,MAHBUBNAGAR,TELANGANA,0.07,2018.1127137670003,0.05,13.008858
2026-08,WARANGAL,TELANGANA,0.07,2153.356563786001,0.05,12.776029
2026-08,YADADRI BHUVANAGIRI,TELANGANA,0.07,2017.7029676160012,0.05,11.949281
2026-08,SURYAPET,TELANGANA,0.07,2123.756180490001,0.05,11.817305
2026-08,MANCHERIAL,TELANGANA,0.06,1649.099239966001,0.04,10.477431
2026-08,PEDDAPALLI,TELANGANA,0.05,1581.2000816340012,0.04,9.917828
2026-08,JAGTIAL,TELANGANA,0.06,1783.3523425990002,0.04,8.956187
2026-08,VIKARABAD,TELANGANA,0.04,1304.6812404180007,0.04,8.647022
2026-08,MEDAK,TELANGANA,0.04,1265.7262846750002,0.03,8.225268
2026-08,KAMAREDDY,TELANGANA,0.05,1389.650988276001,0.03,7.954152
2026-08,NAGARKURNOOL,TELANGANA,0.05,1344.960239776001,0.03,7.626096
2026-08,MAHABUBABAD,TELANGANA,0.04,1055.3743459880002,0.03,6.619938
2026-08,NIRMAL,TELANGANA,0.04,1175.789837109,0.03,6.237076
2026-08,JANGAON,TELANGANA,0.03,1012.70147334,0.02,5.776961
2026-08,RAJANNA SIRCILLA,TELANGANA,0.04,1067.1205860460004,0.02,5.715353
2026-08,ADILABAD,TELANGANA,0.03,825.6131650640002,0.02,5.648563
2026-08,WANAPARTHY,TELANGANA,0.03,887.7288552320003,0.02,5.25582
2026-08,JOGULAMBA GADWAL,TELANGANA,0.03,837.9079447649999,0.02,4.854176
2026-08,JAYASHANKAR BHUPALPALLI,TELANGANA,0.02,673.6708451549999,0.02,3.912967
2026-08,NARAYANPET,TELANGANA,0.02,660.08523311,0.02,3.762974
2026-08,KUMURAM BHEEM,TELANGANA,0.02,450.5279514119999,0.01,3.401243
2026-08,MULUGU,TELANGANA,0.01,425.379810899,0.01,2.534808
2026-08,,TELANGANA Total,4.92,146863.32208410103,3.93,964.229513
2026-08,VISAKHAPATNAM,ANDHRA PRADESH,0.34,10154.225003792,0.28,68.45429
2026-08,TIRUPATI,ANDHRA PRADESH,0.26,7860.904789267999,0.22,53.045529
2026-08,NTR,ANDHRA PRADESH,0.25,7371.21006326,0.2,47.8969
2026-08,GUNTUR,ANDHRA PRADESH,0.24,7201.552071912999,0.19,46.317975
2026-08,SRI POTTI SRIRAMULU NELLORE,ANDHRA PRADESH,0.21,6252.314504317002,0.15,36.02114
2026-08,KAKINADA,ANDHRA PRADESH,0.16,4739.366573474001,0.13,30.650334
2026-08,ANANTHAPURAMU,ANDHRA PRADESH,0.16,4829.912234723,0.12,29.510855
2026-08,EAST GODAVARI,ANDHRA PRADESH,0.16,4735.299777216002,0.12,28.353111
2026-08,PRAKASAM,ANDHRA PRADESH,0.16,4795.736067849,0.11,27.348244
2026-08,KRISHNA,ANDHRA PRADESH,0.14,4163.412487725,0.11,25.82523
2026-08,ELURU,ANDHRA PRADESH,0.14,4198.403237358002,0.1,25.392713
2026-08,KURNOOL,ANDHRA PRADESH,0.13,3868.586917050001,0.1,25.300755
2026-08,Y.S.R.,ANDHRA PRADESH,0.16,4729.078572212001,0.1,25.261603
2026-08,WEST GODAVARI,ANDHRA PRADESH,0.14,4116.853019408,0.1,23.916456
2026-08,CHITTOOR,ANDHRA PRADESH,0.12,3595.3459088600007,0.09,21.355092
2026-08,PALNADU,ANDHRA PRADESH,0.12,3647.7673517,0.08,20.799632
2026-08,ANNAMAYYA,ANDHRA PRADESH,0.12,3698.3390546740006,0.08,20.419555
2026-08,ANAKAPALLI,ANDHRA PRADESH,0.11,3178.467142306,0.08,19.324596
2026-08,VIZIANAGARAM,ANDHRA PRADESH,0.1,3021.2689691970018,0.08,18.986296
2026-08,SRIKAKULAM,ANDHRA PRADESH,0.11,3175.171514562,0.08,18.6818
2026-08,NANDYAL,ANDHRA PRADESH,0.1,3033.783350621001,0.07,18.291793
2026-08,SRI SATHYA SAI,ANDHRA PRADESH,0.1,2945.1557819360014,0.07,17.943332
2026-08,DR. B.R. AMBEDKAR KONASEEMA,ANDHRA PRADESH,0.1,2925.5002546120027,0.07,17.228134
2026-08,BAPATLA,ANDHRA PRADESH,0.09,2624.3874241190006,0.06,15.569814
2026-08,ALLURI SITARAMA RAJU,ANDHRA PRADESH,0.02,742.3213595210001,0.02,5.175125
2026-08,PARVATHIPURAM MANYAM,ANDHRA PRADESH,0.03,802.2106757499997,0.02,4.84514
2026-08,,ANDHRA PRADESH Total,3.77,112406.57410742302,2.82,691.915444
2026-08,AHMADABAD,GUJARAT,0.76,22553.197719261003,0.62,151.434462
2026-08,SURAT,GUJARAT,0.57,16869.083312656996,0.46,112.250806
2026-08,VADODARA,GUJARAT,0.26,7833.871435726999,0.26,62.964951
2026-08,KACHCHH,GUJARAT,0.14,4108.350379537,0.12,28.420385
2026-08,GANDHINAGAR,GUJARAT,0.12,3683.424161884001,0.11,26.637342
2026-08,RAJKOT,GUJARAT,0.18,5238.677875429001,0.11,26.603066
2026-08,BHARUCH,GUJARAT,0.1,2889.8358938589995,0.1,23.938724
2026-08,VALSAD,GUJARAT,0.09,2743.7889290099993,0.09,21.852908
2026-08,BANAS KANTHA,GUJARAT,0.09,2693.678568948,0.07,17.612265
2026-08,ANAND,GUJARAT,0.07,1963.8235335719996,0.06,14.136185
2026-08,MAHESANA,GUJARAT,0.08,2283.8477674640003,0.06,13.905445
2026-08,JAMNAGAR,GUJARAT,0.07,2023.8877098850005,0.06,13.495366
2026-08,KHEDA,GUJARAT,0.05,1448.297245706999,0.04,10.815747
2026-08,BHAVNAGAR,GUJARAT,0.07,2142.088301013,0.04,10.145147
2026-08,PANCH MAHALS,GUJARAT,0.04,1050.635049693,0.04,8.972036
2026-08,NAVSARI,GUJARAT,0.04,1175.744315001,0.03,8.494364
2026-08,SABAR KANTHA,GUJARAT,0.04,1118.8700580219997,0.03,7.867194
2026-08,MORBI,GUJARAT,0.04,1323.105175111,0.03,6.922792
2026-08,SURENDRANAGAR,GUJARAT,0.04,1192.9167199509998,0.03,6.217637
2026-08,PATAN,GUJARAT,0.03,971.0883365119997,0.03,6.174148
2026-08,DAHOD,GUJARAT,0.02,741.1855532779999,0.02,6.028226
2026-08,JUNAGADH,GUJARAT,0.04,1081.2564204280002,0.02,5.218352
2026-08,ARVALLI,GUJARAT,0.02,650.5389667800001,0.02,4.900807
2026-08,GIR SOMNATH,GUJARAT,0.03,884.7587698899999,0.02,4.721032
2026-08,AMRELI,GUJARAT,0.03,761.5508498319999,0.02,3.975552
2026-08,DEVBHUMI DWARKA,GUJARAT,0.02,641.1025086099999,0.02,3.842208
2026-08,TAPI,GUJARAT,0.01,404.16755582099984,0.01,3.526363
2026-08,MAHISAGAR,GUJARAT,0.01,420.47594154499996,0.01,3.398584
2026-08,BOTAD,GUJARAT,0.02,545.9168258130001,0.01,2.960607
2026-08,NARMADA,GUJARAT,0.01,233.83803745800003,0.01,2.122434
2026-08,CHHOTAUDEPUR,GUJARAT,0.01,275.941752771,0.01,2.080387
2026-08,PORBANDAR,GUJARAT,0.01,440.4740278009999,0.01,1.984005
2026-08,DANGS,GUJARAT,0.0,79.23871818700007,0.0,0.738266
2026-08,,GUJARAT Total,3.1,92468.65841645701,2.55,624.357793
2026-08,JAIPUR,RAJASTHAN,0.75,22328.393376751996,0.69,169.688314
2026-08,JODHPUR,RAJASTHAN,0.17,5120.973995396999,0.14,34.477126
2026-08,UDAIPUR,RAJASTHAN,0.12,3705.4365115150003,0.11,28.014304
2026-08,KOTA,RAJASTHAN,0.1,2916.133429866001,0.09,23.069907
2026-08,AJMER,RAJASTHAN,0.12,3521.495138678,0.09,22.944477
2026-08,SIKAR,RAJASTHAN,0.12,3588.0702297630005,0.09,21.555853
2026-08,BHILWARA,RAJASTHAN,0.1,3094.2541443259993,0.09,20.904308
2026-08,BIKANER,RAJASTHAN,0.09,2678.1484465550006,0.07,17.339231
2026-08,ALWAR,RAJASTHAN,0.07,2092.230361939,0.07,16.723014
2026-08,GANGANAGAR,RAJASTHAN,0.08,2248.0592830690016,0.06,15.149457
2026-08,KHAIRTHAL-TIJARA,RAJASTHAN,0.06,1749.7300174600007,0.06,14.732645
2026-08,JHUNJHUNU,RAJASTHAN,0.07,2199.387158362,0.05,12.605722
2026-08,DAUSA,RAJASTHAN,0.05,1476.102470693,0.05,11.96534
2026-08,KOTPUTLI-BEHROR,RAJASTHAN,0.06,1750.3089794490006,0.05,11.482587
2026-08,CHITTAURGARH,RAJASTHAN,0.05,1592.8595105519996,0.05,11.412003
2026-08,BARMER,RAJASTHAN,0.05,1510.3447502120007,0.04,10.29981
2026-08,PALI,RAJASTHAN,0.05,1452.725497226,0.04,10.092949
2026-08,CHURU,RAJASTHAN,0.06,1664.9984052659997,0.04,9.707999
2026-08,HANUMANGARH,RAJASTHAN,0.05,1578.563436011,0.04,9.641715
2026-08,NAGAUR,RAJASTHAN,0.05,1480.2810064499997,0.04,8.79934
2026-08,BHARATPUR,RAJASTHAN,0.03,1024.927944756,0.03,8.554797
2026-08,DIDWANA-KUCHAMAN,RAJASTHAN,0.05,1513.4032383879996,0.03,8.54014
2026-08,BEAWAR,RAJASTHAN,0.04,1255.3068449620005,0.03,8.198489
2026-08,TONK,RAJASTHAN,0.04,1050.0727176659998,0.03,8.086585
2026-08,JALOR,RAJASTHAN,0.04,1307.2161035050003,0.03,8.032957
2026-08,RAJSAMAND,RAJASTHAN,0.04,1153.6248134460002,0.03,7.693291
2026-08,JHALAWAR,RAJASTHAN,0.03,920.490164409,0.03,7.495604
2026-08,SAWAI MADHOPUR,RAJASTHAN,0.03,871.9425395369999,0.03,7.230643
2026-08,KARAULI,RAJASTHAN,0.03,860.5906373619997,0.03,7.196856
2026-08,JAISALMER,RAJASTHAN,0.03,943.188255457,0.03,7.162396
2026-08,BANSWARA,RAJASTHAN,0.03,785.839668489,0.03,6.211401
2026-08,SIROHI,RAJASTHAN,0.03,849.569743996,0.02,6.091104
2026-08,BALOTRA,RAJASTHAN,0.03,908.4064392229998,0.02,5.939005
2026-08,DHAULPUR,RAJASTHAN,0.02,703.4908796809999,0.02,5.828909
2026-08,BUNDI,RAJASTHAN,0.02,696.9945932249998,0.02,5.501433
2026-08,BARAN,RAJASTHAN,0.02,601.523904969,0.02,4.952015
2026-08,DUNGARPUR,RAJASTHAN,0.02,655.709772237,0.02,4.79378
2026-08,DEEG,RAJASTHAN,0.02,520.4572879039999,0.02,4.520637
2026-08,PHALODI,RAJASTHAN,0.02,709.9474362599999,0.02,4.493219
2026-08,PRATAPGARH,RAJASTHAN,0.01,406.58787192299985,0.01,3.167059
2026-08,SALUMBAR,RAJASTHAN,0.01,267.8922142139999,0.01,1.906373
2026-08,,RAJASTHAN Total,2.88,85755.67922114999,2.5,612.202794
2026-08,WEST,DELHI,0.35,10296.532451213998,0.32,78.546314
2026-08,SOUTH EAST,DELHI,0.28,8330.915106383,0.31,77.142316
2026-08,CENTRAL,DELHI,0.26,7647.216500896002,0.24,59.18125
2026-08,NEW DELHI,DELHI,0.22,6534.526039886002,0.24,59.073976
2026-08,SOUTH,DELHI,0.19,5762.885663179998,0.22,53.004679
2026-08,SOUTH WEST,DELHI,0.21,6187.172662936999,0.21,52.075035
2026-08,EAST,DELHI,0.31,9332.205445305995,0.21,51.409738
2026-08,NORTH WEST,DELHI,0.2,6050.998056838,0.18,44.424296
2026-08,NORTH,DELHI,0.18,5505.720954705,0.17,42.013599
2026-08,SHAHDARA,DELHI,0.14,4277.440779105003,0.13,30.745155
2026-08,NORTH EAST,DELHI,0.08,2442.2293321240013,0.08,18.737465
2026-08,NAZUL,DELHI,0.01,407.423542818,0.01,3.42338
2026-08,,DELHI Total,2.44,72775.266535392,2.32,569.777203
2026-08,NORTH TWENTY-FOUR PARGANAS,WEST BENGAL,0.41,12191.312721314,0.4,97.717043
2026-08,KOLKATA,WEST BENGAL,0.37,10972.528731452,0.34,82.218461
2026-08,SOUTH 24PARGANAS,WEST BENGAL,0.16,4767.249499556999,0.14,34.403567
2026-08,HAORA,WEST BENGAL,0.14,4297.907044136,0.12,30.239745
2026-08,HUGLI,WEST BENGAL,0.12,3684.3906048990007,0.11,26.27793
2026-08,MURSHIDABAD,WEST BENGAL,0.14,4268.883912135,0.1,24.935173
2026-08,PASCHIM BARDDHAMAN,WEST BENGAL,0.09,2819.8345950389994,0.1,23.433506
2026-08,NADIA,WEST BENGAL,0.11,3368.473491797,0.09,22.2557
2026-08,PURBA MEDINIPUR,WEST BENGAL,0.11,3391.0654944210005,0.09,21.938758
2026-08,PASCHIM MEDINIPUR,WEST BENGAL,0.09,2813.192446667001,0.09,21.772441
2026-08,MALDAH,WEST BENGAL,0.09,2760.196408722999,0.07,17.71141
2026-08,PURBA BARDDHAMAN,WEST BENGAL,0.08,2443.557542497,0.07,16.704974
2026-08,DARJILING,WEST BENGAL,0.07,2159.4283129640003,0.07,16.59986
2026-08,JALPAIGURI,WEST BENGAL,0.06,1810.4488401969998,0.06,15.033491
2026-08,BIRBHAM,WEST BENGAL,0.06,1674.2122271049998,0.05,12.117159
2026-08,UTTAR DINAJPUR,WEST BENGAL,0.06,1705.1922122430003,0.05,11.502596
2026-08,KOCH BIHAR,WEST BENGAL,0.05,1391.678348533,0.05,11.299551
2026-08,BANKURA,WEST BENGAL,0.04,1254.8620723760007,0.04,10.399214
2026-08,PURULIYA,WEST BENGAL,0.03,867.8654197440001,0.03,8.45181
2026-08,ALIPUR DUAR,WEST BENGAL,0.03,796.5782814229999,0.03,6.461022
2026-08,DAKSHIN DINAJPUR,WEST BENGAL,0.02,670.0180906679998,0.02,4.71794
2026-08,JHARGRAM,WEST BENGAL,0.01,350.7261549059999,0.01,3.218821
2026-08,KALIMPONG,WEST BENGAL,0.01,218.8122166090001,0.01,1.697922
2026-08,,WEST BENGAL Total,2.37,70678.414669405,2.13,521.108094
2026-08,ERNAKULAM,KERALA,0.44,13260.667629517993,0.41,101.339151
2026-08,THIRUVANANTHAPURAM,KERALA,0.28,8416.539286471003,0.25,61.237031
2026-08,KOZHIKODE,KERALA,0.23,6835.4029508050035,0.21,52.62696
2026-08,MALAPPURAM,KERALA,0.22,6693.380249257003,0.21,51.273236
2026-08,THRISSUR,KERALA,0.22,6620.787389369001,0.19,45.688065
2026-08,PALAKKAD,KERALA,0.16,4829.572292631001,0.14,33.20304
2026-08,KANNUR,KERALA,0.15,4474.312663276,0.13,31.136534
2026-08,KOLLAM,KERALA,0.15,4445.576234319999,0.12,29.113017
2026-08,ALAPPUZHA,KERALA,0.13,3747.034574780999,0.11,25.973327
2026-08,KOTTAYAM,KERALA,0.13,3809.6764492909997,0.11,25.940034
2026-08,KASARAGOD,KERALA,0.07,2176.393597154,0.06,14.222592
2026-08,IDUKKI,KERALA,0.08,2293.9519329610002,0.06,14.211564
2026-08,PATHANAMTHITTA,KERALA,0.06,1915.0335690410006,0.05,12.492744
2026-08,WAYANAD,KERALA,0.05,1523.8771145569997,0.05,11.137201
2026-08,,KERALA Total,2.38,71042.20593343201,2.08,509.594496
2026-08,INDORE,MADHYA PRADESH,0.38,11329.252588165999,0.38,93.291024
2026-08,BHOPAL,MADHYA PRADESH,0.22,6634.600123615996,0.24,58.983777
2026-08,GWALIOR,MADHYA PRADESH,0.11,3315.7617629480023,0.1,24.322104
2026-08,UJJAIN,MADHYA PRADESH,0.09,2730.4712253680013,0.09,22.041121
2026-08,JABALPUR,MADHYA PRADESH,0.09,2809.1368741720003,0.09,21.250134
2026-08,DHAR,MADHYA PRADESH,0.06,1857.28710435,0.06,14.518303
2026-08,DEWAS,MADHYA PRADESH,0.05,1583.936798638,0.05,11.716035
2026-08,SAGAR,MADHYA PRADESH,0.05,1358.8329119689997,0.04,10.858212
2026-08,RATLAM,MADHYA PRADESH,0.04,1303.1625761239998,0.04,9.53242
2026-08,SEHORE,MADHYA PRADESH,0.04,1184.7269040600002,0.04,9.48067
2026-08,REWA,MADHYA PRADESH,0.04,1161.041168216,0.04,9.413058
2026-08,MORENA,MADHYA PRADESH,0.04,1157.9580138070003,0.04,8.657461
2026-08,CHHINDWARA,MADHYA PRADESH,0.04,1099.253845178,0.04,8.623356
2026-08,RAJGARH,MADHYA PRADESH,0.04,1080.9920885650004,0.03,8.442129
2026-08,SHIVPURI,MADHYA PRADESH,0.03,1008.3714442570003,0.03,8.42344
2026-08,MANDSAUR,MADHYA PRADESH,0.04,1136.340523103,0.03,8.325235
2026-08,KHARGONE,MADHYA PRADESH,0.04,1217.8234698930005,0.03,8.245683
2026-08,RAISEN,MADHYA PRADESH,0.03,1017.1444082799999,0.03,8.096864
2026-08,NARMADAPURAM,MADHYA PRADESH,0.04,1067.7150643950004,0.03,8.050046
2026-08,SATNA,MADHYA PRADESH,0.03,962.3088870580002,0.03,7.582547
2026-08,SINGRAULI,MADHYA PRADESH,0.03,860.0630031470001,0.03,7.371589
2026-08,GUNA,MADHYA PRADESH,0.03,869.3718830989995,0.03,7.295084
2026-08,CHHATARPUR,MADHYA PRADESH,0.03,883.0300903129997,0.03,7.139517
2026-08,VIDISHA,MADHYA PRADESH,0.03,895.0413369000001,0.03,7.131005
2026-08,KHANDWA,MADHYA PRADESH,0.03,839.4615890319999,0.03,7.085928
2026-08,BALAGHAT,MADHYA PRADESH,0.03,863.9826388430002,0.03,6.642853
2026-08,BETUL,MADHYA PRADESH,0.03,836.7545375159999,0.03,6.391547
2026-08,BHIND,MADHYA PRADESH,0.03,768.9990802380001,0.02,5.792586
2026-08,SEONI,MADHYA PRADESH,0.02,722.5856821069997,0.02,5.765147
2026-08,KATNI,MADHYA PRADESH,0.02,705.0289798469998,0.02,5.416478
2026-08,SHAJAPUR,MADHYA PRADESH,0.02,710.810801817,0.02,5.249518
2026-08,NEEMUCH,MADHYA PRADESH,0.02,720.547045279,0.02,5.164196
2026-08,NARSIMHAPUR,MADHYA PRADESH,0.02,648.7621026209999,0.02,5.000849
2026-08,SHAHDOL,MADHYA PRADESH,0.02,579.6776732939998,0.02,4.905745
2026-08,BARWANI,MADHYA PRADESH,0.02,641.7527974989998,0.02,4.709032
2026-08,SIDHI,MADHYA PRADESH,0.02,529.3354778929998,0.02,4.352487
2026-08,AGAR MALWA,MADHYA PRADESH,0.02,483.8183644019999,0.02,4.070476
2026-08,ASHOKNAGAR,MADHYA PRADESH,0.01,445.08139093100004,0.02,3.898836
2026-08,DAMOH,MADHYA PRADESH,0.02,492.72119977199986,0.02,3.680231
2026-08,JHABUA,MADHYA PRADESH,0.02,459.5576565659997,0.01,3.612859
2026-08,BURHANPUR,MADHYA PRADESH,0.02,512.9603137909996,0.01,3.570442
2026-08,ANUPPUR,MADHYA PRADESH,0.01,353.8752352999999,0.01,3.449085
2026-08,MANDLA,MADHYA PRADESH,0.01,400.51601927499973,0.01,3.287605
2026-08,TIKAMGARH,MADHYA PRADESH,0.01,370.17770210099985,0.01,3.277525
2026-08,DATIA,MADHYA PRADESH,0.01,416.0335813989998,0.01,3.225732
2026-08,HARDA,MADHYA PRADESH,0.01,435.76129442999985,0.01,2.962705
2026-08,PANNA,MADHYA PRADESH,0.01,340.73800802999995,0.01,2.832167
2026-08,MAIHAR,MADHYA PRADESH,0.01,310.4193778049999,0.01,2.568591
2026-08,SHEOPUR,MADHYA PRADESH,0.01,274.365819991,0.01,2.211823
2026-08,UMARIA,MADHYA PRADESH,0.01,242.78667515100008,0.01,2.113746
2026-08,DINDORI,MADHYA PRADESH,0.01,210.82487374100012,0.01,1.767316
2026-08,MAUGANJ,MADHYA PRADESH,0.01,207.7075558950001,0.01,1.626105
2026-08,PANDHURNA,MADHYA PRADESH,0.01,210.32528463100002,0.01,1.535973
2026-08,ALIRAJPUR,MADHYA PRADESH,0.01,204.10553346300006,0.01,1.482782
2026-08,NIWARI,MADHYA PRADESH,0.01,165.23165653199996,0.01,1.431819
2026-08,,MADHYA PRADESH Total,2.13,63628.33004481399,2.07,507.872998
2026-08,PATNA,BIHAR,0.33,9728.633800777,0.33,79.794468
2026-08,MUZAFFARPUR,BIHAR,0.12,3546.8696468099984,0.11,26.701258
2026-08,PURBA CHAMPARAN,BIHAR,0.11,3154.929164625002,0.1,25.022682
2026-08,GAYA,BIHAR,0.09,2763.4301805170007,0.09,21.251064
2026-08,PASHCHIM CHAMPARAN,BIHAR,0.07,2216.661947031001,0.08,18.844599
2026-08,SAMASTIPUR,BIHAR,0.08,2294.7006820260003,0.07,16.824473
2026-08,PURNIA,BIHAR,0.08,2245.7670855639994,0.07,16.791533
2026-08,BHAGALPUR,BIHAR,0.07,2026.3425925940003,0.07,16.641496
2026-08,SARAN,BIHAR,0.07,2060.3971333350014,0.07,16.152254
2026-08,DARBHANGA,BIHAR,0.07,2167.2264829680003,0.06,15.893757
2026-08,VAISHALI,BIHAR,0.07,2107.910513103,0.06,15.428852
2026-08,MADHUBANI,BIHAR,0.07,1990.8862867799996,0.06,14.662291
2026-08,KATIHAR,BIHAR,0.07,1991.5970162770004,0.06,13.879984
2026-08,SIWAN,BIHAR,0.06,1866.9601875770009,0.06,13.747534
2026-08,ROHTAS,BIHAR,0.06,1722.7428394440003,0.05,13.082863
2026-08,BEGUSARAI,BIHAR,0.06,1728.1536816,0.05,13.077631
2026-08,NALANDA,BIHAR,0.05,1558.7346487400005,0.05,11.828464
2026-08,AURANGABAD,BIHAR,0.05,1342.116262473001,0.05,11.597418
2026-08,ARARIA,BIHAR,0.05,1520.5810811450006,0.05,11.379831
2026-08,GOPALGANJ,BIHAR,0.05,1470.1229440180007,0.05,11.31759
2026-08,SITAMARHI,BIHAR,0.05,1515.9398180929998,0.05,11.160673
2026-08,BHOJPUR,BIHAR,0.05,1459.1446017540002,0.05,11.133277
2026-08,SUPAUL,BIHAR,0.04,1238.9070478620004,0.04,10.189955
2026-08,SAHARSA,BIHAR,0.03,1039.9857090240002,0.04,8.662362
2026-08,MADHEPURA,BIHAR,0.03,1031.047314292,0.03,8.263895
2026-08,NAWADA,BIHAR,0.04,1071.5792501900003,0.03,7.619565
2026-08,KISHANGANJ,BIHAR,0.03,969.2781228040006,0.03,7.009505
2026-08,BUXAR,BIHAR,0.03,899.4873459199999,0.03,6.592404
2026-08,JAMUI,BIHAR,0.03,762.1626906099999,0.03,6.229821
2026-08,BANKA,BIHAR,0.02,734.6352422909999,0.03,6.219835
2026-08,KHAGARIA,BIHAR,0.03,832.6423861059999,0.03,6.178863
2026-08,JEHANABAD,BIHAR,0.02,675.5652970329998,0.02,6.113107
2026-08,MUNGER,BIHAR,0.02,718.8041797809999,0.02,5.836031
2026-08,KAIMUR (BHABUA),BIHAR,0.03,747.3719814289997,0.02,5.679664
2026-08,LAKHISARAI,BIHAR,0.02,486.302295367,0.02,3.680889
2026-08,ARWAL,BIHAR,0.01,332.732644474,0.01,3.198079
2026-08,SHEIKHPURA,BIHAR,0.01,305.1625598419999,0.01,2.151801
2026-08,SHEOHAR,BIHAR,0.01,277.7976033759999,0.01,2.071527
2026-08,,BIHAR Total,2.17,64603.310267652014,2.05,501.911295
2026-08,GURUGRAM,HARYANA,0.7,21018.770054157998,0.77,187.696773
2026-08,FARIDABAD,HARYANA,0.26,7820.241892976001,0.26,63.006315
2026-08,SONIPAT,HARYANA,0.11,3163.1064784450004,0.09,22.402676
2026-08,PANIPAT,HARYANA,0.09,2671.520134253,0.07,17.764796
2026-08,KARNAL,HARYANA,0.09,2580.539733229,0.06,15.045783
2026-08,HISAR,HARYANA,0.09,2762.667437836,0.06,14.065993
2026-08,REWARI,HARYANA,0.06,1915.0308801300007,0.06,13.793855
2026-08,JHAJJAR,HARYANA,0.07,1996.8422020120015,0.06,13.677291
2026-08,AMBALA,HARYANA,0.07,2021.1512609260014,0.05,13.019789
2026-08,ROHTAK,HARYANA,0.07,2170.595293628001,0.05,12.68568
2026-08,PANCHKULA,HARYANA,0.06,1682.3437354190007,0.05,12.041993
2026-08,NUH,HARYANA,0.05,1536.6212085469995,0.05,11.962126
2026-08,PALWAL,HARYANA,0.05,1585.5876616680002,0.05,11.769058
2026-08,YAMUNANAGAR,HARYANA,0.05,1499.436964081,0.04,9.616293
2026-08,KURUKSHETRA,HARYANA,0.06,1642.7206583310003,0.04,9.225686
2026-08,SIRSA,HARYANA,0.05,1510.3185045430002,0.03,8.049251
2026-08,BHIWANI,HARYANA,0.05,1356.986863923,0.03,7.026939
2026-08,JIND,HARYANA,0.05,1433.5255295280006,0.03,6.792376
2026-08,MAHENDRAGARH,HARYANA,0.04,1047.235434888,0.02,6.102682
2026-08,KAITHAL,HARYANA,0.04,1288.1350722220002,0.02,6.059383
2026-08,FATEHABAD,HARYANA,0.03,1008.646685927,0.02,4.84933
2026-08,CHARKI DADRI,HARYANA,0.02,524.4221179469997,0.01,2.524759
2026-08,,HARYANA Total,2.15,64236.44580461702,1.91,469.178827
2026-08,KHORDHA,ODISHA,0.27,8085.518154345999,0.29,71.557489
2026-08,CUTTACK,ODISHA,0.11,3320.7854718760004,0.11,27.300021
2026-08,GANJAM,ODISHA,0.1,3068.9651756780017,0.08,20.54942
2026-08,PURI,ODISHA,0.06,1811.5520068540009,0.06,15.64892
2026-08,SUNDARGARH,ODISHA,0.06,1868.7151310350007,0.06,15.403496
2026-08,BALASORE,ODISHA,0.07,2028.4581624839996,0.06,15.368617
2026-08,JAJAPUR,ODISHA,0.06,1680.0645260640008,0.06,14.643601
2026-08,KEONJHAR (KENDUJHAR),ODISHA,0.05,1360.3750338910002,0.05,11.18489
2026-08,ANUGUL,ODISHA,0.04,1322.7290110790007,0.04,10.112738
2026-08,SAMBALPUR,ODISHA,0.04,1141.325437761,0.04,10.081916
2026-08,BHADRAK,ODISHA,0.04,1191.076871441,0.04,9.902387
2026-08,MAYURBHANJ,ODISHA,0.04,1076.174849096,0.04,8.942488
2026-08,JAGATSINGHPUR,ODISHA,0.03,993.2176378680006,0.03,8.506493
2026-08,KENDRAPARA,ODISHA,0.03,905.4933089130001,0.03,7.428577
2026-08,KORAPUT,ODISHA,0.03,984.8856293080001,0.03,7.34796
2026-08,BALANGIR,ODISHA,0.03,875.0501197730001,0.03,7.222069
2026-08,DHENKANAL,ODISHA,0.03,847.5630024279997,0.03,7.201079
2026-08,KALAHANDI,ODISHA,0.03,841.5428401879998,0.03,7.111786
2026-08,JHARSUGUDA,ODISHA,0.03,767.593079048,0.03,6.603243
2026-08,RAYAGARHA,ODISHA,0.02,725.4843383779998,0.02,5.773236
2026-08,BARGARH,ODISHA,0.03,771.6771380160002,0.02,5.729904
2026-08,NAYAGARH,ODISHA,0.02,590.35303983,0.02,4.643438
2026-08,NABARANGAPUR,ODISHA,0.02,507.18241681299975,0.02,3.819954
2026-08,MALKANGIRI,ODISHA,0.01,322.54887583600004,0.01,2.706042
2026-08,KANDHAMAL,ODISHA,0.01,308.207177953,0.01,2.459733
2026-08,NUAPARHA,ODISHA,0.01,297.85593683999986,0.01,2.442694
2026-08,GAJAPATI,ODISHA,0.01,321.536491255,0.01,2.437054
2026-08,SUBARNAPUR,ODISHA,0.01,310.1225114549998,0.01,2.372151
2026-08,BOUDH,ODISHA,0.01,189.37237083600002,0.01,1.474187
2026-08,DEOGARH,ODISHA,0.0,119.01287240700006,0.0,0.911321
2026-08,,ODISHA Total,1.3,38634.43861875001,1.29,316.886904
2026-08,SAS NAGAR (SAHIBZADA AJIT SINGH NAGAR),PUNJAB,0.22,6642.317026328999,0.22,52.989316
2026-08,LUDHIANA,PUNJAB,0.26,7721.132537290999,0.2,48.344829
2026-08,AMRITSAR,PUNJAB,0.13,3924.7757066340027,0.08,20.760322
2026-08,PATIALA,PUNJAB,0.11,3252.2183297290003,0.08,20.623311
2026-08,JALANDHAR,PUNJAB,0.11,3361.779924872001,0.08,20.26149
2026-08,BATHINDA,PUNJAB,0.06,1818.0428158099999,0.04,10.774049
2026-08,KAPURTHALA,PUNJAB,0.04,1162.430720263,0.03,8.549035
2026-08,HOSHIARPUR,PUNJAB,0.05,1444.654297840001,0.03,8.432688
2026-08,GURDASPUR,PUNJAB,0.05,1442.2357468290004,0.03,7.384168
2026-08,FAZILKA,PUNJAB,0.04,1109.4950184290005,0.03,7.035513
2026-08,SANGRUR,PUNJAB,0.04,1247.5797303760003,0.03,6.446871
2026-08,FIROZPUR,PUNJAB,0.03,1013.7214533700001,0.02,5.8676
2026-08,RUPNAGAR,PUNJAB,0.03,841.442260591,0.02,5.535162
2026-08,PATHANKOT,PUNJAB,0.03,797.412225603,0.02,4.949526
2026-08,FATEHGARH SAHIB,PUNJAB,0.02,737.877732315,0.02,4.875273
2026-08,SRI MUKTSAR SAHIB,PUNJAB,0.03,849.9188709860001,0.02,4.747064
2026-08,MOGA,PUNJAB,0.03,881.2558400510001,0.02,4.477874
2026-08,TARN TARAN,PUNJAB,0.03,953.77531737,0.02,4.357094
2026-08,FARIDKOT,PUNJAB,0.02,603.4418006089999,0.01,3.349927
2026-08,MANSA,PUNJAB,0.02,603.1523425089998,0.01,3.032404
2026-08,BARNALA,PUNJAB,0.02,584.840910056,0.01,2.964021
2026-08,SHAHID BHAGAT SINGH NAGAR,PUNJAB,0.02,473.3000864999998,0.01,2.714723
2026-08,MALER KOTLA,PUNJAB,0.01,415.86791998300015,0.01,2.256346
2026-08,,PUNJAB Total,1.4,41882.668614345,1.06,260.728606
2026-08,KAMRUP METRO,ASSAM,0.18,5281.998391122,0.23,55.599812
2026-08,KAMRUP RURAL,ASSAM,0.04,1333.7358007050002,0.06,13.690364
2026-08,DIBRUGARH,ASSAM,0.04,1180.5779743450005,0.05,13.393285
2026-08,CACHAR,ASSAM,0.04,1237.6906800169995,0.05,11.545962
2026-08,NAGAON,ASSAM,0.04,1225.8635552470002,0.05,11.410649
2026-08,SONITPUR,ASSAM,0.03,924.2308865799997,0.04,9.615822
2026-08,TINSUKIA,ASSAM,0.03,898.0040252799997,0.04,8.971539
2026-08,JORHAT,ASSAM,0.03,772.4592342599999,0.03,8.453812
2026-08,GOLAGHAT,ASSAM,0.03,766.2195274020002,0.03,8.291215
2026-08,LAKHIMPUR,ASSAM,0.02,699.0475207310002,0.03,8.204729
2026-08,BARPETA,ASSAM,0.03,936.0522355130001,0.03,8.137313
2026-08,DHUBRI,ASSAM,0.03,843.9815421869998,0.03,7.536686
2026-08,HOJAI,ASSAM,0.02,708.7217373859999,0.03,6.684996
2026-08,GOALPARA,ASSAM,0.02,738.1355541429998,0.03,6.299952
2026-08,SIBSAGAR,ASSAM,0.02,537.8255167039999,0.02,6.126413
2026-08,MARIGAON,ASSAM,0.02,675.5906723200003,0.02,5.964832
2026-08,DARANG,ASSAM,0.02,633.8707699919999,0.02,5.768756
2026-08,DHEMAJI,ASSAM,0.02,480.5504173329998,0.02,5.554291
2026-08,SRIBHUMI,ASSAM,0.02,617.1196769019998,0.02,5.251625
2026-08,KARBI ANGLONG,ASSAM,0.02,456.6264057540001,0.02,4.972757
2026-08,BONGAIGAON,ASSAM,0.02,533.5056490300001,0.02,4.949736
2026-08,KOKRAJHAR,ASSAM,0.02,495.622635481,0.02,4.652685
2026-08,NALBARI,ASSAM,0.02,464.3128928379999,0.02,4.458765
2026-08,BISWANATH,ASSAM,0.01,384.332991033,0.02,4.438848
2026-08,UDALGURI,ASSAM,0.01,394.35616243000004,0.02,3.945567
2026-08,HAILAKANDI,ASSAM,0.01,321.7836951389999,0.01,3.068309
2026-08,CHIRANG,ASSAM,0.01,285.1510141119999,0.01,2.590929
2026-08,BAKSA,ASSAM,0.01,271.45560101,0.01,2.483247
2026-08,CHARAIDEO,ASSAM,0.01,232.32480526799998,0.01,2.46634
2026-08,DIMA HASAO,ASSAM,0.01,202.19331783699988,0.01,2.229343
2026-08,SOUTH SALMARA,ASSAM,0.01,249.14187791300006,0.01,2.090085
2026-08,BAJALI,ASSAM,0.01,210.70341969100002,0.01,1.950716
2026-08,TAMULPUR,ASSAM,0.01,196.47095427399998,0.01,1.817002
2026-08,WEST KARBI ANAGLONG,ASSAM,0.0,97.85816188500003,0.0,1.154458
2026-08,MAJULI,ASSAM,0.0,68.83690153000005,0.0,0.886636
2026-08,,ASSAM Total,0.85,25356.352203394,1.04,254.657476
2026-08,RANCHI,JHARKHAND,0.16,4909.852070699,0.17,41.319633
2026-08,EAST SINGHBHUM,JHARKHAND,0.09,2607.90228749,0.09,23.180389
2026-08,DHANBAD,JHARKHAND,0.08,2282.9783332490015,0.08,19.460309
2026-08,BOKARO,JHARKHAND,0.05,1602.4627566310007,0.06,14.30023
2026-08,HAZARIBAGH,JHARKHAND,0.06,1743.5390622789996,0.05,13.304339
2026-08,GIRIDIH,JHARKHAND,0.05,1419.0666452790006,0.05,11.104314
2026-08,DEOGHAR,JHARKHAND,0.03,1041.5669411769998,0.04,9.636772
2026-08,PALAMU,JHARKHAND,0.04,1203.749075552,0.04,9.558825
2026-08,SARAIKELA-KHARSAWAN,JHARKHAND,0.03,805.9027760480001,0.03,7.806189
2026-08,RAMGARH,JHARKHAND,0.03,804.2581697190001,0.03,6.678192
2026-08,GARHWA,JHARKHAND,0.03,784.5840180789996,0.02,5.949035
2026-08,KODERMA,JHARKHAND,0.02,696.0036527399999,0.02,4.918768
2026-08,DUMKA,JHARKHAND,0.02,508.43328280099985,0.02,4.720403
2026-08,GODDA,JHARKHAND,0.02,506.2229001839998,0.02,4.180157
2026-08,CHATRA,JHARKHAND,0.02,557.0588299219997,0.02,4.06533
2026-08,WEST SINGHBHUM,JHARKHAND,0.02,468.4023669919998,0.02,4.003793
2026-08,SAHIBGANJ,JHARKHAND,0.02,518.911694305,0.02,3.953437
2026-08,LATEHAR,JHARKHAND,0.01,376.8266771139999,0.01,2.793486
2026-08,GUMLA,JHARKHAND,0.01,316.1066167819998,0.01,2.240052
2026-08,PAKUR,JHARKHAND,0.01,336.162378254,0.01,2.176918
2026-08,LOHARDAGA,JHARKHAND,0.01,244.8859269410001,0.01,1.944158
2026-08,JAMTARA,JHARKHAND,0.01,218.02410157899996,0.01,1.691719
2026-08,KHUNTI,JHARKHAND,0.01,178.4366022070001,0.0,1.209163
2026-08,SIMDEGA,JHARKHAND,0.01,165.5172964200001,0.0,1.055321
2026-08,,JHARKHAND Total,0.81,24296.854462443,0.82,201.250932
2026-08,RAIPUR,CHHATTISGARH,0.15,4530.463924760002,0.15,35.678129
2026-08,DURG,CHHATTISGARH,0.07,2205.411581964,0.07,18.026836
2026-08,BILASPUR,CHHATTISGARH,0.06,1811.6070992750003,0.07,16.18564
2026-08,RAIGARH,CHHATTISGARH,0.03,986.9184922139999,0.04,8.714358
2026-08,KORBA,CHHATTISGARH,0.03,902.7997742840003,0.03,8.285746
2026-08,SURGUJA,CHHATTISGARH,0.02,587.2539928089998,0.02,5.135071
2026-08,JANJGIR - CHAMPA,CHHATTISGARH,0.02,514.7215080389999,0.02,4.668636
2026-08,RAJNANDGAON,CHHATTISGARH,0.02,574.6933192449999,0.02,4.385621
2026-08,BASTAR,CHHATTISGARH,0.02,540.8037226129999,0.02,4.302696
2026-08,BALODA BAZAR,CHHATTISGARH,0.02,494.8524446279999,0.02,4.183968
2026-08,MAHASAMUND,CHHATTISGARH,0.02,529.6300742159998,0.02,4.053304
2026-08,KAWARDHA (KABIRDHAM),CHHATTISGARH,0.01,342.34452485199995,0.01,3.371152
2026-08,UTTAR BASTAR KANKER,CHHATTISGARH,0.01,366.29969953599976,0.01,2.878019
2026-08,SURAJPUR,CHHATTISGARH,0.01,302.86072837300003,0.01,2.717316
2026-08,SAKTI,CHHATTISGARH,0.01,305.9417325559998,0.01,2.714883
2026-08,JASHPUR,CHHATTISGARH,0.01,326.4559775309998,0.01,2.670788
2026-08,BEMETARA,CHHATTISGARH,0.01,307.9740706589999,0.01,2.585639
2026-08,DHAMTARI,CHHATTISGARH,0.01,349.6715388209999,0.01,2.557953
2026-08,BALOD,CHHATTISGARH,0.01,296.5753795709999,0.01,2.481135
2026-08,MUNGELI,CHHATTISGARH,0.01,254.31850514499985,0.01,2.322313
2026-08,BALRAMPUR,CHHATTISGARH,0.01,274.889004886,0.01,2.233354
2026-08,SARANGARH-BILAIGARH,CHHATTISGARH,0.01,269.440988613,0.01,2.167759
2026-08,GARIYABAND,CHHATTISGARH,0.01,198.638863648,0.01,1.707663
2026-08,KONDAGAON,CHHATTISGARH,0.01,219.18205366800004,0.01,1.663616
2026-08,DAKSHIN BASTAR DANTEWARA,CHHATTISGARH,0.01,209.50887322500006,0.01,1.558889
2026-08,MANENDRAGARH-CHIRMIRI-BHARATPUR,CHHATTISGARH,0.01,170.00605389500015,0.01,1.434127
2026-08,GAURELA-PENDRA-MARWAHI,CHHATTISGARH,0.0,136.8496203160001,0.0,1.223995
2026-08,KOREA,CHHATTISGARH,0.0,132.90639907000005,0.0,1.214176
2026-08,BIJAPUR,CHHATTISGARH,0.01,161.247853034,0.0,1.06938
2026-08,KHAIRGARH-CHHUIKHADAN-GANDAI,CHHATTISGARH,0.0,122.90226851700008,0.0,1.032034
2026-08,SUKMA,CHHATTISGARH,0.0,129.882824427,0.0,0.808505
2026-08,NARAYANPUR,CHHATTISGARH,0.0,86.690274674,0.0,0.612247
2026-08,MOHLA-MANPUR-AMBAGARH CHOWKI,CHHATTISGARH,0.0,72.00327856500002,0.0,0.565296
2026-08,,CHHATTISGARH Total,0.63,18715.746447629,0.63,155.210244
2026-08,DEHRADUN,UTTARAKHAND,0.21,6175.852946669999,0.21,52.330742
2026-08,HARIDWAR,UTTARAKHAND,0.1,3084.4209405559996,0.11,27.667482
2026-08,UDHAM SINGH NAGAR,UTTARAKHAND,0.08,2435.5188023140004,0.08,20.097085
2026-08,NAINITAL,UTTARAKHAND,0.06,1728.7855362200005,0.06,13.807392
2026-08,PAURI GARHWAL,UTTARAKHAND,0.02,473.28280348399994,0.02,3.999335
2026-08,TEHRI GARHWAL,UTTARAKHAND,0.01,419.056301077,0.01,3.444176
2026-08,ALMORA,UTTARAKHAND,0.01,301.81951877899996,0.01,2.335203
2026-08,PITHORAGARH,UTTARAKHAND,0.01,272.29648930199994,0.01,2.20178
2026-08,CHAMOLI,UTTARAKHAND,0.01,257.393109444,0.01,2.092642
2026-08,UTTARKASHI,UTTARAKHAND,0.01,215.18827365099997,0.01,1.743063
2026-08,RUDRAPRAYAG,UTTARAKHAND,0.01,157.37768899000014,0.01,1.389216
2026-08,CHAMPAWAT,UTTARAKHAND,0.01,159.67464517200008,0.01,1.301703
2026-08,BAGESHWAR,UTTARAKHAND,0.0,102.86800259200011,0.0,0.81655
2026-08,,UTTARAKHAND Total,0.53,15783.535058251002,0.54,133.226369
2026-08,JAMMU,JAMMU AND KASHMIR,0.1,3103.62549986,0.09,23.005786
2026-08,SRINAGAR,JAMMU AND KASHMIR,0.08,2322.088609296,0.07,17.468365
2026-08,BARAMULA,JAMMU AND KASHMIR,0.03,974.6323466209997,0.03,8.559708
2026-08,ANANTNAG,JAMMU AND KASHMIR,0.03,917.8831872190001,0.03,7.992505
2026-08,BADGAM,JAMMU AND KASHMIR,0.03,886.4761899900002,0.03,7.065983
2026-08,KUPWARA,JAMMU AND KASHMIR,0.02,543.3253040809998,0.02,5.157751
2026-08,PULWAMA,JAMMU AND KASHMIR,0.02,585.8825223850002,0.02,4.727821
2026-08,KATHUA,JAMMU AND KASHMIR,0.02,528.1805292609998,0.02,3.782473
2026-08,SAMBA,JAMMU AND KASHMIR,0.02,475.9610011919998,0.01,3.519262
2026-08,UDHAMPUR,JAMMU AND KASHMIR,0.01,438.053062603,0.01,3.266257
2026-08,RAJAURI,JAMMU AND KASHMIR,0.01,440.10380116899995,0.01,3.074775
2026-08,KULGAM,JAMMU AND KASHMIR,0.01,314.63055881199983,0.01,2.949643
2026-08,GANDERBAL,JAMMU AND KASHMIR,0.01,346.6392924169999,0.01,2.921613
2026-08,BANDIPURA,JAMMU AND KASHMIR,0.01,281.05412886299996,0.01,2.586296
2026-08,SHUPIYAN,JAMMU AND KASHMIR,0.01,248.646886919,0.01,2.341657
2026-08,PUNCH,JAMMU AND KASHMIR,0.01,310.79900679300016,0.01,2.251146
2026-08,RIASI,JAMMU AND KASHMIR,0.01,265.131292488,0.01,2.200118
2026-08,DODA,JAMMU AND KASHMIR,0.01,239.52039043999997,0.01,2.16274
2026-08,RAMBAN,JAMMU AND KASHMIR,0.01,183.01480029200005,0.01,1.613241
2026-08,KISHTWAR,JAMMU AND KASHMIR,0.01,168.02165891500005,0.01,1.450394
2026-08,MIRPUR,JAMMU AND KASHMIR,0.0,1.5902917739999998,0.0,0.005192
2026-08,MUZAFFARABAD,JAMMU AND KASHMIR,0.0,1.4666791830000006,0.0,0.003955
2026-08,,JAMMU AND KASHMIR Total,0.46,13576.727040573001,0.44,108.106681
2026-08,SOLAN,HIMACHAL PRADESH,0.05,1585.8289284419993,0.06,14.558658
2026-08,KANGRA,HIMACHAL PRADESH,0.05,1432.8942584020003,0.04,10.94964
2026-08,SHIMLA,HIMACHAL PRADESH,0.05,1361.0014010010004,0.04,10.877728
2026-08,MANDI,HIMACHAL PRADESH,0.03,896.5541233599996,0.03,6.911647
2026-08,KULLU,HIMACHAL PRADESH,0.02,721.085960431,0.02,5.209723
2026-08,SIRMAUR,HIMACHAL PRADESH,0.02,555.6952765739996,0.02,4.653892
2026-08,UNA,HIMACHAL PRADESH,0.02,525.2402946159997,0.02,3.754471
2026-08,HAMIRPUR,HIMACHAL PRADESH,0.02,464.7424431250001,0.01,3.52105
2026-08,BILASPUR,HIMACHAL PRADESH,0.01,344.80809374999984,0.01,2.682932
2026-08,CHAMBA,HIMACHAL PRADESH,0.01,306.66816616199986,0.01,2.42262
2026-08,KINNAUR,HIMACHAL PRADESH,0.0,138.60428415500007,0.0,0.982471
2026-08,LAHAUL & SPITI,HIMACHAL PRADESH,0.0,95.81634904800002,0.0,0.524592
2026-08,,HIMACHAL PRADESH Total,0.28,8428.939579066,0.27,67.049424
2026-08,NORTH GOA,GOA,0.11,3302.808037678001,0.09,21.250263
2026-08,SOUTH GOA,GOA,0.07,2026.9908287280002,0.06,15.015561
2026-08,KUSHAVATI,GOA,0.01,259.5656689949999,0.01,1.885168
2026-08,,GOA Total,0.19,5589.364535401001,0.16,38.150992
2026-08,CHANDIGARH,CHANDIGARH,0.13,3732.2113381039994,0.12,30.600043
2026-08,,CHANDIGARH Total,0.13,3732.2113381039994,0.12,30.600043
2026-08,PAPUMPARE,ARUNACHAL PRADESH,0.05,1434.0172574820006,0.05,11.579141
2026-08,EAST SIANG,ARUNACHAL PRADESH,0.01,256.91906469199995,0.01,2.304044
2026-08,WEST KAMENG,ARUNACHAL PRADESH,0.01,216.48408012000002,0.01,1.497631
2026-08,NAMSAI,ARUNACHAL PRADESH,0.0,139.02713184100014,0.01,1.240359
2026-08,WEST SIANG,ARUNACHAL PRADESH,0.0,148.59609192700012,0.0,1.161569
2026-08,CHANGLANG,ARUNACHAL PRADESH,0.0,132.77166624600005,0.0,1.143683
2026-08,LOWER DIBANG VALLEY,ARUNACHAL PRADESH,0.0,113.6270809610001,0.0,0.942264
2026-08,LOHIT,ARUNACHAL PRADESH,0.0,98.75265870300008,0.0,0.900427
2026-08,LOWER SUBANSIRI,ARUNACHAL PRADESH,0.0,100.83472265100008,0.0,0.779496
2026-08,EAST KAMENG,ARUNACHAL PRADESH,0.0,86.75700004000012,0.0,0.694892
2026-08,TAWANG,ARUNACHAL PRADESH,0.0,131.79842411300007,0.0,0.646329
2026-08,TIRAP,ARUNACHAL PRADESH,0.0,75.30934708800005,0.0,0.645726
2026-08,UPPER SUBANSIRI,ARUNACHAL PRADESH,0.0,90.62839874700002,0.0,0.642061
2026-08,SIANG,ARUNACHAL PRADESH,0.0,48.329076428999976,0.0,0.421858
2026-08,LONGDING,ARUNACHAL PRADESH,0.0,41.967949975,0.0,0.376376
2026-08,UPPER SIANG,ARUNACHAL PRADESH,0.0,47.752623953999986,0.0,0.354533
2026-08,LEPA RADA,ARUNACHAL PRADESH,0.0,41.46507789699999,0.0,0.329497
2026-08,KEYI PANYOR,ARUNACHAL PRADESH,0.0,33.787683426,0.0,0.279882
2026-08,KAMLE,ARUNACHAL PRADESH,0.0,28.374753264000006,0.0,0.233747
2026-08,ANJAW,ARUNACHAL PRADESH,0.0,32.72637357400001,0.0,0.204052
2026-08,KRA DAADI,ARUNACHAL PRADESH,0.0,24.073451962000004,0.0,0.179396
2026-08,KURUNG KUMEY,ARUNACHAL PRADESH,0.0,27.364181284999997,0.0,0.177992
2026-08,DIBANG VALLEY,ARUNACHAL PRADESH,0.0,24.110216457999986,0.0,0.150357
2026-08,PAKKE KESSANG,ARUNACHAL PRADESH,0.0,13.986633448999997,0.0,0.115879
2026-08,LOWER SIANG,ARUNACHAL PRADESH,0.0,13.4694693,0.0,0.109951
2026-08,SHI YOMI,ARUNACHAL PRADESH,0.0,21.263046819999996,0.0,0.106243
2026-08,BICHOM,ARUNACHAL PRADESH,0.0,14.393217016,0.0,0.102088
2026-08,,ARUNACHAL PRADESH Total,0.12,3438.586679420002,0.11,27.319473
2026-08,PUDUCHERRY,PUDUCHERRY,0.09,2783.6959035859995,0.08,20.292816
2026-08,KARAIKAL,PUDUCHERRY,0.01,403.2906484229999,0.01,2.688928
2026-08,,PUDUCHERRY Total,0.11,3186.9865520089998,0.09,22.981744
2026-08,EAST KHASI HILLS,MEGHALAYA,0.04,1126.0726215889997,0.04,9.341987
2026-08,WEST GARO HILLS,MEGHALAYA,0.01,343.2973636840001,0.01,3.413889
2026-08,RI-BHOI,MEGHALAYA,0.01,242.29750178399996,0.01,2.025146
2026-08,WEST JAINTIA HILLS,MEGHALAYA,0.01,158.15523484900012,0.01,1.352406
2026-08,EAST JAINTIA HILLS,MEGHALAYA,0.0,136.98828262200004,0.0,0.965912
2026-08,NORTH GARO HILLS,MEGHALAYA,0.0,60.86921386100003,0.0,0.68127
2026-08,EAST GARO HILLS,MEGHALAYA,0.0,57.142862512000036,0.0,0.680107
2026-08,SOUTH WEST GARO HILLS,MEGHALAYA,0.0,65.56007521600003,0.0,0.618923
2026-08,SOUTH GARO HILLS,MEGHALAYA,0.0,43.14704184100002,0.0,0.463228
2026-08,WEST KHASI HILLS,MEGHALAYA,0.0,59.767895623000015,0.0,0.390194
2026-08,SOUTH WEST KHASI HILLS,MEGHALAYA,0.0,33.18344277399999,0.0,0.186789
2026-08,EASTERN WEST KHASI HILLS,MEGHALAYA,0.0,26.000601355999983,0.0,0.155615
2026-08,,MEGHALAYA Total,0.08,2352.482137711,0.08,20.275466
2026-08,IMPHAL WEST,MANIPUR,0.04,1139.1933648460003,0.02,6.081979
2026-08,IMPHAL EAST,MANIPUR,0.03,761.7943894609999,0.02,4.395785
2026-08,CHURACHANDPUR,MANIPUR,0.01,316.8132863620001,0.01,2.004209
2026-08,THOUBAL,MANIPUR,0.01,295.8469432020001,0.01,1.760576
2026-08,BISHNUPUR,MANIPUR,0.01,238.74798078400002,0.01,1.407439
2026-08,KANGPOKPI,MANIPUR,0.0,134.636108818,0.0,0.712851
2026-08,KAKCHING,MANIPUR,0.0,127.32080783600004,0.0,0.708287
2026-08,SENAPATI,MANIPUR,0.0,104.65698355800002,0.0,0.567835
2026-08,UKHRUL,MANIPUR,0.0,102.10616337700002,0.0,0.422134
2026-08,JIRIBAM,MANIPUR,0.0,47.687810627999994,0.0,0.327873
2026-08,TAMENGLONG,MANIPUR,0.0,57.84746176899997,0.0,0.314861
2026-08,CHANDEL,MANIPUR,0.0,44.705165148999995,0.0,0.251716
2026-08,TENGNOUPAL,MANIPUR,0.0,28.028915702,0.0,0.132412
2026-08,NONEY,MANIPUR,0.0,12.944925770000001,0.0,0.074871
2026-08,KAMJANG,MANIPUR,0.0,15.324418561000005,0.0,0.074001
2026-08,PHERZAWL,MANIPUR,0.0,4.860252904,0.0,0.04648
2026-08,,MANIPUR Total,0.12,3432.5149787270007,0.08,19.283309
2026-08,WEST TRIPURA,TRIPURA,0.04,1090.3875691879996,0.04,9.160602
2026-08,NORTH TRIPURA,TRIPURA,0.01,227.86327029399996,0.01,1.898258
2026-08,GOMTI,TRIPURA,0.01,210.88732998400008,0.01,1.565658
2026-08,SEPAHIJALA,TRIPURA,0.01,196.73729184000007,0.01,1.405383
2026-08,DHALAI,TRIPURA,0.01,154.92318238400003,0.01,1.244859
2026-08,SOUTH TRIPURA,TRIPURA,0.01,169.81540105300013,0.0,1.176978
2026-08,UNAKOTI,TRIPURA,0.0,133.87977672900007,0.0,1.121453
2026-08,KHOWAI,TRIPURA,0.0,120.74895673600007,0.0,0.898204
2026-08,,TRIPURA Total,0.08,2305.242778208,0.08,18.471395
2026-08,AIZAWL,MIZORAM,0.05,1357.1577298620005,0.04,10.146137
2026-08,LUNGLEI,MIZORAM,0.01,160.1271691160001,0.01,1.269091
2026-08,KOLASIB,MIZORAM,0.0,113.23238403800006,0.0,0.944337
2026-08,LAWNGTLAI,MIZORAM,0.0,119.64806016699998,0.0,0.817095
2026-08,SERCHHIP,MIZORAM,0.0,76.61964957400001,0.0,0.651215
2026-08,MAMIT,MIZORAM,0.0,72.30433173999998,0.0,0.635264
2026-08,CHAMPHAI,MIZORAM,0.0,104.91558579500006,0.0,0.629625
2026-08,SAIHA,MIZORAM,0.0,74.69797335600005,0.0,0.582608
2026-08,SAITUAL,MIZORAM,0.0,37.784853913999996,0.0,0.308008
2026-08,KHAWZAWL,MIZORAM,0.0,29.913844506,0.0,0.246783
2026-08,HNAHTHIAL,MIZORAM,0.0,23.269873810000004,0.0,0.190133
2026-08,,MIZORAM Total,0.07,2169.671455878001,0.07,16.420296
2026-08,DIMAPUR,NAGALAND,0.02,735.3196074950001,0.02,5.337021
2026-08,KOHIMA,NAGALAND,0.01,422.51287504500004,0.01,3.033217
2026-08,CHUMOUKEDIMA,NAGALAND,0.01,328.512983104,0.01,2.64659
2026-08,MOKOKCHUNG,NAGALAND,0.0,135.04407204700001,0.0,0.922845
2026-08,MON,NAGALAND,0.0,87.97910503300002,0.0,0.757929
2026-08,WOKHA,NAGALAND,0.0,71.51902690599997,0.0,0.462713
2026-08,TUENSANG,NAGALAND,0.0,48.805103928000015,0.0,0.395549
2026-08,PEREN,NAGALAND,0.0,43.00879608999998,0.0,0.372271
2026-08,PHEK,NAGALAND,0.0,48.666450884,0.0,0.350755
2026-08,ZUNHEBOTO,NAGALAND,0.0,45.969871583999996,0.0,0.325439
2026-08,KIPHIRE,NAGALAND,0.0,28.413048595999985,0.0,0.208195
2026-08,LONGLENG,NAGALAND,0.0,16.381408500999996,0.0,0.148156
2026-08,NOKLAK,NAGALAND,0.0,9.892376972,0.0,0.070771
2026-08,SHAMATOR,NAGALAND,0.0,8.278450397000002,0.0,0.062247
2026-08,TSEMINYU,NAGALAND,0.0,8.363782744,0.0,0.055221
2026-08,NIULAND,NAGALAND,0.0,0.8657535550000001,0.0,0.006954
2026-08,,NAGALAND Total,0.07,2039.5327128810004,0.06,15.155873
2026-08,DADRA AND NAGAR HAVELI,DADRA & NAGAR HAVELI & DAMAN & DIU,0.03,756.946483174,0.03,7.116621
2026-08,DAMAN,DADRA & NAGAR HAVELI & DAMAN & DIU,0.01,439.249498099,0.02,4.199591
2026-08,DIU,DADRA & NAGAR HAVELI & DAMAN & DIU,0.0,66.71608640200003,0.0,0.393914
2026-08,,DADRA & NAGAR HAVELI & DAMAN & DIU Total,0.04,1262.912067675,0.05,11.710126
2026-08,GANGTOK,SIKKIM,0.02,570.1027439879996,0.02,4.542032
2026-08,NAMCHI,SIKKIM,0.01,255.6849796789999,0.01,2.1481
2026-08,PAKYONG,SIKKIM,0.01,232.15695904299997,0.01,1.950482
2026-08,SORENG,SIKKIM,0.0,69.12744309700007,0.0,0.530055
2026-08,GYALSHING,SIKKIM,0.0,65.27260504400006,0.0,0.50511
2026-08,MANGAN,SIKKIM,0.0,74.51590050700004,0.0,0.474031
2026-08,,SIKKIM Total,0.04,1266.8606313579999,0.04,10.14981
2026-08,LEH,LADAKH,0.03,766.9037406609998,0.02,3.855417
2026-08,KARGIL,LADAKH,0.01,228.431707221,0.01,1.745035
2026-08,,LADAKH Total,0.03,995.3354478819998,0.02,5.600452
2026-08,SOUTH ANDAMANS,ANDAMAN AND NICOBAR ISLANDS,0.02,553.7217264869998,0.02,3.903323
2026-08,NORTH AND MIDDLE ANDAMAN,ANDAMAN AND NICOBAR ISLANDS,0.0,71.60669039700002,0.0,0.447897
2026-08,NICOBARS,ANDAMAN AND NICOBAR ISLANDS,0.0,22.651995686999996,0.0,0.128588
2026-08,,ANDAMAN AND NICOBAR ISLANDS Total,0.02,647.9804125709999,0.02,4.479808
2026-08,LAKSHADWEEP,LAKSHADWEEP,0.0,79.38509639100002,0.0,0.758925
2026-08,,LAKSHADWEEP Total,0.0,79.38509639100002,0.0,0.758925
2026-08,,Unclassified #,0.39,1161590.560208728,0.44,10879.592108
