period,application_name,b_2_b_transactions_value_cr,b_2_b_transactions_volume_mn,b_2_c_transactions_value_cr,b_2_c_transactions_volume_mn,customer_initiated_transactions_value_cr,customer_initiated_transactions_volume_mn,onus_transactions_value_cr,onus_transactions_volume_mn,total_value_cr,total_volume_mn,upi_application_name,upi_value_cr,upi_volume_mn
2020-06,,,,,,,,,,,,Airtel Payments Bank Apps,473.59,2.92
2020-06,,,,,,,,,,,,Allahabad Bank,24.3,0.07
2020-06,,,,,,,,,,,,AmazonPay,2532.7,59.91
2020-06,,,,,,,,,,,,Andhra Bank,30.32,0.05
2020-06,,,,,,,,,,,,Axis Bank Apps,362.08,2.62
2020-06,,,,,,,,,,,,Bajaj Finserv,0.78,0.01
2020-06,,,,,,,,,,,,Bank of Baroda,161.78,0.34
2020-06,,,,,,,,,,,,Bank of Maharashtra,5.99,0.02
2020-06,,,,,,,,,,,,BHIM,6625.01,17.95
2020-06,,,,,,,,,,,,Canara Bank,20.79,0.05
2020-06,,,,,,,,,,,,Central Bank of India,27.72,0.06
2020-06,,,,,,,,,,,,Citi Bank Apps,53.45,0.09
2020-06,,,,,,,,,,,,Cointab,48.52,0.16
2020-06,,,,,,,,,,,,Corporation Bank,3.19,0.01
2020-06,,,,,,,,,,,,Cred,887.68,1.16
2020-06,,,,,,,,,,,,DBS Digibank,116.54,0.34
2020-06,,,,,,,,,,,,Dena Bank,15.85,0.01
2020-06,,,,,,,,,,,,Deustche Bank,13.8,0.22
2020-06,,,,,,,,,,,,Fedral Bank,9.73,0.03
2020-06,,,,,,,,,,,,Freecharge,46.32,0.98
2020-06,,,,,,,,,,,,Google Pay,119592.26,592.34
2020-06,,,,,,,,,,,,HDFC Bank Apps,318.9,1.31
2020-06,,,,,,,,,,,,HSBC,34.63,0.17
2020-06,,,,,,,,,,,,ICICI Bank Apps,1624.08,8.17
2020-06,,,,,,,,,,,,IDBI Bank Apps,3.86,0.01
2020-06,,,,,,,,,,,,IDFC Bank Apps,8.62,0.01
2020-06,,,,,,,,,,,,India Post Payments Bank,3.25,0.01
2020-06,,,,,,,,,,,,Indian Bank,2.33,0.01
2020-06,,,,,,,,,,,,IndusInd Bank,40.97,0.26
2020-06,,,,,,,,,,,,Janata Sahakari Bank,4.48,0.01
2020-06,,,,,,,,,,,,Jio Payments Bank,2.7,0.05
2020-06,,,,,,,,,,,,Karnataka Bank,9.05,0.02
2020-06,,,,,,,,,,,,Karur Vysya Bank,12.95,0.02
2020-06,,,,,,,,,,,,Kotak Mahindra Bank Apps,199.97,1.01
2020-06,,,,,,,,,,,,MakeMy Trip,13.11,0.03
2020-06,,,,,,,,,,,,MI Pay,72.2,0.5
2020-06,,,,,,,,,,,,Mobikwik,141.24,1.45
2020-06,,,,,,,,,,,,Oriental Bank of Commerce,18.86,0.03
2020-06,,,,,,,,,,,,Paytm Payment Bank,18089.21,139.22
2020-06,,,,,,,,,,,,PhonePe,106845.67,492.73
2020-06,,,,,,,,,,,,Punjab National Bank,57.06,0.1
2020-06,,,,,,,,,,,,Punjab Sind Bank,4.05,0.01
2020-06,,,,,,,,,,,,RBL Bank,24.16,0.04
2020-06,,,,,,,,,,,,Samsung Pay,262.61,1.06
2020-06,,,,,,,,,,,,South Indian Bank,17.86,0.03
2020-06,,,,,,,,,,,,Standard Chartered,9.02,0.01
2020-06,,,,,,,,,,,,State Bank of India Apps,2030.7,3.37
2020-06,,,,,,,,,,,,TJSB Bank,4.27,0.01
2020-06,,,,,,,,,,,,Truecaller,36.62,0.17
2020-06,,,,,,,,,,,,UCO Bank,12.15,0.02
2020-06,,,,,,,,,,,,Ultracash,66.84,0.22
2020-06,,,,,,,,,,,,Union Bank of India,58.26,0.1
2020-06,,,,,,,,,,,,United Bank of India,22.79,0.06
2020-06,,,,,,,,,,,,Vijya Bank,10.13,0.02
2020-06,,,,,,,,,,,,WhatsApp Pay,8,0.06
2020-06,,,,,,,,,,,,Yes Bank Apps,704.26,7.31
2020-06,,,,,,,,,,,,Other Apps,7.74,0.02
2020-07,,,,,,,,,,,,Airtel Payments Bank Apps,439.87,3.16
2020-07,,,,,,,,,,,,Allahabad Bank,24.5,0.08
2020-07,,,,,,,,,,,,AmazonPay,3087.52,76.69
2020-07,,,,,,,,,,,,Andhra Bank,21.92,0.03
2020-07,,,,,,,,,,,,Axis Bank Apps,425.85,3.81
2020-07,,,,,,,,,,,,Bajaj Finserv,0.87,0.01
2020-07,,,,,,,,,,,,Bank of Baroda,180.55,0.37
2020-07,,,,,,,,,,,,Bank of Maharashtra,6.3,0.02
2020-07,,,,,,,,,,,,BHIM,7244.62,19.86
2020-07,,,,,,,,,,,,Canara Bank,29.75,0.07
2020-07,,,,,,,,,,,,Central Bank of India,31.47,0.07
2020-07,,,,,,,,,,,,Citi Bank Apps,59.19,0.07
2020-07,,,,,,,,,,,,Cointab,46.55,0.15
2020-07,,,,,,,,,,,,Corporation Bank,3.6,0.01
2020-07,,,,,,,,,,,,Cred,1115.52,1.29
2020-07,,,,,,,,,,,,DBS Digibank,155.38,0.4
2020-07,,,,,,,,,,,,Dena Bank,18.3,0.01
2020-07,,,,,,,,,,,,Deustche Bank,16.01,0.22
2020-07,,,,,,,,,,,,Fedral Bank,14.13,0.05
2020-07,,,,,,,,,,,,Freecharge,47.24,0.93
2020-07,,,,,,,,,,,,Google Pay,130449.41,640.95
2020-07,,,,,,,,,,,,HDFC Bank Apps,339.47,1.47
2020-07,,,,,,,,,,,,HSBC,39.65,0.04
2020-07,,,,,,,,,,,,ICICI Bank Apps,2009.06,8.93
2020-07,,,,,,,,,,,,IDBI Bank Apps,4.18,0.01
2020-07,,,,,,,,,,,,IDFC Bank Apps,12.21,0.02
2020-07,,,,,,,,,,,,India Post Payments Bank,2.92,0.01
2020-07,,,,,,,,,,,,Indian Bank,2.78,0.01
2020-07,,,,,,,,,,,,IndusInd Bank,52.38,0.37
2020-07,,,,,,,,,,,,Janata Sahakari Bank,4.87,0.01
2020-07,,,,,,,,,,,,Jio Payments Bank,11,0.23
2020-07,,,,,,,,,,,,Karnataka Bank,7.98,0.02
2020-07,,,,,,,,,,,,Karur Vysya Bank,13.91,0.03
2020-07,,,,,,,,,,,,Kotak Mahindra Bank Apps,228.15,1.13
2020-07,,,,,,,,,,,,MakeMy Trip,12.69,0.03
2020-07,,,,,,,,,,,,MI Pay,72.66,0.5
2020-07,,,,,,,,,,,,Mobikwik,172.08,1.65
2020-07,,,,,,,,,,,,Oriental Bank of Commerce,19.9,0.04
2020-07,,,,,,,,,,,,Paytm Payment Bank,20173.38,158.25
2020-07,,,,,,,,,,,,PhonePe,120519.13,562.94
2020-07,,,,,,,,,,,,Punjab National Bank,55.42,0.11
2020-07,,,,,,,,,,,,Punjab Sind Bank,4.33,0.01
2020-07,,,,,,,,,,,,RBL Bank,29.92,0.05
2020-07,,,,,,,,,,,,RealMe,0.71,0.01
2020-07,,,,,,,,,,,,Samsung Pay,280.49,1.15
2020-07,,,,,,,,,,,,South Indian Bank,19.21,0.04
2020-07,,,,,,,,,,,,Standard Chartered,12.22,0.02
2020-07,,,,,,,,,,,,State Bank of India Apps,2104.71,3.61
2020-07,,,,,,,,,,,,TJSB Bank,4.47,0.01
2020-07,,,,,,,,,,,,Truecaller,36.4,0.17
2020-07,,,,,,,,,,,,UCO Bank,7.98,0.02
2020-07,,,,,,,,,,,,Ultracash,67.79,0.23
2020-07,,,,,,,,,,,,Union Bank of India,63.06,0.12
2020-07,,,,,,,,,,,,United Bank of India,10.59,0.02
2020-07,,,,,,,,,,,,Vijya Bank,9.52,0.02
2020-07,,,,,,,,,,,,WhatsApp Pay,8.32,0.06
2020-07,,,,,,,,,,,,Yes Bank Apps,697.46,7.79
2020-07,,,,,,,,,,,,Other Apps,8.31,0.03
2020-08,,,,,,,,,,,,Airtel Payments Bank Apps,488.59,3.18
2020-08,,,,,,,,,,,,Allahabad Bank,24.13,0.08
2020-08,,,,,,,,,,,,AmazonPay,3677.07,95.95
2020-08,,,,,,,,,,,,Andhra Bank,21.3,0.03
2020-08,,,,,,,,,,,,Axis Bank Apps,476.25,4.17
2020-08,,,,,,,,,,,,Bajaj Finserv,1.04,0.01
2020-08,,,,,,,,,,,,Bank of Baroda,182.06,0.43
2020-08,,,,,,,,,,,,Bank of Maharashtra,5.97,0.02
2020-08,,,,,,,,,,,,BHIM,6924.67,20.46
2020-08,,,,,,,,,,,,Canara Bank,22.72,0.05
2020-08,,,,,,,,,,,,Central Bank of India,33.25,0.08
2020-08,,,,,,,,,,,,Citi Bank Apps,60.2,0.09
2020-08,,,,,,,,,,,,Cointab,42.27,0.15
2020-08,,,,,,,,,,,,Corporation Bank,3.74,0.01
2020-08,,,,,,,,,,,,Cred,1452.41,1.63
2020-08,,,,,,,,,,,,DBS Digibank,161.8,0.43
2020-08,,,,,,,,,,,,Dena Bank,18.32,0.01
2020-08,,,,,,,,,,,,Deustche Bank,26.49,0.36
2020-08,,,,,,,,,,,,Fedral Bank,15.1,0.06
2020-08,,,,,,,,,,,,Fino Payments Bank,0.57,0.01
2020-08,,,,,,,,,,,,Freecharge,52.46,1.05
2020-08,,,,,,,,,,,,Google Pay,135530.17,697.72
2020-08,,,,,,,,,,,,HDFC Bank Apps,289.86,1.17
2020-08,,,,,,,,,,,,HSBC,40.9,0.04
2020-08,,,,,,,,,,,,ICICI Bank Apps,2081,9.44
2020-08,,,,,,,,,,,,IDBI Bank Apps,5.12,0.01
2020-08,,,,,,,,,,,,IDFC Bank Apps,15.29,0.03
2020-08,,,,,,,,,,,,India Post Payments Bank,3.4,0.01
2020-08,,,,,,,,,,,,Indian Bank,3.32,0.01
2020-08,,,,,,,,,,,,IndusInd Bank,47.69,0.39
2020-08,,,,,,,,,,,,Janata Sahakari Bank,4.93,0.01
2020-08,,,,,,,,,,,,Jio Payments Bank,16.24,0.27
2020-08,,,,,,,,,,,,Karnataka Bank,8.37,0.02
2020-08,,,,,,,,,,,,Karur Vysya Bank,14.04,0.03
2020-08,,,,,,,,,,,,Khalijeb,0.81,0.01
2020-08,,,,,,,,,,,,Kotak Mahindra Bank Apps,252.85,1.35
2020-08,,,,,,,,,,,,MakeMy Trip,14.79,0.03
2020-08,,,,,,,,,,,,MI Pay,72.39,0.5
2020-08,,,,,,,,,,,,Mobikwik,169.67,1.61
2020-08,,,,,,,,,,,,Oriental Bank of Commerce,19.39,0.04
2020-08,,,,,,,,,,,,Paytm Payment Bank,20817.32,170.24
2020-08,,,,,,,,,,,,PhonePe,121640.85,592.13
2020-08,,,,,,,,,,,,Punjab National Bank,46.08,0.08
2020-08,,,,,,,,,,,,Punjab Sind Bank,3.96,0.01
2020-08,,,,,,,,,,,,RBL Bank,31.55,0.05
2020-08,,,,,,,,,,,,RealMe,1.06,0.01
2020-08,,,,,,,,,,,,Samsung Pay,275.07,1.25
2020-08,,,,,,,,,,,,South Indian Bank,20.43,0.04
2020-08,,,,,,,,,,,,Standard Chartered,14.76,0.02
2020-08,,,,,,,,,,,,State Bank of India Apps,2059.41,3.83
2020-08,,,,,,,,,,,,TJSB Bank,4.44,0.01
2020-08,,,,,,,,,,,,Truecaller,30.77,0.15
2020-08,,,,,,,,,,,,UCO Bank,8.81,0.02
2020-08,,,,,,,,,,,,Ultracash,64.05,0.23
2020-08,,,,,,,,,,,,Union Bank of India,64.81,0.13
2020-08,,,,,,,,,,,,United Bank of India,9.38,0.02
2020-08,,,,,,,,,,,,Vijya Bank,8.59,0.01
2020-08,,,,,,,,,,,,WhatsApp Pay,8.76,0.07
2020-08,,,,,,,,,,,,Yes Bank Apps,907.63,9.62
2020-08,,,,,,,,,,,,Other Apps,9.22,0.02
2020-09,,,,,,,,,,,,Airtel Payments Bank Apps,474.72,4.84
2020-09,,,,,,,,,,,,Allahabad Bank,24.9,0.09
2020-09,,,,,,,,,,,,AmazonPay,3612.83,81.7
2020-09,,,,,,,,,,,,Andhra Bank One,19.8,0.03
2020-09,,,,,,,,,,,,Axis Bank Apps,526.7,4.31
2020-09,,,,,,,,,,,,Bajaj Finserv,0.94,0.01
2020-09,,,,,,,,,,,,Bank of Baroda,211.82,0.52
2020-09,,,,,,,,,,,,Bank of Maharashtra,6.5,0.02
2020-09,,,,,,,,,,,,BHIM,7229.36,21.42
2020-09,,,,,,,,,,,,Canara Bank,26.97,0.06
2020-09,,,,,,,,,,,,Central Bank of India,36.48,0.09
2020-09,,,,,,,,,,,,Citi Bank Apps,59.29,0.08
2020-09,,,,,,,,,,,,Cointab,43.46,0.14
2020-09,,,,,,,,,,,,Corporation Bank,3.69,0.01
2020-09,,,,,,,,,,,,Cred,1755.35,1.87
2020-09,,,,,,,,,,,,DBS Digibank,158.58,0.46
2020-09,,,,,,,,,,,,Dena Bank,19.25,0.01
2020-09,,,,,,,,,,,,Deutsche Bank,35.83,0.48
2020-09,,,,,,,,,,,,Federal Bank,36.65,0.05
2020-09,,,,,,,,,,,,Fino Payments Bank,0.7,0.01
2020-09,,,,,,,,,,,,Freecharge,54.06,0.99
2020-09,,,,,,,,,,,,Google Pay,146414.83,751.61
2020-09,,,,,,,,,,,,HDFC Bank Apps,278.71,1.21
2020-09,,,,,,,,,,,,HSBC,41.26,0.04
2020-09,,,,,,,,,,,,ICICI Bank Apps,2190.47,9.77
2020-09,,,,,,,,,,,,IDBI Bank Apps,5.6,0.01
2020-09,,,,,,,,,,,,IDFC Bank Apps,20.22,0.04
2020-09,,,,,,,,,,,,India Post Payments Bank,3.9,0.02
2020-09,,,,,,,,,,,,Indian Bank,3.85,0.01
2020-09,,,,,,,,,,,,IndusInd Bank,53.45,0.24
2020-09,,,,,,,,,,,,Janata Sahakari Bank,4.76,0.01
2020-09,,,,,,,,,,,,Jio Payments Bank,17.32,0.31
2020-09,,,,,,,,,,,,Karnataka Bank,9.65,0.02
2020-09,,,,,,,,,,,,Karur Vysya Bank,14.34,0.03
2020-09,,,,,,,,,,,,Khalijeb,1.4,0.01
2020-09,,,,,,,,,,,,Kotak Mahindra Bank Apps,282.13,1.57
2020-09,,,,,,,,,,,,MakeMy Trip,27.04,0.06
2020-09,,,,,,,,,,,,MI Pay,68.97,0.45
2020-09,,,,,,,,,,,,Mobikwik,167.78,1.5
2020-09,,,,,,,,,,,,Oriental Bank of Commerce,19.94,0.04
2020-09,,,,,,,,,,,,Paytm Payments Bank,23353.91,208.33
2020-09,,,,,,,,,,,,PhonePe,137819.43,688.32
2020-09,,,,,,,,,,,,Punjab National Bank,43.92,0.07
2020-09,,,,,,,,,,,,Punjab Sind Bank,3.04,0.01
2020-09,,,,,,,,,,,,RBL Bank,34.26,0.06
2020-09,,,,,,,,,,,,RealMe,1.15,0.01
2020-09,,,,,,,,,,,,Samsung Pay,293.62,1.33
2020-09,,,,,,,,,,,,South Indian Bank,19.94,0.04
2020-09,,,,,,,,,,,,Standard Chartered,16.31,0.03
2020-09,,,,,,,,,,,,State Bank of India Apps,2145.86,3.9
2020-09,,,,,,,,,,,,TJSB Bank,4.43,0.01
2020-09,,,,,,,,,,,,Truecaller,28.12,0.13
2020-09,,,,,,,,,,,,UCO Bank,13.86,0.03
2020-09,,,,,,,,,,,,Ultracash,77.22,0.31
2020-09,,,,,,,,,,,,Union Bank of India,71.05,0.14
2020-09,,,,,,,,,,,,United Bank of India,9.01,0.02
2020-09,,,,,,,,,,,,Vijaya Bank,3.47,0.01
2020-09,,,,,,,,,,,,WhatsApp Pay,7.56,0.06
2020-09,,,,,,,,,,,,Yes Bank Apps,1109,13.21
2020-09,,,,,,,,,,,,Other Apps,9.04,0.02
2020-10,,,,,,,,,,,,Airtel Payments Bank Apps,409.22,4.21
2020-10,,,,,,,,,,,,Allahabad Bank,21.19,0.07
2020-10,,,,,,,,,,,,AmazonPay,3854.49,46.59
2020-10,,,,,,,,,,,,Andhra Bank One,20.34,0.03
2020-10,,,,,,,,,,,,Axis Bank Apps,532.78,4.61
2020-10,,,,,,,,,,,,Bajaj Finserv,0.98,0.01
2020-10,,,,,,,,,,,,Bank of Baroda,218.62,0.55
2020-10,,,,,,,,,,,,Bank of Maharashtra,6.48,0.02
2020-10,,,,,,,,,,,,BHIM,7882.76,24.54
2020-10,,,,,,,,,,,,Canara Bank,30.18,0.06
2020-10,,,,,,,,,,,,Central Bank of India,39.79,0.1
2020-10,,,,,,,,,,,,Citi Bank Apps,55.79,0.07
2020-10,,,,,,,,,,,,Cointab,45.06,0.15
2020-10,,,,,,,,,,,,Corporation Bank,3.14,0.01
2020-10,,,,,,,,,,,,Cred,2706.34,2.84
2020-10,,,,,,,,,,,,DBS Digibank,186.55,0.52
2020-10,,,,,,,,,,,,Dena Bank,20.42,0.02
2020-10,,,,,,,,,,,,Deutsche Bank,38.45,0.55
2020-10,,,,,,,,,,,,Federal Bank,222.95,0.08
2020-10,,,,,,,,,,,,Fino Payments Bank,0.93,0.01
2020-10,,,,,,,,,,,,Freecharge,58.89,1
2020-10,,,,,,,,,,,,Google Pay,165654.71,857.81
2020-10,,,,,,,,,,,,HDFC Bank Apps,278.76,1.42
2020-10,,,,,,,,,,,,HSBC,44.92,0.04
2020-10,,,,,,,,,,,,ICICI Bank Apps,2541.25,11.06
2020-10,,,,,,,,,,,,IDBI Bank Apps,6.23,0.01
2020-10,,,,,,,,,,,,IDFC Bank Apps,22.2,0.05
2020-10,,,,,,,,,,,,India Post Payments Bank,9.15,0.04
2020-10,,,,,,,,,,,,Indian Bank,4.74,0.01
2020-10,,,,,,,,,,,,IndusInd Bank,163.35,1.1
2020-10,,,,,,,,,,,,Janata Sahakari Bank,5.97,0.01
2020-10,,,,,,,,,,,,Jio Payments Bank,15.34,0.35
2020-10,,,,,,,,,,,,Karnataka Bank,10.56,0.03
2020-10,,,,,,,,,,,,Karur Vysya Bank,14.21,0.03
2020-10,,,,,,,,,,,,Khalijeb,1.23,0.01
2020-10,,,,,,,,,,,,Kotak Mahindra Bank Apps,311.81,1.78
2020-10,,,,,,,,,,,,MakeMy Trip,42.6,0.1
2020-10,,,,,,,,,,,,MI Pay,75.04,0.52
2020-10,,,,,,,,,,,,Mobikwik,247.23,1.66
2020-10,,,,,,,,,,,,Oriental Bank of Commerce,19.76,0.04
2020-10,,,,,,,,,,,,Paytm Payments Bank,27489.33,244.94
2020-10,,,,,,,,,,,,PhonePe,168085.06,839.88
2020-10,,,,,,,,,,,,Punjab National Bank,50.07,0.08
2020-10,,,,,,,,,,,,RBL Bank,39.01,0.09
2020-10,,,,,,,,,,,,RealMe,1.29,0.01
2020-10,,,,,,,,,,,,Samsung Pay,328.8,1.54
2020-10,,,,,,,,,,,,South Indian Bank,20.5,0.05
2020-10,,,,,,,,,,,,Standard Chartered,20.35,0.03
2020-10,,,,,,,,,,,,State Bank of India Apps,2365.73,4.24
2020-10,,,,,,,,,,,,TJSB Bank,4.19,0.01
2020-10,,,,,,,,,,,,Truecaller,29.99,0.14
2020-10,,,,,,,,,,,,UCO Bank,14.81,0.03
2020-10,,,,,,,,,,,,Ultracash,95.02,0.41
2020-10,,,,,,,,,,,,Union Bank of India,78.92,0.17
2020-10,,,,,,,,,,,,United Bank of India,9.6,0.02
2020-10,,,,,,,,,,,,WhatsApp Pay,9.32,0.07
2020-10,,,,,,,,,,,,Yes Bank Apps,1630.05,17.77
2020-10,,,,,,,,,,,,Other Apps,10.31,0.03
2020-11,,,,,,,,,,,,Airtel Payments Bank Apps,412.14,3.59
2020-11,,,,,,,,,,,,Allahabad Bank,9.36,0.03
2020-11,,,,,,,,,,,,AmazonPay,3524.51,37.15
2020-11,,,,,,,,,,,,Andhra Bank,19.15,0.03
2020-11,,,,,,,,,,,,Axis Bank Apps,464.09,5.06
2020-11,,,,,,,,,,,,Bajaj Finserv,0.95,0.01
2020-11,,,,,,,,,,,,Bank of Baroda,219.23,0.55
2020-11,,,,,,,,,,,,Bank of Maharashtra,6.27,0.02
2020-11,,,,,,,,,,,,BHIM,7472.2,23.56
2020-11,,,,,,,,,,,,Canara Bank,32.31,0.07
2020-11,,,,,,,,,,,,Central Bank of India,37.84,0.09
2020-11,,,,,,,,,,,,Citi Bank Apps,53.63,0.08
2020-11,,,,,,,,,,,,Cointab,43.88,0.15
2020-11,,,,,,,,,,,,CRED,3331.8,3.21
2020-11,,,,,,,,,,,,DBS Digibank,174.87,0.51
2020-11,,,,,,,,,,,,Dena Bank,19.53,0.02
2020-11,,,,,,,,,,,,Deutsche Bank,53.8,0.63
2020-11,,,,,,,,,,,,Fedral Bank,176.75,0.1
2020-11,,,,,,,,,,,,Fino Payments Bank,0.9,0.01
2020-11,,,,,,,,,,,,Freecharge,54.84,0.95
2020-11,,,,,,,,,,,,Google Pay,161418.19,960.02
2020-11,,,,,,,,,,,,HDFC Bank Apps,247.41,1.24
2020-11,,,,,,,,,,,,HSBC,37.73,0.04
2020-11,,,,,,,,,,,,ICICI Bank Apps,2811.39,12.71
2020-11,,,,,,,,,,,,IDBI Bank Apps,7.32,0.02
2020-11,,,,,,,,,,,,IDFC Bank Apps,24.48,0.06
2020-11,,,,,,,,,,,,India Post Payments Bank,20.59,0.12
2020-11,,,,,,,,,,,,Indian Bank,4.87,0.01
2020-11,,,,,,,,,,,,IndusInd Bank,228.51,1.32
2020-11,,,,,,,,,,,,Janata Sahakari Bank,5.7,0.01
2020-11,,,,,,,,,,,,Jio Payments Bank,20.35,0.42
2020-11,,,,,,,,,,,,Karnataka Bank,11.45,0.04
2020-11,,,,,,,,,,,,Karur Vysya Bank,14.15,0.03
2020-11,,,,,,,,,,,,Khalijeb,1.48,0.01
2020-11,,,,,,,,,,,,Kotak Mahindra Bank Apps,325.26,1.86
2020-11,,,,,,,,,,,,MakeMy Trip,45.22,0.11
2020-11,,,,,,,,,,,,MI Pay,72.08,0.51
2020-11,,,,,,,,,,,,Mobikwik,201.44,1.53
2020-11,,,,,,,,,,,,Oriental Bank of Commerce,17.86,0.04
2020-11,,,,,,,,,,,,Paytm Payments Bank,28986.93,260.09
2020-11,,,,,,,,,,,,PhonePe,175453.85,868.4
2020-11,,,,,,,,,,,,Punjab National Bank,46.24,0.07
2020-11,,,,,,,,,,,,RBL Bank,42.46,0.11
2020-11,,,,,,,,,,,,RealMe,1.58,0.01
2020-11,,,,,,,,,,,,Samsung Pay,324.51,1.59
2020-11,,,,,,,,,,,,South Indian bank,19.66,0.05
2020-11,,,,,,,,,,,,Standard Chartered,20.86,0.04
2020-11,,,,,,,,,,,,State Bank of India Apps,2233.21,3.94
2020-11,,,,,,,,,,,,TJSB Bank,4.14,0.01
2020-11,,,,,,,,,,,,Truecaller,26.4,0.12
2020-11,,,,,,,,,,,,UCO Bank,10.11,0.03
2020-11,,,,,,,,,,,,Ultracash,97.25,0.42
2020-11,,,,,,,,,,,,Union Bank of India,75.48,0.17
2020-11,,,,,,,,,,,,United Bank of India,7.95,0.02
2020-11,,,,,,,,,,,,WhatsApp,13.87,0.31
2020-11,,,,,,,,,,,,Yes Bank Apps,1998.22,18.93
2020-11,,,,,,,,,,,,Other Apps,12.89,0.03
2020-12,PhonePe,,,,,182126.88,902.03,,,182126.88,902.03,,,
2020-12,Google Pay,,,,,176199.33,854.49,,,176199.33,854.49,,,
2020-12,Paytm Payments Bank App,,,7.95,4.73,31291.83,256.36,,,31299.78,261.09,,,
2020-12,Axis Bank Apps,,,90.82,86.77,553.68,5.39,,,644.5,92.15,,,
2020-12,Amazon Pay,,,,,3508.93,40.53,,,3508.93,40.53,,,
2020-12,BHIM,,,,,7748.29,24.8,,,7748.29,24.8,,,
2020-12,Yes Bank Apps,,,,,2197.96,19.54,,,2197.96,19.54,,,
2020-12,ICICI Bank Apps,,,133.5,4.34,2846.03,8.58,,,2979.53,12.92,,,
2020-12,State Bank of India Apps,,,,,2215.86,3.88,,,2215.86,3.88,,,
2020-12,Cred,,,,,3793.32,3.61,,,3793.32,3.61,,,
2020-12,Airtel Payments Bank Apps,,,,,361,3.44,,,361,3.44,,,
2020-12,Kotak Mahindra Bank Apps,,,,,350.18,1.89,,,350.18,1.89,,,
2020-12,Mobikwik,,,,,255.96,1.84,,,255.96,1.84,,,
2020-12,Samsung Pay,,,,,328.52,1.61,,,328.52,1.61,,,
2020-12,IndusInd Bank App,,,,,287.56,1.36,,,287.56,1.36,,,
2020-12,HDFC Bank Apps,,,,,260.6,1.35,,,260.6,1.35,,,
2020-12,Freecharge,,,,,59.9,1,,,59.9,1,,,
2020-12,India Post Payments Bank App,,,,,95.45,0.84,,,95.45,0.84,,,
2020-12,WhatsApp,,,,,29.72,0.81,,,29.72,0.81,,,
2020-12,Bank of Baroda Apps,,,,,247.8,0.62,,,247.8,0.62,,,
2020-12,Ultracash,,,,,108.06,0.6,,,108.06,0.6,,,
2020-12,DBS Digibank App,,,,,182.87,0.54,,,182.87,0.54,,,
2020-12,Deutsche Bank App,,,,,47.46,0.51,,,47.46,0.51,,,
2020-12,MI Pay,,,,,70.66,0.48,,,70.66,0.48,,,
2020-12,Jio Payments Bank App,,,,,26.97,0.45,,,26.97,0.45,,,
2020-12,Union Bank Apps,,,,,86.58,0.18,,,86.58,0.18,,,
2020-12,Cointab,,,,,43.56,0.14,,,43.56,0.14,,,
2020-12,MakeMy Trip,,,,,47.76,0.12,,,47.76,0.12,,,
2020-12,RBL Bank App,,,,,47.6,0.12,,,47.6,0.12,,,
2020-12,Federal Bank App,,,,,23.73,0.11,,,23.73,0.11,,,
2020-12,Truecaller,,,,,24.42,0.11,,,24.42,0.11,,,
2020-12,Punjab National Bank App,,,,,55.83,0.1,,,55.83,0.1,,,
2020-12,Central Bank of India App,,,,,38.51,0.1,,,38.51,0.1,,,
2020-12,Citi Bank App,,,,,63.23,0.09,,,63.23,0.09,,,
2020-12,Canara Bank App,,,,,40.22,0.08,,,40.22,0.08,,,
2020-12,Allahabad Bank App,,,,,17.94,0.07,,,17.94,0.07,,,
2020-12,IDFC Bank App,,,,,35.29,0.07,,,35.29,0.07,,,
2020-12,HSBC Bank App,,,0.03,7e-05,41.09,0.05,,,41.12,0.05,,,
2020-12,Karnataka Bank App,,,,,12.75,0.05,,,12.75,0.05,,,
2020-12,South Indian Bank App,,,,,19.81,0.05,,,19.81,0.05,,,
2020-12,Standard Chartered Bank App,,,,,25.07,0.04,,,25.07,0.04,,,
2020-12,UCO Bank App,,,,,11.43,0.03,,,11.43,0.03,,,
2020-12,Karur Vysya Bank App,,,,,13.66,0.03,,,13.66,0.03,,,
2020-12,Andhra Bank App,,,,,20.58,0.03,,,20.58,0.03,,,
2020-12,Bank of Maharashtra App,,,,,6.32,0.02,,,6.32,0.02,,,
2020-12,Khalijeb,,,,,3.39,0.02,,,3.39,0.02,,,
2020-12,IDBI Bank App,,,,,7.78,0.02,,,7.78,0.02,,,
2020-12,Dena Bank App,,,,,21,0.02,,,21,0.02,,,
2020-12,Indian Bank App,,,,,5.78,0.02,,,5.78,0.02,,,
2020-12,United Bank of India App,,,,,6.22,0.01,,,6.22,0.01,,,
2020-12,RealMe,,,,,1.97,0.01,,,1.97,0.01,,,
2020-12,AU Small Finance Bank App,,,,,5.91,0.01,,,5.91,0.01,,,
2020-12,Fino Payments bank App,,,,,1.05,0.01,,,1.05,0.01,,,
2020-12,Bajaj Finserv,,,,,0.92,0.01,,,0.92,0.01,,,
2020-12,Punjab Sind Bank App,,,,,2.92,0.01,,,2.92,0.01,,,
2020-12,Janta Sahakari Bank App,,,,,5.29,0.01,,,5.29,0.01,,,
2020-12,Other Apps,,,,,11.51,0.03,,,11.51,0.03,,,
2021-01,PhonePe,,,,,191973.77,968.72,,,191973.77,968.72,,,
2021-01,Google Pay,,,,,177791.47,853.53,,,177791.47,853.53,,,
2021-01,Paytm Payments Bank App,,,5.59,3.52,33909.5,281.18,3930.67,47.99,37845.76,332.69,,,
2021-01,Axis Bank Apps,,,57.74,66.73,560.7,5.23,,,618.44,71.96,,,
2021-01,Amazon Pay,,,,,4044.38,46.3,,,4044.38,46.3,,,
2021-01,BHIM,,,,,7462.94,23.38,,,7462.94,23.38,,,
2021-01,Yes Bank Apps,,,0.0,0.0,3207.95,14.78,,,3207.95,14.78,,,
2021-01,ICICI Bank Apps,,,148.1,4.24,1835.97,6.22,,,1984.07,10.46,,,
2021-01,State Bank of India Apps,,,,,2358.82,4.29,,,2358.82,4.29,,,
2021-01,Cred,,,,,4247.83,4.08,,,4247.83,4.08,,,
2021-01,Airtel Payments Bank Apps,,,,,355.77,3.71,,,355.77,3.71,,,
2021-01,Mobikwik,,,,,253.16,1.94,,,253.16,1.94,,,
2021-01,Kotak Mahindra Bank Apps,,,,,343.38,1.88,,,343.38,1.88,,,
2021-01,IndusInd Bank App,,,,,367.77,1.82,,,367.77,1.82,,,
2021-01,Samsung Pay,,,,,314.07,1.67,,,314.07,1.67,,,
2021-01,HDFC Bank Apps,,,,,244.03,1.52,,,244.03,1.52,,,
2021-01,Freecharge,,,,,63.8,1.12,,,63.8,1.12,,,
2021-01,India Post Payments Bank App,,,,,123.25,1.08,,,123.25,1.08,,,
2021-01,Ultracash,,,,,120.28,0.75,,,120.28,0.75,,,
2021-01,Bank of Baroda Apps,,,,,293.25,0.75,,,293.25,0.75,,,
2021-01,WhatsApp,,,,,36.44,0.56,,,36.44,0.56,,,
2021-01,DBS Digibank App,,,,,178.75,0.56,,,178.75,0.56,,,
2021-01,Deutsche Bank App,0.26,0.0,,,60.39,0.55,,,60.65,0.55,,,
2021-01,MI Pay,,,,,62.81,0.44,,,62.81,0.44,,,
2021-01,Jio Payments Bank App,,,,,27.91,0.41,,,27.91,0.41,,,
2021-01,Union Bank Apps,,,,,99.94,0.24,,,99.94,0.24,,,
2021-01,Federal Bank App,,,,,26.09,0.15,,,26.09,0.15,,,
2021-01,Punjab National Bank App,,,,,64.68,0.13,,,64.68,0.13,,,
2021-01,Cointab,,,,,43.7,0.13,,,43.7,0.13,,,
2021-01,RBL Bank App,,,,,48.58,0.12,,,48.58,0.12,,,
2021-01,Central Bank of India App,,,,,40.45,0.11,,,40.45,0.11,,,
2021-01,Citi Bank App,,,,,71.3,0.09,,,71.3,0.09,,,
2021-01,Allahabad Bank App,,,,,21.14,0.09,,,21.14,0.09,,,
2021-01,Canara Bank App,,,,,40.52,0.09,,,40.52,0.09,,,
2021-01,IDFC Bank App,,,,,41.87,0.08,,,41.87,0.08,,,
2021-01,Karnataka Bank App,,,,,15.35,0.07,,,15.35,0.07,,,
2021-01,HSBC Bank App,,,0.01,,41.58,0.06,,,41.59,0.06,,,
2021-01,South Indian Bank App,,,,,22.77,0.06,,,22.77,0.06,,,
2021-01,UCO Bank App,,,,,14.12,0.05,,,14.12,0.05,,,
2021-01,Standard Chartered Bank App,,,,,27.86,0.05,,,27.86,0.05,,,
2021-01,Karur Vysya Bank App,,,,,13.14,0.03,,,13.14,0.03,,,
2021-01,AU Small Finance Bank App,,,,,12.28,0.02,,,12.28,0.02,,,
2021-01,Bank of Maharashtra App,,,,,6.37,0.02,,,6.37,0.02,,,
2021-01,IDBI Bank App,,,,,9.18,0.02,,,9.18,0.02,,,
2021-01,Indian Bank App,,,,,5.77,0.02,,,5.77,0.02,,,
2021-01,Andhra Bank App,,,,,13.32,0.02,,,13.32,0.02,,,
2021-01,Khalijeb,,,,,2.49,0.02,,,2.49,0.02,,,
2021-01,Dena Bank App,,,,,20.5,0.02,,,20.5,0.02,,,
2021-01,Bajaj Finserv,,,,,0.99,0.01,,,0.99,0.01,,,
2021-01,Fino Payments bank App,,,,,1.08,0.01,,,1.08,0.01,,,
2021-01,RealMe,,,,,1.86,0.01,,,1.86,0.01,,,
2021-01,MakeMy Trip,,,,,3.95,0.01,,,3.95,0.01,,,
2021-01,Punjab Sind Bank App,,,,,3.18,0.01,,,3.18,0.01,,,
2021-01,Truecaller,,,,,1.94,0.01,,,1.94,0.01,,,
2021-01,Janta Sahakari Bank App,,,,,5.02,0.01,,,5.02,0.01,,,
2021-01,Other Apps,,,,,10.76,0.03,,,10.76,0.03,,,
2021-02,Airtel Payments Bank Apps,,,,,348.7,3.33,,,348.7,3.33,,,
2021-02,Allahabad Bank App,,,,,12.23,0.05,,,12.23,0.05,,,
2021-02,Amazon Pay,,,,,3831.99,44.22,,,3831.99,44.22,,,
2021-02,AU Small Finance Bank App,,,,,15.48,0.03,,,15.48,0.03,,,
2021-02,Axis Bank Apps,,,44.38,58.02,604.08,6.72,,,648.47,64.74,,,
2021-02,Bajaj Finserv,,,,,1.03,0.01,,,1.03,0.01,,,
2021-02,Bank of Baroda Apps,,,,,256.49,0.66,,,256.49,0.66,,,
2021-02,Bank of Maharashtra App,,,,,5.73,0.02,,,5.73,0.02,,,
2021-02,BHIM,,,,,6379.91,20.44,,,6379.91,20.44,,,
2021-02,Canara Bank App,,,,,37.39,0.08,,,37.39,0.08,,,
2021-02,Central Bank of India App,,,,,39.78,0.1,,,39.78,0.1,,,
2021-02,Citi Bank App,,,,,64.89,0.1,,,64.89,0.1,,,
2021-02,Cointab,,,,,41.56,0.12,,,41.56,0.12,,,
2021-02,Cred,,,,,4229.11,3.94,,,4229.11,3.94,,,
2021-02,DBS Digibank App,,,,,167.48,0.52,,,167.48,0.52,,,
2021-02,Dena Bank App,,,,,17.66,0.01,,,17.66,0.01,,,
2021-02,Deutsche Bank App,0.0,0.0,,,59.97,0.55,,,59.97,0.55,,,
2021-02,Federal Bank App,,,,,30.55,0.16,,,30.55,0.16,,,
2021-02,Fino Payments bank App,,,,,1.14,0.01,,,1.14,0.01,,,
2021-02,Google Pay,,,,,174455.33,827.86,,,174455.33,827.86,,,
2021-02,HDFC Bank Apps,,,,,208.06,1.13,,,208.06,1.13,,,
2021-02,HSBC Bank App,,,0.02,0.0,37.34,0.05,,,37.36,0.05,,,
2021-02,ICICI Bank Apps,,,83.43,2.31,2393.8,7.63,,,2477.23,9.93,,,
2021-02,IDBI Bank App,,,,,9.15,0.02,,,9.15,0.02,,,
2021-02,IDFC Bank App,,,,,47.09,0.1,,,47.09,0.1,,,
2021-02,India Post Payments Bank App,,,,,145.46,1.23,,,145.46,1.23,,,
2021-02,Indian Bank App,,,,,12.38,0.05,,,12.38,0.05,,,
2021-02,IndusInd Bank App,,,,,379.54,2.16,,,379.54,2.16,,,
2021-02,Janta Sahakari Bank App,,,,,4.35,0.01,,,4.35,0.01,,,
2021-02,Jio Payments Bank App,,,,,25.76,0.36,,,25.76,0.36,,,
2021-02,Karnataka Bank App,,,,,16.41,0.09,,,16.41,0.09,,,
2021-02,Karur Vysya Bank App,,,,,13.87,0.03,,,13.87,0.03,,,
2021-02,Kotak Mahindra Bank Apps,,,,,347.66,1.95,,,347.66,1.95,,,
2021-02,MakeMy Trip,,,,,44.08,0.12,,,44.08,0.12,,,
2021-02,MI Pay,,,,,59.91,0.4,,,59.91,0.4,,,
2021-02,Mobikwik,,,,,216.94,1.92,,,216.94,1.92,,,
2021-02,Paytm Payments Bank App,,,5.86,3.41,34405.44,290.03,4082.22,47.27,38493.52,340.71,,,
2021-02,PhonePe,,,,,189517.82,975.53,,,189517.82,975.53,,,
2021-02,Punjab National Bank App,,,,,62.93,0.13,,,62.93,0.13,,,
2021-02,Punjab Sind Bank App,,,,,3.67,0.01,0.01,0.0,3.67,0.01,,,
2021-02,RBL Bank App,,,,,49.4,0.12,,,49.4,0.12,,,
2021-02,RealMe,,,,,1.63,0.01,,,1.63,0.01,,,
2021-02,Samsung Pay,,,,,296.08,1.65,,,296.08,1.65,,,
2021-02,South Indian Bank App,,,,,22.61,0.06,,,22.61,0.06,,,
2021-02,Standard Chartered Bank App,,,,,27.11,0.05,,,27.11,0.05,,,
2021-02,State Bank of India Apps,,,,,2273.77,4.13,,,2273.77,4.13,,,
2021-02,Truecaller,,,,,15.36,0.05,,,15.36,0.05,,,
2021-02,UCO Bank App,,,,,13.69,0.06,,,13.69,0.06,,,
2021-02,Ultracash,,,,,118.31,0.89,,,118.31,0.89,,,
2021-02,Union Bank Apps,,,,,119.4,0.32,,,119.4,0.32,,,
2021-02,WhatsApp,,,,,32.41,0.55,,,32.41,0.55,,,
2021-02,Yes Bank Apps,,,,,3396.01,29.34,,,3396.01,29.34,,,
2021-02,YuvaPay,,,,,0.63,0.02,,,0.63,0.02,,,
2021-02,Other Apps,,,,,10.49,0.02,,,10.49,0.02,,,
2021-03,Airtel Payments Bank Apps,,,,,381.74,3.79,,,381.74,3.79,,,
2021-03,Allahabad Bank App,,,,,13.51,0.05,,,13.51,0.05,,,
2021-03,Amazon Pay,,,,,4457.47,52.38,,,4457.47,52.38,,,
2021-03,AU Small Finance Bank App,,,,,21.33,0.04,,,21.33,0.04,,,
2021-03,Axis Bank Apps,,,44.31,64.32,704.6,8.56,,,748.91,72.87,,,
2021-03,Bajaj Finserv,,,,,1.02,0.01,,,1.02,0.01,,,
2021-03,Bank of Baroda Apps,,,,,294.28,0.78,,,294.28,0.78,,,
2021-03,Bank of Maharashtra App,,,,,6.73,0.03,,,6.73,0.03,,,
2021-03,BHIM,,,,,7653.21,24.42,,,7653.21,24.42,,,
2021-03,Canara Bank App,,,,,47.87,0.1,,,47.87,0.1,,,
2021-03,Central Bank of India App,,,,,46.03,0.12,,,46.03,0.12,,,
2021-03,Citi Bank App,,,,,71.02,0.1,,,71.02,0.1,,,
2021-03,Cointab,,,,,45.71,0.12,,,45.71,0.12,,,
2021-03,Cred,,,,,5389.97,4.96,,,5389.97,4.96,,,
2021-03,DBS Digibank App,,,,,178.13,0.59,,,178.13,0.59,,,
2021-03,Dena Bank App,,,,,23.57,0.02,,,23.57,0.02,,,
2021-03,Deutsche Bank App,0.3,0.0,,,79.28,0.71,,,79.58,0.71,,,
2021-03,Federal Bank App,,,,,38.85,0.2,,,38.85,0.2,,,
2021-03,Fino Payments bank App,,,,,1.28,0.01,,,1.28,0.01,,,
2021-03,Google Pay,,,,,201185.14,957.01,,,201185.14,957.01,,,
2021-03,HDFC Bank Apps,,,,,244.17,1.59,,,244.17,1.59,,,
2021-03,HSBC Bank App,,,0.02,,45.88,0.08,,,45.89,0.08,,,
2021-03,ICICI Bank Apps,,,120.28,4.0,3703.08,9.95,,,3823.36,13.95,,,
2021-03,IDBI Bank App,,,,,9.68,0.02,,,9.68,0.02,,,
2021-03,IDFC Bank App,,,,,60.84,0.13,,,60.84,0.13,,,
2021-03,India Post Payments Bank App,,,,,167.52,1.21,,,167.52,1.21,,,
2021-03,Indian Bank App,,,,,34.1,0.09,,,34.1,0.09,,,
2021-03,IndusInd Bank App,,,,,541.66,4.49,,,541.66,4.49,,,
2021-03,Janta Sahakari Bank App,,,,,5.32,0.01,,,5.32,0.01,,,
2021-03,Jio Payments Bank App,,,,,32.14,0.47,,,32.14,0.47,,,
2021-03,Karnataka Bank App,,,,,20.89,0.12,,,20.89,0.12,,,
2021-03,Karur Vysya Bank App,,,,,15.14,0.03,,,15.14,0.03,,,
2021-03,Kotak Mahindra Bank Apps,,,,,397.99,2.26,,,397.99,2.26,,,
2021-03,MakeMy Trip,,,,,31.2,0.09,,,31.2,0.09,,,
2021-03,MI Pay,,,,,64.65,0.42,,,64.65,0.42,,,
2021-03,Mobikwik,,,,,315.59,2.22,,,315.59,2.22,,,
2021-03,Paytm Payments Bank App,,,4.5,2.79,38653.06,344.99,4563.69,53.37,43221.25,401.16,,,
2021-03,PhonePe,,,,,231412.33,1199.51,,,231412.33,1199.51,,,
2021-03,Punjab National Bank App,,,,,72.25,0.14,,,72.25,0.14,,,
2021-03,Punjab Sind Bank App,,,,,3.21,0.01,,,3.21,0.01,,,
2021-03,RBL Bank App,,,,,59.94,0.14,,,59.94,0.14,,,
2021-03,RealMe,,,,,1.44,0.01,,,1.44,0.01,,,
2021-03,Samsung Pay,,,,,326.96,1.83,,,326.96,1.83,,,
2021-03,South Indian Bank App,,,,,25.5,0.07,,,25.5,0.07,,,
2021-03,Standard Chartered Bank App,,,,,30.66,0.05,,,30.66,0.05,,,
2021-03,State Bank of India Apps,,,,,2578.38,4.55,,,2578.38,4.55,,,
2021-03,Truecaller,,,,,3.55,0.01,,,3.55,0.01,,,
2021-03,UCO Bank App,,,,,16.08,0.07,,,16.08,0.07,,,
2021-03,Ultracash,0.0,0.0,,,158.23,1.33,,,158.23,1.33,,,
2021-03,Union Bank Apps,,,,,144.93,0.38,,,144.93,0.38,,,
2021-03,WhatsApp,,,,,38.17,0.58,,,38.17,0.58,,,
2021-03,Yes Bank Apps,,,,,4831.58,29.14,,,4831.58,29.14,,,
2021-03,YuvaPay,,,,,18.56,0.56,,,18.56,0.56,,,
2021-03,Other Apps,,,,,11.62,0.02,,,11.62,0.02,,,
2021-04,Airtel Payments Bank Apps,,,,,363.66,3.53,10808.76,11.18,11172.43,14.7,,,
2021-04,Allahabad Bank App,,,,,5.21,0.02,,,5.21,0.02,,,
2021-04,Amazon Pay,,,,,4272.47,49.12,,,4272.47,49.12,,,
2021-04,AU Small Finance Bank App,,,,,20.23,0.04,,,20.23,0.04,,,
2021-04,Axis Bank Apps,,,49.59,70.8,697.87,9.72,,,747.46,80.52,,,
2021-04,Bajaj Finserv,,,,,0.96,0.01,,,0.96,0.01,,,
2021-04,Bank of Baroda Apps,,,,,238.5,0.56,,,238.5,0.56,,,
2021-04,Bank of India App,,,,,2.11,0.01,,,2.11,0.01,,,
2021-04,Bank of Maharashtra App,,,,,6.05,0.02,,,6.05,0.02,,,
2021-04,BHIM,,,,,6886.78,22.26,,,6886.78,22.26,,,
2021-04,Canara Bank App,,,,,43.87,0.09,,,43.87,0.09,,,
2021-04,Central Bank of India App,,,,,41.58,0.11,,,41.58,0.11,,,
2021-04,Citi Bank App,,,,,68.17,0.08,,,68.17,0.08,,,
2021-04,Cointab,,,,,40.84,0.11,,,40.84,0.11,,,
2021-04,Cred,,,,,5419.88,5.08,,,5419.88,5.08,,,
2021-04,DBS Digibank App,,,,,164.93,0.54,,,164.93,0.54,,,
2021-04,Dena Bank App,,,,,22.37,0.02,,,22.37,0.02,,,
2021-04,Deutsche Bank App,0.26,0.0,,,43.32,0.43,,,43.58,0.43,,,
2021-04,Federal Bank App,,,,,39.57,0.19,,,39.57,0.19,,,
2021-04,Fino Payments bank App,,,,,1.18,0.01,,,1.18,0.01,,,
2021-04,Google Pay,,,,,190106.71,905.96,,,190106.71,905.96,,,
2021-04,HDFC Bank Apps,,,,,243.86,1.42,,,243.86,1.42,,,
2021-04,HSBC Bank App,,,0.01,,40.02,0.07,,,40.03,0.07,,,
2021-04,ICICI Bank Apps,,,155.65,3.6,3672.3,10.76,,,3827.95,14.37,,,
2021-04,IDBI Bank App,,,,,9.59,0.02,,,9.59,0.02,,,
2021-04,IDFC Bank App,0.0,0.0,,,65.23,0.15,,,65.23,0.15,,,
2021-04,India Post Payments Bank App,,,,,174.08,1.32,,,174.08,1.32,,,
2021-04,Indian Bank App,,,,,24.13,0.06,,,24.13,0.06,,,
2021-04,IndusInd Bank App,,,,,654.49,4.2,,,654.49,4.2,,,
2021-04,Jio Payments Bank App,,,,,35.43,0.57,,,35.43,0.57,,,
2021-04,Karnataka Bank App,,,,,21.13,0.12,,,21.13,0.12,,,
2021-04,Karur Vysya Bank App,,,,,13.08,0.03,,,13.08,0.03,,,
2021-04,Kotak Mahindra Bank Apps,,,,,381.37,2.13,,,381.37,2.13,,,
2021-04,MakeMy Trip,,,,,26.08,0.08,,,26.08,0.08,,,
2021-04,MI Pay,,,,,58.08,0.38,,,58.08,0.38,,,
2021-04,Mobikwik,,,,,254.32,2.09,,,254.32,2.09,,,
2021-04,Paytm Payments Bank App,,,2.57,1.66,36859.2,320.78,4607.76,50.26,41469.53,372.7,,,
2021-04,PhonePe,,,,,234023.33,1189.89,,,234023.33,1189.89,,,
2021-04,Punjab National Bank App,,,,,63.07,0.12,,,63.07,0.12,,,
2021-04,RBL Bank App,,,,,58.08,0.13,,,58.08,0.13,,,
2021-04,Samsung Pay,,,,,312.93,1.62,,,312.93,1.62,,,
2021-04,South Indian Bank App,,,,,23.53,0.07,,,23.53,0.07,,,
2021-04,Standard Chartered Bank App,,,,,33.32,0.06,,,33.32,0.06,,,
2021-04,State Bank of India Apps,,,,,2359.08,4.14,,,2359.08,4.14,,,
2021-04,UCO Bank App,,,,,16.17,0.07,,,16.17,0.07,,,
2021-04,Ultracash,,,,,178.72,1.49,,,178.72,1.49,,,
2021-04,Union Bank Apps,,,,,135.79,0.34,,,135.79,0.34,,,
2021-04,WhatsApp,,,,,47.62,0.54,,,47.62,0.54,,,
2021-04,Yes Bank Apps,,,0.0,0.0,5120.17,22.81,,,5120.17,22.81,,,
2021-04,YuvaPay,,,,,51.22,1.59,,,51.22,1.59,,,
2021-04,Other Apps,,,,,13.88,0.03,,,13.88,0.03,,,
2021-05,Airtel Payments Bank Apps,,,,,429.12,4.06,,,429.12,4.06,,,
2021-05,Allahabad Bank App,,,,,4.43,0.01,,,4.43,0.01,,,
2021-05,Amazon Pay,,,,,4782.59,58.35,,,4782.59,58.35,,,
2021-05,AU Small Finance Bank App,,,,,20.29,0.04,,,20.29,0.04,,,
2021-05,Axis Bank Apps,,,37.23,58.63,769.07,10.27,,,806.31,68.9,,,
2021-05,Bajaj Finserv,,,,,0.77,0.01,,,0.77,0.01,,,
2021-05,Bank of Baroda Apps,,,,,230.89,0.54,,,230.89,0.54,,,
2021-05,Bank of India App,,,,,5.23,0.01,,,5.23,0.01,,,
2021-05,Bank of Maharashtra App,,,,,6.18,0.02,,,6.18,0.02,,,
2021-05,BHIM,,,,,6776.2,21.02,,,6776.2,21.02,,,
2021-05,Canara Bank App,,,,,45.92,0.09,,,45.92,0.09,,,
2021-05,Central Bank of India App,,,,,42.18,0.1,,,42.18,0.1,,,
2021-05,Citi Bank App,,,,,70.14,0.08,,,70.14,0.08,,,
2021-05,Cointab,,,,,35.72,0.1,,,35.72,0.1,,,
2021-05,Cred,,,,,6142.78,5.65,,,6142.78,5.65,,,
2021-05,DBS Digibank App,,,,,160.73,0.47,,,160.73,0.47,,,
2021-05,Dena Bank App,,,,,20.9,0.02,,,20.9,0.02,,,
2021-05,Deutsche Bank App,0.04,0.0,,,14.69,0.21,,,14.73,0.21,,,
2021-05,Federal Bank App,,,,,38.99,0.17,,,38.99,0.17,,,
2021-05,Fino Payments bank App,,,,,1.23,0.01,,,1.23,0.01,,,
2021-05,Google Pay,,,,,187136.95,880.59,,,187136.95,880.59,,,
2021-05,HDFC Bank Apps,,,,,274.77,1.56,,,274.77,1.56,,,
2021-05,HSBC Bank App,,,0.01,0.0,35.67,0.06,,,35.68,0.06,,,
2021-05,ICICI Bank Apps,,,102.59,2.21,4411.52,10.95,,,4514.11,13.16,,,
2021-05,IDBI Bank App,,,,,10.36,0.02,,,10.36,0.02,,,
2021-05,IDFC Bank App,,,,,72.34,0.15,,,72.34,0.15,,,
2021-05,India Post Payments Bank App,,,,,178.52,1.29,,,178.52,1.29,,,
2021-05,Indian Bank App,,,,,26.84,0.06,,,26.84,0.06,,,
2021-05,IndusInd Bank App,,,,,433.37,3.12,,,433.37,3.12,,,
2021-05,Jio Payments Bank App,,,,,40.92,0.68,,,40.92,0.68,,,
2021-05,Karnataka Bank App,,,,,20.74,0.1,,,20.74,0.1,,,
2021-05,Karur Vysya Bank App,,,,,11.59,0.02,,,11.59,0.02,,,
2021-05,Kotak Mahindra Bank Apps,,,,,427.4,2.37,,,427.4,2.37,,,
2021-05,MakeMy Trip,,,,,11.47,0.03,,,11.47,0.03,,,
2021-05,MI Pay,,,,,55.17,0.37,,,55.17,0.37,,,
2021-05,Mobikwik,,,,,467.11,3.18,,,467.11,3.18,,,
2021-05,NSDL Payments Bank App,,,,,0.58,0.01,,,0.58,0.01,,,
2021-05,Paytm Payments Bank App,,,2.84,1.57,35715.48,290.69,8023.0,51.56,43741.16,343.81,,,
2021-05,PhonePe,,,,,234123.57,1149.84,,,234123.57,1149.84,,,
2021-05,Punjab National Bank App,,,,,55.51,0.11,,,55.51,0.11,,,
2021-05,RBL Bank App,,,,,56.21,0.12,,,56.21,0.12,,,
2021-05,Samsung Pay,,,,,302.68,1.36,,,302.68,1.36,,,
2021-05,South Indian Bank App,,,,,19.67,0.05,,,19.67,0.05,,,
2021-05,Standard Chartered Bank App,,,,,36.73,0.06,,,36.73,0.06,,,
2021-05,State Bank of India Apps,,,,,2079.32,3.69,,,2079.32,3.69,,,
2021-05,UCO Bank App,,,,,19.5,0.08,,,19.5,0.08,,,
2021-05,Ultracash,,,,,142.92,1.15,,,142.92,1.15,,,
2021-05,Union Bank Apps,,,,,110.65,0.28,,,110.65,0.28,,,
2021-05,WhatsApp,,,,,48.15,0.51,,,48.15,0.51,,,
2021-05,Yes Bank Apps,,,,,4486.54,21.08,,,4486.54,21.08,,,
2021-05,YuvaPay,,,,,73.16,2.32,,,73.16,2.32,,,
2021-05,Others,,,,,12.47,0.03,,,12.47,0.03,,,
2021-06,Airtel Payments Bank Apps,,,,,1323.26,5.06,1498.68,1.63,2821.94,6.69,,,
2021-06,Amazon Pay,,,,,4814.74,51.34,,,4814.74,51.34,,,
2021-06,AU Small Finance Bank App,,,,,25.43,0.05,,,25.43,0.05,,,
2021-06,Axis Bank Apps,,,34.46,52.15,822.59,9.77,,,857.05,61.92,,,
2021-06,Bajaj Finserv,,,,,1.05,0.01,,,1.05,0.01,,,
2021-06,Bank of Baroda Apps,,,,,265.38,0.6,,,265.38,0.6,,,
2021-06,Bank of India App,,,,,8.25,0.02,,,8.25,0.02,,,
2021-06,Bank of Maharashtra App,,,,,6.82,0.03,,,6.82,0.03,,,
2021-06,BHIM,,,,,7319.77,22.84,,,7319.77,22.84,,,
2021-06,Canara Bank App,,,,,52.64,0.1,,,52.64,0.1,,,
2021-06,Central Bank of India App,,,,,45.3,0.11,,,45.3,0.11,,,
2021-06,Citi Bank App,,,,,75.09,0.08,,,75.09,0.08,,,
2021-06,Cointab,,,,,40.95,0.12,,,40.95,0.12,,,
2021-06,Cred,,,,,6151.57,5.77,,,6151.57,5.77,,,
2021-06,DBS Digibank App,,,,,170.57,0.51,,,170.57,0.51,,,
2021-06,Dena Bank App,,,,,21.57,0.02,,,21.57,0.02,,,
2021-06,Deutsche Bank App,,,,,27.44,0.32,,,27.44,0.32,,,
2021-06,Federal Bank App,,,,,49.99,0.21,,,49.99,0.21,,,
2021-06,Fino Payments bank App,,,,,1.09,0.01,,,1.09,0.01,,,
2021-06,Google Pay,,,,,207287.73,972.26,,,207287.73,972.26,,,
2021-06,HDFC Bank Apps,,,,,408.61,2.07,,,408.61,2.07,,,
2021-06,HSBC Bank App,,,0.02,,35.56,0.07,,,35.57,0.07,,,
2021-06,ICICI Bank Apps,,,118.11,2.36,4958.01,12.94,,,5076.12,15.29,,,
2021-06,IDBI Bank App,,,,,10.86,0.02,,,10.86,0.02,,,
2021-06,IDFC Bank App,,,,,101.74,0.21,,,101.74,0.21,,,
2021-06,India Post Payments Bank App,,,,,203.73,1.47,,,203.73,1.47,,,
2021-06,Indian Bank App,,,,,25.18,0.05,,,25.18,0.05,,,
2021-06,IndusInd Bank App,,,,,421.41,2.18,,,421.41,2.18,,,
2021-06,Jio Payments Bank App,,,,,52.08,0.8,,,52.08,0.8,,,
2021-06,Karnataka Bank App,,,,,22.51,0.12,,,22.51,0.12,,,
2021-06,Karur Vysya Bank App,,,,,12.59,0.03,,,12.59,0.03,,,
2021-06,Kotak Mahindra Bank Apps,,,,,535.98,2.8,,,535.98,2.8,,,
2021-06,MakeMy Trip,,,,,22.16,0.06,,,22.16,0.06,,,
2021-06,MI Pay,,,,,56.69,0.36,,,56.69,0.36,,,
2021-06,Mobikwik,,,,,535.12,3.21,,,535.12,3.21,,,
2021-06,Paytm Payments Bank App,,,4.29,4.62,40614.09,326.53,4362.73,51.89,44981.11,383.05,,,
2021-06,PhonePe,,,,,262565.88,1292.71,,,262565.88,1292.71,,,
2021-06,Punjab National Bank App,,,,,41.1,0.08,,,41.1,0.08,,,
2021-06,RBL Bank App,,,,,61.95,0.13,,,61.95,0.13,,,
2021-06,Samsung Pay,,,,,331.04,1.64,,,331.04,1.64,,,
2021-06,South Indian Bank App,,,,,24.3,0.06,,,24.3,0.06,,,
2021-06,Standard Chartered Bank App,,,,,39.42,0.06,,,39.42,0.06,,,
2021-06,State Bank of India Apps,,,,,1978.61,3.43,,,1978.61,3.43,,,
2021-06,UCO Bank App,,,,,20.8,0.09,,,20.8,0.09,,,
2021-06,Ultracash,,,,,148.09,1.19,,,148.09,1.19,,,
2021-06,Union Bank Apps,,,,,128.37,0.29,,,128.37,0.29,,,
2021-06,WhatsApp,,,,,42.44,0.46,,,42.44,0.46,,,
2021-06,Yes Bank Apps,,,,,5227.04,24.72,,,5227.04,24.72,,,
2021-06,YuvaPay,,,,,60.44,1.33,,,60.44,1.33,,,
2021-06,Others,,,,,19.27,0.05,,,19.27,0.05,,,
2021-07,Airtel Payments Bank Apps,,,,,1534.21,5.79,809.0,1.57,2342.76,7.36,,,
2021-07,Allahabad Bank App,,,,,2.03,0.01,,,2.03,0.01,,,
2021-07,Amazon Pay,,,,,5223.57,62.83,,,5223.57,62.83,,,
2021-07,AU Small Finance Bank App,,,,,33.12,0.08,,,33.12,0.08,,,
2021-07,Axis Bank Apps,0.0,0.0,50.09,64.06,891.26,10.08,,,941.35,74.13,,,
2021-07,Bajaj Finserv,,,,,1.55,0.02,,,1.55,0.02,,,
2021-07,Bank of Baroda Apps,0.0,0.0,,,284.98,0.67,,,284.99,0.67,,,
2021-07,Bank of India App,,,,,9.8,0.03,,,9.8,0.03,,,
2021-07,Bank of Maharashtra App,,,,,7.27,0.03,,,7.27,0.03,,,
2021-07,BHIM,,,,,7442.86,23.76,,,7442.86,23.76,,,
2021-07,Canara Bank App,0.0,0.0,,,55.83,0.11,,,55.83,0.11,,,
2021-07,Central Bank of India App,,,,,46.71,0.12,,,46.71,0.12,,,
2021-07,Citi Bank App,,,,,80.39,0.09,,,80.39,0.09,,,
2021-07,City Union Bank App,,,,,2.09,0.01,,,2.09,0.01,,,
2021-07,Cointab,,,,,49.15,0.17,,,49.15,0.17,,,
2021-07,Cred,,,,,8121.41,7.12,,,8121.41,7.12,,,
2021-07,DBS Digibank App,,,,,189.67,0.57,,,189.67,0.57,,,
2021-07,Dena Bank App,,,,,24.26,0.02,,,24.26,0.02,,,
2021-07,Deutsche Bank App,0.1,0.0,,,55.42,0.52,,,55.55,0.52,,,
2021-07,Federal Bank App,,,,,68.82,0.28,,,68.82,0.28,,,
2021-07,Fino Payments bank App,,,,,1.13,0.01,,,1.13,0.01,,,
2021-07,Google Pay,,,,,230847.54,1119.16,,,230847.54,1119.16,,,
2021-07,HDFC Bank Apps,0.0,0.0,,,588.25,3.0,,,588.25,3.0,,,
2021-07,HSBC Bank App,,,0.04,0.0,40.49,0.06,,,40.52,0.06,,,
2021-07,ICICI Bank Apps,0.0,0.0,134.07,2.85,5761.98,15.41,,,5896.05,18.26,,,
2021-07,IDBI Bank App,,,,,11.24,0.02,,,11.24,0.02,,,
2021-07,IDFC Bank App,,,,,130.1,0.3,,,130.1,0.3,,,
2021-07,India Post Payments Bank App,,,,,231.52,1.79,,,231.52,1.79,,,
2021-07,Indian Bank App,0.0,0.0,,,33.52,0.08,,,33.52,0.08,,,
2021-07,IndusInd Bank App,0.0,0.0,,,458.06,2.18,,,458.06,2.18,,,
2021-07,Jio Payments Bank App,,,,,63.44,1.03,,,63.44,1.03,,,
2021-07,Jupiter Money,,,,,2.07,0.01,,,2.07,0.01,,,
2021-07,Karnataka Bank App,,,,,18.45,0.13,,,18.45,0.13,,,
2021-07,Karur Vysya Bank App,,,,,14.6,0.03,,,14.6,0.03,,,
2021-07,Kotak Mahindra Bank Apps,,,,,642.53,3.46,,,642.53,3.46,,,
2021-07,MakeMy Trip,,,,,29.31,0.08,,,29.31,0.08,,,
2021-07,MI Pay,,,,,53.34,0.34,,,53.34,0.34,,,
2021-07,Mobikwik,,,,,402.42,2.8,,,402.42,2.8,,,
2021-07,NSDL Payments Bank App,,,,,0.86,0.01,,,0.86,0.01,,,
2021-07,Paytm Payments Bank App,,,4.07,4.1,46406.52,387.85,5284.0,62.11,51694.41,454.06,,,
2021-07,PhonePe,,,,,288573.0,1492.09,,,288572.9,1492.09,,,
2021-07,Punjab National Bank App,0.0,0.0,,,8.86,0.02,,,8.86,0.02,,,
2021-07,RBL Bank App,,,,,68.54,0.15,,,68.54,0.15,,,
2021-07,Samsung Pay,,,,,367.67,2.02,,,367.67,2.02,,,
2021-07,South Indian Bank App,,,,,28.23,0.08,,,28.23,0.08,,,
2021-07,Standard Chartered Bank App,,,,,46.29,0.08,,,46.29,0.08,,,
2021-07,State Bank of India Apps,0.0,0.0,,,1908.2,3.55,,,1908.2,3.55,,,
2021-07,UCO Bank App,,,,,22.5,0.08,,,22.5,0.08,,,
2021-07,Ultracash,,,,,158.45,1.45,,,158.45,1.45,,,
2021-07,Union Bank Apps,0.0,0.0,,,137.37,0.33,,,137.37,0.33,,,
2021-07,WhatsApp,,,,,45.33,0.47,,,45.33,0.47,,,
2021-07,Yes Bank Apps,,,,,4811.73,25.94,,,4811.73,25.94,,,
2021-07,YuvaPay,,,,,38.3,0.48,,,38.3,0.48,,,
2021-07,Other Bank Apps,,,,,16.61,0.04,,,16.61,0.04,,,
2021-08,Airtel Payments Bank Apps,,,,,1396.65,6.14,1545.24,3.17,2941.88,9.31,,,
2021-08,Allahabad Bank App,,,,,4.44,0.01,,,4.44,0.01,,,
2021-08,Amazon Pay,,,,,5297.16,60.67,,,5297.16,60.67,,,
2021-08,AU Small Finance Bank App,,,,,38.53,0.1,,,38.53,0.1,,,
2021-08,Axis Bank Apps,0.01,,69.22,77.38,890.5,10.11,,,959.73,87.49,,,
2021-08,Bajaj Finserv,,,,,2.85,0.04,,,2.85,0.04,,,
2021-08,Bank of Baroda Apps,,,,,302.05,0.75,,,302.06,0.75,,,
2021-08,Bank of India App,,,,,10.31,0.03,,,10.31,0.03,,,
2021-08,Bank of Maharashtra App,,,,,7.76,0.04,,,7.76,0.04,,,
2021-08,BHIM,,,,,8063.93,26.33,,,8063.93,26.33,,,
2021-08,Canara Bank App,,,,,56.23,0.14,,,56.23,0.14,,,
2021-08,Central Bank of India App,,,,,47.83,0.13,,,47.83,0.13,,,
2021-08,Citi Bank App,,,,,72.04,0.09,,,72.04,0.09,,,
2021-08,City Union Bank App,,,,,2.73,0.01,,,2.73,0.01,,,
2021-08,Cointab,,,,,63.77,0.28,,,63.77,0.28,,,
2021-08,Cred,,,,,9040.43,7.5,,,9040.43,7.5,,,
2021-08,DBS Digibank App,,,,,187.52,0.57,,,187.52,0.57,,,
2021-08,Dena Bank App,,,,,23.12,0.02,,,23.12,0.02,,,
2021-08,Deutsche Bank App,0.04,,,,81.7,0.73,,,81.74,0.73,,,
2021-08,Federal Bank App,,,,,74.71,0.35,,,74.71,0.35,,,
2021-08,Fino Payments bank App,,,,,1.38,0.02,,,1.38,0.02,,,
2021-08,Google Pay,,,,,244453.05,1243.75,,,244453.05,1243.75,,,
2021-08,HDFC Bank Apps,,,,,676.72,3.1,,,676.72,3.1,,,
2021-08,HSBC Bank App,,,0.05,,39.19,0.07,,,39.24,0.07,,,
2021-08,ICICI Bank Apps,,,144.48,2.26,5476.78,17.55,,,5621.27,19.81,,,
2021-08,IDBI Bank App,,,,,11.26,0.03,,,11.26,0.03,,,
2021-08,IDFC Bank App,,,,,155.19,0.4,,,155.19,0.4,,,
2021-08,India Post Payments Bank App,,,,,255.16,2.0,,,255.16,2.0,,,
2021-08,Indian Bank App,,,,,34.46,0.08,,,34.46,0.08,,,
2021-08,IndusInd Bank App,,,,,570.21,0.52,,,570.21,0.52,,,
2021-08,Janta Sahakari Bank App,,,,,4.8,0.01,,,4.8,0.01,,,
2021-08,Jio Payments Bank App,,,,,68.16,1.06,,,68.16,1.06,,,
2021-08,Jupiter Money,,,,,17.36,0.07,,,17.36,0.07,,,
2021-08,Karnataka Bank App,,,,,15.38,0.12,,,15.38,0.12,,,
2021-08,Karur Vysya Bank App,,,,,15.25,0.03,,,15.25,0.03,,,
2021-08,Kotak Mahindra Bank Apps,,,,,723.21,3.98,,,723.21,3.98,,,
2021-08,MakeMy Trip,,,,,25.28,0.08,,,25.28,0.08,,,
2021-08,MI Pay,,,,,50.26,0.34,,,50.26,0.34,,,
2021-08,Mobikwik,,,,,418.04,2.59,,,418.04,2.59,,,
2021-08,NSDL Payments Bank App,,,,,0.85,0.01,,,0.85,0.01,,,
2021-08,Paytm Payments Bank App,,,6.15,6.17,50021.4,423.63,6292.08,68.85,56319.62,498.65,,,
2021-08,PhonePe,,,,,301644.8,1622.95,,,301644.8,1622.95,,,
2021-08,Punjab National Bank App,,,,,15.28,0.04,,,15.28,0.04,,,
2021-08,Punjab Sindh Bank App,,,,,2.53,0.01,,,2.53,0.01,,,
2021-08,RBL Bank App,,,,,70.24,0.16,,,70.24,0.16,,,
2021-08,RealMe,,,,,0.41,0.01,,,0.41,0.01,,,
2021-08,Samsung Pay,,,,,372.08,2.25,,,372.08,2.25,,,
2021-08,South Indian Bank App,,,,,31.69,0.09,,,31.69,0.09,,,
2021-08,Standard Chartered Bank App,,,,,45.31,0.08,,,45.31,0.08,,,
2021-08,State Bank of India Apps,,,,,1905.52,3.69,,,1905.52,3.69,,,
2021-08,UCO Bank App,,,,,21.64,0.09,,,21.64,0.09,,,
2021-08,Ultracash,,,,,161.92,1.66,,,161.92,1.66,,,
2021-08,Union Bank Apps,,,,,150.94,0.37,,,150.94,0.37,,,
2021-08,WhatsApp,,,,,44.7,0.5,,,44.7,0.5,,,
2021-08,Yes Bank Apps,,,,,5702.87,24.34,,,5702.87,24.35,,,
2021-08,YuvaPay,,,,,19.01,0.02,,,19.01,0.02,,,
2021-08,Other Apps,,,,,10.41,0.02,,,10.41,0.02,,,
2021-09,Airtel Payments Bank Apps,,,,,1520.92,6.91,2238.19,4.61,3759.12,11.52,,,
2021-09,Allahabad Bank App,,,,,5.34,0.02,,,5.34,0.02,,,
2021-09,Amazon Pay,,,,,5267.79,62.9,,,5267.79,62.9,,,
2021-09,AU Small Finance Bank App,,,,,46.49,0.13,,,46.49,0.13,,,
2021-09,Axis Bank Apps,,,44.22,51.77,788.51,7.37,,,832.73,59.13,,,
2021-09,Bajaj Finserv,,,,,3.03,0.04,,,3.03,0.04,,,
2021-09,Bank of Baroda Apps,0.01,,,,293.05,0.73,,,293.05,0.73,,,
2021-09,Bank of India App,,,,,12.45,0.03,,,12.45,0.03,,,
2021-09,Bank of Maharashtra App,,,,,7.8,0.04,,,7.8,0.04,,,
2021-09,BHIM,,,,,7538.58,25.36,,,7538.58,25.36,,,
2021-09,Canara Bank App,,,,,51.88,0.16,,,51.88,0.16,,,
2021-09,Central Bank of India App,,,,,47.35,0.13,,,47.35,0.13,,,
2021-09,Citi Bank App,,,,,68.42,0.12,,,68.42,0.12,,,
2021-09,City Union Bank App,,,,,3.32,0.01,,,3.32,0.01,,,
2021-09,Cointab,,,,,69.81,0.34,,,69.81,0.34,,,
2021-09,Cred,,,,,9614.36,7.74,,,9614.36,7.74,,,
2021-09,DBS Digibank App,,,,,180.79,0.55,,,180.79,0.55,,,
2021-09,Dena Bank App,,,,,24.37,0.02,,,24.37,0.02,,,
2021-09,Deutsche Bank App,,,,,70.24,0.76,,,70.24,0.76,,,
2021-09,Dhanlaxmi Bank App,,,,,2.86,0.01,,,2.86,0.01,,,
2021-09,Federal Bank App,,,,,79.44,0.39,,,79.44,0.39,,,
2021-09,Fino Payments bank App,,,,,1.63,0.02,,,1.63,0.02,,,
2021-09,Finshell Pay,,,,,0.72,0.02,,,0.72,0.02,,,
2021-09,Goibibo,,,,,2.62,0.01,,,2.62,0.01,,,
2021-09,Google Pay,,,,,250393.65,1294.56,,,250393.65,1294.56,,,
2021-09,HDFC Bank Apps,,,,,772.08,3.14,,,772.08,3.14,,,
2021-09,HSBC Bank App,,,0.05,,42.97,0.08,,,43.02,0.08,,,
2021-09,ICICI Bank Apps,,,183.72,3.25,6395.93,18.86,,,6579.65,22.11,,,
2021-09,IDBI Bank App,,,,,12.0,0.02,,,12.0,0.02,,,
2021-09,IDFC Bank App,,,,,181.96,0.49,,,181.96,0.49,,,
2021-09,India Post Payments Bank App,,,,,267.94,2.28,,,267.94,2.28,,,
2021-09,Indian Bank App,,,,,35.34,0.08,,,35.34,0.08,,,
2021-09,IndusInd Bank App,,,,,532.43,0.33,,,532.43,0.33,,,
2021-09,Jio Payments Bank App,,,,,74.89,1.24,,,74.89,1.24,,,
2021-09,Jupiter Money,,,,,29.3,0.13,,,29.3,0.13,,,
2021-09,Karnataka Bank App,,,,,18.64,0.16,,,18.64,0.16,,,
2021-09,Karur Vysya Bank App,,,,,14.14,0.03,,,14.14,0.03,,,
2021-09,Kotak Mahindra Bank Apps,,,,,771.05,4.31,,,771.05,4.31,,,
2021-09,MakeMy Trip,,,,,25.67,0.08,,,25.67,0.08,,,
2021-09,MI Pay,,,,,51.29,0.36,,,51.29,0.36,,,
2021-09,Mobikwik,,,,,687.94,3.2,,,687.94,3.2,,,
2021-09,NSDL Payments Bank App,,,,,0.84,0.01,,,0.84,0.01,,,
2021-09,Paytm Payments Bank App,,,9.55,7.02,53793.06,462.71,7614.92,73.82,61417.53,543.55,,,
2021-09,PhonePe,,,,,306437.37,1653.19,,,306437.37,1653.19,,,
2021-09,Punjab National Bank App,,,,,25.07,0.07,,,25.07,0.07,,,
2021-09,Punjab Sindh Bank App,,,,,2.7,0.01,,,2.7,0.01,,,
2021-09,RBL Bank App,,,,,65.95,0.17,,,65.95,0.17,,,
2021-09,Samsung Pay,,,,,371.1,2.37,,,371.1,2.37,,,
2021-09,South Indian Bank App,,,,,31.18,0.09,,,31.18,0.09,,,
2021-09,Standard Chartered Bank App,,,,,45.86,0.08,,,45.86,0.08,,,
2021-09,State Bank of India Apps,,,,,1874.58,3.77,,,1874.58,3.77,,,
2021-09,UCO Bank App,,,,,23.44,0.1,,,23.44,0.1,,,
2021-09,Ultracash,,,,,163.57,2.02,,,163.57,2.02,,,
2021-09,Union Bank Apps,,,,,155.2,0.41,,,155.2,0.41,,,
2021-09,WhatsApp,,,,,62.31,1.01,,,62.31,1.01,,,
2021-09,Yes Bank Apps,,,0.01,0.01,4994.32,23.02,,,4994.33,23.03,,,
2021-09,YuvaPay,,,,,46.94,0.04,,,46.94,0.04,,,
2021-09,Other Apps,,,,,11.75,0.03,,,11.75,0.03,,,
2021-10,Airtel Payments Bank Apps,,,,,1491.34,7.6,3255.44,6.71,4746.79,14.31,,,
2021-10,Allahabad Bank App,,,,,6.35,0.02,,,6.35,0.02,,,
2021-10,Amazon Pay,,,,,6286.6,68.82,,,6286.6,68.82,,,
2021-10,AU Small Finance Bank App,,,,,62.15,0.16,,,62.15,0.16,,,
2021-10,Axis Bank Apps,,,42.57,60.88,963.14,8.4,,,1005.7,69.28,,,
2021-10,Bajaj Finserv,,,,,4.3,0.06,,,4.3,0.06,,,
2021-10,Bank of Baroda Apps,,,,,344.85,0.8,,,344.85,0.8,,,
2021-10,Bank of India App,,,,,12.88,0.03,,,12.88,0.03,,,
2021-10,Bank of Maharashtra App,,,,,10.5,0.04,,,10.5,0.04,,,
2021-10,BHIM,,,,,8513.82,27.27,,,8513.82,27.27,,,
2021-10,Canara Bank App,,,,,77.06,0.21,,,77.06,0.21,,,
2021-10,Central Bank of India App,,,,,45.48,0.12,,,45.48,0.12,,,
2021-10,Citi Bank App,,,,,81.21,0.11,,,81.21,0.11,,,
2021-10,City Union Bank App,,,,,3.95,0.01,,,3.95,0.01,,,
2021-10,Cointab,,,,,84.71,0.45,,,84.71,0.45,,,
2021-10,Cred,,,,,12561.25,9.73,,,12561.25,9.73,,,
2021-10,DBS Digibank App,,,,,198.18,0.58,,,198.18,0.58,,,
2021-10,Dena Bank App,,,,,27.43,0.02,,,27.43,0.02,,,
2021-10,Deutsche Bank App,0.39,,,,98.84,0.85,,,99.23,0.85,,,
2021-10,Federal Bank App,,,,,90.5,0.44,,,90.5,0.44,,,
2021-10,Fino Payments bank App,,,,,1.75,0.02,,,1.75,0.02,,,
2021-10,Finshell Pay,,,,,1.26,0.03,,,1.26,0.03,,,
2021-10,Google Pay,,,,,287491.46,1451.93,,,287491.46,1451.93,,,
2021-10,HDFC Bank Apps,,,,,1082.99,5.02,,,1082.99,5.02,,,
2021-10,HSBC Bank App,,,0.03,,53.35,0.08,,,53.39,0.08,,,
2021-10,ICICI Bank Apps,,,162.41,3.04,6167.22,26.24,,,6329.63,29.27,,,
2021-10,IDBI Bank App,,,,,14.22,0.03,,,14.22,0.03,,,
2021-10,IDFC Bank App,,,,,231.02,0.62,,,231.02,0.62,,,
2021-10,India Post Payments Bank App,,,,,291.7,2.39,,,291.7,2.39,,,
2021-10,Indian Bank App,,,,,38.84,0.09,,,38.84,0.09,,,
2021-10,IndusInd Bank App,,,,,1014.56,1.05,,,1014.56,1.05,,,
2021-10,Jio Payments Bank App,,,,,85.75,1.33,,,85.75,1.33,,,
2021-10,Jupiter Money,,,,,60.0,0.29,,,60.0,0.29,,,
2021-10,Karnataka Bank App,,,,,25.71,0.2,,,25.71,0.2,,,
2021-10,Karur Vysya Bank App,,,,,15.4,0.03,,,15.4,0.03,,,
2021-10,Kotak Mahindra Bank Apps,,,,,944.5,5.38,,,944.5,5.38,,,
2021-10,MakeMy Trip,,,,,48.4,0.13,,,48.4,0.13,,,
2021-10,MI Pay,,,,,54.77,0.37,,,54.77,0.37,,,
2021-10,Mobikwik,,,,,1070.32,4.08,,,1070.32,4.08,,,
2021-10,Paytm Payments Bank App,,,11.66,8.06,64727.41,542.57,15768.96,81.55,80508.04,632.18,,,
2021-10,PhonePe,,,,,365845.39,1937.57,,,365845.39,1937.57,,,
2021-10,Punjab National Bank App,,,,,32.06,0.08,,,32.06,0.08,,,
2021-10,RBL Bank App,,,,,84.08,0.22,,,84.08,0.22,,,
2021-10,Samsung Pay,,,,,428.41,2.81,,,428.41,2.81,,,
2021-10,South Indian Bank App,,,,,37.4,0.11,,,37.4,0.11,,,
2021-10,Standard Chartered Bank App,,,,,56.38,0.1,,,56.38,0.1,,,
2021-10,State Bank of India Apps,,,,,2089.18,3.98,,,2089.18,3.98,,,
2021-10,UCO Bank App,,,,,27.95,0.11,,,27.95,0.11,,,
2021-10,Ultracash,,,,,170.32,2.32,,,170.32,2.32,,,
2021-10,Union Bank Apps,,,,,223.98,0.66,,,223.98,0.66,,,
2021-10,WhatsApp*,,,,,104.19,2.6,,,104.19,2.6,,,
2021-10,Yes Bank Apps,,,0.05,0.1,7660.21,28.32,,,7660.27,28.41,,,
2021-10,YuvaPay,,,,,61.62,0.04,,,61.62,0.04,,,
2021-10,Other Apps,,,,,21.51,0.05,,,21.51,0.05,,,
2021-11,Airtel Payments Bank Apps,,,,,1923.95,8.41,3630.68,7.5,5554.63,15.9,,,
2021-11,Allahabad Bank App,,,,,6.28,0.02,,,6.28,0.02,,,
2021-11,Amazon Pay,,,,,6041.96,71.04,,,6041.96,71.04,,,
2021-11,AU Small Finance Bank App,,,,,67.04,0.17,,,67.04,0.17,,,
2021-11,Axis Bank Apps,,,45.67,64.12,875.09,6.71,,,920.76,70.83,,,
2021-11,Bajaj Finserv,,,,,4.1,0.06,,,4.1,0.06,,,
2021-11,Bank of Baroda Apps,0.01,,,,329.76,0.75,,,329.77,0.75,,,
2021-11,Bank of India App,,,,,13.54,0.03,,,13.54,0.03,,,
2021-11,Bank of Maharashtra App,,,,,10.84,0.04,,,10.84,0.04,,,
2021-11,BHIM,,,,,8237.22,25.23,,,8237.22,25.23,,,
2021-11,Canara Bank App,,,,,78.32,0.21,,,78.32,0.21,,,
2021-11,Central Bank of India App,,,,,43.57,0.11,,,43.57,0.11,,,
2021-11,Citi Bank App,,,,,77.41,0.09,,,77.41,0.09,,,
2021-11,City Union Bank App,,,,,3.85,0.01,,,3.85,0.01,,,
2021-11,Cointab,,,,,112.28,0.64,,,112.28,0.64,,,
2021-11,Cred,,,,,12277.85,9.03,,,12277.85,9.03,,,
2021-11,DBS Digibank App,,,,,185.2,0.52,,,185.2,0.52,,,
2021-11,Dena Bank App,,,,,24.11,0.02,,,24.11,0.02,,,
2021-11,Deutsche Bank App,,,,,115.42,0.98,,,115.42,0.98,,,
2021-11,Dhanlaxmi Bank App,,,,,2.37,0.01,,,2.37,0.01,,,
2021-11,Federal Bank App,,,,,91.94,0.47,,,91.94,0.47,,,
2021-11,Fino Payments bank App,,,,,1.81,0.02,,,1.81,0.02,,,
2021-11,Finshell Pay,,,,,2.19,0.05,,,2.19,0.05,,,
2021-11,Google Pay,,,,,283357.99,1447.84,,,283357.99,1447.84,,,
2021-11,HDFC Bank Apps,,,,,1030.59,3.87,,,1030.59,3.87,,,
2021-11,HSBC Bank App,,,0.04,,46.94,0.08,,,46.98,0.08,,,
2021-11,ICICI Bank Apps,,,197.39,3.4,7049.36,25.74,,,7246.75,29.14,,,
2021-11,IDBI Bank App,,,,,13.31,0.03,,,13.31,0.03,,,
2021-11,IDFC Bank App,,,,,237.83,0.64,,,237.83,0.64,,,
2021-11,India Post Payments Bank App,,,,,286.07,2.3,,,286.07,2.3,,,
2021-11,Indian Bank App,,,,,37.77,0.09,,,37.77,0.09,,,
2021-11,IndusInd Bank App,,,,,1407.31,1.1,,,1407.31,1.1,,,
2021-11,Jio Payments Bank App,,,,,89.68,1.38,,,89.68,1.38,,,
2021-11,Jupiter Money,,,,,102.84,0.55,,,102.84,0.55,,,
2021-11,Karnataka Bank App,,,,,27.68,0.22,,,27.68,0.22,,,
2021-11,Karur Vysya Bank App,,,,,15.46,0.03,,,15.46,0.03,,,
2021-11,Kotak Mahindra Bank Apps,,,,,1035.67,5.78,,,1035.67,5.78,,,
2021-11,MakeMy Trip,,,,,45.04,0.12,,,45.04,0.12,,,
2021-11,MI Pay,,,,,47.27,0.33,,,47.27,0.33,,,
2021-11,Mobikwik,,,,,1478.95,5.18,,,1478.95,5.18,,,
2021-11,NSDL Payments Bank App,,,,,1.11,0.01,,,1.11,0.01,,,
2021-11,Paytm Payments Bank App,,,11.52,7.88,66920.55,543.71,14471.3,79.71,81403.37,631.3,,,
2021-11,PhonePe,,,,,365044.32,1911.21,,,365044.32,1911.21,,,
2021-11,Punjab National Bank App,,,,,31.14,0.07,,,31.14,0.07,,,
2021-11,RBL Bank App,,,,,81.95,0.25,,,81.95,0.25,,,
2021-11,Samsung Pay,,,,,412.13,2.8,,,412.13,2.8,,,
2021-11,South Indian Bank App,,,,,36.91,0.11,,,36.91,0.11,,,
2021-11,Standard Chartered Bank App,,,,,53.87,0.09,,,53.87,0.09,,,
2021-11,State Bank of India Apps,,,,,1990.21,3.72,,,1990.21,3.72,,,
2021-11,UCO Bank App,,,,,30.41,0.12,,,30.41,0.12,,,
2021-11,Ultracash,,,,,162.44,2.13,,,162.44,2.13,,,
2021-11,Union Bank Apps,,,,,178.53,0.43,,,178.53,0.43,,,
2021-11,WhatsApp,,,,,149.38,2.11,,,149.38,2.11,,,
2021-11,Yes Bank Apps,,,0.12,0.21,6170.96,24.13,,,6171.08,24.34,,,
2021-11,YuvaPay,,,,,66.62,0.04,,,66.62,0.04,,,
2021-11,Other Apps,,,,,14.98,0.03,,,14.98,0.03,,,
2021-12,Airtel Payments Bank Apps,,,,,2248.49,9.04,3483.6,6.08,5732.09,15.12,,,
2021-12,Allahabad Bank App,,,,,7.43,0.02,,,7.43,0.02,,,
2021-12,Amazon Pay,,,,,6641.62,76.18,,,6641.62,76.18,,,
2021-12,AU Small Finance Bank App,,,,,76.22,0.21,,,76.22,0.21,,,
2021-12,Axis Bank Apps,,,40.79,53.22,916.58,6.63,,,957.37,59.85,,,
2021-12,Bajaj Finserv,,,,,7.08,0.13,,,7.08,0.13,,,
2021-12,Bank of Baroda Apps,,,,,333.91,0.75,,,333.91,0.75,,,
2021-12,Bank of India App,,,,,17.26,0.04,,,17.26,0.04,,,
2021-12,Bank of Maharashtra App,,,,,11.52,0.05,,,11.52,0.05,,,
2021-12,BHIM,,,,,8831.67,27.12,,,8831.67,27.12,,,
2021-12,Canara Bank App,,,,,90.72,0.25,,,90.72,0.25,,,
2021-12,Central Bank of India App,,,,,46.47,0.13,,,46.47,0.13,,,
2021-12,Citi Bank App,,,,,76.94,0.09,,,76.94,0.09,,,
2021-12,City Union Bank App,,,,,4.61,0.01,,,4.61,0.01,,,
2021-12,Cointab,,,,,144.16,0.94,,,144.16,0.94,,,
2021-12,Cred,,,,,13817.16,10.36,,,13817.16,10.36,,,
2021-12,DBS Digibank App,,,,,190.75,0.55,,,190.75,0.55,,,
2021-12,Dena Bank App,,,,,26.08,0.02,,,26.08,0.02,,,
2021-12,Deutsche Bank App,0.58,,,,85.62,0.85,,,86.2,0.85,,,
2021-12,Dhanlaxmi Bank App,,,,,3.07,0.01,,,3.07,0.01,,,
2021-12,Federal Bank App,,,,,99.96,0.48,,,99.96,0.48,,,
2021-12,Fino Payments bank App,,,,,2.09,0.03,,,2.09,0.03,,,
2021-12,Finshell Pay,,,,,2.92,0.06,,,2.92,0.06,,,
2021-12,Google Pay,,,,,302989.79,1587.43,,,302989.79,1587.43,,,
2021-12,HDFC Bank Apps,,,,,1250.74,4.96,,,1250.74,4.96,,,
2021-12,HSBC Bank App,,,0.09,,53.64,0.09,,,53.73,0.09,,,
2021-12,ICICI Bank Apps,,,178.8,3.18,8742.96,28.81,,,8921.76,31.99,,,
2021-12,IDBI Bank App,,,,,11.34,0.02,,,11.34,0.02,,,
2021-12,IDFC Bank App,,,,,278.53,0.9,,,278.53,0.9,,,
2021-12,India Post Payments Bank App,,,,,321.16,2.76,,,321.16,2.76,,,
2021-12,Indian Bank App,,,,,42.71,0.12,,,42.71,0.12,,,
2021-12,IndusInd Bank App,,,,,1269.16,1.19,,,1269.16,1.19,,,
2021-12,Jammu and Kashmir Bank App,,,,,1.93,0.01,,,1.93,0.01,,,
2021-12,Janta Sahakari Bank App,,,,,4.48,0.01,,,4.48,0.01,,,
2021-12,Jio Payments Bank App,,,,,100.19,1.65,,,100.19,1.65,,,
2021-12,Jupiter Money,,,,,177.92,0.98,,,177.92,0.98,,,
2021-12,Karnataka Bank App,,,,,30.03,0.25,,,30.03,0.25,,,
2021-12,Karur Vysya Bank App,,,,,17.44,0.04,,,17.44,0.04,,,
2021-12,Kotak Mahindra Bank Apps,,,,,1168.93,6.39,,,1168.93,6.39,,,
2021-12,MakeMy Trip,,,,,22.3,0.07,,,22.3,0.07,,,
2021-12,MI Pay,,,,,43.97,0.31,,,43.97,0.31,,,
2021-12,Mobikwik,,,,,985.86,4.24,,,985.86,4.24,,,
2021-12,NSDL Payments Bank App,,,,,1.31,0.01,,,1.31,0.01,,,
2021-12,Paytm Payments Bank App,,,11.62,7.99,71874.13,612.71,16208.74,85.67,88094.49,706.37,,,
2021-12,PhonePe,,,,,394565.58,2077.6,,,394565.58,2077.6,,,
2021-12,Punjab National Bank App,,,,,33.76,0.07,,,33.76,0.07,,,
2021-12,RBL Bank App,,,,,102.17,0.35,,,102.17,0.35,,,
2021-12,Samsung Pay,,,,,436.3,3.21,,,436.3,3.21,,,
2021-12,South Indian Bank App,,,,,39.92,0.13,,,39.92,0.13,,,
2021-12,Standard Chartered Bank App,,,,,60.26,0.1,,,60.26,0.1,,,
2021-12,State Bank of India Apps,0.02,,,,1961.7,3.63,,,1961.72,3.63,,,
2021-12,UCO Bank App,,,,,33.49,0.14,,,33.49,0.14,,,
2021-12,Ultracash,,,,,178.99,1.96,,,178.99,1.96,,,
2021-12,Union Bank Apps,,,,,167.6,0.36,,,167.6,0.36,,,
2021-12,WhatsApp,,,,,188.78,2.25,,,188.78,2.25,,,
2021-12,Yes Bank Apps,,,0.17,0.26,5689.57,24.88,,,5689.75,25.14,,,
2021-12,YuvaPay,,,,,78.43,0.05,,,78.43,0.05,,,
2021-12,Others,,,,,8.74,0.02,,,8.74,0.02,,,
2022-01,Airtel Payments Bank Apps,,,,,2047.45,8.53,2682.32,4.69,4729.77,13.22,,,
2022-01,Allahabad Bank App,,,,,7.36,0.02,,,7.36,0.02,,,
2022-01,Amazon Pay,,,,,6729.66,73.5,,,6729.66,73.5,,,
2022-01,AU Small Finance Bank App,,,,,81.15,0.23,,,81.15,0.23,,,
2022-01,Axis Bank Apps,,,34.25,40.47,1058.77,6.78,,,1093.02,47.25,,,
2022-01,Bajaj Finserv,,,,,12.88,0.24,,,12.88,0.24,,,
2022-01,Bank of Baroda Apps,,,,,342.85,0.71,,,342.85,0.71,,,
2022-01,Bank of India App,,,,,20.23,0.05,,,20.23,0.05,,,
2022-01,Bank of Maharashtra App,,,,,12.46,0.05,,,12.46,0.05,,,
2022-01,BHIM,,,,,8511.91,25.82,,,8511.91,25.82,,,
2022-01,Canara Bank App,,,,,98.95,0.26,,,98.95,0.26,,,
2022-01,Central Bank of India App,,,,,47.33,0.13,,,47.33,0.13,,,
2022-01,Citi Bank App,,,,,77.8,0.09,,,77.8,0.09,,,
2022-01,City Union Bank App,,,,,4.92,0.02,,,4.92,0.02,,,
2022-01,Cointab,,,,,179.22,1.21,,,179.22,1.21,,,
2022-01,Cred,,,,,14189.86,10.68,,,14189.86,10.68,,,
2022-01,DBS Digibank App,,,,,186.79,0.51,,,186.79,0.51,,,
2022-01,Dena Bank App,,,,,26.5,0.02,,,26.5,0.02,,,
2022-01,Deutsche Bank App,0.13,,,,61.95,0.92,,,62.08,0.92,,,
2022-01,Dhanlaxmi Bank App,,,,,2.95,0.01,,,2.95,0.01,,,
2022-01,Federal Bank App,,,,,109.25,0.54,,,109.25,0.54,,,
2022-01,Fino Payments bank App,,,,,2.79,0.03,,,2.79,0.03,,,
2022-01,Finshell Pay,,,,,3.69,0.07,,,3.69,0.07,,,
2022-01,Google Pay,,,,,298267.07,1584.2,,,nan,1584.2,,,
2022-01,HDFC Bank Apps,,,,,1366.89,4.94,,,1366.89,4.94,,,
2022-01,HSBC Bank App,,,0.09,,54.47,0.08,,,54.57,0.08,,,
2022-01,ICICI Bank Apps,,,215.87,3.57,8491.18,29.87,,,8707.05,33.43,,,
2022-01,IDBI Bank App,,,,,12.54,0.02,,,12.54,0.02,,,
2022-01,IDFC Bank App,,,,,316.37,1.22,,,316.37,1.22,,,
2022-01,India Post Payments Bank App,,,,,309.42,2.65,,,309.42,2.65,,,
2022-01,Indian Bank App,,,,,47.42,0.13,,,47.42,0.13,,,
2022-01,IndusInd Bank App,,,,,1218.79,0.74,,,1218.79,0.74,,,
2022-01,Jammu and Kashmir Bank App,,,,,2.47,0.01,,,2.47,0.01,,,
2022-01,Janta Sahakari Bank App,,,,,4.46,0.01,,,4.46,0.01,,,
2022-01,Jio Payments Bank App,,,,,114.39,2.05,,,114.39,2.05,,,
2022-01,Jupiter Money,,,,,156.15,1.02,,,156.15,1.02,,,
2022-01,Karnataka Bank App,,,,,31.19,0.25,,,31.19,0.25,,,
2022-01,Karur Vysya Bank App,,,,,17.37,0.04,,,17.37,0.04,,,
2022-01,Kotak Mahindra Bank Apps,,,,,1333.06,6.88,,,1333.06,6.88,,,
2022-01,MakeMy Trip,,,,,19.63,0.06,,,19.63,0.06,,,
2022-01,MI Pay,,,,,40.51,0.27,,,40.51,0.27,,,
2022-01,Mobikwik,,,,,886.55,3.87,,,886.55,3.87,,,
2022-01,NSDL Payments Bank App,,,,,1.45,0.02,,,1.45,0.02,,,
2022-01,Paytm Payments Bank App,,,13.36,8.0,70892.01,615.9,14220.6,86.38,85125.97,710.28,,,
2022-01,PhonePe,,,,,405173.78,2140.28,,,nan,2140.28,,,
2022-01,Punjab National Bank App,,,,,44.86,0.09,,,44.86,0.09,,,
2022-01,Punjab Sindh Bank App,,,,,2.87,0.01,,,2.87,0.01,,,
2022-01,RBL Bank App,,0.01,,,101.45,0.42,,,101.45,0.43,,,
2022-01,Samsung Pay,,,,,431.07,3.17,,,431.07,3.17,,,
2022-01,South Indian Bank App,,,,,41.4,0.13,,,41.4,0.13,,,
2022-01,Standard Chartered Bank App,,,,,60.49,0.11,,,60.49,0.11,,,
2022-01,State Bank of India Apps,0.01,,,,1967.04,3.62,,,1967.05,3.62,,,
2022-01,UCO Bank App,,,,,37.26,0.16,,,37.26,0.16,,,
2022-01,Ultracash,,,,,177.63,2.14,,,177.63,2.14,,,
2022-01,Union Bank Apps,,,,,182.27,0.39,,,182.27,0.39,,,
2022-01,WhatsApp,,,,,205.83,2.34,,,205.83,2.34,,,
2022-01,Yes Bank Apps,,,0.2,0.35,5816.96,27.24,,,5817.16,27.59,,,
2022-01,YuvaPay,,,,,77.12,0.05,,,77.12,0.05,,,
2022-01,Others,,,,,9.08,0.02,,,9.08,0.02,,,
2022-02,Airtel Payments Bank Apps,,,,,1199.46,5.8,1010.71,1.77,2210.17,7.58,,,
2022-02,Allahabad Bank App,,,,,6.28,0.02,,,6.28,0.02,,,
2022-02,Amazon Pay,,,,,6044.47,63.49,,,6044.47,63.49,,,
2022-02,AU Small Finance Bank App,,,,,89.36,0.25,,,89.36,0.25,,,
2022-02,Axis Bank Apps,,,38.91,47.88,1366.34,6.9,,,1405.26,54.78,,,
2022-02,Bajaj Finserv,,,,,19.32,0.33,,,19.32,0.33,,,
2022-02,Bank of Baroda Apps,,,,,330.69,0.67,,,330.69,0.67,,,
2022-02,Bank of India App,,,,,21.28,0.05,,,21.28,0.05,,,
2022-02,Bank of Maharashtra App,,,,,12.49,0.05,,,12.49,0.05,,,
2022-02,BHIM,,,,,7891.86,23.25,,,7891.86,23.25,,,
2022-02,Canara Bank App,,,,,95.78,0.26,,,95.78,0.26,,,
2022-02,Central Bank of India App,,,,,45.26,0.12,,,45.26,0.12,,,
2022-02,Citi Bank App,,,,,69.22,0.08,,,69.22,0.08,,,
2022-02,City Union Bank App,,,,,5.49,0.02,,,5.49,0.02,,,
2022-02,Cointab,,,,,280.57,1.73,,,280.57,1.73,,,
2022-02,Cred,,,,,13364.09,10.08,,,13364.09,10.08,,,
2022-02,DBS Digibank App,,,,,173.63,0.46,,,173.63,0.46,,,
2022-02,Dena Bank App,,,,,23.93,0.02,,,23.93,0.02,,,
2022-02,Deutsche Bank App,,,,,70.43,0.87,,,70.43,0.87,,,
2022-02,Dhanlaxmi Bank App,,,,,2.83,0.01,,,2.83,0.01,,,
2022-02,Federal Bank App,,,,,108.21,0.55,,,108.21,0.55,,,
2022-02,Fino Payments bank App,,,,,3.25,0.03,,,3.25,0.03,,,
2022-02,Finshell Pay,,,,,3.8,0.06,,,3.8,0.06,,,
2022-02,Google Pay,,,,,nan,1524.09,,,nan,1524.09,,,
2022-02,HDFC Bank Apps,,,,,1370.03,4.59,,,1370.03,4.59,,,
2022-02,HSBC Bank App,,,0.04,,52.94,0.08,,,52.97,0.08,,,
2022-02,ICICI Bank Apps,,,190.34,3.27,8537.11,27.39,,,8727.44,30.66,,,
2022-02,IDBI Bank App,,,,,14.6,0.02,,,14.6,0.02,,,
2022-02,IDFC Bank App,,,,,321.93,1.21,,,321.93,1.21,,,
2022-02,India Post Payments Bank App,,,,,268.9,2.21,,,268.9,2.21,,,
2022-02,Indian Bank App,,,,,42.07,0.11,,,42.07,0.11,,,
2022-02,IndusInd Bank App,,,,,1358.24,0.77,,,1358.24,0.77,,,
2022-02,Jammu and Kashmir Bank App,,,,,3.43,0.01,,,3.43,0.01,,,
2022-02,Janta Sahakari Bank App,,,,,4.33,0.01,,,4.33,0.01,,,
2022-02,Jio Payments Bank App,,,,,111.85,1.97,,,111.85,1.97,,,
2022-02,Jupiter Money,,,,,140.79,1.13,,,140.79,1.13,,,
2022-02,Karnataka Bank App,,,,,31.35,0.25,,,31.35,0.25,,,
2022-02,Karur Vysya Bank App,,,,,17.17,0.04,,,17.17,0.04,,,
2022-02,Kotak Mahindra Bank Apps,,,,,1383.3,6.91,,,1383.3,6.91,,,
2022-02,MakeMy Trip,,,,,33.03,0.08,,,33.03,0.08,,,
2022-02,MI Pay,,,,,38.46,0.25,,,38.46,0.25,,,
2022-02,Mobikwik,,,,,755.89,3.78,,,755.89,3.78,,,
2022-02,NSDL Payments Bank App,,,,,1.77,0.02,,,1.77,0.02,,,
2022-02,Paytm Payments Bank App,,,18.96,8.48,72204.32,613.77,14075.94,84.52,86299.22,706.77,,,
2022-02,PhonePe,,,,,nan,2120.2,,,nan,2120.2,,,
2022-02,Punjab National Bank App,,,,,43.49,0.08,,,43.49,0.08,,,
2022-02,Punjab Sindh Bank Apps,,,,,2.66,0.01,,,2.66,0.01,,,
2022-02,RBL Bank App,,,,,107.25,0.51,,,107.25,0.51,,,
2022-02,Samsung Pay,,,,,421.97,3.14,,,421.97,3.14,,,
2022-02,South Indian Bank App,,,,,38.69,0.12,,,38.69,0.12,,,
2022-02,Standard Chartered Bank App,,,,,64.7,0.12,,,64.7,0.12,,,
2022-02,State Bank of India Apps,,,,,1863.42,3.38,,,1863.42,3.38,,,
2022-02,UCO Bank App,,,,,35.05,0.16,,,35.05,0.16,,,
2022-02,Ultracash,,,,,158.7,1.51,,,158.7,1.51,,,
2022-02,Union Bank Apps,,,,,166.72,0.35,,,166.72,0.35,,,
2022-02,Utkarsh Small Finance Bank,,,,,2.42,0.01,,,2.42,0.01,,,
2022-02,WhatsApp,,,,,207.09,2.24,,,207.09,2.24,,,
2022-02,Yes Bank Apps,,,0.06,0.19,6551.55,31.99,,,6551.61,32.17,,,
2022-02,YuvaPay,,,,,89.7,0.05,,,89.7,0.05,,,
2022-02,Others,,,,,8.15,0.02,,,8.15,0.02,,,
2022-03,Airtel Payments Bank Apps,,,,,1934.41,8.33,2557.85,4.82,4492.25,13.16,,,
2022-03,Allahabad Bank Apps,,,,,6.15,0.02,,,6.15,0.02,,,
2022-03,Amazon Pay,,,,,6894.78,76.34,,,6894.78,76.34,,,
2022-03,AU Small Finance Bank Apps,,,,,104.48,0.29,,,104.48,0.29,,,
2022-03,Axis Bank Apps,,,39.81,54.21,1045.13,7.09,,,1084.94,61.29,,,
2022-03,Bajaj Finserv,,,,,24.08,0.35,,,24.08,0.35,,,
2022-03,Bank of Baroda Apps,,,,,328.61,0.69,,,328.61,0.69,,,
2022-03,Bank of India Apps,,,,,26.22,0.08,,,26.22,0.08,,,
2022-03,Bank of Maharashtra Apps,,,,,15.0,0.05,,,15.0,0.05,,,
2022-03,BHIM,,,,,8050.24,24.88,,,8050.24,24.88,,,
2022-03,Canara Bank Apps,,,,,109.68,0.31,,,109.68,0.31,,,
2022-03,Central Bank of India Apps,,,,,50.67,0.14,,,50.67,0.14,,,
2022-03,Citi Bank Apps,,,,,68.41,0.11,,,68.41,0.11,,,
2022-03,City Union Bank Apps,,,,,7.3,0.03,,,7.3,0.03,,,
2022-03,Cointab,,,,,33.22,0.08,,,33.22,0.08,,,
2022-03,Cred,,,,,16136.11,12.11,,,16136.11,12.11,,,
2022-03,DBS Digibank Apps,,,,,185.52,0.49,,,185.52,0.49,,,
2022-03,Dena Bank Apps,,,,,29.32,0.02,,,29.32,0.02,,,
2022-03,Deutsche Bank Apps,1.36,,,,91.66,1.02,,,93.02,1.02,,,
2022-03,Dhanlaxmi Bank Apps,,,,,3.29,0.01,,,3.29,0.01,,,
2022-03,Fave,,,,,13.0,0.37,,,13.0,0.37,,,
2022-03,Federal Bank Apps,,,,,360.96,2.45,,,360.96,2.45,,,
2022-03,Fino Payments bank Apps,,,,,3.47,0.04,,,3.47,0.04,,,
2022-03,Finserv Markets,,,,,1.49,0.03,,,1.49,0.03,,,
2022-03,Finshell Pay,,,,,4.0,0.08,,,4.0,0.08,,,
2022-03,GoIbibo,,,,,5.91,0.02,,,5.91,0.02,,,
2022-03,Google Pay,,,,,nan,1838.12,,,nan,1838.12,,,
2022-03,Groww,,,,,472.71,0.83,,,472.71,0.83,,,
2022-03,HDFC Bank Apps,,,,,1624.54,5.45,,,1624.54,5.45,,,
2022-03,HSBC Bank Apps,,,0.16,,61.85,0.1,,,62.0,0.1,,,
2022-03,ICICI Bank Apps,,,234.61,3.65,10304.08,31.49,,,10538.69,35.13,,,
2022-03,IDBI Bank Apps,,,,,16.25,0.03,,,16.25,0.03,,,
2022-03,IDFC Bank Apps,,,,,534.56,2.7,,,534.56,2.7,,,
2022-03,India Post Payments Bank Apps,,,,,321.14,2.95,,,321.14,2.95,,,
2022-03,Indian Bank Apps,,,,,42.26,0.11,,,42.26,0.11,,,
2022-03,Indian Overseas Bank Apps,,,,,1.62,0.01,,,1.62,0.01,,,
2022-03,IndusInd Bank Apps,,,,,2252.3,1.03,,,2252.3,1.03,,,
2022-03,Jammu and Kashmir Bank Apps,,,,,2.15,0.01,,,2.15,0.01,,,
2022-03,Janata Sahakari Bank Apps,,,,,4.51,0.01,,,4.51,0.01,,,
2022-03,Jio Payments Bank Apps,,,,,129.5,2.27,,,129.5,2.27,,,
2022-03,Jupiter,,,,,164.8,1.32,,,164.8,1.32,,,
2022-03,Karnataka Bank Apps,,,,,37.96,0.3,,,37.96,0.3,,,
2022-03,Karur Vysya Bank Apps,,,,,18.29,0.04,,,18.29,0.04,,,
2022-03,Kotak Mahindra Bank Apps,,,,,1587.51,7.92,,,1587.51,7.92,,,
2022-03,MakeMyTrip,,,,,47.1,0.1,,,47.1,0.1,,,
2022-03,MI Pay,,,,,36.02,0.24,,,36.02,0.24,,,
2022-03,Mobikwik,,,,,739.25,3.6,,,739.25,3.6,,,
2022-03,NSDL Payments Bank Apps,,,,,2.28,0.02,,,2.28,0.02,,,
2022-03,Paytm Payments Bank App,,,17.68,9.77,83840.44,729.63,11792.24,97.74,95650.36,837.14,,,
2022-03,PhonePe,,,,,nan,2527.15,,,nan,2527.15,,,
2022-03,Punjab National Bank Apps,,,,,46.64,0.09,,,46.64,0.09,,,
2022-03,Punjab Sind Bank Apps,,,,,3.8,0.01,,,3.8,0.01,,,
2022-03,RBL Bank Apps,,,,,126.74,0.46,,,126.75,0.46,,,
2022-03,Samsung Pay,,,,,473.5,3.73,,,473.5,3.73,,,
2022-03,South Indian Bank Apps,,,,,44.63,0.13,,,44.63,0.13,,,
2022-03,Standard Chartered Bank Apps,,,,,69.84,0.13,,,69.84,0.13,,,
2022-03,State Bank of India Apps,,,,,2130.56,4.01,,,2130.56,4.01,,,
2022-03,SuperPay,,,,,0.64,0.1,,,0.64,0.1,,,
2022-03,UCO Bank Apps,,,,,40.88,0.19,,,40.88,0.19,,,
2022-03,Ultracash,,,,,1.12,0.03,,,1.12,0.03,,,
2022-03,Union Bank Apps,,,,,197.01,0.41,,,197.01,0.41,,,
2022-03,Utkarsh Small Finance Bank Apps,,,,,3.9,0.01,,,3.9,0.01,,,
2022-03,WhatsApp,,,,,239.78,2.54,,,239.78,2.54,,,
2022-03,Yes Bank Apps,,,,,8746.74,35.25,,,8746.74,35.25,,,
2022-03,YuvaPay,,,,,105.39,0.06,,,105.39,0.06,,,
2022-03,Others,,,,,8.11,0.02,,,8.11,0.02,,,
2022-04,Airtel Payments Bank Apps,,,,,454.64,5.29,6.26,0.01,460.9,5.3,,,
2022-04,Amazon Pay,,,,,6699.57,73.21,,,6699.57,73.21,,,
2022-04,AU Small Finance Bank Apps,,,,,109.89,0.32,,,109.89,0.32,,,
2022-04,Axis Bank Apps,,,43.71,56.84,1213.44,7.19,,,1257.15,64.03,,,
2022-04,Bajaj Finserv,,,,,38.61,0.52,,,38.61,0.52,,,
2022-04,Bank of Baroda Apps,,,,,344.65,0.77,,,344.65,0.77,,,
2022-04,Bank of India Apps,,,,,32.62,0.1,,,32.62,0.1,,,
2022-04,Bank of Maharashtra Apps,,,,,14.56,0.05,,,14.56,0.05,,,
2022-04,BHIM,,,,,8354.34,25.69,,,8354.34,25.69,,,
2022-04,Canara Bank Apps,,,,,110.31,0.31,,,110.31,0.31,,,
2022-04,Central Bank of India Apps,,,,,51.04,0.13,,,51.04,0.13,,,
2022-04,Citi Bank Apps,,,,,66.03,0.08,,,66.03,0.08,,,
2022-04,City Union Bank Apps,,,,,8.41,0.03,,,8.41,0.03,,,
2022-04,Cointab,,,,,28.5,0.07,,,28.5,0.07,,,
2022-04,Cred,,,,,16372.92,13.05,,,16372.92,13.05,,,
2022-04,DBS Digibank Apps,,,,,175.45,0.47,,,175.45,0.47,,,
2022-04,Deutsche Bank Apps,0.3,,,,128.13,1.51,,,128.43,1.51,,,
2022-04,Dhanlaxmi Bank Apps,,,,,3.02,0.01,,,3.02,0.01,,,
2022-04,Fave,,,,,7.73,0.18,,,7.73,0.18,,,
2022-04,Federal Bank Apps,,,,,375.64,2.7,,,375.64,2.7,,,
2022-04,Fino Payments bank Apps,,,,,3.26,0.04,,,3.26,0.04,,,
2022-04,Finserv Markets,,,,,1.06,0.01,,,1.06,0.01,,,
2022-04,Finshell Pay,,,,,4.45,0.08,,,4.45,0.08,,,
2022-04,GoIbibo,,,,,3.31,0.01,,,3.31,0.01,,,
2022-04,Google Pay,,,,,344791.35,1914.77,,,344791.35,1914.77,,,
2022-04,Groww,,,,,376.18,0.61,,,376.18,0.61,,,
2022-04,HDFC Bank Apps,,,,,1759.12,5.9,,,1759.12,5.9,,,
2022-04,HSBC Bank Apps,,,0.02,,59.7,0.11,,,59.72,0.11,,,
2022-04,ICICI Bank Apps,,,269.45,4.83,9086.72,32.82,,,9356.17,37.65,,,
2022-04,IDBI Bank Apps,,,,,16.78,0.03,,,16.78,0.03,,,
2022-04,IDFC Bank Apps,,,,,532.69,2.49,,,532.69,2.49,,,
2022-04,India Post Payments Bank Apps,,,,,328.53,2.8,,,328.53,2.8,,,
2022-04,Indian Bank Apps,,,,,49.9,0.14,,,49.9,0.14,,,
2022-04,Indian Overseas Bank Apps,,,,,1.52,0.01,,,1.52,0.01,,,
2022-04,IndusInd Bank Apps,,,,,2596.71,1.02,,,2596.71,1.02,,,
2022-04,Janata Sahakari Bank Apps,,,,,4.28,0.01,,,4.28,0.01,,,
2022-04,Jio Payments Bank Apps,,,,,126.25,2.1,,,126.25,2.1,,,
2022-04,Jupiter,,,,,186.13,1.47,,,186.13,1.47,,,
2022-04,Jupiter Edge (LivQuick PPI App),,,,,0.43,0.01,,,0.43,0.01,,,
2022-04,Karnataka Bank Apps,,,,,35.58,0.27,,,35.58,0.27,,,
2022-04,Karur Vysya Bank Apps,,,,,18.54,0.04,,,18.54,0.04,,,
2022-04,Kotak Mahindra Bank Apps,,,,,1684.35,7.96,,,1684.35,7.96,,,
2022-04,MakeMyTrip,,,,,41.18,0.09,,,41.18,0.09,,,
2022-04,MI Pay,,,,,28.58,0.19,,,28.58,0.19,,,
2022-04,Mobikwik,,,,,421.47,2.37,,,421.47,2.37,,,
2022-04,NSDL Payments Bank Apps,,,,,2.32,0.02,,,2.32,0.02,,,
2022-04,Paytm Payments Bank App,,,15.98,11.15,85918.88,740.76,15714.2,99.7,101649.06,851.61,,,
2022-04,PhonePe,,,,,486557.03,2616.26,,,486557.03,2616.26,,,
2022-04,Punjab National Bank Apps,,,,,46.27,0.09,,,46.27,0.09,,,
2022-04,Punjab Sind Bank Apps,,,,,5.38,0.01,,,5.38,0.01,,,
2022-04,RBL Bank Apps,,,,,113.65,0.3,,,113.65,0.3,,,
2022-04,Samsung Pay,,,,,470.11,3.81,,,470.11,3.81,,,
2022-04,South Indian Bank Apps,,,,,45.03,0.13,,,45.03,0.13,,,
2022-04,Standard Chartered Bank Apps,,,,,68.15,0.12,,,68.15,0.12,,,
2022-04,State Bank of India Apps,,,,,2118.0,4.03,,,2118.0,4.03,,,
2022-04,SuperPay,,,,,0.4,0.02,,,0.4,0.02,,,
2022-04,Tamilnad Mercantile Bank Apps,,,,,0.26,0.01,,,0.26,0.01,,,
2022-04,TataNeu,,,,,32.82,0.35,,,32.82,0.35,,,
2022-04,UCO Bank Apps,,,,,41.48,0.21,,,41.48,0.21,,,
2022-04,Ultracash,,,,,2.22,0.03,,,2.22,0.03,,,
2022-04,Union Bank Apps,,,,,198.34,0.42,,,198.34,0.42,,,
2022-04,Utkarsh Small Finance Bank Apps,,,,,3.88,0.01,,,3.88,0.01,,,
2022-04,WhatsApp,,,,,242.4,2.5,,,242.4,2.5,,,
2022-04,Yes Bank Apps,,,,,10246.99,34.07,,,10246.99,34.07,,,
2022-04,YuvaPay,,,,,103.34,0.06,,,103.34,0.06,,,
2022-04,Others,,,,,8.26,0.02,,,8.26,0.02,,,
2022-05,Airtel Payments Bank Apps,,,,,486.55,6.1,0.07,,486.62,6.11,,,
2022-05,Allahabad Bank Apps,,,,,6.25,0.02,,,6.25,0.02,,,
2022-05,Amazon Pay,,,,,6954.18,74.83,,,6954.18,74.83,,,
2022-05,AU Small Finance Bank Apps,,,,,107.22,0.35,,,107.22,0.35,,,
2022-05,Axis Bank Apps,4.77,0.06,48.08,51.14,1372.31,7.46,,,1425.16,58.66,,,
2022-05,Bajaj Finserv,,,,,58.53,0.79,,,58.53,0.79,,,
2022-05,Bank of Baroda Apps,,,,,406.79,0.88,,,406.79,0.88,,,
2022-05,Bank of India Apps,,,,,40.04,0.12,,,40.04,0.12,,,
2022-05,Bank of Maharashtra Apps,,,,,16.47,0.06,,,16.47,0.06,,,
2022-05,BHIM,,,,,9559.66,26.57,,,9559.66,26.57,,,
2022-05,Canara Bank Apps,,,,,114.09,0.33,,,114.09,0.33,,,
2022-05,Central Bank of India Apps,,,,,55.4,0.15,,,55.4,0.15,,,
2022-05,Citi Bank Apps,,,,,78.71,0.13,,,78.71,0.13,,,
2022-05,City Union Bank Apps,,,,,10.06,0.03,,,10.06,0.03,,,
2022-05,Cointab,,,,,23.77,0.06,,,23.77,0.06,,,
2022-05,Cred,,,,,18174.61,13.89,,,18174.61,13.89,,,
2022-05,DBS Digibank Apps,,,,,186.33,0.47,,,186.33,0.47,,,
2022-05,Deutsche Bank Apps,,,,,116.54,1.64,,,116.55,1.64,,,
2022-05,Dhanlaxmi Bank Apps,,,,,3.35,0.01,,,3.35,0.01,,,
2022-05,Fave,,,,,6.12,0.1,,,6.12,0.1,,,
2022-05,Federal Bank Apps,,,,,474.12,3.42,,,474.12,3.42,,,
2022-05,Fino Payments bank Apps,,,,,3.83,0.04,,,3.83,0.04,,,
2022-05,Finserv Markets,,,,,1.01,0.01,,,1.01,0.01,,,
2022-05,Finshell Pay,,,,,4.68,0.09,,,4.68,0.09,,,
2022-05,GoIbibo,,,,,2.41,0.01,,,2.41,0.01,,,
2022-05,Google Pay,,,,,365989.27,2079.92,,,365989.27,2079.92,,,
2022-05,Groww,,,,,335.28,0.51,,,335.28,0.51,,,
2022-05,HDFC Bank Apps,,,,,1981.11,6.95,,,1981.11,6.95,,,
2022-05,HSBC Bank Apps,,,0.1,,63.07,0.1,,,63.17,0.1,,,
2022-05,ICICI Bank Apps,1714.32,2.82,120.93,2.01,9221.65,32.75,,,11056.9,37.59,,,
2022-05,IDBI Bank Apps,,,,,18.48,0.03,,,18.48,0.03,,,
2022-05,IDFC Bank Apps,,,,,626.34,4.75,,,626.34,4.75,,,
2022-05,India Post Payments Bank Apps,,,,,351.88,3.1,,,351.88,3.1,,,
2022-05,Indian Bank Apps,0.02,,,,53.11,0.16,,,53.13,0.16,,,
2022-05,Indian Overseas Bank Apps,,,,,2.35,0.01,,,2.35,0.01,,,
2022-05,IndusInd Bank Apps,,,,,1711.21,1.01,,,1711.21,1.01,,,
2022-05,Janata Sahakari Bank Apps,,,,,4.79,0.01,,,4.79,0.01,,,
2022-05,Jio Payments Bank Apps,,,,,127.88,2.08,,,127.88,2.08,,,
2022-05,Jupiter,,,,,215.44,1.79,,,215.44,1.79,,,
2022-05,Jupiter Edge (LivQuick PPI),,,,,5.74,0.1,,,5.74,0.1,,,
2022-05,Karnataka Bank Apps,,,,,40.34,0.33,,,40.34,0.33,,,
2022-05,Karur Vysya Bank Apps,,,,,17.69,0.04,,,17.69,0.04,,,
2022-05,Kotak Mahindra Bank Apps,2.19,,,,1882.81,8.5,,,1885.0,8.5,,,
2022-05,MakeMyTrip,,,,,43.26,0.09,,,43.26,0.09,,,
2022-05,MI Pay,,,,,33.9,0.2,,,33.9,0.2,,,
2022-05,Mobikwik,,,,,397.7,2.46,,,397.7,2.46,,,
2022-05,NSDL Payments Bank Apps,,,,,2.39,0.02,,,2.39,0.02,,,
2022-05,Paytm Payments Bank App,224.61,0.19,5.96,3.66,91546.5,780.87,16499.7,102.73,108276.78,887.45,,,
2022-05,PhonePe,,,,,511028.81,2778.75,,,511028.81,2778.75,,,
2022-05,Punjab National Bank Apps,,,,,43.77,0.09,,,43.77,0.09,,,
2022-05,Punjab Sind Bank Apps,,,,,6.39,0.01,,,6.39,0.01,,,
2022-05,RBL Bank Apps,1.38,0.05,,,124.01,0.32,,,125.39,0.38,,,
2022-05,Samsung Pay,,,,,490.3,4.11,,,490.3,4.11,,,
2022-05,South Indian Bank Apps,,,,,49.73,0.14,,,49.73,0.14,,,
2022-05,Standard Chartered Bank Apps,,,,,70.48,0.13,,,70.48,0.13,,,
2022-05,State Bank of India Apps,,,,,2195.66,4.18,,,2195.66,4.18,,,
2022-05,Tamilnad Mercantile Bank Apps,,,,,1.13,0.01,,,1.13,0.01,,,
2022-05,TataNeu,,,,,30.33,0.22,,,30.33,0.22,,,
2022-05,UCO Bank Apps,,,,,46.39,0.22,,,46.39,0.22,,,
2022-05,Ultracash,,,,,4.4,0.05,,,4.4,0.05,,,
2022-05,Union Bank Apps,,,,,211.85,0.45,,,211.85,0.45,,,
2022-05,Utkarsh Small Finance Bank Apps,,,,,4.43,0.01,,,4.43,0.01,,,
2022-05,WhatsApp,,,,,294.98,3.48,,,294.98,3.48,,,
2022-05,Yes Bank Apps,999.61,1.5,,,10760.55,38.19,,,11760.16,39.69,,,
2022-05,YuvaPay,,,,,88.95,0.04,,,88.95,0.04,,,
2022-05,Others,,,,,10.7,0.03,,,10.7,0.03,,,
2022-06,Airtel Payments Bank Apps,,,,,506.14,6.38,0.06,,506.2,6.38,,,
2022-06,Allahabad Bank Apps,,,,,6.79,0.02,,,6.79,0.02,,,
2022-06,Amazon Pay,,,,,6541.84,68.4,,,6541.84,68.4,,,
2022-06,AU Small Finance Bank Apps,,,,,120.24,0.38,,,120.24,0.38,,,
2022-06,Axis Bank Apps,39.61,45.53,11.05,0.11,1217.71,6.96,,,1268.38,52.6,,,
2022-06,Bajaj Finserv,,,,,85.49,1.16,,,85.49,1.16,,,
2022-06,Bajaj Markets,,,,,1.2,0.01,,,1.2,0.01,,,
2022-06,Bank of Baroda Apps,,,,,347.72,0.83,,,347.72,0.83,,,
2022-06,Bank of India Apps,,,,,41.82,0.13,,,41.82,0.13,,,
2022-06,Bank of Maharashtra Apps,,,,,15.77,0.06,,,15.77,0.06,,,
2022-06,BHIM,,,,,7527.98,22.6,,,7527.98,22.6,,,
2022-06,Canara Bank Apps,,,,,109.78,0.34,,,109.78,0.34,,,
2022-06,Central Bank of India Apps,,,,,54.06,0.15,,,54.06,0.15,,,
2022-06,Citi Bank Apps,,,,,63.54,0.13,,,63.54,0.13,,,
2022-06,City Union Bank Apps,,,,,8.72,0.03,,,8.72,0.03,,,
2022-06,Cointab,,,,,23.99,0.06,,,23.99,0.06,,,
2022-06,Cred,,,,,17583.25,13.4,,,17583.25,13.4,,,
2022-06,DBS Digibank Apps,,,,,171.69,0.46,,,171.69,0.46,,,
2022-06,Deutsche Bank Apps,,,,,99.12,1.51,,,99.12,1.51,,,
2022-06,Dhanlaxmi Bank Apps,,,,,2.7,0.01,,,2.7,0.01,,,
2022-06,Equitas Small Finance Bank Apps,,,,,3.87,0.01,,,3.87,0.01,,,
2022-06,Fave,,,,,6.94,0.12,,,6.94,0.12,,,
2022-06,Federal Bank Apps,,,,,494.21,3.55,,,494.21,3.55,,,
2022-06,Fino Payments bank Apps,,,,,3.17,0.05,,,3.17,0.05,,,
2022-06,Finshell Pay,,,,,5.3,0.1,,,5.3,0.1,,,
2022-06,GoIbibo,,,,,3.87,0.01,,,3.87,0.01,,,
2022-06,Google Pay,,,,,355137.2,2025.89,,,355137.2,2025.89,,,
2022-06,Groww,,,,,416.73,0.72,,,416.73,0.72,,,
2022-06,HDFC Bank Apps,,,,,2066.22,8.24,,,2066.22,8.24,,,
2022-06,HSBC Bank Apps,,,,,61.38,0.11,,,61.39,0.11,,,
2022-06,ICICI Bank Apps,0.03,0.01,3270.67,4.11,6931.44,35.25,,,10202.14,39.37,,,
2022-06,IDBI Bank Apps,,,,,15.71,0.03,,,15.71,0.03,,,
2022-06,IDFC Bank Apps,,,,,663.65,7.03,,,663.65,7.03,,,
2022-06,India Post Payments Bank Apps,,,,,467.34,3.98,,,467.34,3.98,,,
2022-06,Indian Bank Apps,,,0.38,,53.3,0.17,,,53.68,0.17,,,
2022-06,Indian Overseas Bank Apps,,,,,2.98,0.01,,,2.98,0.01,,,
2022-06,IndusInd Bank Apps,,,,,1645.13,1.0,,,1645.13,1.0,,,
2022-06,Janata Sahakari Bank Apps,,,,,4.47,0.01,,,4.47,0.01,,,
2022-06,Jio Payments Bank Apps,,,,,116.34,1.87,,,116.34,1.87,,,
2022-06,Jupiter,,,,,223.22,1.89,,,223.22,1.89,,,
2022-06,Jupiter Edge (LivQuick PPI),,,,,8.72,0.13,,,8.72,0.13,,,
2022-06,Karnataka Bank Apps,,,,,43.13,0.32,,,43.13,0.32,,,
2022-06,Karur Vysya Bank Apps,,,,,15.91,0.04,,,15.91,0.04,,,
2022-06,Kotak Mahindra Bank Apps,,,3.64,0.01,1758.64,8.33,,,1762.28,8.33,,,
2022-06,MakeMyTrip,,,,,51.45,0.11,,,51.45,0.11,,,
2022-06,MI Pay,,,,,29.61,0.17,,,29.61,0.17,,,
2022-06,Mobikwik,,,,,404.63,2.31,,,404.63,2.31,,,
2022-06,NSDL Payments Bank Apps,,,,,2.44,0.02,,,2.44,0.02,,,
2022-06,Paytm Payments Bank App,,,412.2,0.35,89388.78,778.87,12318.93,98.28,102119.9,877.5,,,
2022-06,PhonePe,,,,,501474.48,2732.59,,,501474.48,2732.59,,,
2022-06,Punjab National Bank Apps,,,,,40.68,0.08,,,40.68,0.08,,,
2022-06,Punjab Sind Bank Apps,,,,,5.93,0.01,,,5.93,0.01,,,
2022-06,RBL Bank Apps,,,2.89,0.07,121.0,0.35,,,123.89,0.42,,,
2022-06,Samsung Pay,,,,,468.23,4.07,,,468.23,4.07,,,
2022-06,South Indian Bank Apps,,,,,46.66,0.14,,,46.66,0.14,,,
2022-06,Standard Chartered Bank Apps,,,,,69.13,0.13,,,69.13,0.13,,,
2022-06,State Bank of India Apps,,,,,1947.1,3.83,,,1947.1,3.83,,,
2022-06,Tamilnad Mercantile Bank Apps,,,,,4.02,0.03,,,4.02,0.03,,,
2022-06,TataNeu,,,,,19.41,0.12,,,19.41,0.12,,,
2022-06,TJSB Bank Apps,,,,,2.1,0.01,,,2.1,0.01,,,
2022-06,UCO Bank Apps,,,,,42.3,0.22,,,42.3,0.22,,,
2022-06,Ultracash,,,,,3.32,0.03,,,3.32,0.03,,,
2022-06,Union Bank Apps,,,,,199.8,0.45,,,199.8,0.45,,,
2022-06,Utkarsh Small Finance Bank Apps,,,,,3.47,0.01,,,3.47,0.01,,,
2022-06,WhatsApp,,,,,429.06,23.04,,,429.06,23.04,,,
2022-06,Yes Bank Apps,,,1257.6,2.35,9889.56,41.67,,,11147.17,44.03,,,
2022-06,YuvaPay,,,,,58.31,0.03,,,58.31,0.03,,,
2022-06,Others,,,,,6.34,0.02,,,6.34,0.02,,,
2022-07,Airtel Payments Bank Apps,,,,,555.09,7.4,0.16,,555.26,7.41,,,
2022-07,Allahabad Bank Apps,,,,,6.95,0.03,,,6.95,0.03,,,
2022-07,Amazon Pay,,,,,6751.8,68.77,,,6751.8,68.77,,,
2022-07,AU Small Finance Bank Apps,,,,,131.49,0.42,,,131.49,0.42,,,
2022-07,Axis Bank Apps,1.53,0.02,38.1,46.63,1174.32,7.35,,,1213.95,53.99,,,
2022-07,Bajaj Finserv,,,,,128.52,1.95,,,128.52,1.95,,,
2022-07,Bajaj Markets,,,,,1.66,0.02,,,1.66,0.02,,,
2022-07,Bandhan Bank Apps,,,,,1.35,0.01,,,1.35,0.01,,,
2022-07,Bank of Baroda Apps,,,,,354.45,0.88,,,354.45,0.88,,,
2022-07,Bank of India Apps,,,,,46.44,0.15,,,46.44,0.15,,,
2022-07,Bank of Maharashtra Apps,,,,,16.47,0.06,,,16.47,0.06,,,
2022-07,BHIM,,,,,7823.95,24.48,,,7823.95,24.48,,,
2022-07,Canara Bank Apps,,,,,128.79,0.47,,,128.79,0.47,,,
2022-07,Central Bank of India Apps,,,,,58.37,0.22,,,58.37,0.22,,,
2022-07,Citi Bank Apps,,,,,63.66,0.11,,,63.66,0.11,,,
2022-07,City Union Bank Apps,,,,,10.19,0.03,,,10.19,0.03,,,
2022-07,Cointab,,,,,27.3,0.07,,,27.3,0.07,,,
2022-07,Cred,,,,,19716.43,14.89,,,19716.43,14.89,,,
2022-07,DBS Digibank Apps,,,,,179.27,0.47,,,179.27,0.47,,,
2022-07,Deutsche Bank Apps,0.01,,,,116.0,1.87,,,116.01,1.87,,,
2022-07,Dhanlaxmi Bank Apps,,,,,2.86,0.01,,,2.86,0.01,,,
2022-07,Equitas Small Finance Bank Apps,,,,,4.89,0.01,,,4.89,0.01,,,
2022-07,Fave,,,,,11.06,0.16,,,11.06,0.16,,,
2022-07,Federal Bank Apps,,,,,539.55,3.85,,,539.55,3.85,,,
2022-07,Fino Payments Bank Apps,,,,,4.26,0.06,,,4.26,0.06,,,
2022-07,GoIbibo,,,,,5.1,0.01,,,5.1,0.01,,,
2022-07,Google Pay,,,,,366669.09,2130.63,,,366669.09,2130.63,,,
2022-07,Groww,,,,,290.31,0.49,,,290.31,0.49,,,
2022-07,HDFC Bank Apps,,,,,2341.28,9.38,,,2341.28,9.38,,,
2022-07,HSBC Bank Apps,,,0.04,,68.43,0.11,,,68.47,0.11,,,
2022-07,ICICI Bank Apps,3731.87,4.36,32.24,0.46,7745.19,32.53,,,11509.29,37.34,,,
2022-07,IDBI Bank Apps,,,,,16.42,0.03,,,16.42,0.03,,,
2022-07,IDFC Bank Apps,,,,,645.34,8.28,,,645.34,8.28,,,
2022-07,India Post Payments Bank Apps,,,,,480.59,4.08,,,480.59,4.08,,,
2022-07,Indian Bank Apps,13.23,0.01,,,58.15,0.2,,,71.39,0.21,,,
2022-07,Indian Overseas Bank Apps,,,,,3.74,0.01,,,3.74,0.01,,,
2022-07,IndusInd Bank Apps,,,,,1652.26,0.99,,,1652.26,0.99,,,
2022-07,Janata Sahakari Bank Apps,,,,,4.15,0.01,,,4.15,0.01,,,
2022-07,Jio Payments Bank Apps,,,,,116.59,1.9,,,116.59,1.9,,,
2022-07,Jupiter,,,,,254.14,2.1,,,254.14,2.1,,,
2022-07,Karnataka Bank Apps,,,,,48.01,0.35,,,48.01,0.35,,,
2022-07,Karur Vysya Bank Apps,,,,,15.66,0.04,,,15.66,0.04,,,
2022-07,Kotak Mahindra Bank Apps,0.46,,,,1815.87,8.86,,,1816.33,8.86,,,
2022-07,MakeMyTrip,,,,,58.19,0.13,,,58.19,0.13,,,
2022-07,MI Pay,,,,,26.98,0.16,,,26.98,0.16,,,
2022-07,Mobikwik,,,,,462.17,2.48,,,462.17,2.48,,,
2022-07,NSDL Payments Bank Apps,,,,,3.5,0.02,,,3.5,0.02,,,
2022-07,Paytm Payments Bank App,465.62,0.38,1.91,0.55,94507.77,828.63,16174.36,104.32,111149.66,933.88,,,
2022-07,PhonePe,,,,,524742.49,2993.83,,,524742.49,2993.83,,,
2022-07,Punjab National Bank Apps,,,,,35.7,0.07,,,35.7,0.07,,,
2022-07,Punjab Sind Bank Apps,,,,,4.03,0.01,,,4.03,0.01,,,
2022-07,RBL Bank Apps,0.69,0.02,,,120.48,0.52,,,121.17,0.54,,,
2022-07,Samsung Pay,,,,,472.39,4.05,,,472.39,4.05,,,
2022-07,South Indian Bank Apps,,,,,46.97,0.15,,,46.97,0.15,,,
2022-07,Standard Chartered Bank Apps,,,,,74.11,0.14,,,74.11,0.14,,,
2022-07,State Bank of India Apps,,,,,2013.47,4.15,,,2013.47,4.15,,,
2022-07,Tamilnad Mercantile Bank Apps,,,,,6.78,0.05,,,6.78,0.05,,,
2022-07,TataNeu,,,,,17.26,0.11,,,17.26,0.11,,,
2022-07,TJSB Bank Apps,,,,,2.26,0.01,,,2.26,0.01,,,
2022-07,UCO Bank Apps,,,,,46.83,0.22,,,46.83,0.22,,,
2022-07,Ultracash,,,,,2.08,0.03,,,2.08,0.03,,,
2022-07,Union Bank Apps,,,,,208.03,0.49,,,208.03,0.49,,,
2022-07,Utkarsh Small Finance Bank Apps,,,,,4.55,0.02,,,4.55,0.02,,,
2022-07,WhatsApp,,,,,502.0,6.18,,,502.0,6.18,,,
2022-07,Yes Bank Apps,1367.63,5.45,,,13868.41,55.35,,,15236.04,60.8,,,
2022-07,YuvaPay,,,,,21.38,0.01,,,21.38,0.01,,,
2022-07,Others,,,,,5.15,0.02,,,5.15,0.02,,,
2022-08,Airtel Payments Bank Apps,0.01,,,,608.38,7.96,0.11,,608.5,7.96,,,
2022-08,Allahabad Bank Apps,,,,,7.7,0.03,,,7.7,0.03,,,
2022-08,Amazon Pay,,,,,6353.15,62.43,,,6353.15,62.43,,,
2022-08,AU Small Finance Bank Apps,,,,,138.7,0.45,,,138.7,0.45,,,
2022-08,Axis Bank Apps,1.42,0.02,42.71,50.7,1313.76,7.39,,,1357.89,58.11,,,
2022-08,Bajaj Finserv,,,,,178.59,2.45,,,178.59,2.45,,,
2022-08,Bajaj Markets,,,,,1.58,0.02,,,1.58,0.02,,,
2022-08,Bandhan Bank Apps,,,,,1.25,0.01,,,1.25,0.01,,,
2022-08,Bank of Baroda Apps,,,,,383.42,0.99,,,383.43,0.99,,,
2022-08,Bank of India Apps,,,,,54.81,0.17,,,54.81,0.17,,,
2022-08,Bank of Maharashtra Apps,,,,,17.19,0.07,,,17.19,0.07,,,
2022-08,BHIM,,,,,7860.48,24.99,,,7860.48,24.99,,,
2022-08,Canara Bank Apps,,,,,176.37,0.67,,,176.37,0.67,,,
2022-08,Central Bank of India Apps,0.01,,,,64.59,0.24,,,64.59,0.24,,,
2022-08,Citi Bank Apps,,,,,63.08,0.11,,,63.08,0.11,,,
2022-08,City Union Bank Apps,,,,,11.45,0.04,,,11.45,0.04,,,
2022-08,Cointab,,,,,24.98,0.06,,,24.98,0.06,,,
2022-08,Cred,,,,,19084.3,14.81,,,19084.3,14.81,,,
2022-08,DBS Digibank Apps,,,,,178.76,0.48,,,178.76,0.48,,,
2022-08,Deutsche Bank Apps,0.01,,,,119.21,1.98,,,119.21,1.98,,,
2022-08,Dhanlaxmi Bank Apps,,,,,3.1,0.01,,,3.1,0.01,,,
2022-08,Equitas Small Finance Bank Apps,,,,,4.94,0.01,,,4.94,0.01,,,
2022-08,Fave,,,,,7.71,0.14,,,7.71,0.14,,,
2022-08,Federal Bank Apps,,,,,520.2,3.8,,,520.2,3.8,,,
2022-08,Fino Payments bank Apps,,,,,5.05,0.08,,,5.05,0.08,,,
2022-08,GoIbibo,,,,,4.82,0.01,,,4.82,0.01,,,
2022-08,Google Pay,,,,,371081.16,2212.73,,,371081.16,2212.73,,,
2022-08,Groww,,,,,490.93,0.8,,,490.93,0.8,,,
2022-08,HDFC Bank Apps,,,,,2415.47,9.83,,,2415.47,9.83,,,
2022-08,HSBC Bank Apps,,,0.44,,65.7,0.11,,,66.14,0.11,,,
2022-08,ICICI Bank Apps,1983.75,3.68,406.52,4.96,8334.98,36.96,,,10725.25,45.59,,,
2022-08,IDBI Bank Apps,,,,,20.31,0.04,,,20.31,0.04,,,
2022-08,IDFC Bank Apps,,,,,762.41,10.19,,,762.41,10.19,,,
2022-08,India Post Payments Bank Apps,,,,,504.41,4.3,,,504.41,4.3,,,
2022-08,Indian Bank Apps,0.23,,,,63.1,0.22,,,63.33,0.22,,,
2022-08,Indian Overseas Bank Apps,,,,,4.66,0.01,,,4.66,0.01,,,
2022-08,IndusInd Bank Apps,,,,,1605.56,1.01,,,1605.56,1.01,,,
2022-08,Janata Sahakari Bank Apps,,,,,4.56,0.01,,,4.56,0.01,,,
2022-08,Jio Payments Bank Apps,,,,,113.28,1.85,,,113.28,1.85,,,
2022-08,Jupiter,,,,,249.2,2.03,,,249.2,2.03,,,
2022-08,Karnataka Bank Apps,,,,,55.32,0.38,,,55.32,0.38,,,
2022-08,Karur Vysya Bank Apps,,,,,16.54,0.04,,,16.54,0.04,,,
2022-08,Kotak Mahindra Bank Apps,,,,,1939.14,9.28,,,1939.14,9.28,,,
2022-08,MakeMyTrip,,,,,62.67,0.15,,,62.67,0.15,,,
2022-08,MI Pay,,,,,24.8,0.15,,,24.8,0.15,,,
2022-08,Mobikwik,,,,,562.95,2.84,,,562.95,2.84,,,
2022-08,NSDL Payments Bank Apps,,,,,2.85,0.02,,,2.85,0.02,,,
2022-08,Paytm Payments Bank App,458.24,0.38,10.37,4.11,96034.11,871.86,17714.37,110.05,114217.1,986.39,,,
2022-08,PhonePe,,,,,528433.49,3146.71,,,528433.49,3146.71,,,
2022-08,Punjab National Bank Apps,,,,,43.41,0.09,,,43.41,0.09,,,
2022-08,Punjab Sind Bank Apps,,,,,5.25,0.01,,,5.25,0.01,,,
2022-08,RBL Bank Apps,0.56,0.01,,,162.46,0.82,,,163.02,0.82,,,
2022-08,Samsung Pay,,,,,468.37,4.09,,,468.37,4.09,,,
2022-08,South Indian Bank Apps,,,,,52.73,0.16,,,52.73,0.16,,,
2022-08,Standard Chartered Bank Apps,,,,,73.6,0.14,,,73.6,0.14,,,
2022-08,State Bank of India Apps,,,,,1926.51,4.1,,,1926.51,4.1,,,
2022-08,Tamilnad Mercantile Bank Apps,,,,,7.94,0.06,,,7.94,0.06,,,
2022-08,TataNeu,,,,,15.78,0.1,,,15.78,0.1,,,
2022-08,TJSB Bank Apps,,,,,2.2,0.01,,,2.2,0.01,,,
2022-08,UCO Bank Apps,,,,,65.69,0.25,,,65.69,0.25,,,
2022-08,Ultracash,,,,,1.54,0.02,,,1.54,0.02,,,
2022-08,Union Bank Apps,,,,,215.23,0.52,,,215.23,0.52,,,
2022-08,Utkarsh Small Finance Bank Apps,,,,,4.71,0.02,,,4.71,0.02,,,
2022-08,WhatsApp,,,,,567.17,6.72,,,567.17,6.72,,,
2022-08,Yes Bank Apps,3225.97,3.2,,,13008.95,54.6,,,16234.92,57.8,,,
2022-08,Others,,,,,5.72,0.01,,,5.72,0.01,,,
2022-09,Airtel Payments Bank Apps,0.02,,,,680.76,9.14,0.11,,680.89,9.15,,,
2022-09,Allahabad Bank Apps,,,,,8.1,0.03,,,8.1,0.03,,,
2022-09,Amazon Pay,,,,,6015.31,57.38,,,6015.31,57.38,,,
2022-09,AU Small Finance Bank Apps,,,,,148.9,0.48,,,148.9,0.48,,,
2022-09,Axis Bank Apps,1.85,0.02,46.13,50.24,1421.09,7.46,,,1469.07,57.72,,,
2022-09,Bajaj Finserv,,,,,234.81,3.29,,,234.81,3.29,,,
2022-09,Bajaj Markets,,,,,1.38,0.01,,,1.38,0.01,,,
2022-09,Bandhan Bank Apps,,,,,1.88,0.01,,,1.88,0.01,,,
2022-09,Bank of Baroda Apps,,,,,443.84,1.11,,,443.85,1.11,,,
2022-09,Bank of India Apps,,,,,54.59,0.18,,,54.59,0.18,,,
2022-09,Bank of Maharashtra Apps,,,,,17.23,0.07,,,17.23,0.07,,,
2022-09,BHIM,,,,,8308.65,25.17,,,8308.65,25.17,,,
2022-09,Canara Bank Apps,,,,,207.18,0.78,,,207.18,0.78,,,
2022-09,Central Bank of India Apps,0.01,,,,68.37,0.28,,,68.38,0.28,,,
2022-09,Citi Bank Apps,,,,,67.0,0.1,,,67.0,0.1,,,
2022-09,City Union Bank Apps,,,,,12.45,0.04,,,12.45,0.04,,,
2022-09,Cointab,,,,,19.35,0.04,,,19.35,0.04,,,
2022-09,Cred,,,,,19237.92,14.96,,,19237.92,14.96,,,
2022-09,DBS Digibank Apps,,,,,176.91,0.43,,,176.91,0.43,,,
2022-09,Deutsche Bank Apps,0.01,,,,98.43,1.58,,,98.43,1.58,,,
2022-09,Dhanlaxmi Bank Apps,,,,,2.87,0.01,,,2.87,0.01,,,
2022-09,Equitas Small Finance Bank Apps,,,,,8.76,0.02,,,8.76,0.02,,,
2022-09,Fave,,,,,4.4,0.08,,,4.4,0.08,,,
2022-09,Federal Bank Apps,,,,,549.95,3.84,,,549.95,3.84,,,
2022-09,Fino Payments bank Apps,,,,,5.66,0.08,,,5.66,0.08,,,
2022-09,GoIbibo,,,,,3.58,0.01,,,3.58,0.01,,,
2022-09,Google Pay,,,,,387996.14,2296.14,,,387996.14,2296.14,,,
2022-09,Groww,,,,,68.03,0.11,,,68.03,0.11,,,
2022-09,HDFC Bank Apps,,,,,2686.1,10.98,,,2686.1,10.98,,,
2022-09,HSBC Bank Apps,,,0.43,,70.14,0.12,,,70.56,0.12,,,
2022-09,ICICI Bank Apps,3172.47,3.45,366.84,4.84,6862.5,26.54,,,10401.81,34.84,,,
2022-09,IDBI Bank Apps,,,,,24.18,0.05,,,24.18,0.05,,,
2022-09,IDFC Bank Apps,0.01,,,,824.51,11.53,,,824.52,11.53,,,
2022-09,India Post Payments Bank Apps,,,,,572.75,5.22,,,572.75,5.22,,,
2022-09,Indian Bank Apps,1.96,,,,63.62,0.21,,,65.58,0.21,,,
2022-09,Indian Overseas Bank Apps,,,,,4.79,0.02,,,4.79,0.02,,,
2022-09,IndusInd Bank Apps,,,,,1439.51,1.04,,,1439.51,1.04,,,
2022-09,Janata Sahakari Bank Apps,,,,,4.42,0.01,,,4.42,0.01,,,
2022-09,Jio Payments Bank Apps,,,,,90.36,1.4,,,90.36,1.4,,,
2022-09,Jupiter,,,,,259.71,2.09,,,259.71,2.09,,,
2022-09,Karnataka Bank Apps,,,,,63.84,0.4,,,63.84,0.4,,,
2022-09,Karur Vysya Bank Apps,,,,,16.74,0.04,,,16.74,0.04,,,
2022-09,Kotak Mahindra Bank Apps,,,,,2230.6,10.52,,,2230.61,10.52,,,
2022-09,MakeMyTrip,,,,,47.83,0.1,,,47.83,0.1,,,
2022-09,MI Pay,,,,,3.87,0.03,,,3.87,0.03,,,
2022-09,Mobikwik,,,,,632.71,3.04,,,632.71,3.04,,,
2022-09,NSDL Payments Bank Apps,,,,,2.79,0.02,,,2.79,0.02,,,
2022-09,Paytm Payments Bank App,489.04,0.4,9.55,2.92,101163.26,924.77,19143.49,109.1,120805.34,1037.2,,,
2022-09,PhonePe,,,,,549583.77,3216.78,,,549583.77,3216.78,,,
2022-09,Punjab National Bank Apps,,,,,59.01,0.13,,,59.01,0.13,,,
2022-09,Punjab Sind Bank Apps,,,,,6.88,0.02,,,6.88,0.02,,,
2022-09,RBL Bank Apps,1.21,0.03,,,199.7,0.96,,,200.91,0.99,,,
2022-09,Samsung Pay,,,,,495.89,4.55,,,495.89,4.55,,,
2022-09,South Indian Bank Apps,,,,,56.54,0.17,,,56.54,0.17,,,
2022-09,Standard Chartered Bank Apps,0.01,,,,78.49,0.14,,,78.5,0.14,,,
2022-09,State Bank of India Apps,,,,,1818.89,3.57,,,1818.89,3.57,,,
2022-09,Tamilnad Mercantile Bank Apps,,,,,9.21,0.06,,,9.21,0.06,,,
2022-09,TataNeu,,,,,17.23,0.13,,,17.23,0.13,,,
2022-09,TJSB Bank Apps,,,,,2.06,0.01,,,2.06,0.01,,,
2022-09,UCO Bank Apps,,,,,75.02,0.26,,,75.02,0.26,,,
2022-09,Ultracash,,,,,0.7,0.01,,,0.7,0.01,,,
2022-09,Union Bank Apps,,,,,237.54,0.55,,,237.54,0.55,,,
2022-09,Utkarsh Small Finance Bank Apps,,,,,5.59,0.02,,,5.59,0.02,,,
2022-09,WhatsApp,,,,,631.63,7.43,,,631.63,7.43,,,
2022-09,Yes Bank Apps,2103.46,2.3,,,14034.34,60.8,,,16137.8,63.1,,,
2022-09,Others,,,,,4.85,0.01,,,4.85,0.01,,,
2022-10,Airtel Payments Bank Apps,,,,,775.04,9.44,0.14,,775.19,9.44,,,
2022-10,Allahabad Bank Apps,,,,,9.33,0.03,,,9.33,0.03,,,
2022-10,Amazon Pay,,,,,6060.5,56.42,,,6060.5,56.42,,,
2022-10,AU Small Finance Bank Apps,,,,,161.99,0.54,,,161.99,0.54,,,
2022-10,Axis Bank Apps,2.09,0.03,51.48,52.13,1502.28,7.83,,,1555.84,59.99,,,
2022-10,Bajaj Finserv,,,,,472.71,4.12,,,472.71,4.12,,,
2022-10,Bank of Baroda Apps,,,,,466.23,1.23,,,466.23,1.23,,,
2022-10,Bank of India Apps,,,,,59.97,0.2,,,59.97,0.2,,,
2022-10,Bank of Maharashtra Apps,,,,,20.1,0.07,,,20.1,0.07,,,
2022-10,BHIM,,,,,8523.17,25.49,,,8523.17,25.49,,,
2022-10,Canara Bank Apps,,,,,219.07,0.81,,,219.07,0.81,,,
2022-10,Central Bank of India Apps,0.02,,,,71.64,0.3,,,71.66,0.3,,,
2022-10,Citi Bank Apps,,,,,66.83,0.09,,,66.83,0.09,,,
2022-10,City Union Bank Apps,,,,,12.85,0.04,,,12.85,0.04,,,
2022-10,Cointab,,,,,11.67,0.03,,,11.67,0.03,,,
2022-10,Cred,,,,,20259.7,21.28,,,20259.7,21.28,,,
2022-10,DBS Digibank Apps,,,,,179.26,0.43,,,179.26,0.43,,,
2022-10,Deutsche Bank Apps,0.01,,,,111.93,1.25,,,111.93,1.26,,,
2022-10,Dhanlaxmi Bank Apps,,,,,3.21,0.01,,,3.21,0.01,,,
2022-10,Equitas Small Finance Bank Apps,,,,,8.28,0.02,,,8.28,0.02,,,
2022-10,Fampay PPI,0.01,,,,56.79,4.06,,,56.79,4.06,,,
2022-10,Fave,,,,,2.53,0.04,,,2.53,0.04,,,
2022-10,Federal Bank Apps,,,,,574.92,4.19,,,574.92,4.19,,,
2022-10,Fino Payments bank Apps,,,,,6.46,0.09,,,6.46,0.09,,,
2022-10,GoIbibo,,,,,1.84,0.01,,,1.84,0.01,,,
2022-10,Google Pay,,,,,420978.38,2496.42,,,420978.38,2496.42,,,
2022-10,HDFC Bank Apps,0.03,,,,2997.27,11.96,,,2997.29,11.96,,,
2022-10,HSBC Bank Apps,,,0.38,,77.42,0.14,,,77.8,0.14,,,
2022-10,ICICI Bank Apps,6074.12,5.34,381.41,5.04,8073.99,31.22,,,14529.52,41.61,,,
2022-10,IDBI Bank Apps,,,,,25.92,0.06,,,25.92,0.06,,,
2022-10,IDFC Bank Apps,,,,,888.44,9.98,,,888.45,9.98,,,
2022-10,India Post Payments Bank Apps,,,,,630.43,4.7,,,630.43,4.7,,,
2022-10,Indian Bank Apps,,,,,68.97,0.23,,,68.97,0.23,,,
2022-10,Indian Overseas Bank Apps,,,,,4.72,0.01,,,4.72,0.01,,,
2022-10,IndusInd Bank Apps,,,,,1516.68,1.15,,,1516.68,1.15,,,
2022-10,Janata Sahakari Bank Apps,,,,,4.8,0.01,,,4.8,0.01,,,
2022-10,Jio Payments Bank Apps,,,,,98.87,1.38,,,98.87,1.38,,,
2022-10,Jupiter,,,,,280.43,2.18,,,280.43,2.18,,,
2022-10,Karnataka Bank Apps,,,,,76.62,0.43,,,76.62,0.43,,,
2022-10,Karur Vysya Bank Apps,,,,,17.62,0.04,,,17.62,0.04,,,
2022-10,Kotak Mahindra Bank Apps,,,,,2426.65,11.46,,,2426.65,11.46,,,
2022-10,MakeMyTrip,,,,,31.85,0.07,,,31.85,0.07,,,
2022-10,Mobikwik,,,,,708.12,3.28,,,708.12,3.28,,,
2022-10,NSDL Payments Bank Apps,,,,,3.13,0.02,,,3.13,0.02,,,
2022-10,Paytm Payments Bank App,541.32,0.43,14.36,4.9,112062.51,995.34,21002.36,108.92,133620.54,1109.6,,,
2022-10,PhonePe,,,,,593759.02,3452.87,,,593759.02,3452.87,,,
2022-10,Punjab National Bank Apps,,,,,62.77,0.15,,,62.77,0.15,,,
2022-10,Punjab Sind Bank Apps,,,,,8.05,0.02,,,8.05,0.02,,,
2022-10,RBL Bank Apps,1.71,0.01,0.01,,243.44,1.07,,,245.16,1.08,,,
2022-10,Samsung Pay,,,,,554.33,5.09,,,554.33,5.09,,,
2022-10,South Indian Bank Apps,,,,,58.2,0.19,,,58.2,0.19,,,
2022-10,Standard Chartered Bank Apps,,,2.29,0.07,86.63,0.15,,,88.92,0.22,,,
2022-10,State Bank of India Apps,0.01,,,,1936.72,4.1,,,1936.72,4.1,,,
2022-10,Tamilnad Mercantile Bank Apps,,,,,9.81,0.06,,,9.81,0.06,,,
2022-10,TataNeu,,,,,18.3,0.14,,,18.3,0.14,,,
2022-10,TJSB Bank Apps,,,,,1.86,0.01,,,1.86,0.01,,,
2022-10,UCO Bank Apps,,,,,80.38,0.28,,,80.38,0.28,,,
2022-10,Ultracash,,,,,0.24,0.02,,,0.24,0.02,,,
2022-10,Union Bank Apps,,,,,290.75,0.82,,,290.75,0.82,,,
2022-10,Utkarsh Small Finance Bank Apps,,,,,6.31,0.02,,,6.31,0.02,,,
2022-10,WhatsApp,,,,,708.56,8.38,,,708.56,8.38,,,
2022-10,Yes Bank Apps,86.46,0.52,,,15984.43,55.43,,,16070.88,55.94,,,
2022-10,Others,,,,,5.87,0.02,,,5.87,0.02,,,
2022-11,Airtel Payments Bank Apps,,,,,671.0,8.73,0.09,,671.09,8.73,,,
2022-11,Allahabad Bank Apps,,,,,8.98,0.03,,,8.98,0.03,,,
2022-11,Amazon Pay,,,,,5873.36,59.76,,,5873.36,59.76,,,
2022-11,Andhra Bank Apps,,,,,1.53,0.01,,,1.53,0.01,,,
2022-11,AU Small Finance Bank Apps,,,,,160.3,0.53,,,160.3,0.53,,,
2022-11,Axis Bank Apps,2.28,0.03,57.35,71.59,1061.61,6.16,,,1121.24,77.77,,,
2022-11,Bajaj Finserv,,,,,464.41,3.9,,,464.41,3.9,,,
2022-11,Bandhan Bank Apps,,,,,1.21,0.01,,,1.21,0.01,,,
2022-11,Bank of Baroda Apps,,,,,455.8,1.26,,,455.8,1.26,,,
2022-11,Bank of India Apps,,,,,57.87,0.2,,,57.87,0.2,,,
2022-11,Bank of Maharashtra Apps,,,,,18.29,0.07,,,18.29,0.07,,,
2022-11,BHIM,,,,,8144.83,25.01,,,8144.83,25.01,,,
2022-11,Canara Bank Apps,,,,,232.51,0.86,,,232.51,0.86,,,
2022-11,Central Bank of India Apps,0.02,,,,63.29,0.27,,,63.31,0.27,,,
2022-11,Citi Bank Apps,,,,,60.76,0.13,,,60.76,0.13,,,
2022-11,City Union Bank Apps,,,,,12.58,0.04,,,12.58,0.04,,,
2022-11,Cointab,,,,,13.87,0.03,,,13.87,0.03,,,
2022-11,Cred,,,,,18599.72,25.63,,,18599.72,25.63,,,
2022-11,DBS Digibank Apps,,,,,169.55,0.4,,,169.55,0.41,,,
2022-11,Deutsche Bank Apps,0.01,,,,104.2,1.3,,,104.21,1.3,,,
2022-11,Dhanlaxmi Bank Apps,,,,,2.75,0.01,,,2.75,0.01,,,
2022-11,Equitas Small Finance Bank Apps,,,,,9.82,0.02,,,9.82,0.02,,,
2022-11,Fampay PPI,,,,,64.75,4.88,,,64.75,4.88,,,
2022-11,Fave,,,,,2.83,0.05,,,2.83,0.05,,,
2022-11,Federal Bank Apps,,,,,553.97,4.11,,,553.97,4.11,,,
2022-11,Fino Payments bank Apps,,,,,6.61,0.1,,,6.61,0.1,,,
2022-11,Google Pay,,,,,409714.75,2541.14,,,409714.75,2541.14,,,
2022-11,Groww,,,,,36.46,0.05,,,36.46,0.05,,,
2022-11,HDFC Bank Apps,0.18,,,,2758.27,10.66,,,2758.45,10.66,,,
2022-11,HSBC Bank Apps,,,0.06,,72.51,0.12,,,72.58,0.12,,,
2022-11,ICICI Bank Apps,6587.24,6.36,334.5,4.32,7829.07,33.4,,,14750.8,44.07,,,
2022-11,IDBI Bank Apps,,,,,24.78,0.06,,,24.78,0.06,,,
2022-11,IDFC Bank Apps,8.16,0.01,,,895.21,10.46,,,903.37,10.47,,,
2022-11,India Post Payments Bank Apps,,,,,589.14,4.66,,,589.14,4.66,,,
2022-11,Indian Bank Apps,,,,,67.2,0.23,,,67.2,0.23,,,
2022-11,Indian Overseas Bank Apps,,,,,2.48,0.01,,,2.48,0.01,,,
2022-11,IndusInd Bank Apps,,,,,1224.13,1.2,,,1224.13,1.2,,,
2022-11,Janata Sahakari Bank Apps,,,,,3.99,0.01,,,3.99,0.01,,,
2022-11,Jio Payments Bank Apps,,,,,96.23,1.31,,,96.23,1.31,,,
2022-11,Jupiter,,,,,275.52,2.16,,,275.52,2.16,,,
2022-11,Karnataka Bank Apps,,,,,74.82,0.4,,,74.82,0.4,,,
2022-11,Karur Vysya Bank Apps,,,,,16.23,0.04,,,16.23,0.04,,,
2022-11,Kotak Mahindra Bank Apps,,,,,2304.9,10.93,,,2304.9,10.93,,,
2022-11,MakeMyTrip,,,,,7.69,0.02,,,7.69,0.02,,,
2022-11,Mobikwik,,,,,762.67,3.46,,,762.67,3.46,,,
2022-11,NSDL Payments Bank Apps,,,,,2.7,0.02,,,2.7,0.02,,,
2022-11,Paytm Payments Bank App,491.76,0.37,14.81,4.12,109008.43,973.85,19290.91,103.13,128805.91,1081.47,,,
2022-11,PhonePe,,,,,591327.61,3418.75,,,591327.61,3418.75,,,
2022-11,Punjab National Bank Apps,,,,,60.47,0.16,,,60.47,0.16,,,
2022-11,Punjab Sind Bank Apps,,,,,8.97,0.03,,,8.97,0.03,,,
2022-11,RBL Bank Apps,2.26,0.04,,,268.54,1.14,,,270.81,1.18,,,
2022-11,Samsung Pay,,,,,506.82,5.07,,,506.82,5.07,,,
2022-11,Slash,,,,,0.28,0.01,,,0.28,0.01,,,
2022-11,slice,,,,,206.66,0.51,,,206.66,0.51,,,
2022-11,South Indian Bank Apps,,,,,58.1,0.2,,,58.1,0.2,,,
2022-11,Standard Chartered Bank Apps,,,12.9,0.4,79.67,0.15,,,92.57,0.55,,,
2022-11,State Bank of India Apps,,,,,1876.46,4.07,,,1876.46,4.07,,,
2022-11,Tamilnad Mercantile Bank Apps,,,,,10.48,0.07,,,10.48,0.07,,,
2022-11,TataNeu,,,,,17.17,0.14,,,17.17,0.14,,,
2022-11,TJSB Bank Apps,,,,,2.25,0.01,,,2.25,0.01,,,
2022-11,UCO Bank Apps,,,,,78.38,0.26,,,78.38,0.26,,,
2022-11,Ultracash,,,,,0.27,0.02,,,0.27,0.02,,,
2022-11,Union Bank Apps,,,,,313.3,1.11,,,313.3,1.11,,,
2022-11,Utkarsh Small Finance Bank Apps,,,,,7.1,0.02,,,7.1,0.02,,,
2022-11,WhatsApp,,,,,769.29,9.25,,,769.29,9.25,,,
2022-11,Yes Bank Apps,219.88,0.41,,,14682.54,43.18,,,14902.42,43.58,,,
2022-11,Others,,,,,4.07,0.02,,,4.07,0.02,,,
2022-12,Airtel Payments Bank Apps,,,,,681.55,8.69,0.12,,681.67,8.7,,,
2022-12,Allahabad Bank Apps,,,,,9.75,0.03,,,9.75,0.03,,,
2022-12,Amazon Pay,,,,,6621.66,69.61,,,6621.66,69.61,,,
2022-12,AU Small Finance Bank Apps,,,,,177.47,0.58,,,177.47,0.58,,,
2022-12,Axis Bank Apps,2.44,0.03,56.3,58.27,1246.36,7.26,,,1305.09,65.56,,,
2022-12,Bajaj Finserv,,,,,647.71,4.56,,,647.71,4.56,,,
2022-12,Bandhan Bank Apps,,,,,1.53,0.01,,,1.53,0.01,,,
2022-12,Bank of Baroda Apps,,,,,397.56,1.02,,,397.56,1.02,,,
2022-12,Bank of India Apps,,,,,64.32,0.22,,,64.32,0.22,,,
2022-12,Bank of Maharashtra Apps,,,,,19.91,0.08,,,19.91,0.08,,,
2022-12,BHIM,,,,,8400.04,25.5,,,8400.04,25.5,,,
2022-12,Canara Bank Apps,,,,,275.7,1.02,,,275.7,1.02,,,
2022-12,Central Bank of India Apps,0.05,,,,60.28,0.26,,,60.32,0.26,,,
2022-12,Citi Bank Apps,,,,,68.38,0.09,,,68.38,0.09,,,
2022-12,City Union Bank Apps,,,,,14.38,0.05,,,14.38,0.05,,,
2022-12,Cointab,,,,,18.98,0.05,,,18.98,0.05,,,
2022-12,Cred,,,,,19622.29,31.42,,,19622.29,31.42,,,
2022-12,DBS Digibank Apps,,,,,171.59,0.41,,,171.59,0.41,,,
2022-12,Deutsche Bank Apps,0.01,,,,104.47,1.28,,,104.49,1.28,,,
2022-12,Dhanlaxmi Bank Apps,,,,,3.16,0.01,,,3.16,0.01,,,
2022-12,Equitas Small Finance Bank Apps,,,,,11.69,0.02,,,11.69,0.02,,,
2022-12,Fampay PPI,0.01,,,,127.18,9.7,,,127.19,9.7,,,
2022-12,Fave,,,,,5.01,0.08,,,5.01,0.08,,,
2022-12,Federal Bank Apps,0.01,,,,595.17,4.57,,,595.18,4.57,,,
2022-12,Fino Payments bank Apps,,,,,7.49,0.11,,,7.49,0.11,,,
2022-12,Google Pay,,,,,440370.99,2712.34,,,440370.99,2712.34,,,
2022-12,Groww,,,,,153.02,0.21,,,153.02,0.21,,,
2022-12,HDFC Bank Apps,0.15,,,,3143.08,11.81,,,3143.24,11.81,,,
2022-12,HSBC Bank Apps,,,0.05,,78.59,0.15,,,78.63,0.15,,,
2022-12,ICICI Bank Apps,6890.51,6.38,418.68,5.17,8815.95,36.74,,,16125.15,48.29,,,
2022-12,IDBI Bank Apps,,,,,29.5,0.07,,,29.5,0.07,,,
2022-12,IDFC Bank Apps,138.38,0.16,,,1184.6,9.55,,,1322.98,9.7,,,
2022-12,India Post Payments Bank Apps,,,,,682.59,5.55,,,682.59,5.55,,,
2022-12,Indian Bank Apps,,,,,73.71,0.25,,,73.71,0.25,,,
2022-12,Indian Overseas Bank Apps,,,,,2.9,0.01,,,2.9,0.01,,,
2022-12,IndusInd Bank Apps,,,,,1062.4,1.26,,,1062.4,1.26,,,
2022-12,Janata Sahakari Bank Apps,,,,,4.58,0.01,,,4.58,0.01,,,
2022-12,Jio Payments Bank Apps,,,,,104.71,1.48,,,104.71,1.48,,,
2022-12,Jupiter,,,,,318.03,2.53,,,318.03,2.53,,,
2022-12,Karnataka Bank Apps,,,,,91.09,0.48,,,91.09,0.48,,,
2022-12,Karur Vysya Bank Apps,,,,,14.87,0.04,,,14.87,0.04,,,
2022-12,Kotak Mahindra Bank Apps,0.01,,,,2480.17,11.53,,,2480.18,11.53,,,
2022-12,MakeMyTrip,,,,,52.3,0.1,,,52.3,0.1,,,
2022-12,Mobikwik,,,,,806.82,3.62,,,806.82,3.62,,,
2022-12,NSDL Payments Bank Apps,,,,,2.95,0.02,,,2.95,0.02,,,
2022-12,Paytm Payments Bank App,580.52,0.43,16.86,6.08,118069.81,1054.05,20154.47,109.79,138821.66,1170.34,,,
2022-12,PhonePe,,,,,639348.78,3674.24,,,639348.78,3674.24,,,
2022-12,Punjab National Bank Apps,,,,,76.7,0.22,,,76.7,0.22,,,
2022-12,Punjab Sind Bank Apps,,,,,10.48,0.03,,,10.48,0.03,,,
2022-12,RBL Bank Apps,0.89,0.18,0.01,,214.4,0.92,,,215.3,1.1,,,
2022-12,Samsung Pay,,,,,531.12,5.49,,,531.12,5.49,,,
2022-12,Slash,,,,,0.79,0.01,,,0.79,0.01,,,
2022-12,Slice,,,,,15.74,0.15,,,15.74,0.15,,,
2022-12,South Indian Bank Apps,,,,,53.2,0.18,,,53.2,0.18,,,
2022-12,Standard Chartered Bank Apps,,,,,90.42,0.16,,,90.42,0.16,,,
2022-12,State Bank of India Apps,,,,,1928.43,4.22,,,1928.43,4.22,,,
2022-12,Tamilnad Mercantile Bank Apps,,,,,12.13,0.08,,,12.13,0.08,,,
2022-12,TataNeu,,,,,17.64,0.15,,,17.64,0.15,,,
2022-12,UCO Bank Apps,,,,,93.32,0.31,,,93.32,0.31,,,
2022-12,Ultracash,,,,,1.65,0.03,,,1.65,0.03,,,
2022-12,Union Bank Apps,,,,,310.63,0.92,,,310.63,0.92,,,
2022-12,Utkarsh Small Finance Bank Apps,,,,,7.81,0.02,,,7.81,0.02,,,
2022-12,WhatsApp,,,,,917.49,11.05,,,917.49,11.05,,,
2022-12,Yes Bank Apps,91.35,0.18,,,13324.11,35.98,,,13415.46,36.16,,,
2022-12,Others,,,,,7.64,0.03,,,7.64,0.03,,,
2023-01,Airtel Payments Bank Apps,0.02,,,,834.52,9.77,0.1,,834.63,9.77,,,
2023-01,Allahabad Bank Apps,,,,,9.17,0.03,,,9.17,0.03,,,
2023-01,Amazon Pay,,,,,5797.03,57.75,,,5797.03,57.75,,,
2023-01,AU Small Finance Bank Apps,,,,,181.45,0.58,,,181.45,0.58,,,
2023-01,Axis Bank Apps,4.51,0.03,43.47,48.0,1419.65,8.24,,,1467.64,56.28,,,
2023-01,Bajaj Finserv,,,,,812.4,5.01,,,812.4,5.01,,,
2023-01,Bajaj Markets,,,,,0.5,0.01,,,0.5,0.01,,,
2023-01,Bandhan Bank Apps,,,,,1.47,0.01,,,1.47,0.01,,,
2023-01,Bank of Baroda Apps,,,,,423.46,1.1,,,423.46,1.1,,,
2023-01,Bank of India Apps,,,,,70.34,0.24,,,70.34,0.24,,,
2023-01,Bank of Maharashtra Apps,,,,,20.39,0.08,,,20.39,0.08,,,
2023-01,BHIM,,,,,8164.65,24.96,,,8164.65,24.96,,,
2023-01,Canara Bank Apps,,,,,289.29,1.08,,,289.29,1.08,,,
2023-01,Central Bank of India Apps,0.02,,,,68.65,0.31,,,68.68,0.31,,,
2023-01,Citi Bank Apps,,,,,71.81,0.12,,,71.81,0.12,,,
2023-01,City Union Bank Apps,,,,,15.51,0.05,,,15.51,0.05,,,
2023-01,Cointab,,,,,21.16,0.05,,,21.16,0.05,,,
2023-01,Cred,,,,,19106.82,35.18,,,19106.82,35.18,,,
2023-01,DBS Digibank Apps,,,,,174.02,0.41,,,174.02,0.41,,,
2023-01,Deutsche Bank Apps,18.58,0.02,,,131.72,1.3,,,150.29,1.31,,,
2023-01,Dhanlaxmi Bank Apps,,,,,2.76,0.01,,,2.76,0.01,,,
2023-01,Equitas Small Finance Bank Apps,,,,,13.02,0.02,,,13.02,0.02,,,
2023-01,Eroute,,,,,2.29,0.08,,,2.29,0.08,,,
2023-01,Fampay PPI,0.01,,,,175.63,12.8,,,175.64,12.8,,,
2023-01,Fave,,,,,7.87,0.11,,,7.87,0.11,,,
2023-01,Federal Bank Apps,,,,,604.6,4.72,,,604.61,4.72,,,
2023-01,Fino Payments bank Apps,,,,,7.51,0.11,,,7.51,0.11,,,
2023-01,GoIbibo,,,,,1.6,0.01,,,1.6,0.01,,,
2023-01,Google Pay,,,,,443725.01,2782.42,,,443725.01,2782.42,,,
2023-01,Groww,,,,,152.17,0.19,,,152.17,0.19,,,
2023-01,HDFC Bank Apps,0.16,,,,3324.64,12.3,,,3324.81,12.3,,,
2023-01,HSBC Bank Apps,,,0.04,,75.54,0.13,,,75.58,0.13,,,
2023-01,ICICI Bank Apps,7761.41,6.9,376.42,5.27,8950.32,32.96,,,17088.16,45.14,,,
2023-01,IDBI Bank Apps,,,,,30.81,0.07,,,30.81,0.07,,,
2023-01,IDFC Bank Apps,586.58,0.66,,,1635.62,10.82,,,2222.2,11.47,,,
2023-01,India Post Payments Bank Apps,,,,,707.37,5.43,,,707.37,5.43,,,
2023-01,Indian Bank Apps,,,,,73.38,0.26,,,73.38,0.26,,,
2023-01,Indian Overseas Bank Apps,,,,,2.31,0.01,,,2.31,0.01,,,
2023-01,IndusInd Bank Apps,,,,,962.09,0.84,,,962.09,0.84,,,
2023-01,Janata Sahakari Bank Apps,,,,,3.98,0.01,,,3.98,0.01,,,
2023-01,Jio Payments Bank Apps,,,,,108.84,1.59,,,108.84,1.59,,,
2023-01,Jupiter,,,,,323.88,2.49,,,323.88,2.49,,,
2023-01,Karnataka Bank Apps,,,,,85.81,0.4,,,85.81,0.4,,,
2023-01,Karur Vysya Bank Apps,,,,,15.27,0.04,,,15.27,0.04,,,
2023-01,Kotak Mahindra Bank Apps,0.01,,,,2612.59,12.14,,,2612.6,12.14,,,
2023-01,MakeMyTrip,,,,,35.59,0.08,,,35.59,0.08,,,
2023-01,Mobikwik,,,,,785.48,3.49,,,785.48,3.49,,,
2023-01,NSDL Payments Bank Apps,,,,,3.0,0.02,,,3.0,0.02,,,
2023-01,Paytm Payments Bank App,638.22,0.46,18.1,7.75,119647.31,1076.75,19369.36,105.94,139673.0,1190.89,,,
2023-01,PhonePe,,,,,651108.51,3802.67,,,651108.51,3802.67,,,
2023-01,Punjab National Bank Apps,,,,,82.15,0.25,,,82.15,0.25,,,
2023-01,Punjab Sind Bank Apps,,,,,13.08,0.04,,,13.08,0.04,,,
2023-01,RBL Bank Apps,1.52,0.09,,,241.36,1.22,,,242.88,1.32,,,
2023-01,Samsung Pay,,,,,523.73,5.52,,,523.73,5.52,,,
2023-01,Slash,,,,,0.68,0.01,,,0.68,0.01,,,
2023-01,slice,,,,,45.82,0.22,,,45.82,0.22,,,
2023-01,South Indian Bank Apps,,,,,56.75,0.19,,,56.75,0.19,,,
2023-01,Standard Chartered Bank Apps,,,,,85.16,0.15,,,85.16,0.15,,,
2023-01,State Bank of India Apps,,,,,1901.92,4.06,,,1901.92,4.06,,,
2023-01,Tamilnad Mercantile Bank Apps,,,,,11.67,0.07,,,11.67,0.07,,,
2023-01,TataNeu,,,,,14.79,0.11,,,14.79,0.11,,,
2023-01,Transerv,,,,,0.71,0.01,,,0.71,0.01,,,
2023-01,UCO Bank Apps,,,,,101.06,0.32,,,101.06,0.32,,,
2023-01,Ultracash,,,,,2.25,0.04,,,2.25,0.04,,,
2023-01,Union Bank Apps,,,,,303.93,0.8,,,303.93,0.8,,,
2023-01,Utkarsh Small Finance Bank Apps,,,,,8.35,0.02,,,8.35,0.02,,,
2023-01,WhatsApp,,,,,963.12,11.47,,,963.12,11.47,,,
2023-01,Yes Bank Apps,69.27,0.59,,,12047.35,33.37,,,12116.61,33.96,,,
2023-01,Others,,,,,5.57,0.02,,,5.57,0.02,,,
2023-02,Airtel Payments Bank Apps,0.01,,,,730.35,8.71,0.09,,730.45,8.71,,,
2023-02,Allahabad Bank Apps,,,,,8.47,0.03,,,8.47,0.03,,,
2023-02,Amazon Pay,,,,,4981.82,47.8,,,4981.82,47.8,,,
2023-02,AU Small Finance Bank Apps,,,,,165.07,0.55,,,165.07,0.55,,,
2023-02,Axis Bank Apps,2.82,0.03,58.61,44.19,1352.53,7.74,,,1413.95,51.95,,,
2023-02,Bajaj Finserv,,,,,882.75,5.44,,,882.75,5.44,,,
2023-02,Bandhan Bank Apps,,,,,1.71,0.01,,,1.71,0.01,,,
2023-02,Bank of Baroda Apps,1.15,,,,408.18,1.14,,,409.33,1.14,,,
2023-02,Bank of India Apps,,,,,68.69,0.24,,,68.69,0.24,,,
2023-02,Bank of Maharashtra Apps,,,,,19.02,0.07,,,19.02,0.07,,,
2023-02,BHIM,,,,,7158.37,23.21,,,7158.37,23.21,,,
2023-02,Bajaj Finserv,,,,,3.43,0.01,,,3.43,0.01,,,
2023-02,Canara Bank Apps,,,,,284.23,1.09,,,284.23,1.09,,,
2023-02,Central Bank of India Apps,0.1,,,,72.05,0.32,,,72.15,0.32,,,
2023-02,Citi Bank Apps,,,,,59.37,0.08,,,59.37,0.08,,,
2023-02,City Union Bank Apps,,,,,15.94,0.06,,,15.94,0.06,,,
2023-02,Cointab,,,,,16.4,0.04,,,16.4,0.04,,,
2023-02,Cred,,,,,17902.2,36.57,,,17902.2,36.57,,,
2023-02,DBS Digibank Apps,,,,,161.51,0.39,,,161.51,0.39,,,
2023-02,Deutsche Bank Apps,5.9,0.01,,,112.45,1.31,,,118.35,1.32,,,
2023-02,Transerv,,,,,3.13,0.02,,,3.13,0.02,,,
2023-02,Dhanlaxmi Bank Apps,,,,,2.67,0.01,,,2.67,0.01,,,
2023-02,Equitas Small Finance Bank Apps,,,,,11.41,0.02,,,11.41,0.02,,,
2023-02,EROUTE,,,,,6.08,0.17,,,6.08,0.17,,,
2023-02,FamPay PPI,,,,,21.73,1.6,,,21.73,1.6,,,
2023-02,Fave,,,,,7.08,0.11,,,7.08,0.11,,,
2023-02,Federal Bank Apps,,,,,590.97,4.76,,,590.97,4.76,,,
2023-02,Fino Payments bank Apps,,,,,6.5,0.1,,,6.5,0.1,,,
2023-02,Google Pay,,,,,424442.48,2639.55,,,424442.48,2639.55,,,
2023-02,Groww,,,,,158.9,0.21,,,158.9,0.21,,,
2023-02,HDFC Bank Apps,0.14,,,,3116.03,11.87,,,3116.17,11.87,,,
2023-02,HSBC Bank Apps,,,0.02,,73.02,0.12,,,73.04,0.12,,,
2023-02,ICICI Bank Apps,6386.36,5.84,390.6,5.68,8054.44,28.99,,,14831.4,40.52,,,
2023-02,IDBI Bank Apps,,,,,29.25,0.07,,,29.25,0.07,,,
2023-02,IDFC Bank Apps,868.14,0.98,,,2176.07,21.31,,,3044.21,22.28,,,
2023-02,India Post Payments Bank Apps,,,,,609.49,4.05,,,609.49,4.05,,,
2023-02,Indian Bank Apps,0.13,,,,68.44,0.24,,,68.57,0.24,,,
2023-02,Indian Overseas Bank Apps,,,,,2.31,0.01,,,2.31,0.01,,,
2023-02,IndusInd Bank Apps,,,,,848.43,0.78,,,848.43,0.78,,,
2023-02,Jio Payments Bank Apps,,,,,104.03,1.5,,,104.03,1.5,,,
2023-02,Jupiter,,,,,314.07,2.39,,,314.07,2.39,,,
2023-02,Karnataka Bank Apps,,,,,88.38,0.39,,,88.38,0.39,,,
2023-02,Karur Vysya Bank Apps,,,,,14.78,0.04,,,14.78,0.04,,,
2023-02,Kotak Mahindra Bank Apps,0.03,,,,2521.61,12.09,,,2521.65,12.09,,,
2023-02,MakeMyTrip,,,,,22.7,0.05,,,22.7,0.05,,,
2023-02,Mobikwik,,,,,804.92,3.39,,,804.92,3.39,,,
2023-02,NSDL Payments Bank Apps,,,,,3.0,0.02,,,3.0,0.02,,,
2023-02,Paytm Payments Bank App,621.78,0.43,17.08,10.52,116864.36,1027.97,19025.03,98.61,136528.25,1137.53,,,
2023-02,PhonePe,,,,,620121.97,3519.12,,,620121.97,3519.12,,,
2023-02,Punjab National Bank Apps,,,,,90.01,0.33,,,90.01,0.33,,,
2023-02,Punjab Sind Bank Apps,,,,,12.34,0.04,,,12.34,0.04,,,
2023-02,RBL Bank Apps,1.72,0.1,,,487.72,1.65,,,489.45,1.74,,,
2023-02,Samsung Pay,,,,,488.33,5.24,,,488.33,5.24,,,
2023-02,Slash,,,,,0.49,0.01,,,0.49,0.01,,,
2023-02,slice,,,,,117.78,0.47,,,117.78,0.47,,,
2023-02,South Indian Bank Apps,,,,,54.81,0.2,,,54.81,0.2,,,
2023-02,Standard Chartered Bank Apps,,,,,82.79,0.14,,,82.79,0.14,,,
2023-02,State Bank of India Apps,0.05,,,,1753.88,3.72,,,1753.93,3.72,,,
2023-02,Tamilnad Mercantile Bank Apps,,,,,10.21,0.06,,,10.21,0.06,,,
2023-02,TataNeu,,,,,14.54,0.13,,,14.54,0.13,,,
2023-02,UCO Bank Apps,,,,,97.44,0.31,,,97.44,0.31,,,
2023-02,Ultracash,,,,,1.67,0.03,,,1.67,0.03,,,
2023-02,Union Bank Apps,,,,,280.27,0.71,,,280.27,0.71,,,
2023-02,Utkarsh Small Finance Bank Apps,,,,,9.01,0.02,,,9.01,0.02,,,
2023-02,WhatsApp,,,,,970.67,11.63,,,970.67,11.63,,,
2023-02,Yes Bank Apps,37.06,0.66,,,7481.18,25.89,,,7518.24,26.55,,,
2023-02,Others,,,,,9.01,0.03,,,9.01,0.03,,,
2023-03,Airtel Payments Bank Apps,,,,,761.39,10.66,0.11,,761.51,10.66,,,
2023-03,Allahabad Bank Apps,,,,,8.33,0.03,,,8.33,0.03,,,
2023-03,Amazon Pay,,,,,5360.9,50.56,,,5360.9,50.56,,,
2023-03,AU Small Finance Bank Apps,,,,,186.48,0.62,,,186.48,0.62,,,
2023-03,Axis Bank Apps,3.0,0.03,273.18,48.9,1700.48,9.31,,,1976.67,58.24,,,
2023-03,Bajaj Finserv,,,,,965.35,6.7,,,965.35,6.7,,,
2023-03,Bajaj Finserv PPI,,,,,12.22,0.05,,,12.22,0.05,,,
2023-03,Bajaj Markets,,,,,0.35,0.01,,,0.35,0.01,,,
2023-03,Bandhan Bank Apps,,,,,1.5,0.01,,,1.5,0.01,,,
2023-03,Bank of America Apps,,,,,2.06,0.01,,,2.07,0.01,,,
2023-03,Bank of Baroda Apps,0.42,,,,446.84,1.16,,,447.25,1.16,,,
2023-03,Bank of India Apps,,,,,71.14,0.23,,,71.14,0.23,,,
2023-03,Bank of Maharashtra Apps,,,,,21.29,0.06,,,21.29,0.06,,,
2023-03,BHIM,,,,,7498.24,23.68,,,7498.24,23.68,,,
2023-03,Canara Bank Apps,,,,,374.43,1.39,,,374.43,1.39,,,
2023-03,Central Bank of India Apps,0.09,,,,83.48,0.36,,,83.56,0.36,,,
2023-03,Citi Bank Apps,0.01,,,,67.55,0.12,,,67.55,0.12,,,
2023-03,City Union Bank Apps,,,,,18.93,0.06,,,18.93,0.06,,,
2023-03,Cointab,,,,,19.07,0.04,,,19.07,0.04,,,
2023-03,Cred,,,,,21056.31,42.84,,,21056.31,42.84,,,
2023-03,DBS Digibank Apps,,,,,177.88,0.41,,,177.88,0.41,,,
2023-03,Deutsche Bank Apps,19.27,0.02,,,167.84,1.72,,,187.11,1.73,,,
2023-03,Dhanlaxmi Bank Apps,,,,,3.21,0.01,,,3.21,0.01,,,
2023-03,Equitas Small Finance Bank Apps,,,,,13.57,0.02,,,13.57,0.02,,,
2023-03,Eroute,,,,,19.25,0.27,,,19.25,0.27,,,
2023-03,Fampay PPI,,,,,124.59,9.49,,,124.59,9.49,,,
2023-03,Fave,,,,,6.4,0.08,,,6.4,0.08,,,
2023-03,Federal Bank Apps,,,,,648.5,5.25,,,648.51,5.25,,,
2023-03,Fino Payments bank Apps,,,,,8.18,0.13,,,8.18,0.13,,,
2023-03,Google Pay,,,,,482896.69,3054.44,,,482896.69,3054.44,,,
2023-03,Groww,,,,,137.64,0.18,,,137.64,0.18,,,
2023-03,HDFC Bank Apps,0.01,,,,3644.87,14.22,,,3644.88,14.22,,,
2023-03,HSBC Bank Apps,,,0.03,,89.69,0.14,,,89.71,0.14,,,
2023-03,ICICI Bank Apps,8502.71,7.26,348.16,4.87,8773.27,29.46,,,17624.14,41.59,,,
2023-03,IDBI Bank Apps,,,,,32.38,0.07,,,32.38,0.07,,,
2023-03,IDFC Bank Apps,640.96,0.67,,,2665.21,13.36,,,3306.18,14.02,,,
2023-03,India Post Payments Bank Apps,,,,,667.69,4.44,,,667.69,4.44,,,
2023-03,Indian Bank Apps,16.56,,,,75.85,0.26,,,92.41,0.26,,,
2023-03,Indian Overseas Bank Apps,,,,,4.47,0.02,,,4.47,0.02,,,
2023-03,IndusInd Bank Apps,,,,,950.35,0.93,,,950.35,0.93,,,
2023-03,Janata Sahakari Bank Apps,,,,,3.74,0.01,,,3.74,0.01,,,
2023-03,Jio Payments Bank Apps,,,,,118.72,1.68,,,118.72,1.68,,,
2023-03,Jupiter,,,,,358.12,2.66,,,358.12,2.66,,,
2023-03,Karnataka Bank Apps,,,,,91.53,0.42,,,91.53,0.42,,,
2023-03,Karur Vysya Bank Apps,,,,,15.84,0.04,,,15.84,0.04,,,
2023-03,Kotak Mahindra Bank Apps,0.01,,,,2854.64,13.77,,,2854.65,13.77,,,
2023-03,LivQuick PPI,,,,,0.64,0.01,,,0.64,0.01,,,
2023-03,MakeMyTrip,,,,,23.5,0.05,,,23.5,0.05,,,
2023-03,Mobikwik,,,,,937.98,3.64,,,937.98,3.64,,,
2023-03,NSDL Payments Bank Apps,,,,,3.47,0.03,,,3.47,0.03,,,
2023-03,Paytm Payments Bank App,782.71,0.55,20.36,12.95,133167.49,1169.63,20459.85,105.25,154430.4,1288.38,,,
2023-03,PhonePe,,,,,707410.47,4076.32,,,707410.47,4076.32,,,
2023-03,Punjab National Bank Apps,,,,,110.59,0.43,,,110.59,0.43,,,
2023-03,Punjab Sind Bank Apps,,,,,13.74,0.04,,,13.74,0.04,,,
2023-03,RBL Bank Apps,1.89,0.09,,,544.09,1.79,,,545.98,1.88,,,
2023-03,Samsung Pay,,,,,528.09,5.68,,,528.09,5.68,,,
2023-03,South Indian Bank Apps,,,,,66.08,0.22,,,66.08,0.22,,,
2023-03,Standard Chartered Bank Apps,,,,,94.14,0.15,,,94.14,0.15,,,
2023-03,State Bank of India Apps,0.08,,,,2011.57,4.36,,,2011.65,4.36,,,
2023-03,Tamilnad Mercantile Bank Apps,,,,,12.42,0.07,,,12.42,0.07,,,
2023-03,TataNeu,,,,,15.0,0.12,,,15.0,0.12,,,
2023-03,Transerv PPI,,,,,8.11,0.06,,,8.11,0.06,,,
2023-03,UCO Bank Apps,,,,,116.66,0.36,,,116.66,0.36,,,
2023-03,Ultracash,,,,,2.61,0.04,,,2.61,0.04,,,
2023-03,Union Bank Apps,,,,,310.24,0.75,,,310.24,0.75,,,
2023-03,Utkarsh Small Finance Bank Apps,,,,,6.35,0.02,,,6.35,0.02,,,
2023-03,WhatsApp,,,,,1144.76,13.35,,,1144.76,13.35,,,
2023-03,Yes Bank Apps,55.12,0.68,,,10038.78,30.78,,,10093.9,31.47,,,
2023-03,Others,,,,,5.18,0.02,,,5.18,0.02,,,
2023-04,Airtel Payments Bank Apps,,,,,640.16,9.04,0.06,,640.22,9.04,,,
2023-04,Allahabad Bank Apps,,,,,8.96,0.03,,,8.96,0.03,,,
2023-04,Amazon Pay,,,,,5351.07,53.44,,,5351.07,53.44,,,
2023-04,AU Small Finance Bank Apps,,,,,184.93,0.63,,,184.93,0.63,,,
2023-04,Axis Bank Apps,2.81,0.03,282.63,42.35,1584.45,9.36,,,1869.89,51.74,,,
2023-04,Bajaj Finserv,,,,,1053.08,7.68,,,1053.08,7.68,,,
2023-04,Bandhan Bank Apps,,,,,1.44,0.01,,,1.44,0.01,,,
2023-04,Bank of Baroda Apps,,,,,392.74,1.06,,,392.74,1.06,,,
2023-04,Bank of India Apps,,,,,66.93,0.22,,,66.93,0.22,,,
2023-04,Bank of Maharashtra Apps,,,,,19.83,0.06,,,19.83,0.06,,,
2023-04,BHIM,,,,,7368.61,23.77,,,7368.61,23.77,,,
2023-04,BPAYWALLET,,,,,9.91,0.05,,,9.91,0.05,,,
2023-04,Canara Bank Apps,,,,,383.46,1.4,,,383.46,1.4,,,
2023-04,Central Bank of India Apps,0.08,,,,91.19,0.41,,,91.27,0.41,,,
2023-04,Citi Bank Apps,,,,,58.17,0.1,,,58.17,0.1,,,
2023-04,City Union Bank Apps,,,,,18.31,0.06,,,18.31,0.06,,,
2023-04,Cointab,,,,,10.61,0.02,,,10.61,0.02,,,
2023-04,Cred,,,,,20729.56,45.7,,,20729.56,45.7,,,
2023-04,DBS Digibank Apps,,,,,173.13,0.41,,,173.13,0.41,,,
2023-04,Deutsche Bank Apps,0.86,,,,142.8,1.65,,,143.66,1.65,,,
2023-04,DHANI,,,,,9.21,0.08,,,9.21,0.08,,,
2023-04,Dhanlaxmi Bank Apps,,,,,2.8,0.01,,,2.8,0.01,,,
2023-04,Equitas Small Finance Bank Apps,,,,,13.86,0.02,,,13.86,0.02,,,
2023-04,FAM,,,,,146.58,11.78,,,146.58,11.78,,,
2023-04,Fave,,,,,3.27,0.03,,,3.27,0.03,,,
2023-04,Federal Bank Apps,,,,,624.64,5.18,,,624.64,5.18,,,
2023-04,Fino Payments bank Apps,,,,,5.67,0.08,,,5.67,0.08,,,
2023-04,Google Pay,,,,,474049.9,3109.24,,,474049.9,3109.24,,,
2023-04,Groww,,,,,80.85,0.11,,,80.85,0.11,,,
2023-04,HDFC Bank Apps,16.48,,,,3685.33,14.48,,,3701.81,14.48,,,
2023-04,HSBC Bank Apps,,,0.03,,90.1,0.14,,,90.13,0.14,,,
2023-04,ICICI Bank Apps,7439.02,5.95,323.96,5.34,8941.59,30.69,,,16704.57,41.98,,,
2023-04,IDBI Bank Apps,,,,,32.02,0.07,,,32.02,0.07,,,
2023-04,IDFC Bank Apps,591.19,0.71,,,2274.12,11.96,,,2865.32,12.66,,,
2023-04,India Post Payments Bank Apps,,,,,746.48,5.24,,,746.48,5.24,,,
2023-04,Indian Bank Apps,10.71,,,,75.66,0.27,,,86.37,0.27,,,
2023-04,Indian Overseas Bank Apps,,,,,7.76,0.03,,,7.76,0.03,,,
2023-04,IndusInd Bank Apps,,,,,877.27,0.8,,,877.27,0.8,,,
2023-04,Jio Payments Bank Apps,,,,,112.21,1.49,,,112.21,1.49,,,
2023-04,Jupiter,,,,,380.27,2.72,,,380.27,2.72,,,
2023-04,Akudo & Muvin (Livquik),,,,,4.25,0.11,,,4.25,0.11,,,
2023-04,Karnataka Bank Apps,,,,,110.35,0.51,,,110.35,0.51,,,
2023-04,Karur Vysya Bank Apps,,,,,14.19,0.04,,,14.19,0.04,,,
2023-04,Kotak Mahindra Bank Apps,0.01,,,,2845.64,13.98,,,2845.65,13.98,,,
2023-04,MakeMyTrip,,,,,12.91,0.02,,,12.91,0.02,,,
2023-04,Mobikwik,,,,,923.59,3.48,,,923.59,3.48,,,
2023-04,NSDL Payments Bank Apps,,,,,3.42,0.02,,,3.42,0.02,,,
2023-04,OMNI,,,,,6.74,0.26,,,6.74,0.26,,,
2023-04,Paytm Payments Bank App,793.27,0.53,14.25,8.83,135343.96,1184.38,19560.25,105.52,155711.73,1299.25,,,
2023-04,PhonePe,,,,,710178.44,4216.99,,,710178.44,4216.99,,,
2023-04,PINELABS,,,,,1.31,0.02,,,1.31,0.02,,,
2023-04,Punjab National Bank Apps,0.01,,,,148.27,1.03,,,148.28,1.03,,,
2023-04,Punjab Sind Bank Apps,,,,,14.04,0.04,,,14.04,0.04,,,
2023-04,RBL Bank Apps,2.7,0.1,,,489.63,1.56,,,492.33,1.66,,,
2023-04,Samsung Pay,,,,,511.04,5.67,,,511.04,5.67,,,
2023-04,Slash,,,,,0.32,0.01,,,0.32,0.01,,,
2023-04,slice,,,,,170.62,0.66,,,170.62,0.66,,,
2023-04,South Indian Bank Apps,,,,,63.81,0.22,,,63.81,0.22,,,
2023-04,Standard Chartered Bank Apps,,,,,94.21,0.16,,,94.22,0.16,,,
2023-04,State Bank of India Apps,0.11,,,,1910.04,4.09,,,1910.15,4.09,,,
2023-04,Tamilnad Mercantile Bank Apps,,,,,13.15,0.06,,,13.15,0.06,,,
2023-04,TataNeu,,,,,16.46,0.15,,,16.46,0.15,,,
2023-04,UCO Bank Apps,,,,,111.87,0.34,,,111.87,0.34,,,
2023-04,Ultracash,,,,,2.1,0.03,,,2.1,0.03,,,
2023-04,Union Bank Apps,,,,,301.17,0.74,,,301.17,0.74,,,
2023-04,Utkarsh Small Finance Bank Apps,,,,,6.43,0.02,,,6.43,0.02,,,
2023-04,WhatsApp,,,,,1319.01,14.83,,,1319.01,14.83,,,
2023-04,Yes Bank Apps,303.98,0.88,,,12151.0,34.45,,,12454.98,35.33,,,
2023-04,Others,,,,,8.54,0.03,,,8.54,0.03,,,
2023-05,Airtel Payments Bank Apps,,,,,627.09,9.17,0.08,,627.17,9.17,,,
2023-05,Allahabad Bank Apps,,,,,8.87,0.03,,,8.87,0.03,,,
2023-05,Amazon Pay,,,,,5772.68,57.08,,,5772.68,57.08,,,
2023-05,AU Small Finance Bank Apps,,,,,193.87,0.65,,,193.87,0.65,,,
2023-05,Axis Bank Apps,3.0,0.03,217.0,37.0,1697.23,10.19,,,1916.44,47.38,,,
2023-05,Bajaj Finserv,,,,,1189.82,9.12,,,1189.82,9.12,,,
2023-05,Bank of Baroda Apps,,,,,412.02,1.11,,,412.03,1.11,,,
2023-05,Bank of India Apps,,,,,69.86,0.22,,,69.87,0.22,,,
2023-05,BHIM,,,,,7209.87,22.96,,,7209.87,22.96,,,
2023-05,BPAYWALLET,,,,,9.65,0.06,,,9.65,0.06,,,
2023-05,Canara Bank Apps,,,,,431.27,1.48,,,431.27,1.48,,,
2023-05,Central Bank of India Apps,,,,,95.52,0.43,,,95.58,0.43,,,
2023-05,Citi Bank Apps,,,,,55.38,0.09,,,55.38,0.09,,,
2023-05,City Union Bank Apps,,,,,20.02,0.06,,,20.02,0.06,,,
2023-05,Cointab,,,,,4.24,0.01,,,4.24,0.01,,,
2023-05,Cred,,,,,23426.74,61.04,,,23426.74,61.04,,,
2023-05,DBS Digibank Apps,,,,,174.75,0.42,,,174.75,0.42,,,
2023-05,Deutsche Bank Apps,,,,,174.25,1.89,,,174.27,1.89,,,
2023-05,DHANI,,,,,7.55,0.04,,,7.55,0.04,,,
2023-05,Dhanlaxmi Bank Apps,,,,,2.93,0.01,,,2.93,0.01,,,
2023-05,Equitas Small Finance Bank Apps,,,,,16.31,0.03,,,16.31,0.03,,,
2023-05,FAM,,,,,166.5,13.78,,,166.5,13.78,,,
2023-05,Fave,,,,,1.68,0.02,,,1.68,0.02,,,
2023-05,Federal Bank Apps,,,,,643.6,5.12,,,643.62,5.12,,,
2023-05,Fino Payments bank Apps,,,,,6.6,0.09,,,6.6,0.09,,,
2023-05,Google Pay,,,,,497748.17,3274.69,,,497748.17,3274.69,,,
2023-05,Groww,,,,,287.97,0.47,,,287.97,0.47,,,
2023-05,HDFC Bank Apps,3.0,,,,3979.33,16.07,,,3982.69,16.07,,,
2023-05,HSBC Bank Apps,,,,,87.42,0.14,,,87.5,0.14,,,
2023-05,ICICI Bank Apps,6755.0,5.09,380.0,5.23,9965.41,33.59,,,17101.09,43.92,,,
2023-05,IDBI Bank Apps,,,,,34.64,0.08,,,34.64,0.08,,,
2023-05,IDFC Bank Apps,7.0,0.04,,,1688.6,8.52,,,1696.01,8.56,,,
2023-05,India Post Payments Bank Apps,,,,,775.77,5.04,,,775.77,5.04,,,
2023-05,Indian Bank Apps,4.0,,,,80.31,0.28,,,84.07,0.28,,,
2023-05,Indian Overseas Bank Apps,,,,,10.5,0.04,,,10.5,0.04,,,
2023-05,IndusInd Bank Apps,,,,,886.1,0.81,,,886.1,0.81,,,
2023-05,Jammu and Kashmir Bank Apps,,,,,2.0,0.01,,,2.0,0.01,,,
2023-05,Jio Payments Bank Apps,,,,,119.8,1.56,,,119.8,1.56,,,
2023-05,Jupiter,,,,,415.04,2.94,,,415.04,2.94,,,
2023-05,Akudo & Muvin (Livquik),,,,,6.62,0.18,,,6.62,0.18,,,
2023-05,Karnataka Bank Apps,,,,,127.13,0.63,,,127.13,0.63,,,
2023-05,Karur Vysya Bank Apps,,,,,13.65,0.04,,,13.65,0.04,,,
2023-05,Kotak Mahindra Bank Apps,,,,,3139.04,16.31,,,3139.05,16.31,,,
2023-05,MakeMyTrip,,,,,8.01,0.02,,,8.01,0.02,,,
2023-05,Mobikwik,,,,,997.92,3.59,,,997.92,3.59,,,
2023-05,NSDL Payments Bank Apps,,,,,3.28,0.02,,,3.28,0.02,,,
2023-05,OMNI,,,,,10.1,0.39,,,10.1,0.39,,,
2023-05,Paytm Payments Bank App,887.0,0.56,7.0,3.95,142291.76,1229.38,21658.49,108.39,164843.79,1342.28,,,
2023-05,PhonePe,,,,,757276.68,4499.2,,,757276.68,4499.2,,,
2023-05,PINELABS,,,,,3.25,0.06,,,3.25,0.06,,,
2023-05,Punjab National Bank Apps,,,,,177.63,1.1,,,177.69,1.1,,,
2023-05,Punjab Sind Bank Apps,,,,,13.71,0.04,,,13.71,0.04,,,
2023-05,RBL Bank Apps,5.0,0.18,,,484.53,1.06,,,489.36,1.24,,,
2023-05,RBLBANK,,,,,0.06,0.01,,,0.06,0.01,,,
2023-05,Samsung Pay,,,,,535.16,5.83,,,535.16,5.83,,,
2023-05,slice,,,,,194.68,0.83,,,194.68,0.83,,,
2023-05,South Indian Bank Apps,,,,,71.46,0.25,,,71.46,0.25,,,
2023-05,Standard Chartered Bank Apps,,,,,91.48,0.15,,,91.48,0.15,,,
2023-05,State Bank of India Apps,,0.01,,,1969.72,4.48,,,1969.95,4.48,,,
2023-05,Tamilnad Mercantile Bank Apps,,,,,14.83,0.07,,,14.83,0.07,,,
2023-05,TataNeu,,,,,19.28,0.15,,,19.28,0.15,,,
2023-05,UCO Bank Apps,,,,,118.26,0.36,,,118.26,0.36,,,
2023-05,Ultracash,,,,,1.13,0.01,,,1.13,0.01,,,
2023-05,Union Bank Apps,,,,,306.93,0.76,,,306.93,0.76,,,
2023-05,Utkarsh Small Finance Bank Apps,,,,,6.81,0.02,,,6.81,0.02,,,
2023-05,WhatsApp,,,,,1477.06,15.98,,,1477.06,15.98,,,
2023-05,Yes Bank Apps,72.0,0.44,,,12934.66,42.21,,,13006.24,42.65,,,
2023-05,Zomato,,,,,0.43,0.01,,,0.43,0.01,,,
2023-05,Others,,,,,10.98,0.03,,,10.98,0.03,,,
2023-06,PhonePe,,,,,745552.2,4461.4,,,745552.2,4461.36,,,
2023-06,Google Pay,,,,,494088.0,3266.8,,,494088.0,3266.83,,,
2023-06,Paytm Payments Bank App,866.8,0.6,4.2,1.4,139950.1,1197.3,21673.7,108.1,162494.8,1307.48,,,
2023-06,Cred,,,,,26431.8,73.9,,,26431.8,73.93,,,
2023-06,Amazon Pay,,,,,5647.9,52.9,,,5647.9,52.89,,,
2023-06,Axis Bank Apps,1.9,,537.1,37.9,1692.7,9.7,,,2231.7,47.64,,,
2023-06,ICICI Bank Apps,7306.5,5.7,338.0,4.8,8599.3,27.1,,,16243.7,37.63,,,
2023-06,Yes Bank Apps,275.6,0.7,,,12721.8,35.8,,,12997.5,36.46,,,
2023-06,BHIM,,,,,7289.0,23.1,,,7289.0,23.11,,,
2023-06,HDFC Bank Apps,,,,,4168.6,17.6,,,4168.6,17.56,,,
2023-06,Kotak Mahindra Bank Apps,,,,,3202.5,17.4,,,3202.5,17.38,,,
2023-06,WhatsApp,,,,,1443.3,16.0,,,1443.3,16.0,,,
2023-06,Fampay,,,,,184.7,15.0,,,184.7,14.99,,,
2023-06,Bajaj Finserv,,,,,1312.6,9.8,,,1312.6,9.76,,,
2023-06,Airtel Payments Bank Apps,,,,,632.1,8.8,0.1,,632.2,8.84,,,
2023-06,IDFC Bank Apps,12.2,,,,1528.1,6.3,,,1540.3,6.31,,,
2023-06,Samsung Pay,,,,,522.8,5.6,,,522.8,5.61,,,
2023-06,Federal Bank Apps,,,,,630.0,4.9,,,630.0,4.86,,,
2023-06,India Post Payments Bank Apps,,,,,742.5,4.8,,,742.5,4.83,,,
2023-06,State Bank of India Apps,0.4,,,,1959.3,4.6,,,1959.7,4.64,,,
2023-06,Mobikwik,,,,,1060.4,3.6,,,1060.4,3.58,,,
2023-06,Jupiter,,,,,424.8,3.0,,,424.8,2.96,,,
2023-06,Deutsche Bank Apps,,,,,125.6,1.8,,,125.6,1.81,,,
2023-06,Canara Bank Apps,,,,,462.7,1.6,,,462.7,1.58,,,
2023-06,Groww,,,,,1039.6,1.5,,,1039.6,1.45,,,
2023-06,Standard Chartered Bank Apps,150.0,0.2,,,522.6,1.2,,,672.6,1.4,,,
2023-06,Jio Payments Bank Apps,,,,,113.2,1.4,,,113.2,1.35,,,
2023-06,RBL Bank Apps,4.4,0.2,,,493.4,1.1,,,497.9,1.29,,,
2023-06,Bank of Baroda Apps,0.1,,,,427.6,1.2,,,427.7,1.19,,,
2023-06,slice,,,,,272.8,0.9,,,272.8,0.88,,,
2023-06,IndusInd Bank Apps,,,,,897.6,0.8,,,897.6,0.79,,,
2023-06,Union Bank Apps,,,,,318.9,0.8,,,318.9,0.79,,,
2023-06,Punjab National Bank Apps,,,,,169.7,0.8,,,169.7,0.77,,,
2023-06,AU Small Finance Bank Apps,,,,,196.1,0.6,,,196.1,0.64,,,
2023-06,Karnataka Bank Apps,,,,,125.9,0.6,,,125.9,0.61,,,
2023-06,OmniCard,,,,,13.9,0.5,,,13.9,0.48,,,
2023-06,Central Bank of India Apps,0.1,,,,97.4,0.4,,,97.6,0.44,,,
2023-06,DBS Digibank Apps,,,,,166.9,0.4,,,166.9,0.41,,,
2023-06,UCO Bank Apps,,,,,107.6,0.3,,,107.6,0.33,,,
2023-06,Indian Bank Apps,1.1,,,,80.2,0.3,,,81.2,0.28,,,
2023-06,South Indian Bank Apps,,,,,70.5,0.3,,,70.5,0.25,,,
2023-06,Bank of India Apps,,,,,71.9,0.2,,,71.9,0.23,,,
2023-06,Jupiter Edge (LivQuick PPI),,,,,11.3,0.2,,,11.3,0.21,,,
2023-06,HSBC Bank Apps,,,0.1,,89.1,0.2,,,89.2,0.15,,,
2023-06,Fino Payments bank Apps,,,,,9.2,0.1,,,9.2,0.13,,,
2023-06,TataNeu,,,,,17.6,0.1,,,17.6,0.12,,,
2023-06,Tamilnad Mercantile Bank Apps,,,,,18.9,0.1,,,18.9,0.08,,,
2023-06,IDBI Bank Apps,,,,,34.1,0.1,,,34.1,0.08,,,
2023-06,Citi Bank Apps,,,,,54.2,0.1,,,54.2,0.07,,,
2023-06,Fave,,,,,4.6,0.1,,,4.6,0.07,,,
2023-06,Bajaj Finserv PPI,,,,,14.3,0.1,,,14.3,0.07,,,
2023-06,PINELABS,,,,,4.2,0.1,,,4.2,0.07,,,
2023-06,City Union Bank Apps,,,,,18.3,0.1,,,18.3,0.06,,,
2023-06,Kiwi,,,,,4.1,0.1,,,4.1,0.05,,,
2023-06,Indian Overseas Bank Apps,,,,,13.0,,,,13.0,0.05,,,
2023-06,Ultracash,,,,,3.1,,,,3.1,0.04,,,
2023-06,Karur Vysya Bank Apps,,,,,14.0,,,,14.0,0.04,,,
2023-06,MakeMyTrip,,,,,18.2,,,,18.2,0.03,,,
2023-06,Punjab Sind Bank Apps,,,,,12.6,,,,12.6,0.03,,,
2023-06,Dhani,,,,,7.0,,,,7.0,0.03,,,
2023-06,Equitas Small Finance Bank Apps,,,,,17.3,,,,17.3,0.03,,,
2023-06,Allahabad Bank Apps,,,,,8.3,,,,8.3,0.03,,,
2023-06,NSDL Payments Bank Apps,,,,,4.1,,,,4.1,0.02,,,
2023-06,GoNiyo PPI,,,,,0.5,,,,0.5,0.02,,,
2023-06,Utkarsh Small Finance Bank Apps,,,,,6.3,,,,6.3,0.02,,,
2023-06,Jammu and Kashmir Bank Apps,,,,,2.4,,,,2.4,0.01,,,
2023-06,Bandhan Bank Apps,,,,,3.1,,,,3.1,0.01,,,
2023-06,Zomato,,,,,1.7,,,,1.7,0.01,,,
2023-06,Dhanlaxmi Bank Apps,,,,,3.2,,,,3.2,0.01,,,
2023-06,Bank of Maharashtra Apps,,,,,0.8,,,,0.8,0.01,,,
2023-06,Others,,,,,11.8,,,,11.8,,,,
2023-07,PhonePe,,,,,761247.87,4743.66,,,761247.87,4743.66,,,
2023-07,Google Pay,,,,,518095.1,3494.64,,,518095.1,3494.64,,,
2023-07,Paytm Payments Bank App,887.53,0.57,4.19,1.4,147723.3,1278.96,22152.33,112.74,170767.35,1393.66,,,
2023-07,Cred,,,,,30999.71,80.34,,,30999.71,80.34,,,
2023-07,Axis Bank Apps,2.16,0.01,1447.04,54.52,1767.83,9.77,,,3217.03,64.3,,,
2023-07,Amazon Pay,,,,,6163.84,57.6,,,6163.84,57.6,,,
2023-07,ICICI Bank Apps,9379.69,7.31,312.8,4.14,8077.88,24.47,,,17770.37,35.92,,,
2023-07,Yes Bank Apps,83.07,0.48,,,11419.73,31.53,,,11502.79,32.01,,,
2023-07,BHIM,,,,,8244.91,24.94,,,8244.91,24.94,,,
2023-07,Kotak Mahindra Bank Apps,0.01,,,,3480.59,18.56,,,3480.6,18.56,,,
2023-07,WhatsApp,,,,,1598.67,17.84,,,1598.67,17.84,,,
2023-07,HDFC Bank Apps,,,,,4410.51,17.77,,,4410.51,17.77,,,
2023-07,Fampay,,,,,206.43,16.79,,,206.43,16.79,,,
2023-07,Bajaj Finserv,,,,,1740.97,12.11,,,1740.97,12.11,,,
2023-07,Airtel Payments Bank Apps,0.01,,,,665.97,9.65,0.07,,666.04,9.65,,,
2023-07,Samsung Pay,,,,,544.13,5.81,,,544.13,5.81,,,
2023-07,India Post Payments Bank Apps,,,,,587.75,5.43,,,587.75,5.43,,,
2023-07,Federal Bank Apps,,,,,665.11,5.19,,,665.11,5.19,,,
2023-07,State Bank of India Apps,0.52,0.02,,,2094.63,4.99,,,2095.15,5.01,,,
2023-07,IDFC Bank Apps,,,,,1121.41,4.17,,,1121.41,4.17,,,
2023-07,Standard Chartered Bank Apps,523.09,0.6,,,1606.29,3.54,,,2129.38,4.14,,,
2023-07,Mobikwik,,,,,1140.63,3.79,,,1140.63,3.79,,,
2023-07,Jupiter,,,,,466.39,3.27,,,466.39,3.27,,,
2023-07,Groww,,,,,2075.98,2.81,,,2075.98,2.81,,,
2023-07,Deutsche Bank Apps,0.02,,,,175.5,1.83,,,175.52,1.83,,,
2023-07,Canara Bank Apps,,,,,514.02,1.73,,,514.02,1.73,,,
2023-07,Kiwi,,,,,52.51,1.53,,,52.51,1.53,,,
2023-07,Bank of Baroda Apps,,,,,477.16,1.34,,,477.16,1.34,,,
2023-07,Jio Payments Bank Apps,,,,,114.12,1.34,,,114.12,1.34,,,
2023-07,RBL Bank Apps,6.35,0.14,0.01,,523.22,1.13,,,529.58,1.28,,,
2023-07,slice,,,,,301.0,0.94,,,301.0,0.94,,,
2023-07,Union Bank Apps,,,,,349.19,0.88,,,349.19,0.88,,,
2023-07,IndusInd Bank Apps,,,,,723.32,0.84,,,723.32,0.84,,,
2023-07,Punjab National Bank Apps,,,,,181.5,0.79,,,181.5,0.79,,,
2023-07,AU Small Finance Bank Apps,,,,,209.86,0.68,,,209.86,0.68,,,
2023-07,Omnicard,,,,,19.49,0.62,,,19.49,0.62,,,
2023-07,Karnataka Bank Apps,,,,,124.34,0.61,,,124.34,0.61,,,
2023-07,DBS Digibank Apps,0.37,,,,179.34,0.44,,,179.72,0.44,,,
2023-07,Central Bank of India Apps,0.23,,,,97.52,0.44,,,97.75,0.44,,,
2023-07,UCO Bank Apps,,,,,116.31,0.36,,,116.31,0.36,,,
2023-07,Indian Bank Apps,0.35,,,,92.29,0.31,,,92.64,0.31,,,
2023-07,South Indian Bank Apps,,,,,73.83,0.25,,,73.83,0.25,,,
2023-07,Bank of India Apps,,,,,78.83,0.25,,,78.83,0.25,,,
2023-07,Fino Payments bank Apps,,,,,13.36,0.17,,,13.36,0.17,,,
2023-07,HSBC Bank Apps,,,0.08,,96.44,0.16,,,96.52,0.16,,,
2023-07,Fave,,,,,7.56,0.12,,,7.56,0.12,,,
2023-07,Bajaj Finserv PPI,,,,,25.8,0.11,,,25.8,0.11,,,
2023-07,TataNeu,,,,,16.7,0.1,,,16.7,0.1,,,
2023-07,Tamilnad Mercantile Bank Apps,,,,,23.5,0.1,,,23.5,0.1,,,
2023-07,IDBI Bank Apps,,,,,37.4,0.07,,,37.4,0.07,,,
2023-07,Citi Bank Apps,,,,,61.36,0.07,,,61.36,0.07,,,
2023-07,Ultracash,,,,,5.01,0.07,,,5.01,0.07,,,
2023-07,City Union Bank Apps,,,,,20.96,0.07,,,20.96,0.07,,,
2023-07,Indian Overseas Bank Apps,,,,,18.01,0.07,,,18.01,0.07,,,
2023-07,Karur Vysya Bank Apps,,,,,16.34,0.04,,,16.34,0.04,,,
2023-07,MakeMyTrip,,,,,19.92,0.04,,,19.92,0.04,,,
2023-07,Dhani,,,,,7.81,0.03,,,7.81,0.03,,,
2023-07,Equitas Small Finance Bank Apps,,,,,18.9,0.03,,,18.9,0.03,,,
2023-07,Bank of Maharashtra Apps,,,,,5.66,0.03,,,5.66,0.03,,,
2023-07,Allahabad Bank Apps,,,,,8.73,0.03,,,8.73,0.03,,,
2023-07,Punjab Sind Bank Apps,,,,,12.72,0.03,,,12.72,0.03,,,
2023-07,NSDL Payments Bank Apps,,,,,4.56,0.03,,,4.56,0.03,,,
2023-07,Utkarsh Small Finance Bank Apps,,,,,6.24,0.02,,,6.24,0.02,,,
2023-07,Mobikwik PPI,,,,,3.63,0.02,,,3.63,0.02,,,
2023-07,Jammu and Kashmir Bank Apps,,,,,2.29,0.01,,,2.29,0.01,,,
2023-07,Zomato,,,,,0.66,0.01,,,0.66,0.01,,,
2023-07,Dhanlaxmi Bank Apps,,,,,2.87,0.01,,,2.87,0.01,,,
2023-07,Bandhan Bank Apps,,,,,0.98,0.01,,,0.98,0.01,,,
2023-07,Shriram,,,,,0.21,0.01,,,0.21,0.01,,,
2023-07,Others,,,,,11.05,0.03,,,11.05,0.03,,,
2023-08,PhonePe,,,,,775265.57,4987.33,,,775265.57,4987.33,,,
2023-08,Google Pay,,,,,538113.42,3767.68,,,538113.42,3767.68,,,
2023-08,Paytm Payments Bank App,939.0,0.59,5.06,1.86,153577.58,1363.05,22282.87,119.32,176804.51,1484.82,,,
2023-08,Cred,,,,,31926.2,85.13,,,31926.2,85.13,,,
2023-08,Axis Bank Apps,7.88,0.05,1275.96,60.0,1753.27,9.37,,,3037.11,69.43,,,
2023-08,Amazon Pay,,,,,5836.99,54.02,,,5836.99,54.02,,,
2023-08,ICICI Bank Apps,10943.9,8.42,333.25,4.29,9721.96,25.85,,,20999.12,38.57,,,
2023-08,Yes Bank Apps,100.09,0.44,,,11154.68,28.51,,,11254.77,28.94,,,
2023-08,BHIM,,,,,7793.58,24.61,,,7793.58,24.61,,,
2023-08,Kotak Mahindra Bank Apps,2.88,0.01,,,3675.16,21.16,,,3678.04,21.17,,,
2023-08,FAM,,,,,235.89,20.27,,,235.89,20.27,,,
2023-08,WhatsApp,,,,,1677.53,19.7,,,1677.53,19.7,,,
2023-08,HDFC Bank Apps,,,,,4671.76,18.94,,,4671.76,18.94,,,
2023-08,Bajaj Finserv,,,,,1995.11,13.22,,,1995.11,13.22,,,
2023-08,Airtel Payments Bank Apps,,,,,699.21,10.2,0.06,,699.27,10.2,,,
2023-08,Samsung Pay,,,,,538.48,6.0,,,538.48,6.0,,,
2023-08,Federal Bank Apps,0.01,,,,700.65,5.7,,,700.66,5.7,,,
2023-08,India Post Payments Bank Apps,,,,,498.37,5.56,,,498.37,5.56,,,
2023-08,State Bank of India Apps,0.67,0.02,,,2104.14,5.36,,,2104.81,5.39,,,
2023-08,Groww,,,,,2911.09,4.74,,,2911.09,4.74,,,
2023-08,IDFC Bank Apps,,,,,1107.81,4.36,,,1107.81,4.36,,,
2023-08,Mobikwik,,,,,1203.54,3.96,,,1203.54,3.96,,,
2023-08,Jupiter,,,,,500.95,3.94,,,500.95,3.94,,,
2023-08,Standard Chartered Bank Apps,144.89,0.28,,,369.55,3.31,,,514.44,3.59,,,
2023-08,Deutsche Bank Apps,0.01,,,,359.84,2.08,,,359.86,2.08,,,
2023-08,Canara Bank Apps,,,,,492.29,1.64,,,492.29,1.64,,,
2023-08,Jio Payments Bank Apps,,,,,113.65,1.42,,,113.65,1.42,,,
2023-08,RBL Bank Apps,7.62,0.19,0.02,,540.67,1.2,,,548.31,1.38,,,
2023-08,Bank of Baroda Apps,4.23,,,,462.61,1.27,,,466.84,1.27,,,
2023-08,slice,,,,,306.89,0.96,,,306.89,0.96,,,
2023-08,Union Bank Apps,,,,,324.77,0.9,,,324.77,0.9,,,
2023-08,Punjab National Bank Apps,,,,,179.75,0.86,,,179.75,0.86,,,
2023-08,IndusInd Bank Apps,,,,,391.31,0.85,,,391.31,0.85,,,
2023-08,OMNI,,,,,25.2,0.77,,,25.2,0.77,,,
2023-08,AU Small Finance Bank Apps,,,,,218.16,0.71,,,218.16,0.71,,,
2023-08,KIWI,,,,,69.86,0.69,,,69.86,0.69,,,
2023-08,Karnataka Bank Apps,,,,,127.83,0.65,,,127.83,0.65,,,
2023-08,DBS Digibank Apps,0.18,,,,173.89,0.46,,,174.06,0.46,,,
2023-08,Central Bank of India Apps,0.29,,,,96.12,0.45,,,96.41,0.45,,,
2023-08,UCO Bank Apps,,,,,132.77,0.38,,,132.77,0.38,,,
2023-08,Indian Bank Apps,3.17,,,,88.52,0.33,,,91.69,0.33,,,
2023-08,Bank of India Apps,,,,,85.09,0.29,,,85.09,0.29,,,
2023-08,South Indian Bank Apps,,,,,77.42,0.28,,,77.42,0.28,,,
2023-08,Fino Payments bank Apps,,,,,15.43,0.21,,,15.43,0.21,,,
2023-08,HSBC Bank Apps,,,0.1,,98.09,0.17,,,98.19,0.17,,,
2023-08,BPAYWALLET,,,,,32.07,0.15,,,32.07,0.15,,,
2023-08,Fave,,,,,7.54,0.12,,,7.54,0.12,,,
2023-08,TataNeu,,,,,16.09,0.1,,,16.09,0.1,,,
2023-08,Tamilnad Mercantile Bank Apps,,,,,25.45,0.1,,,25.45,0.1,,,
2023-08,Ultracash,,,,,6.17,0.09,,,6.17,0.09,,,
2023-08,Citi Bank Apps,,,,,58.11,0.08,,,58.11,0.08,,,
2023-08,Indian Overseas Bank Apps,,,,,19.01,0.07,,,19.01,0.07,,,
2023-08,City Union Bank Apps,,,,,19.79,0.07,,,19.79,0.07,,,
2023-08,IDBI Bank Apps,,,,,31.69,0.06,,,31.69,0.06,,,
2023-08,INDIE,,,,,12.6,0.05,,,12.6,0.05,,,
2023-08,Bank of Maharashtra Apps,,,,,8.18,0.05,,,8.18,0.05,,,
2023-08,Karur Vysya Bank Apps,,,,,16.11,0.05,,,16.11,0.05,,,
2023-08,MakeMyTrip,,,,,20.49,0.04,,,20.49,0.04,,,
2023-08,Shriram One,,,,,2.33,0.04,,,2.33,0.04,,,
2023-08,Equitas Small Finance Bank Apps,,,,,19.23,0.03,,,19.23,0.03,,,
2023-08,NSDL Payments Bank Apps,,,,,5.39,0.03,,,5.39,0.03,,,
2023-08,Allahabad Bank Apps,,,,,7.81,0.03,,,7.81,0.03,,,
2023-08,Punjab Sind Bank Apps,,,,,12.74,0.03,,,12.74,0.03,,,
2023-08,DHANI,,,,,4.2,0.03,,,4.2,0.03,,,
2023-08,Utkarsh Small Finance Bank Apps,,,,,6.67,0.02,,,6.67,0.02,,,
2023-08,Jammu and Kashmir Bank Apps,,,,,2.8,0.01,,,2.8,0.01,,,
2023-08,DIGIKHATA,,,,,3.81,0.01,,,3.81,0.01,,,
2023-08,ZOICICI,,,,,1.0,0.01,,,1.0,0.01,,,
2023-08,Dhanlaxmi Bank Apps,,,,,3.02,0.01,,,3.02,0.01,,,
2023-08,GoIbibo,,,,,2.99,0.01,,,2.99,0.01,,,
2023-08,SURYODAY,,,,,0.03,0.01,,,0.03,0.01,,,
2023-08,Bandhan Bank Apps,,,,,0.87,0.01,,,0.87,0.01,,,
2023-08,Others,0.01,,,,8.45,0.03,,,8.46,0.03,,,
2023-09,PhonePe,,,,,774845.98,4972.81,,,774845.98,4972.81,,,
2023-09,Google Pay,,,,,541624.06,3780.89,,,541624.06,3780.89,,,
2023-09,Paytm Payments Bank App,935.71,0.58,8.06,3.47,153708.6,1333.38,22213.09,114.56,176865.46,1451.99,,,
2023-09,Cred,,,,,31558.2,86.5,,,31558.2,86.5,,,
2023-09,Axis Bank Apps,6.66,0.06,1856.5,59.77,1721.75,8.93,,,3584.91,68.76,,,
2023-09,Amazon Pay,,,,,5386.29,48.78,,,5386.29,48.78,,,
2023-09,ICICI Bank Apps,9818.34,7.58,359.88,4.05,9874.7,25.9,,,20052.91,37.52,,,
2023-09,Yes Bank Apps,53.11,0.41,,,10794.85,28.09,,,10847.96,28.49,,,
2023-09,BHIM,,,,,8005.18,24.15,,,8005.18,24.15,,,
2023-09,FAM,,,,,263.37,22.88,,,263.37,22.88,,,
2023-09,Kotak Mahindra Bank Apps,0.01,,,,3737.25,21.57,,,3737.26,21.57,,,
2023-09,WhatsApp,,,,,1732.15,20.55,,,1732.15,20.55,,,
2023-09,HDFC Bank Apps,,,,,4739.38,18.87,,,4739.39,18.87,,,
2023-09,Bajaj Finserv,,,,,2069.98,14.14,,,2069.98,14.14,,,
2023-09,Airtel Payments Bank Apps,0.04,,,,747.05,10.45,0.12,,747.21,10.46,,,
2023-09,Groww,,,,,3596.95,6.5,,,3596.95,6.5,,,
2023-09,Samsung Pay,,,,,528.2,5.81,,,528.2,5.81,,,
2023-09,Federal Bank Apps,,,,,692.03,5.54,,,692.03,5.54,,,
2023-09,State Bank of India Apps,0.64,0.02,,,2130.26,5.4,,,2130.89,5.42,,,
2023-09,India Post Payments Bank Apps,,,,,447.37,5.28,,,447.37,5.28,,,
2023-09,IDFC Bank Apps,,,,,1109.67,4.42,,,1109.67,4.42,,,
2023-09,Jupiter,,,,,529.64,4.05,,,529.64,4.05,,,
2023-09,Mobikwik,,,,,1182.65,3.92,,,1182.65,3.92,,,
2023-09,Standard Chartered Bank Apps,182.94,0.31,,,148.27,1.72,,,331.21,2.03,,,
2023-09,Deutsche Bank Apps,0.02,,,,315.27,1.93,,,315.29,1.93,,,
2023-09,Canara Bank Apps,,,,,569.48,1.89,,,569.48,1.89,,,
2023-09,RBL Bank Apps,9.74,0.26,,,565.87,1.34,,,575.61,1.6,,,
2023-09,Jio Payments Bank Apps,,,,,108.84,1.44,,,108.84,1.44,,,
2023-09,Bank of Baroda Apps,5.52,,,,470.91,1.22,,,476.43,1.22,,,
2023-09,slice,,,,,310.9,1.06,,,310.9,1.06,,,
2023-09,Punjab National Bank Apps,,,,,197.93,1.0,,,197.93,1.0,,,
2023-09,OMNI,,,,,36.12,0.98,,,36.12,0.98,,,
2023-09,IndusInd Bank Apps,,,,,182.26,0.89,,,182.26,0.89,,,
2023-09,Union Bank Apps,,,,,324.39,0.87,,,324.39,0.87,,,
2023-09,AU Small Finance Bank Apps,,,,,214.25,0.66,,,214.25,0.66,,,
2023-09,GOAXB,,,,,74.94,0.64,,,74.94,0.64,,,
2023-09,Karnataka Bank Apps,,,,,125.7,0.62,,,125.7,0.62,,,
2023-09,DBS Digibank Apps,0.53,,,,178.89,0.45,,,179.42,0.45,,,
2023-09,Central Bank of India Apps,0.38,,,,94.84,0.4,,,95.22,0.4,,,
2023-09,UCO Bank Apps,,,,,127.06,0.37,,,127.06,0.37,,,
2023-09,Indian Bank Apps,60.16,0.01,,,89.16,0.32,,,149.32,0.33,,,
2023-09,Bank of India Apps,,,,,86.17,0.28,,,86.17,0.28,,,
2023-09,NAVIAXIS,,,,,17.75,0.27,,,17.75,0.27,,,
2023-09,South Indian Bank Apps,,,,,72.9,0.26,,,72.9,0.26,,,
2023-09,Fino Payments bank Apps,,,,,15.99,0.22,,,15.99,0.22,,,
2023-09,BPAYWALLET,,,,,42.31,0.19,,,42.31,0.19,,,
2023-09,HSBC Bank Apps,,,0.12,,101.08,0.16,,,101.2,0.16,,,
2023-09,Tamilnad Mercantile Bank Apps,,,,,26.99,0.1,,,26.99,0.1,,,
2023-09,TataNeu,,,,,14.82,0.09,,,14.82,0.09,,,
2023-09,Fave,,,,,6.34,0.09,,,6.34,0.09,,,
2023-09,Ultracash,,,,,4.77,0.08,,,4.77,0.08,,,
2023-09,Citi Bank Apps,,,,,61.34,0.08,,,61.34,0.08,,,
2023-09,INDIE,,,,,16.09,0.07,,,16.09,0.07,,,
2023-09,Indian Overseas Bank Apps,,,,,19.12,0.07,,,19.12,0.07,,,
2023-09,City Union Bank Apps,,,,,20.6,0.07,,,20.6,0.07,,,
2023-09,IDBI Bank Apps,,,,,32.31,0.06,,,32.31,0.06,,,
2023-09,Bank of Maharashtra Apps,,,,,8.55,0.05,,,8.55,0.05,,,
2023-09,Karur Vysya Bank Apps,,,,,15.87,0.04,,,15.87,0.04,,,
2023-09,MakeMyTrip,,,,,21.32,0.04,,,21.32,0.04,,,
2023-09,SHRIRAM,,,,,2.8,0.03,,,2.8,0.03,,,
2023-09,NSDL Payments Bank Apps,,,,,5.78,0.03,,,5.78,0.03,,,
2023-09,Equitas Small Finance Bank Apps,,,,,19.39,0.03,,,19.39,0.03,,,
2023-09,DIGIKHATA,,,,,10.8,0.03,,,10.8,0.03,,,
2023-09,SLICE,,,,,3.8,0.03,,,3.8,0.03,,,
2023-09,Allahabad Bank Apps,,,,,7.15,0.03,,,7.15,0.03,,,
2023-09,Punjab Sind Bank Apps,,,,,12.32,0.03,,,12.32,0.03,,,
2023-09,DHANI,,,,,2.58,0.02,,,2.58,0.02,,,
2023-09,Utkarsh Small Finance Bank Apps,,,,,6.63,0.02,,,6.63,0.02,,,
2023-09,Jammu and Kashmir Bank Apps,,,,,2.56,0.01,,,2.56,0.01,,,
2023-09,Dhanlaxmi Bank Apps,,,,,3.46,0.01,,,3.46,0.01,,,
2023-09,GoIbibo,,,,,2.34,0.01,,,2.34,0.01,,,
2023-09,Others,0.06,,,,10.18,0.06,,,10.25,0.06,,,
2023-10,Airtel Payments Bank Apps,,,,,778.26,11.32,32.39,0.31,810.65,11.62,,,
2023-10,Allahabad Bank Apps,,,,,7.3,0.03,nan,nan,7.3,0.03,,,
2023-10,Amazon Pay,,,,,6297.17,54.39,nan,nan,6297.17,54.39,,,
2023-10,AU Small Finance Bank Apps,,,,,235.99,0.71,nan,nan,235.99,0.71,,,
2023-10,Axis Bank Apps,7.63,0.08,2721.47,62.24,2202.41,12.1,nan,nan,4931.5,74.42,,,
2023-10,Bajaj Finserv,,,,,2373.17,14.19,nan,nan,2373.17,14.19,,,
2023-10,Bajaj Finserv PPI,,,,,48.79,0.23,nan,nan,48.79,0.23,,,
2023-10,Bank of Baroda Apps,4.28,,,,393.21,0.93,nan,nan,397.49,0.93,,,
2023-10,Bank of India Apps,,,,,93.46,0.27,nan,nan,93.46,0.27,,,
2023-10,Bank of Maharashtra Apps,,,,,10.85,0.06,nan,nan,10.85,0.06,,,
2023-10,BHIM,,,,,8174.71,25.74,nan,nan,8174.71,25.74,,,
2023-10,Canara Bank Apps,0.19,0.01,,,665.24,2.21,nan,nan,665.43,2.22,,,
2023-10,Central Bank of India Apps,0.24,,,,114.69,0.52,nan,nan,114.94,0.52,,,
2023-10,Citi Bank Apps,,,,,66.07,0.08,nan,nan,66.07,0.08,,,
2023-10,City Union Bank Apps,,,,,21.55,0.07,nan,nan,21.55,0.07,,,
2023-10,Cred,,,,,34691.49,94.52,nan,nan,34691.49,94.52,,,
2023-10,DBS Digibank Apps,0.56,,,,197.14,0.5,nan,nan,197.7,0.51,,,
2023-10,Deutsche Bank Apps,0.02,,,,350.45,2.37,nan,nan,350.47,2.37,,,
2023-10,Dhani PPI,,,,,1.49,0.02,nan,nan,1.49,0.02,,,
2023-10,Digikhata PPI,,,,,15.33,0.04,nan,nan,15.33,0.04,,,
2023-10,Equitas Small Finance Bank Apps,,,,,21.65,0.03,nan,nan,21.65,0.03,,,
2023-10,Fampay PPI,,,,,314.13,27.54,nan,nan,314.13,27.54,,,
2023-10,Fave,,,,,10.38,0.11,nan,nan,10.38,0.11,,,
2023-10,Federal Bank Apps,,,,,720.68,5.89,nan,nan,720.68,5.89,,,
2023-10,Fino Payments bank Apps,,,,,20.01,0.27,nan,nan,20.01,0.27,,,
2023-10,GoKiwi,,,,,79.21,0.76,nan,nan,79.21,0.76,,,
2023-10,Google Pay,,,,,589299.18,4139.92,nan,nan,589299.18,4139.92,,,
2023-10,Groww,,,,,3354.83,5.89,nan,nan,3354.83,5.89,,,
2023-10,HDFC Bank Apps,,,,,5453.76,21.35,nan,nan,5453.76,21.35,,,
2023-10,HSBC Bank Apps,,,0.08,,105.98,0.18,nan,nan,106.07,0.18,,,
2023-10,ICICI Bank Apps,9607.29,6.52,437.19,4.82,11273.3,27.54,nan,nan,21317.78,38.88,,,
2023-10,IDBI Bank Apps,,,,,36.89,0.07,nan,nan,36.89,0.07,,,
2023-10,IDFC Bank Apps,0.01,,,,1312.45,5.26,nan,nan,1312.46,5.26,,,
2023-10,India Post Payments Bank Apps,,,,,464.95,5.54,nan,nan,464.95,5.54,,,
2023-10,Indian Bank Apps,20.56,,,,90.37,0.36,nan,nan,110.93,0.36,,,
2023-10,Indian Overseas Bank Apps,,,,,23.85,0.09,nan,nan,23.85,0.09,,,
2023-10,IndusInd Bank Apps,,,,,217.98,1.07,nan,nan,217.98,1.07,,,
2023-10,Jammu and Kashmir Bank Apps,,,,,3.39,0.01,nan,nan,3.39,0.01,,,
2023-10,Jio Payments Bank Apps,,,,,112.84,1.35,nan,nan,112.84,1.35,,,
2023-10,Jupiter,,,,,571.06,4.45,nan,nan,571.06,4.45,,,
2023-10,Karnataka Bank Apps,,,,,138.58,0.69,nan,nan,138.58,0.69,,,
2023-10,Karur Vysya Bank Apps,,,,,16.95,0.04,nan,nan,16.95,0.04,,,
2023-10,Kotak Mahindra Bank Apps,,,,,4205.76,23.83,nan,nan,4205.77,23.83,,,
2023-10,MakeMyTrip,,,,,21.47,0.04,nan,nan,21.47,0.04,,,
2023-10,Mobikwik,,,,,1378.88,4.43,nan,nan,1378.88,4.43,,,
2023-10,Mobikwik PPI,,,,,2.15,0.02,nan,nan,2.15,0.02,,,
2023-10,Navi,,,,,33.92,0.53,nan,nan,33.92,0.53,,,
2023-10,NSDL Payments Bank Apps,,,,,5.79,0.04,nan,nan,5.79,0.04,,,
2023-10,Omnicard PPI,,,,,45.9,1.2,nan,nan,45.9,1.2,,,
2023-10,Paytm Payments Bank App,1244.89,0.74,6.88,3.36,167819.3,1417.81,23903.73,122.51,192974.8,1544.41,,,
2023-10,PhonePe,,,,,838371.7,5337.96,nan,nan,838371.7,5337.96,,,
2023-10,Punjab National Bank Apps,,,,,211.45,0.99,nan,nan,211.45,0.99,,,
2023-10,Punjab Sind Bank Apps,,,,,12.94,0.03,nan,nan,12.94,0.03,,,
2023-10,RBL Bank Apps,16.09,0.27,0.02,,642.63,1.87,nan,nan,658.74,2.14,,,
2023-10,Samsung Pay,,,,,562.28,6.17,nan,nan,562.28,6.17,,,
2023-10,Shriram One,,,,,9.43,0.15,nan,nan,9.43,0.15,,,
2023-10,slice,,,,,340.4,1.33,nan,nan,340.4,1.33,,,
2023-10,slice PPI,,,,,18.41,0.33,nan,nan,18.41,0.33,,,
2023-10,South Indian Bank Apps,,,,,69.36,0.22,nan,nan,69.36,0.22,,,
2023-10,Standard Chartered Bank Apps,1462.0,2.61,,,240.59,4.41,nan,nan,1702.59,7.02,,,
2023-10,State Bank of India Apps,0.6,0.02,,,2185.45,5.51,nan,nan,2186.05,5.53,,,
2023-10,Tamilnad Mercantile Bank Apps,,,,,29.14,0.1,nan,nan,29.14,0.1,,,
2023-10,TataNeu,,,,,14.51,0.09,nan,nan,14.51,0.09,,,
2023-10,UCO Bank Apps,,,,,85.33,0.28,nan,nan,85.33,0.28,,,
2023-10,Ultracash,,,,,5.6,0.09,nan,nan,5.6,0.09,,,
2023-10,Union Bank Apps,,,,,360.41,0.89,nan,nan,360.42,0.89,,,
2023-10,Utkarsh Small Finance Bank Apps,,,,,7.44,0.02,nan,nan,7.44,0.02,,,
2023-10,WhatsApp,,,,,1903.1,22.72,nan,nan,1903.1,22.72,,,
2023-10,Yes Bank Apps,75.25,0.3,,,11183.85,27.97,nan,nan,11259.1,28.27,,,
2023-10,Others,,,,,14.29,0.06,,,14.29,0.06,,,
2023-11,PhonePe,,,,,854939.06,5281.68,nan,nan,854939.06,5281.68,,,
2023-11,Google Pay,,,,,599748.64,4099.08,nan,nan,599748.64,4099.08,,,
2023-11,Paytm Payments Bank App,1314.75,0.73,8.0,4.68,166257.62,1360.45,23569.92,113.61,191150.29,1479.47,,,
2023-11,Cred,,,,,34541.32,93.31,nan,nan,34541.32,93.31,,,
2023-11,Axis Bank Apps,7.27,0.07,1453.3,54.43,2305.08,11.52,nan,nan,3765.68,66.02,,,
2023-11,Amazon Pay,,,,,5737.75,48.62,nan,nan,5737.75,48.62,,,
2023-11,ICICI Bank Apps,12088.53,8.55,456.4,4.79,11134.92,27.41,nan,nan,23679.82,40.75,,,
2023-11,Fampay,,,,,336.92,28.43,nan,nan,336.92,28.43,,,
2023-11,Yes Bank Apps,66.93,0.28,,,11004.32,25.77,nan,nan,11071.25,26.06,,,
2023-11,Kotak Mahindra Bank Apps,,,,,4341.61,23.88,nan,nan,4341.61,23.88,,,
2023-11,BHIM,,,,,7957.46,23.49,nan,nan,7957.46,23.49,,,
2023-11,WhatsApp,,,,,1917.47,22.29,nan,nan,1917.47,22.29,,,
2023-11,HDFC Bank Apps,,,,,5511.35,20.68,nan,nan,5511.35,20.68,,,
2023-11,Bajaj Finserv,,,,,2406.06,15.95,nan,nan,2406.06,15.95,,,
2023-11,Airtel Payments Bank Apps,,,,,795.35,11.06,31.71,0.28,827.06,11.34,,,
2023-11,Samsung Pay,,,,,557.36,5.84,nan,nan,557.36,5.84,,,
2023-11,Federal Bank Apps,0.01,,,,698.05,5.51,nan,nan,698.06,5.51,,,
2023-11,State Bank of India Apps,0.66,0.02,,,2162.43,5.36,nan,nan,2163.09,5.38,,,
2023-11,India Post Payments Bank Apps,,,,,532.66,5.27,nan,nan,532.66,5.27,,,
2023-11,IDFC Bank Apps,,,,,1306.91,4.96,nan,nan,1306.91,4.96,,,
2023-11,Groww,,,,,2528.81,4.59,nan,nan,2528.81,4.59,,,
2023-11,Mobikwik,,,,,1467.04,4.52,nan,nan,1467.04,4.52,,,
2023-11,Standard Chartered Bank Apps,244.75,0.57,,,262.18,3.82,nan,nan,506.93,4.39,,,
2023-11,Jupiter,,,,,577.81,4.29,nan,nan,577.81,4.29,,,
2023-11,Deutsche Bank Apps,0.02,,,,268.83,3.26,nan,nan,268.85,3.26,,,
2023-11,Canara Bank Apps,,,,,667.04,2.29,nan,nan,667.04,2.29,,,
2023-11,RBL Bank Apps,18.3,0.37,,,621.67,1.85,nan,nan,639.97,2.23,,,
2023-11,slice,,,,,359.47,1.58,nan,nan,359.47,1.58,,,
2023-11,Jio Payments Bank Apps,,,,,117.05,1.26,nan,nan,117.05,1.26,,,
2023-11,Omnicard,,,,,37.85,1.09,nan,nan,37.85,1.09,,,
2023-11,Punjab National Bank Apps,,,,,214.29,1.04,nan,nan,214.29,1.04,,,
2023-11,Union Bank Apps,,,,,376.07,0.95,nan,nan,376.07,0.95,,,
2023-11,Bank of Baroda Apps,7.13,,,,412.54,0.95,nan,nan,419.67,0.95,,,
2023-11,IndusInd Bank Apps,,,,,193.07,0.9,nan,nan,193.07,0.9,,,
2023-11,GoKiwi,,,,,93.99,0.76,nan,nan,93.99,0.76,,,
2023-11,SLICE,,,,,27.42,0.69,nan,nan,27.42,0.69,,,
2023-11,Karnataka Bank Apps,0.01,,,,138.91,0.68,nan,nan,138.92,0.68,,,
2023-11,AU Small Finance Bank Apps,,,,,239.22,0.66,nan,nan,239.22,0.66,,,
2023-11,Navi,,,,,37.44,0.6,nan,nan,37.44,0.6,,,
2023-11,DBS Digibank Apps,0.61,,,,196.26,0.52,nan,nan,196.87,0.52,,,
2023-11,Central Bank of India Apps,0.27,,,,117.17,0.51,nan,nan,117.44,0.51,,,
2023-11,Indian Bank Apps,4.1,,,,89.84,0.36,nan,nan,93.94,0.36,,,
2023-11,Fino Payments bank Apps,,,,,25.0,0.27,nan,nan,25.0,0.27,,,
2023-11,UCO Bank Apps,,,,,81.93,0.26,nan,nan,81.93,0.26,,,
2023-11,Bajaj Pay Wallet,,,,,62.02,0.26,nan,nan,62.02,0.26,,,
2023-11,South Indian Bank Apps,,,,,74.07,0.25,nan,nan,74.07,0.25,,,
2023-11,Bank of India Apps,,,,,88.76,0.24,nan,nan,88.76,0.24,,,
2023-11,HSBC Bank Apps,,,0.1,,110.45,0.18,nan,nan,110.56,0.18,,,
2023-11,INDIE - Indus Ind,,,,,30.77,0.16,nan,nan,30.77,0.16,,,
2023-11,Tamilnad Mercantile Bank Apps,,,,,29.13,0.1,nan,nan,29.13,0.1,,,
2023-11,Indian Overseas Bank Apps,,,,,24.83,0.09,nan,nan,24.83,0.09,,,
2023-11,Fave,,,,,8.29,0.09,nan,nan,8.29,0.09,,,
2023-11,Shriram One,,,,,10.06,0.09,nan,nan,10.06,0.09,,,
2023-11,Ultracash,,,,,5.5,0.08,nan,nan,5.5,0.08,,,
2023-11,TataNeu,,,,,11.36,0.08,nan,nan,11.36,0.08,,,
2023-11,City Union Bank Apps,,,,,22.07,0.07,nan,nan,22.07,0.07,,,
2023-11,IDBI Bank Apps,,,,,35.22,0.07,nan,nan,35.22,0.07,,,
2023-11,Citi Bank Apps,,,,,60.24,0.07,nan,nan,60.24,0.07,,,
2023-11,Mobikwik,,,,,8.71,0.06,nan,nan,8.71,0.06,,,
2023-11,DIGIKHATA,,,,,20.12,0.05,nan,nan,20.12,0.05,,,
2023-11,Bank of Maharashtra Apps,,,,,8.79,0.04,nan,nan,8.79,0.04,,,
2023-11,MakeMyTrip,,,,,22.58,0.04,nan,nan,22.58,0.04,,,
2023-11,Karur Vysya Bank Apps,,,,,14.83,0.04,nan,nan,14.83,0.04,,,
2023-11,Timepay,,,,,1.2,0.04,nan,nan,1.2,0.04,,,
2023-11,NSDL Payments Bank Apps,,,,,5.89,0.03,nan,nan,5.89,0.03,,,
2023-11,Equitas Small Finance Bank Apps,,,,,19.96,0.03,nan,nan,19.96,0.03,,,
2023-11,Punjab Sind Bank Apps,,,,,14.19,0.03,nan,nan,14.19,0.03,,,
2023-11,Allahabad Bank Apps,,,,,6.93,0.03,nan,nan,6.93,0.03,,,
2023-11,CBDC Apps,0.46,0.01,,,8.49,0.2,nan,nan,8.95,0.22,,,
2023-11,Others,,,,,26.81,0.11,nan,nan,26.81,0.11,,,
2023-12,PhonePe,,,,,901006.65,5642.66,,,901006.65,5642.66,,,
2023-12,Google Pay,,,,,629285.36,4375.29,,,629285.36,4375.29,,,
2023-12,Paytm Payments Bank App,1342.34,0.75,8.39,4.38,165694.96,1442.58,24510.03,125.89,191555.71,1573.61,,,
2023-12,Cred,,,,,37293.27,105.31,,,37293.27,105.31,,,
2023-12,Axis Bank Apps,3.68,0.03,3439.12,73.58,2657.21,13.29,,,6100.01,86.9,,,
2023-12,Amazon Pay,,,,,5982.84,54.16,,,5982.84,54.16,,,
2023-12,ICICI Bank Apps,9182.39,6.9,534.86,4.46,11167.31,28.73,,,20884.56,40.09,,,
2023-12,Fampay,,,,,392.53,34.23,,,392.53,34.23,,,
2023-12,Yes Bank Apps,63.28,0.37,,,12305.58,27.99,,,12368.87,28.37,,,
2023-12,Kotak Mahindra Bank Apps,,,,,4738.2,26.36,,,4738.2,26.36,,,
2023-12,WhatsApp,,,,,2113.01,25.25,,,2113.01,25.25,,,
2023-12,BHIM,,,,,8431.47,24.3,,,8431.47,24.3,,,
2023-12,HDFC Bank Apps,0.03,,,,6095.52,23.68,,,6095.54,23.68,,,
2023-12,Bajaj Finserv,,,,,2580.43,18.08,,,2580.43,18.08,,,
2023-12,Airtel Payments Bank Apps,,,,,851.64,12.26,31.71,0.28,883.36,12.54,,,
2023-12,Groww,,,,,4039.81,6.58,,,4039.81,6.58,,,
2023-12,State Bank of India Apps,0.85,0.03,,,2362.05,6.13,,,2362.9,6.16,,,
2023-12,Samsung Pay,,,,,557.26,6.08,,,557.26,6.08,,,
2023-12,Federal Bank Apps,0.01,,,,745.4,5.95,,,745.41,5.95,,,
2023-12,IDFC Bank Apps,,,,,1306.5,5.24,,,1306.5,5.24,,,
2023-12,Mobikwik,,,,,1580.3,4.95,,,1580.3,4.95,,,
2023-12,India Post Payments Bank Apps,,,,,454.5,4.87,,,454.5,4.87,,,
2023-12,Jupiter,,,,,656.67,4.86,,,656.67,4.86,,,
2023-12,Deutsche Bank Apps,0.03,,,,223.34,3.71,,,223.36,3.71,,,
2023-12,Standard Chartered Bank Apps,157.36,0.47,,,249.27,3.17,,,406.63,3.63,,,
2023-12,Canara Bank Apps,,,,,719.5,2.55,,,719.5,2.55,,,
2023-12,RBL Bank Apps,55.79,0.21,0.01,,697.43,1.93,,,753.23,2.14,,,
2023-12,slice,,,,,403.07,1.96,,,403.07,1.96,,,
2023-12,Jio Payments Bank Apps,,,,,125.06,1.35,,,125.06,1.35,,,
2023-12,Punjab National Bank Apps,,,,,276.47,1.26,,,276.47,1.26,,,
2023-12,Omnicard,,,,,36.26,1.16,,,36.26,1.16,,,
2023-12,Bank of Baroda Apps,10.68,,,,453.4,1.05,,,464.08,1.05,,,
2023-12,IndusInd Bank Apps,,,,,203.58,1.05,,,203.58,1.05,,,
2023-12,Union Bank Apps,,,,,405.74,1.02,,,405.74,1.02,,,
2023-12,SLICE,,,,,32.65,0.95,,,32.65,0.95,,,
2023-12,DBS Digibank Apps,1.47,,,,245.47,0.78,,,246.94,0.79,,,
2023-12,GoKiwi,,,,,104.27,0.77,,,104.27,0.77,,,
2023-12,Karnataka Bank Apps,0.01,,,,144.87,0.72,,,144.89,0.72,,,
2023-12,Navi,,,,,43.86,0.69,,,43.86,0.69,,,
2023-12,AU Small Finance Bank Apps,,,,,252.89,0.68,,,252.89,0.68,,,
2023-12,Central Bank of India Apps,,,,,136.84,0.58,,,136.84,0.58,,,
2023-12,Indian Bank Apps,8.79,,,,98.27,0.4,,,107.06,0.4,,,
2023-12,Shriram One,,,,,19.47,0.33,,,19.47,0.33,,,
2023-12,Bajaj Pay Wallet,,,,,72.38,0.32,,,72.38,0.32,,,
2023-12,South Indian Bank Apps,,,,,86.96,0.3,,,86.96,0.3,,,
2023-12,Bank of India Apps,,,,,103.82,0.29,,,103.82,0.29,,,
2023-12,UCO Bank Apps,,,,,94.81,0.29,,,94.81,0.29,,,
2023-12,Mobikwik,,,,,38.53,0.28,,,38.53,0.28,,,
2023-12,Fino Payments bank Apps,,,,,26.7,0.27,,,26.7,0.27,,,
2023-12,INDIE - Indus Ind,,,,,35.32,0.2,,,35.32,0.2,,,
2023-12,HSBC Bank Apps,,,0.08,,123.63,0.2,,,123.7,0.2,,,
2023-12,Tamilnad Mercantile Bank Apps,,,,,31.47,0.11,,,31.47,0.11,,,
2023-12,Indian Overseas Bank Apps,,,,,27.85,0.11,,,27.85,0.11,,,
2023-12,Ultracash,,,,,5.06,0.08,,,5.06,0.08,,,
2023-12,TataNeu,,,,,10.49,0.08,,,10.49,0.08,,,
2023-12,IDBI Bank Apps,,,,,38.61,0.07,,,38.61,0.07,,,
2023-12,City Union Bank Apps,,,,,22.76,0.07,,,22.76,0.07,,,
2023-12,DIGIKHATA,,,,,25.8,0.07,,,25.8,0.07,,,
2023-12,PAYTMWALLET,,,,,4.53,0.07,,,4.53,0.07,,,
2023-12,Citi Bank Apps,,,,,70.44,0.07,,,70.44,0.07,,,
2023-12,Fave,,,,,4.28,0.06,,,4.28,0.06,,,
2023-12,FIFEDERAL,,,,,7.12,0.05,,,7.12,0.05,,,
2023-12,Bank of Maharashtra Apps,,,,,8.1,0.04,,,8.1,0.04,,,
2023-12,MakeMyTrip,,,,,22.2,0.04,,,22.2,0.04,,,
2023-12,NSDL Payments Bank Apps,,,,,6.36,0.04,,,6.36,0.04,,,
2023-12,Karur Vysya Bank Apps,,,,,13.69,0.04,,,13.69,0.04,,,
2023-12,Equitas Small Finance Bank Apps,,,,,21.86,0.03,,,21.86,0.03,,,
2023-12,Allahabad Bank Apps,,,,,7.01,0.03,,,7.01,0.03,,,
2023-12,DHANI,,,,,2.01,0.03,,,2.01,0.03,,,
2023-12,CBDC Apps,0.8,0.05,,,25.12,0.72,,,25.91,0.77,,,
2023-12,Other,,,,,38.33,0.12,,,38.33,0.12,,,
2024-01,PhonePe,,,,,906793.76,5734.54,,,906793.76,5734.54,,,
2024-01,Google Pay,,,,,635945.58,4442.86,,,635945.58,4442.86,,,
2024-01,Paytm Payments Bank App,1291.06,0.72,8.32,3.98,164333.33,1442.41,26982.03,122.53,192614.74,1569.63,,,
2024-01,Cred,,,,,38229.82,108.86,,,38229.82,108.86,,,
2024-01,Axis Bank Apps,2.72,0.02,2943.22,66.84,2775.63,13.31,,,5721.57,80.17,,,
2024-01,Amazon Pay,,,,,6288.95,59.48,,,6288.95,59.48,,,
2024-01,ICICI Bank Apps,10593.84,7.01,527.09,4.68,12995.05,28.93,,,24115.98,40.62,,,
2024-01,FAM,,,,,418.33,36.62,,,418.33,36.62,,,
2024-01,HDFC Bank Apps,0.08,,17.83,5.92,5458.04,25.05,,,5475.95,30.98,,,
2024-01,BHIM,,,,,8778.61,29.98,,,8778.61,29.98,,,
2024-01,Kotak Mahindra Bank Apps,,,,,4981.01,28.24,,,4981.01,28.24,,,
2024-01,WhatsApp,,,,,2132.83,26.08,,,2132.83,26.08,,,
2024-01,Yes Bank Apps,33.23,0.27,,,11585.54,23.01,,,11618.77,23.28,,,
2024-01,Bajaj Finserv,,,,,2737.66,19.87,,,2737.66,19.87,,,
2024-01,Airtel Payments Bank Apps,0.08,,,,902.32,13.24,0.03,,902.43,13.24,,,
2024-01,Groww,,,,,6540.35,9.41,,,6540.35,9.41,,,
2024-01,State Bank of India Apps,0.87,0.03,,,2425.87,6.1,,,2426.73,6.13,,,
2024-01,Samsung Pay,,,,,518.32,5.73,,,518.32,5.73,,,
2024-01,IDFC Bank Apps,,,,,1448.5,5.47,,,1448.5,5.47,,,
2024-01,Federal Bank Apps,,,,,674.05,5.33,,,674.05,5.33,,,
2024-01,Mobikwik,,,,,1625.48,5.19,,,1625.48,5.19,,,
2024-01,Jupiter,,,,,665.54,4.97,,,665.54,4.97,,,
2024-01,India Post Payments Bank Apps,,,,,461.95,4.69,,,461.95,4.69,,,
2024-01,Deutsche Bank Apps,0.03,,,,294.6,3.89,,,294.63,3.89,,,
2024-01,Standard Chartered Bank Apps,550.69,1.07,,,195.77,2.61,,,746.46,3.68,,,
2024-01,RBL Bank Apps,46.97,0.2,0.03,,739.53,3.15,,,786.52,3.35,,,
2024-01,Canara Bank Apps,,,,,758.31,2.62,,,758.31,2.62,,,
2024-01,slice,,,,,407.98,2.01,,,407.98,2.01,,,
2024-01,Jio Payments Bank Apps,,,,,137.62,1.51,,,137.62,1.51,,,
2024-01,Punjab National Bank Apps,,,,,335.6,1.32,,,335.6,1.32,,,
2024-01,Indian Bank Apps,10.91,,,,311.48,1.29,,,322.39,1.29,,,
2024-01,SLICE,,,,,41.97,1.26,,,41.97,1.26,,,
2024-01,Omnicard,,,,,37.16,1.15,,,37.16,1.15,,,
2024-01,Bank of Baroda Apps,10.66,,,,505.93,1.14,,,516.58,1.14,,,
2024-01,Union Bank Apps,,,,,451.7,1.11,,,451.7,1.11,,,
2024-01,Navi,,,,,54.5,0.96,,,54.5,0.96,,,
2024-01,Gokiwi,,,,,105.76,0.74,,,105.76,0.74,,,
2024-01,DBS Digibank Apps,1.8,,,,252.85,0.7,,,254.66,0.7,,,
2024-01,Karnataka Bank Apps,,,,,144.11,0.67,,,144.11,0.67,,,
2024-01,AU Small Finance Bank Apps,,,,,259.49,0.66,,,259.49,0.66,,,
2024-01,Central Bank of India Apps,,,,,150.41,0.63,,,150.41,0.63,,,
2024-01,Shriram One,,,,,31.86,0.59,,,31.86,0.59,,,
2024-01,FIFEDERAL,,,,,57.15,0.47,,,57.15,0.47,,,
2024-01,BPAYWALLET,,,,,88.49,0.43,,,88.49,0.43,,,
2024-01,MBK,,,,,57.77,0.39,,,57.77,0.39,,,
2024-01,South Indian Bank Apps,,,,,105.23,0.33,,,105.23,0.33,,,
2024-01,Bank of India Apps,,,,,108.18,0.29,,,108.18,0.29,,,
2024-01,Fino Payments bank Apps,,,,,31.67,0.29,,,31.67,0.29,,,
2024-01,INDIE - Indus Ind,,,,,42.84,0.25,,,42.84,0.25,,,
2024-01,UCO Bank Apps,,,,,76.62,0.21,,,76.62,0.21,,,
2024-01,HSBC Bank Apps,,,0.03,,117.97,0.2,,,118.0,0.2,,,
2024-01,Tamilnad Mercantile Bank Apps,,,,,32.85,0.12,,,32.85,0.12,,,
2024-01,Indian Overseas Bank Apps,,,,,29.92,0.11,,,29.92,0.11,,,
2024-01,Ultracash,,,,,5.95,0.08,,,5.95,0.08,,,
2024-01,Citi Bank Apps,,,,,79.39,0.08,,,79.39,0.08,,,
2024-01,Digikhata,,,,,30.34,0.08,,,30.34,0.08,,,
2024-01,TataNeu,,,,,11.48,0.08,,,11.48,0.08,,,
2024-01,City Union Bank Apps,,,,,25.49,0.08,,,25.49,0.08,,,
2024-01,IDBI Bank Apps,,,,,42.31,0.08,,,42.31,0.08,,,
2024-01,Jupiter Edge (LivQuick PPI),,,,,14.71,0.05,,,14.71,0.05,,,
2024-01,Karur Vysya Bank Apps,,,,,15.23,0.04,,,15.23,0.04,,,
2024-01,NSDL Payments Bank Apps,,,,,5.77,0.04,,,5.77,0.04,,,
2024-01,Bank of Maharashtra Apps,,,,,8.06,0.04,,,8.06,0.04,,,
2024-01,DHANI,,,,,2.71,0.04,,,2.71,0.04,,,
2024-01,PAYTMWALLET,,,,,3.11,0.03,,,3.11,0.03,,,
2024-01,MakeMyTrip,,,,,15.48,0.03,,,15.48,0.03,,,
2024-01,Equitas Small Finance Bank Apps,,,,,23.19,0.03,,,23.19,0.03,,,
2024-01,Timepay,,,,,0.33,0.03,,,0.33,0.03,,,
2024-01,Allahabad Bank Apps,,,,,6.51,0.03,,,6.51,0.03,,,
2024-01,Other Apps,,,,,31.46,0.13,,,31.46,0.13,,,
2024-01,CBDC Apps,1.63,0.07,,,46.45,0.8,,,48.08,0.88,,,
2024-02,Phonepe #,,,,,915586.0,5760.01,,,915586.0,5760.01,,,
2024-02,Google Pay #,,,45.25,46.83,637219.4,4461.29,,,637264.65,4508.12,,,
2024-02,Paytm #,971.93,0.55,0.09,0.17,145305.47,1267.27,13291.98,72.36,159569.47,1340.35,,,
2024-02,Cred #,,,,,38649.61,111.53,,,38649.61,111.53,,,
2024-02,Amazon Pay #,,,,,6278.02,59.71,,,6278.02,59.71,,,
2024-02,BHIM,,,,,9052.16,56.16,,,9052.16,56.16,,,
2024-02,ICICI Bank Apps,8779.07,5.69,416.25,4.27,10492.15,28.95,,,19687.47,38.92,,,
2024-02,FamPay by Trio #,,,,,432.81,37.89,,,432.81,37.89,,,
2024-02,HDFC Bank Apps,0.12,,71.63,23.86,4283.81,13.51,,,4355.55,37.37,,,
2024-02,Kotak Mahindra Bank Apps,,,,,5127.03,31.5,,,5127.03,31.5,,,
2024-02,Axis Bank Apps,1.77,0.01,6427.2,20.84,2290.26,10.08,,,8719.23,30.93,,,
2024-02,Whatsapp #,,,,,2175.12,26.76,,,2175.12,26.76,,,
2024-02,Yes Bank Apps,36.07,0.33,,,11308.74,21.24,,,11344.81,21.57,,,
2024-02,Bajaj Finserv #,,,,,2984.7,19.22,,,2984.7,19.22,,,
2024-02,Airtel Payments Bank Apps,0.17,,,,1028.15,14.06,0.03,0.01,1028.35,14.07,,,
2024-02,Mobikwik #,,,,,1793.84,6.28,,,1793.84,6.28,,,
2024-02,SBI Bank Apps,1.03,0.03,,,2350.42,6.17,,,2351.46,6.2,,,
2024-02,Groww #,,,,,3042.87,5.78,,,3042.87,5.78,,,
2024-02,Federal Bank Apps,,,,,717.81,5.74,,,717.81,5.74,,,
2024-02,Samsung Pay #,,,,,494.57,5.61,,,494.57,5.61,,,
2024-02,IDFC First Bank Apps,,,,,1440.44,5.54,,,1440.44,5.54,,,
2024-02,India Post Payments Bank Apps,,,,,608.29,5.38,,,608.29,5.38,,,
2024-02,Jupiter Money #,,,,,669.43,5.0,,,669.43,5.0,,,
2024-02,Standard Chartered Bank Apps,911.82,0.92,,,675.48,3.1,,,1587.3,4.02,,,
2024-02,Slice #,,,,,471.27,3.98,,,471.27,3.98,,,
2024-02,Deutsche Bank Apps,0.03,,,,377.59,3.42,,,377.62,3.43,,,
2024-02,RBL Bank Apps,88.75,0.2,0.01,,485.29,2.62,,,574.05,2.82,,,
2024-02,Canara Bank Apps,,,,,745.2,2.79,,,745.2,2.79,,,
2024-02,Freecharge #,0.19,,,,416.0,1.65,,,416.19,1.65,,,
2024-02,Jio Payments Bank Apps,,,,,145.51,1.64,,,145.51,1.64,,,
2024-02,IndusInd Bank Apps,,,,,272.43,1.46,,,272.43,1.46,,,
2024-02,Navi #,,,,,68.62,1.42,,,68.62,1.42,,,
2024-02,Punjab National Bank Apps,,,,,359.72,1.36,,,359.72,1.36,,,
2024-02,Union Bank Of India Apps,,,,,483.59,1.2,,,483.59,1.2,,,
2024-02,Omnicard #,,,,,38.18,1.15,,,38.18,1.15,,,
2024-02,Bank of Baroda Apps,9.93,,,,359.31,0.76,,,369.24,0.76,,,
2024-02,Au Small Finance Bank Apps,,,,,276.63,0.73,,,276.63,0.73,,,
2024-02,Central Bank of India Apps,,,,,165.64,0.72,,,165.64,0.72,,,
2024-02,Kiwi #,,,,,81.25,0.55,,,81.25,0.55,,,
2024-02,DBS Bank Apps,0.14,,,,201.91,0.54,,,202.06,0.54,,,
2024-02,Indian Bank Apps,47.33,0.01,,,112.76,0.42,,,160.09,0.42,,,
2024-02,Timepay #,,,,,3.95,0.42,,,3.95,0.42,,,
2024-02,Karnataka Bank Apps,,,,,85.93,0.41,,,85.93,0.41,,,
2024-02,South Indian Bank Apps,,,,,104.62,0.36,,,104.62,0.36,,,
2024-02,Shri Ram One #,,,,,31.2,0.35,,,31.2,0.35,,,
2024-02,Fino Payments Bank Apps,,,,,38.14,0.3,,,38.14,0.3,,,
2024-02,Bank of India Apps,,,,,91.81,0.24,,,91.81,0.24,,,
2024-02,HSBC Bank Apps,,,0.06,,116.46,0.21,,,116.52,0.21,,,
2024-02,Tata Neu #,,,,,17.14,0.2,,,17.14,0.2,,,
2024-02,Fave #,,,,,36.57,0.19,,,36.57,0.19,,,
2024-02,UCO Bank Apps,,,,,61.26,0.17,,,61.26,0.17,,,
2024-02,Tamilnad Mercantile Bank Apps,,,,,32.14,0.12,,,32.14,0.12,,,
2024-02,Indian Overseas Bank Apps,,,,,29.06,0.11,,,29.06,0.11,,,
2024-02,Digikhata #,,,,,35.77,0.1,,,35.77,0.1,,,
2024-02,LivQuik Apps #,,,,,28.75,0.09,,,28.75,0.09,,,
2024-02,City Union Bank Apps,,,,,24.75,0.08,,,24.75,0.08,,,
2024-02,Citi Bank Apps,,,,,70.14,0.07,,,70.14,0.07,,,
2024-02,IDBI Bank Apps,,,,,32.49,0.06,,,32.49,0.06,,,
2024-02,Dhani #,,,,,3.38,0.05,,,3.38,0.05,,,
2024-02,NSDL Payments Bank Apps,,,,,6.59,0.05,,,6.59,0.05,,,
2024-02,Karur Vysya Bank Apps,,,,,15.42,0.04,,,15.42,0.04,,,
2024-02,Bank of Maharashtra Apps,,,,,7.68,0.04,,,7.68,0.04,,,
2024-02,Equitas Small Apps,,,,,24.46,0.04,,,24.46,0.04,,,
2024-02,Flipkart UPI #,,,,,0.68,0.03,,,0.68,0.03,,,
2024-02,Punjab And Sind Bank Apps,,,,,10.71,0.02,,,10.71,0.02,,,
2024-02,Cheq,,,,,1.54,0.02,,,1.54,0.02,,,
2024-02,Niyo Global #,,,,,4.04,0.02,,,4.04,0.02,,,
2024-02,CBDC,2.67,0.1,,,61.46,0.83,,,64.13,0.94,,,
2024-02,Others,2.04,,,,12.13,0.03,,,14.17,0.03,,,
2024-03,PhonePe,,,,,1002387.84,6502.15,,,1002387.84,6502.15,,,
2024-03,Google Pay,,,,,695196.05,5061.18,,,695196.05,5061.18,,,
2024-03,Paytm,,,0.01,,133707.06,1210.64,699.77,19.4,134406.85,1230.04,,,
2024-03,Cred,,,,,44991.57,132.31,,,44991.57,132.31,,,
2024-03,Axis Bank Apps,1.99,0.01,4389.01,81.0,3044.92,13.59,,,7435.92,94.6,,,
2024-03,Amazon Pay,,,,,6772.89,65.35,,,6772.89,65.35,,,
2024-03,ICICI Bank Apps,11608.08,7.9,397.58,4.54,14491.28,33.54,,,26496.95,45.98,,,
2024-03,Fampay,,,,,528.01,43.69,,,528.01,43.69,,,
2024-03,Kotak Mahindra Bank Apps,,,,,5763.37,39.14,,,5763.37,39.14,,,
2024-03,HDFC Bank Apps,0.26,0.01,3.72,1.95,7289.09,33.07,,,7293.07,35.03,,,
2024-03,WhatsApp,,,,,2536.99,31.21,,,2536.99,31.21,,,
2024-03,BHIM,,,,,8339.37,30.04,,,8339.37,30.04,,,
2024-03,Yes Bank Apps,35.8,0.32,,,13833.3,24.13,,,13869.1,24.45,,,
2024-03,Airtel Payments Bank Apps,0.2,,,,1162.62,15.64,44.2,0.37,1207.02,16.01,,,
2024-03,Bajaj Finserv,,,,,2803.2,15.81,,,2803.2,15.81,,,
2024-03,Mobikwik,,,,,2190.01,8.27,,,2190.01,8.27,,,
2024-03,India Post Payments Bank Apps,,,,,851.01,6.82,,,851.01,6.82,,,
2024-03,Groww,,,,,3539.14,6.72,,,3539.14,6.72,,,
2024-03,State Bank of India Apps,1.08,0.04,,,2394.79,6.59,,,2395.88,6.63,,,
2024-03,IDFC Bank Apps,,,,,1581.28,6.41,,,1581.28,6.41,,,
2024-03,Samsung Pay,,,,,530.8,6.24,,,530.8,6.24,,,
2024-03,Jupiter,,,,,709.07,5.57,,,709.07,5.57,,,
2024-03,Flipkart,,,,,197.24,5.0,,,197.24,5.0,,,
2024-03,Deutsche Bank Apps,0.02,,,,453.57,3.3,,,453.59,3.3,,,
2024-03,Federal Bank Apps,0.01,,,,806.45,6.11,,,806.46,6.11,,,
2024-03,Canara Bank Apps,,,,,798.84,3.1,,,798.84,3.1,,,
2024-03,Navi,,,,,94.29,3.0,,,94.29,3.0,,,
2024-03,Slice,,,,,538.12,5.22,,,538.12,5.22,,,
2024-03,Jio Payments Bank Apps,,,,,161.87,1.87,,,161.87,1.87,,,
2024-03,Indian Bank Apps,43.86,0.01,,,340.92,1.85,,,384.79,1.86,,,
2024-03,RBL Bank Apps,99.89,0.27,0.02,,366.34,1.56,,,466.25,1.83,,,
2024-03,Punjab National Bank Apps,,,,,411.13,1.67,,,411.13,1.67,,,
2024-03,Timepay,0.02,,,,18.5,1.37,,,18.52,1.37,,,
2024-03,Union Bank Apps,0.01,,,,517.15,1.35,,,517.16,1.35,,,
2024-03,Omnicard,,,,,44.84,1.29,,,44.84,1.29,,,
2024-03,Bank of Baroda Apps,7.73,,,,419.08,0.95,,,426.81,0.95,,,
2024-03,Central Bank of India Apps,,,,,195.46,0.86,,,195.46,0.86,,,
2024-03,AU Small Finance Bank Apps,,,,,279.91,0.78,,,279.91,0.78,,,
2024-03,Gokiwi,,,,,100.1,0.7,,,100.1,0.7,,,
2024-03,DBS Digibank Apps,0.29,,,,202.89,0.51,,,203.18,0.51,,,
2024-03,Shriram One,,,,,38.71,0.48,,,38.71,0.48,,,
2024-03,South Indian Bank Apps,,,,,120.88,0.4,,,120.88,0.4,,,
2024-03,Fino Payments bank Apps,,,,,50.97,0.39,,,50.97,0.39,,,
2024-03,IndusInd Bank Apps,0.12,,,,228.02,1.39,,,228.14,1.39,,,
2024-03,HSBC Bank Apps,,,0.06,,138.16,0.31,,,138.22,0.31,,,
2024-03,TataNeu,,,,,25.46,0.25,,,25.46,0.25,,,
2024-03,Bank of India Apps,,,,,78.81,0.2,,,78.81,0.2,,,
2024-03,Standard Chartered Bank Apps,1.11,,,,115.77,0.19,,,116.88,0.19,,,
2024-03,Dhani,,,,,5.98,0.19,,,5.98,0.19,,,
2024-03,UCO Bank Apps,,,,,56.32,0.18,,,56.32,0.18,,,
2024-03,Karnataka Bank Apps,,,,,25.58,0.16,,,25.58,0.16,,,
2024-03,Jupiter Edge,,,,,32.22,0.14,,,32.22,0.14,,,
2024-03,Digikhata,,,,,48.01,0.13,,,48.01,0.13,,,
2024-03,Indian Overseas Bank Apps,,,,,30.44,0.11,,,30.44,0.11,,,
2024-03,Tamilnad Mercantile Bank Apps,,,,,28.72,0.1,,,28.72,0.1,,,
2024-03,Ultracash,,,,,6.57,0.09,,,6.57,0.09,,,
2024-03,Citi Bank Apps,0.01,,,,66.7,0.09,,,66.71,0.09,,,
2024-03,City Union Bank Apps,,,,,26.73,0.08,,,26.73,0.08,,,
2024-03,NSDL Payments Bank Apps,,,,,10.57,0.07,,,10.57,0.07,,,
2024-03,Bank of Maharashtra Apps,0.07,,,,11.6,0.05,,,11.67,0.05,,,
2024-03,Karur Vysya Bank Apps,,,,,17.68,0.05,,,17.68,0.05,,,
2024-03,Equitas Small Finance Bank Apps,,,,,26.62,0.04,,,26.62,0.04,,,
2024-03,MakeMyTrip,,,,,18.75,0.03,,,18.75,0.03,,,
2024-03,Go Niyo,,,,,12.86,0.03,,,12.86,0.03,,,
2024-03,Allahabad Bank Apps,,,,,6.32,0.03,,,6.32,0.03,,,
2024-03,Other Apps,3.94,0.14,,,109.12,1.07,,,113.06,1.21,,,
2024-04,PhonePe,,,,,1001679.63,6500.14,,,1001679.63,6500.14,,,
2024-04,Google Pay,,,,,694189.68,5027.32,,,694189.68,5027.32,,,
2024-04,Paytm,,,0.01,,122554.24,1117.13,,,122554.25,1117.13,,,
2024-04,Cred,,,,,43233.21,138.46,,,43233.21,138.46,,,
2024-04,Axis Bank Apps,1.74,0.01,3168.22,56.27,3313.28,13.53,,,6483.24,69.8,,,
2024-04,Amazon Pay,,,,,6784.82,64.33,,,6784.82,64.33,,,
2024-04,ICICI Bank Apps,11945.21,8.45,336.49,3.57,14357.18,35.39,,,26638.88,47.41,,,
2024-04,Fampay,,,,,588.0,46.64,,,588.0,46.64,,,
2024-04,Kotak Mahindra Bank Apps,,,,,6101.88,41.54,,,6101.88,41.54,,,
2024-04,HDFC Bank Apps,0.32,0.01,,,7689.44,35.99,,,7689.76,35.99,,,
2024-04,WhatsApp,,,,,2815.68,34.12,,,2815.68,34.12,,,
2024-04,BHIM,,,,,8670.52,25.48,,,8670.52,25.48,,,
2024-04,Yes Bank Apps,31.04,0.27,,,11978.36,21.99,,,12009.4,22.26,,,
2024-04,Airtel Payments Bank Apps,0.4,,,,1243.65,16.19,0.09,,1244.14,16.19,,,
2024-04,Navi,,,,,402.92,15.1,,,402.92,15.1,,,
2024-04,Bajaj Finserv,,,,,1819.55,10.29,,,1819.55,10.29,,,
2024-04,Mobikwik,,,,,2248.19,9.76,,,2248.19,9.76,,,
2024-04,Groww,,,,,5452.72,8.02,,,5452.72,8.02,,,
2024-04,Slice,,,,,608.62,7.51,,,608.62,7.51,,,
2024-04,State Bank of India Apps,1.14,0.04,,,2385.64,6.49,,,2386.79,6.53,,,
2024-04,IDFC Bank Apps,,,,,1581.78,6.45,,,1581.78,6.45,,,
2024-04,Samsung Pay,,,,,527.4,6.3,,,527.4,6.3,,,
2024-04,Federal Bank Apps,,,,,821.8,6.14,,,821.8,6.14,,,
2024-04,Jupiter,,,,,710.69,5.92,,,710.69,5.92,,,
2024-04,India Post Payments Bank Apps,,,,,687.52,5.08,,,687.52,5.08,,,
2024-04,Flipkart UPI,,,,,174.73,3.46,,,174.73,3.46,,,
2024-04,Deutsche Bank Apps,0.02,,,,441.56,3.28,,,441.58,3.28,,,
2024-04,Canara Bank Apps,,,,,812.15,3.03,,,812.15,3.03,,,
2024-04,Timepay,0.1,,,,24.14,2.15,,,24.25,2.16,,,
2024-04,Jio Payments Bank Apps,,,,,164.17,1.87,,,164.17,1.87,,,
2024-04,Punjab National Bank Apps,,,,,419.99,1.66,,,419.99,1.66,,,
2024-04,RBL Bank Apps,117.1,0.11,0.01,,529.18,1.46,,,646.29,1.57,,,
2024-04,Indian Bank Apps,6.71,,,,310.69,1.5,,,317.4,1.5,,,
2024-04,Union Bank Apps,,,,,525.02,1.25,,,525.02,1.25,,,
2024-04,Omnicard,,,,,37.27,1.06,,,37.27,1.06,,,
2024-04,Bank of Baroda Apps,8.27,,,,459.5,0.99,,,467.77,0.99,,,
2024-04,Central Bank of India Apps,,,,,204.45,0.89,,,204.45,0.89,,,
2024-04,AU Small Finance Bank Apps,,,,,257.99,0.8,,,257.99,0.8,,,
2024-04,Go Kiwi,,,,,92.87,0.58,,,92.87,0.58,,,
2024-04,DBS Digibank Apps,0.38,,,,182.52,0.46,,,182.89,0.47,,,
2024-04,South Indian Bank Apps,,,,,129.71,0.43,,,129.71,0.43,,,
2024-04,Shriram One,,,,,37.49,0.4,,,37.49,0.4,,,
2024-04,Fino Payments bank Apps,,,,,49.47,0.35,,,49.47,0.35,,,
2024-04,IndusInd Bank Apps,0.26,,,,191.64,1.06,,,191.9,1.06,,,
2024-04,HSBC Bank Apps,,,0.05,,126.55,0.32,,,126.59,0.32,,,
2024-04,TataNeu,,,,,34.06,0.32,,,34.06,0.32,,,
2024-04,Bank of India Apps,,,,,87.25,0.21,,,87.25,0.21,,,
2024-04,Standard Chartered Bank Apps,0.03,,,,105.48,0.16,,,105.51,0.16,,,
2024-04,UCO Bank Apps,,,,,54.3,0.16,,,54.3,0.16,,,
2024-04,Digikhata,,,,,51.08,0.15,,,51.08,0.15,,,
2024-04,Karnataka Bank Apps,,,,,27.18,0.15,,,27.18,0.15,,,
2024-04,Jupiter Edge,,,,,22.88,0.14,,,22.88,0.14,,,
2024-04,Dhani,,,,,7.44,0.13,,,7.44,0.13,,,
2024-04,Indian Overseas Bank Apps,,,,,30.1,0.11,,,30.1,0.11,,,
2024-04,Ultracash,,,,,6.16,0.09,,,6.16,0.09,,,
2024-04,Tamilnad Mercantile Bank Apps,,,,,24.69,0.09,,,24.69,0.09,,,
2024-04,City Union Bank Apps,,,,,26.6,0.08,,,26.6,0.08,,,
2024-04,NSDL Payments Bank Apps,,,,,11.88,0.08,,,11.88,0.08,,,
2024-04,Citi Bank Apps,0.01,,,,69.18,0.06,,,69.19,0.06,,,
2024-04,IDBI Bank Apps,,,,,20.15,0.06,,,20.15,0.06,,,
2024-04,Bank of Maharashtra Apps,0.1,,,,13.96,0.06,,,14.06,0.06,,,
2024-04,Karur Vysya Bank Apps,,,,,18.94,0.05,,,18.94,0.05,,,
2024-04,MakeMyTrip,,,,,19.32,0.04,,,19.32,0.04,,,
2024-04,Go Niyo,,,,,16.77,0.04,,,16.77,0.04,,,
2024-04,Equitas Small Finance Bank Apps,,,,,25.52,0.03,,,25.52,0.03,,,
2024-04,Punjab Sind Bank Apps,,,,,12.15,0.03,,,12.15,0.03,,,
2024-04,Allahabad Bank Apps,,,,,6.18,0.02,,,6.18,0.02,,,
2024-04,Fave,,,,,1.16,0.02,,,1.16,0.02,,,
2024-04,Cheq,,,,,1.13,0.01,,,1.13,0.01,,,
2024-04,Other Apps,4.42,0.15,,,108.18,1.03,,,112.6,1.18,,,
2024-05,PhonePe,,,,,1033588.8,6831.92,,,1033588.8,6831.92,,,
2024-05,Google Pay,,,,,723315.7,5219.56,,,723315.7,5219.56,,,
2024-05,Paytm (OCL),,,,,124704.79,1140.01,,,124704.8,1140.01,,,
2024-05,Cred,,,,,47547.15,140.08,,,47547.15,140.08,,,
2024-05,Amazon Pay,,,,,7419.41,68.34,,,7419.41,68.34,,,
2024-05,Axis Bank Apps,2.89,0.01,2184.74,49.93,3722.58,14.15,,,5910.2,64.08,,,
2024-05,ICICI Bank Apps,12661.97,9.37,449.37,4.22,15332.69,38.5,,,28444.03,52.1,,,
2024-05,FamApp by Trio,,,,,630.89,50.1,,,630.89,50.1,,,
2024-05,Kotak Mahindra Bank Apps,,,,,6178.23,43.41,,,6178.23,43.41,,,
2024-05,WhatsApp,,,,,2938.72,36.45,,,2938.72,36.45,,,
2024-05,HDFC Bank Apps,0.32,0.01,0.06,0.02,8104.06,35.4,,,8104.44,35.43,,,
2024-05,Navi,,,,,958.09,29.72,,,958.09,29.72,,,
2024-05,BHIM,,,,,8095.99,23.43,,,8095.99,23.43,,,
2024-05,Yes Bank Apps,32.11,0.26,,,10939.53,22.48,,,10971.64,22.75,,,
2024-05,Airtel Payments Bank Apps,0.48,,,,1329.67,17.29,0.05,,1330.15,17.29,,,
2024-05,Mobikwik,,,,,2536.09,11.12,,,2536.09,11.12,,,
2024-05,Groww,,,,,7086.12,10.15,,,7086.12,10.15,,,
2024-05,Bajaj Finserv,,,,,1685.51,9.55,,,1685.51,9.55,,,
2024-05,Slice,,,,,646.12,9.05,,,646.12,9.05,,,
2024-05,State Bank of India Apps,,,,,2494.2,7.12,,,2494.2,7.12,,,
2024-05,IDFC Bank Apps,,,,,1690.27,6.99,,,1690.27,6.99,,,
2024-05,Samsung Pay,,,,,547.28,6.56,,,547.28,6.56,,,
2024-05,Jupiter,,,,,769.1,6.07,,,769.1,6.07,,,
2024-05,Federal Bank Apps,,,,,811.83,5.95,,,811.83,5.95,,,
2024-05,India Post Payments Bank Apps,,,,,703.81,5.67,,,703.81,5.67,,,
2024-05,Flipkart,,,,,251.85,4.44,,,251.85,4.44,,,
2024-05,Canara Bank Apps,,,,,828.58,3.06,,,828.58,3.06,,,
2024-05,Deutsche Bank Apps,0.03,,,,369.39,2.34,,,369.42,2.34,,,
2024-05,RBL Bank Apps,31.21,0.05,,,900.13,2.2,,,931.34,2.24,,,
2024-05,Jio Payments Bank Apps,,,,,170.98,2.02,,,170.98,2.02,,,
2024-05,Punjab National Bank Apps,,,,,444.5,1.74,,,444.5,1.74,,,
2024-05,Timepay,0.1,,,,17.59,1.61,,,17.69,1.61,,,
2024-05,Indian Bank Apps,10.05,,,,319.53,1.54,,,329.58,1.55,,,
2024-05,OmniCard,,,,,45.65,1.24,,,45.65,1.24,,,
2024-05,Union Bank Apps,,,,,505.23,1.19,,,505.24,1.19,,,
2024-05,Bank of Baroda Apps,7.31,,,,456.55,1.02,,,463.85,1.02,,,
2024-05,Central Bank of India Apps,,,,,213.29,0.95,,,213.29,0.95,,,
2024-05,AU Small Finance Bank Apps,,,,,249.6,0.82,,,249.6,0.82,,,
2024-05,DBS Digibank Apps,0.49,,,,192.6,0.48,,,193.09,0.48,,,
2024-05,South Indian Bank Apps,,,,,141.47,0.47,,,141.47,0.47,,,
2024-05,Jammu and Kashmir Bank Apps,,,,,64.02,0.43,,,64.02,0.43,,,
2024-05,Fino Payments bank Apps,,,,,53.86,0.38,,,53.86,0.38,,,
2024-05,HSBC Bank Apps,,,0.05,,144.05,0.37,,,144.11,0.37,,,
2024-05,IndusInd Bank Apps,0.58,,,,73.84,0.35,,,74.41,0.36,,,
2024-05,Shriram One,,,,,36.28,0.29,,,36.28,0.29,,,
2024-05,Bank of India Apps,,,,,81.09,0.21,,,81.09,0.21,,,
2024-05,UCO Bank Apps,,,,,65.61,0.2,,,65.61,0.2,,,
2024-05,Kiwi,,,,,36.03,0.18,,,36.03,0.18,,,
2024-05,TataNeu,,,,,25.1,0.18,,,25.1,0.18,,,
2024-05,Standard Chartered Bank Apps,0.02,,,,114.4,0.16,,,114.42,0.16,,,
2024-05,Digikhata,,,,,52.29,0.16,,,52.29,0.16,,,
2024-05,Karnataka Bank Apps,,,,,30.0,0.16,,,30.0,0.16,,,
2024-05,Indian Overseas Bank Apps,,,,,34.43,0.12,,,34.43,0.12,,,
2024-05,Dhani,,,,,13.12,0.11,,,13.12,0.11,,,
2024-05,Ultracash,,,,,6.19,0.09,,,6.19,0.09,,,
2024-05,Tamilnad Mercantile Bank Apps,,,,,25.66,0.08,,,25.66,0.08,,,
2024-05,Citi Bank Apps,0.05,,,,66.69,0.08,,,66.74,0.08,,,
2024-05,City Union Bank Apps,,,,,28.77,0.08,,,28.77,0.08,,,
2024-05,NSDL Payments Bank Apps,,,,,12.71,0.07,,,12.71,0.07,,,
2024-05,IDBI Bank Apps,,,,,27.32,0.07,,,27.32,0.07,,,
2024-05,Aditya Birla Capital Digital,,,,,1.84,0.05,,,1.84,0.05,,,
2024-05,Karur Vysya Bank Apps,,,,,20.63,0.05,,,20.63,0.05,,,
2024-05,Bank of Maharashtra Apps,0.12,,,,10.37,0.05,,,10.49,0.05,,,
2024-05,Niyo Global,,,,,22.56,0.04,,,22.56,0.04,,,
2024-05,MakeMyTrip,,,,,18.12,0.04,,,18.12,0.04,,,
2024-05,Equitas Small Finance Bank Apps,,,,,25.35,0.04,,,25.35,0.04,,,
2024-05,Punjab Sind Bank Apps,,,,,12.97,0.03,,,12.97,0.03,,,
2024-05,Other Apps,3.74,0.14,,,145.19,1.15,,,148.93,1.29,,,
2024-06,PhonePe #,,,,,1009064.99,6716.09,,,1009064.99,6716.09,,,
2024-06,Google Pay #,,,,,707241.27,5103.99,,,707241.27,5103.99,,,
2024-06,Paytm,,,,,120840.45,1104.89,,,120840.45,1104.89,,,
2024-06,Cred #,,,,,45720.01,138.42,,,45720.01,138.42,,,
2024-06,Axis Bank Apps,5.3,0.01,2755.96,60.92,3852.77,14.14,,,6614.04,75.07,,,
2024-06,Amazon Pay #,,,,,7377.3,67.07,,,7377.3,67.07,,,
2024-06,ICICI Bank Apps,12841.44,9.2,462.22,4.2,16692.52,38.25,,,29996.18,51.65,,,
2024-06,FamApp by Trio #,,,,,641.36,50.78,,,641.36,50.78,,,
2024-06,Kotak Mahindra Bank Apps,,,,,6073.08,42.65,,,6073.08,42.65,,,
2024-06,WhatsApp #,,,,,2923.79,37.18,,,2923.79,37.18,,,
2024-06,Navi #,,,,,1769.66,35.72,,,1769.66,35.72,,,
2024-06,HDFC Bank Apps,0.27,,0.08,0.03,8166.94,34.57,,,8167.3,34.6,,,
2024-06,BHIM,,,,,7965.69,22.72,,,7965.69,22.72,,,
2024-06,Yes Bank Apps,31.36,0.27,,,9285.69,22.28,,,9317.05,22.55,,,
2024-06,Airtel Payments Bank Apps,0.39,,,,1191.68,15.76,,,1192.07,15.76,,,
2024-06,Mobikwik #,,,,,2564.79,11.59,,,2564.79,11.59,,,
2024-06,Groww #,,,,,9094.72,11.26,,,9094.72,11.26,,,
2024-06,Bajaj Finserv #,,,,,1852.43,8.23,,,1852.43,8.23,,,
2024-06,Slice #,,,,,634.47,7.86,,,634.47,7.86,,,
2024-06,IDFC Bank Apps,,,,,1654.91,7.33,,,1654.91,7.33,,,
2024-06,State Bank of India Apps,,,,,2426.08,7.22,,,2426.08,7.22,,,
2024-06,Samsung Pay #,,,,,542.12,6.38,,,542.12,6.38,,,
2024-06,India Post Payments Bank Apps,,,,,732.1,6.01,,,732.1,6.01,,,
2024-06,Flipkart UPI #,,,,,337.24,5.97,,,337.24,5.97,,,
2024-06,Federal Bank Apps,,,,,790.57,5.67,,,790.57,5.67,,,
2024-06,Jupiter Money #,,,,,750.68,5.63,,,750.68,5.63,,,
2024-06,Canara Bank Apps,,,,,793.85,2.88,,,793.85,2.88,,,
2024-06,Jio Payments Bank Apps,,,,,186.62,2.33,,,186.62,2.33,,,
2024-06,Deutsche Bank Apps,0.03,,,,334.1,2.25,,,334.12,2.25,,,
2024-06,Timepay #,0.09,,,,20.11,1.82,,,20.2,1.82,,,
2024-06,Punjab National Bank Apps,,,,,472.48,1.8,,,472.48,1.8,,,
2024-06,RBL Bank Apps,52.02,0.09,0.01,,733.04,1.66,,,785.07,1.75,,,
2024-06,Indian Bank Apps,0.18,,,,330.29,1.73,,,330.47,1.73,,,
2024-06,OmniCard #,,,,,53.41,1.28,,,53.41,1.28,,,
2024-06,Union Bank Apps,,,,,461.02,1.06,,,461.02,1.06,,,
2024-06,Bank of Baroda Apps,,,,,450.62,1.03,,,450.62,1.03,,,
2024-06,Central Bank of India Apps,,,,,188.63,0.83,,,188.63,0.83,,,
2024-06,AU Small Finance Bank Apps,,,,,227.63,0.76,,,227.63,0.76,,,
2024-06,Jammu and Kashmir Bank Apps,,,,,97.58,0.75,,,97.58,0.75,,,
2024-06,DBS Digibank Apps,0.49,,,,198.19,0.49,,,198.68,0.5,,,
2024-06,South Indian Bank Apps,,,,,144.78,0.49,,,144.78,0.49,,,
2024-06,IndusInd Bank Apps,1.9,0.01,,,115.96,0.42,,,117.86,0.43,,,
2024-06,Fino Payments bank Apps,,,,,55.79,0.41,,,55.79,0.41,,,
2024-06,HSBC Bank Apps,,,0.05,,148.04,0.4,,,148.09,0.4,,,
2024-06,Shriram One #,,,,,37.04,0.28,,,37.04,0.28,,,
2024-06,UCO Bank Apps,,,,,67.4,0.22,,,67.4,0.22,,,
2024-06,Digikhata #,,,,,63.31,0.19,,,63.31,0.19,,,
2024-06,Karnataka Bank Apps,,,,,33.54,0.18,,,33.55,0.18,,,
2024-06,Standard Chartered Bank Apps,0.05,,,,117.31,0.17,,,117.35,0.17,,,
2024-06,TataNeu #,,,,,23.31,0.16,,,23.31,0.16,,,
2024-06,Kiwi #,,,,,31.43,0.15,,,31.43,0.15,,,
2024-06,Suryoday,,,,,0.02,0.14,,,0.02,0.14,,,
2024-06,Indian Overseas Bank Apps,,,,,37.62,0.13,,,37.62,0.13,,,
2024-06,super.money #,,,,,5.04,0.13,,,5.04,0.13,,,
2024-06,Dhani,,,,,13.84,0.11,,,13.84,0.11,,,
2024-06,Bank of India Apps,,,,,38.05,0.1,,,38.05,0.1,,,
2024-06,Ultracash #,,,,,6.51,0.09,,,6.51,0.09,,,
2024-06,Tamilnad Mercantile Bank Apps,,,,,26.21,0.08,,,26.21,0.08,,,
2024-06,City Union Bank Apps,,,,,28.66,0.08,,,28.66,0.08,,,
2024-06,POP UPI,,,,,4.87,0.07,,,4.87,0.07,,,
2024-06,Citi Bank Apps,0.3,,,,70.21,0.06,,,70.51,0.07,,,
2024-06,Aditya Birla Capital Digital #,,,,,3.45,0.07,,,3.45,0.07,,,
2024-06,IDBI Bank Apps,,,,,27.06,0.07,,,27.06,0.07,,,
2024-06,NSDL Payments Bank Apps,,,,,10.09,0.06,,,10.09,0.06,,,
2024-06,Bank of Maharashtra Apps,,,,,11.11,0.05,,,11.11,0.05,,,
2024-06,Karur Vysya Bank Apps,,,,,18.73,0.05,,,18.73,0.05,,,
2024-06,Niyo Global #,,,,,24.78,0.05,,,24.78,0.05,,,
2024-06,Equitas Small Finance Bank Apps,,,,,26.25,0.04,,,26.25,0.04,,,
2024-06,Punjab Sind Bank Apps,,,,,12.38,0.03,,,12.38,0.03,,,
2024-06,Other Apps,3.67,0.13,,,180.43,1.41,,,184.11,1.54,,,
2024-07,PhonePe #,,,,,1028799.39,6983.97,,,1028799.39,6983.97,,,
2024-07,Google Pay #,,,,,735159.2,5341.23,,,735159.2,5341.23,,,
2024-07,Paytm (OCL ) #,,,,,123467.32,1128.97,,,123467.33,1128.97,,,
2024-07,Cred #,,,,,48998.89,142.56,,,48998.89,142.56,,,
2024-07,Axis Bank Apps,2.4,0.01,2389.15,93.11,3943.51,15.45,,,6335.06,108.57,,,
2024-07,Amazon Pay #,,,,,7995.92,72.41,,,7995.92,72.41,,,
2024-07,Navi #,,,,,3574.61,68.47,,,3574.61,68.47,,,
2024-07,ICICI Bank Apps,10240.43,7.32,405.17,3.46,17883.79,42.13,,,28529.39,52.91,,,
2024-07,Fampay by Trio #,,,,,639.44,52.04,,,639.44,52.04,,,
2024-07,Kotak Mahindra Bank Apps,,,,,6488.28,44.8,,,6488.28,44.8,,,
2024-07,WhatsApp #,,,,,3215.18,41.39,,,3215.18,41.39,,,
2024-07,HDFC Bank Apps,0.28,,0.07,0.02,8747.15,35.25,,,8747.5,35.28,,,
2024-07,BHIM,,,,,8756.73,24.64,,,8756.73,24.64,,,
2024-07,Yes Bank Apps,26.99,0.27,,,9556.22,23.81,,,9583.2,24.08,,,
2024-07,Airtel Payments Bank Apps,0.29,0.85,,,1210.03,16.63,,,1210.32,17.48,,,
2024-07,Groww #,,,,,12129.34,15.18,,,12129.34,15.18,,,
2024-07,Bajaj Finserv #,,,,,2309.58,9.9,,,2309.58,9.9,,,
2024-07,Slice #,,,,,708.27,9.41,,,708.27,9.41,,,
2024-07,Mobikwik #,,,,,2431.73,9.11,,,2431.73,9.11,,,
2024-07,State Bank of India Apps,,,,,2691.74,8.06,,,2691.74,8.06,,,
2024-07,IDFC Bank Apps,,,,,1725.98,7.63,,,1725.98,7.63,,,
2024-07,Flipkart UPI #,,,,,422.36,7.12,,,422.36,7.12,,,
2024-07,Samsung Pay #,,,,,558.51,6.6,,,558.51,6.6,,,
2024-07,India Post Payments Bank Apps,,,,,826.31,6.43,,,826.31,6.43,,,
2024-07,Federal Bank Apps,,,,,848.66,5.95,,,848.66,5.95,,,
2024-07,Jupiter Money #,,,,,781.04,5.76,,,781.04,5.76,,,
2024-07,Canara Bank Apps,,,,,834.74,3.04,,,834.74,3.04,,,
2024-07,Federal Bank Apps,,,,,460.69,2.68,,,460.69,2.68,,,
2024-07,Jio Payments Bank Apps,,,,,199.65,2.53,,,199.65,2.53,,,
2024-07,super.money #,,,,,75.7,2.5,,,75.7,2.5,,,
2024-07,Deutsche Bank Apps,0.06,,,,344.47,2.43,,,344.53,2.44,,,
2024-07,Timepay #,0.08,,,,20.43,2.16,,,20.52,2.16,,,
2024-07,Punjab National Bank Apps,,,,,563.99,2.15,,,563.99,2.15,,,
2024-07,Indian Bank Apps,2.45,,,,342.38,1.95,,,344.83,1.95,,,
2024-07,RBL Bank Apps,18.14,0.05,,,336.63,1.41,,,354.77,1.46,,,
2024-07,Union Bank Apps,,,,,530.92,1.28,,,530.92,1.28,,,
2024-07,Omnicard #,,,,,54.57,1.2,,,54.57,1.2,,,
2024-07,Bank of Baroda Apps,0.39,,,,477.6,1.07,,,477.99,1.07,,,
2024-07,Jammu and Kashmir Bank Apps,,,,,111.92,0.87,,,111.92,0.87,,,
2024-07,Central Bank of India Apps,,,,,180.98,0.83,,,180.98,0.83,,,
2024-07,AU Small Finance Bank Apps,,,,,202.05,0.66,,,202.05,0.66,,,
2024-07,South Indian Bank Apps,,,,,159.32,0.56,,,159.32,0.56,,,
2024-07,DBS Digibank Apps,0.61,,,,205.42,0.52,,,206.03,0.53,,,
2024-07,POP UPI,,,,,34.71,0.45,,,34.71,0.45,,,
2024-07,Fino Payments bank Apps,,,,,58.11,0.44,,,58.11,0.44,,,
2024-07,HSBC Bank Apps,,,0.05,,152.09,0.44,,,152.15,0.44,,,
2024-07,IndusInd Bank Apps,1.48,0.01,,,99.64,0.37,,,101.12,0.38,,,
2024-07,Shri Ram One #,,,,,35.64,0.3,,,35.64,0.3,,,
2024-07,Digikhata #,,,,,83.11,0.26,,,83.11,0.26,,,
2024-07,UCO Bank Apps,,,,,69.95,0.24,,,69.95,0.24,,,
2024-07,Karnataka Bank Apps,,,,,39.14,0.19,,,39.14,0.19,,,
2024-07,Standard Chartered Bank Apps,0.04,,,,116.68,0.17,,,116.72,0.17,,,
2024-07,TataNeu #,,,,,26.16,0.17,,,26.16,0.17,,,
2024-07,Indian Overseas Bank Apps,,,,,45.13,0.15,,,45.13,0.15,,,
2024-07,Kiwi,,,,,30.35,0.15,,,30.35,0.15,,,
2024-07,Suryoday Bank Apps,,,,,0.03,0.13,,,0.03,0.13,,,
2024-07,Dhani #,,,,,15.91,0.11,,,15.91,0.11,,,
2024-07,Ultracash #,,,,,7.35,0.1,,,7.35,0.1,,,
2024-07,Bank of India Apps,,,,,20.12,0.08,,,20.12,0.08,,,
2024-07,Tamilnad Mercantile Bank Apps,,,,,24.19,0.08,,,24.19,0.08,,,
2024-07,City Union Bank Apps,,,,,28.82,0.08,,,28.82,0.08,,,
2024-07,IDBI Bank Apps,,,,,32.92,0.08,,,32.92,0.08,,,
2024-07,Aditya Birla Capital Digital Limited,,,,,3.7,0.08,,,3.7,0.08,,,
2024-07,NSDL Payments Bank Apps,,,,,10.63,0.07,,,10.63,0.07,,,
2024-07,Citi Bank Apps,0.59,0.01,,,33.95,0.06,,,34.54,0.07,,,
2024-07,Bank of Maharashtra Apps,0.02,,,,13.25,0.06,,,13.27,0.06,,,
2024-07,Niyo Global #,,,,,28.59,0.06,,,28.59,0.06,,,
2024-07,Karur Vysya Bank Apps,,,,,20.69,0.06,,,20.69,0.06,,,
2024-07,Rapi Pay #,,,,,5.95,0.04,,,5.95,0.04,,,
2024-07,Equitas Small Finance Bank Apps,,,,,28.2,0.04,,,28.2,0.04,,,
2024-07,Punjab Sind Bank Apps,,,,,14.96,0.03,,,14.96,0.03,,,
2024-07,Allahabad Bank Apps,,,,,5.19,0.02,,,5.19,0.02,,,
2024-07,Other Apps,3.99,0.15,0.08,,191.87,1.34,,,195.85,1.48,,,
2024-08,PhonePe #,,,,,1033264.34,7236.49,,,1033264.34,7236.49,,,
2024-08,Google Pay #,,,,,742223.07,5592.45,,,742223.07,5592.45,,,
2024-08,Paytm #,,,,,113672.16,1078.9,,,113672.17,1078.9,,,
2024-08,Cred #,,,,,50720.89,147.48,,,50720.89,147.48,,,
2024-08,Axis Bank Apps,2.21,0.01,1642.7,95.91,4189.44,18.05,,,5834.35,113.97,,,
2024-08,Navi #,,,,,4651.32,88.71,,,4651.32,88.71,,,
2024-08,Amazon Pay #,,,,,7744.21,70.72,,,7744.21,70.72,,,
2024-08,Fam Pay by Trio #,,,,,686.06,57.16,,,686.06,57.16,,,
2024-08,ICICI Bank Apps,3182.57,2.72,6.62,0.01,18120.13,48.59,,,21309.33,51.31,,,
2024-08,Kotak Mahindra Bank Apps,,,,,6349.0,46.94,,,6349.0,46.94,,,
2024-08,WhatsApp #,,,,,3421.99,45.43,,,3421.99,45.43,,,
2024-08,HDFC Bank Apps,0.42,0.01,0.39,0.26,8834.38,35.74,,,8835.19,36.0,,,
2024-08,Yes Bank Apps,24.65,0.37,0.01,,9692.56,25.94,,,9717.22,26.3,,,
2024-08,BHIM,,,,,8363.28,25.94,,,8363.28,25.94,,,
2024-08,Airtel Payments Bank Apps,,,0.01,,1221.85,17.56,0.05,,1221.86,17.56,,,
2024-08,Mobikwik #,,,,,3012.52,14.94,,,3012.52,14.94,,,
2024-08,Groww #,,,,,9693.95,13.65,,,9693.95,13.65,,,
2024-08,super.money #,,,,,385.77,11.63,,,385.77,11.63,,,
2024-08,Bajaj Finserv #,,,,,2639.91,11.01,,,2639.91,11.01,,,
2024-08,slice #,,,,,775.67,10.53,,,775.67,10.53,,,
2024-08,State Bank of India Apps,,,,,2827.84,9.0,,,2827.84,9.0,,,
2024-08,Flipkart UPI #,,,,,468.99,8.6,,,468.99,8.6,,,
2024-08,IDFC Bank Apps,,,,,1768.92,8.01,,,1768.92,8.01,,,
2024-08,Samsung Pay #,,,,,567.24,7.14,,,567.24,7.14,,,
2024-08,India Post Payments Bank Apps,,,,,906.0,7.04,,,906.0,7.04,,,
2024-08,Federal Bank Apps,,,,,901.05,6.25,,,901.05,6.25,,,
2024-08,Jupiter Money #,,,,,807.39,6.04,,,807.39,6.04,,,
2024-08,Deutsche Bank Apps,0.07,,,,369.37,3.73,,,369.45,3.73,,,
2024-08,Canara Bank Apps,,,,,810.75,3.1,,,810.75,3.1,,,
2024-08,Jio Payments Bank Apps,,,,,201.6,2.62,,,201.6,2.62,,,
2024-08,Punjab National Bank Apps,,,,,595.26,2.57,,,595.26,2.57,,,
2024-08,Indian Bank Apps,0.28,,,,373.47,2.26,,,373.75,2.26,,,
2024-08,RBL Bank Apps,5.51,0.02,,,548.79,1.53,,,554.3,1.55,,,
2024-08,Timepay #,0.02,,,,12.89,1.29,,,12.9,1.29,,,
2024-08,Union Bank Apps,,,,,468.83,1.27,,,468.83,1.27,,,
2024-08,OmniCard #,,,,,61.66,1.21,,,61.66,1.21,,,
2024-08,Bank of Baroda Apps,,,,,449.45,1.13,,,449.45,1.13,,,
2024-08,Jammu and Kashmir Bank Apps,,,,,122.73,0.93,,,122.73,0.93,,,
2024-08,Central Bank of India Apps,,,,,173.27,0.85,,,173.27,0.85,,,
2024-08,POP UPI,,,,,72.62,0.77,,,72.62,0.77,,,
2024-08,South Indian Bank Apps,,,,,168.87,0.62,,,168.87,0.62,,,
2024-08,AU Small Finance Bank Apps,,,,,155.57,0.53,,,155.57,0.53,,,
2024-08,DBS Digibank Apps,0.58,,,,198.88,0.52,,,199.46,0.52,,,
2024-08,Aditya Birla Capital Digital,,,,,16.36,0.51,,,16.36,0.51,,,
2024-08,HSBC Bank Apps,,,0.09,,168.5,0.49,,,168.59,0.49,,,
2024-08,Fino Payments bank Apps,,,,,54.37,0.46,,,54.37,0.46,,,
2024-08,IndusInd Bank Apps,2.23,0.01,,,99.26,0.37,,,101.49,0.37,,,
2024-08,Digikhata #,,,,,110.14,0.33,,,110.14,0.33,,,
2024-08,Shri Ram One #,,,,,37.87,0.33,,,37.87,0.33,,,
2024-08,Kiwi #,,,,,37.8,0.29,,,37.8,0.29,,,
2024-08,UCO Bank Apps,,,,,53.95,0.24,,,53.95,0.24,,,
2024-08,Suryoday Bank Apps,,,,,0.02,0.21,,,0.02,0.21,,,
2024-08,Karnataka Bank Apps,,,,,39.14,0.19,,,39.14,0.19,,,
2024-08,TataNeu #,,,,,28.51,0.18,,,28.51,0.18,,,
2024-08,Standard Chartered Bank Apps,0.03,,,,116.65,0.18,,,116.68,0.18,,,
2024-08,Indian Overseas Bank Apps,,,,,46.55,0.17,,,46.55,0.17,,,
2024-08,Dhani,,,,,15.89,0.12,,,15.89,0.12,,,
2024-08,Ultracash,,,,,8.68,0.12,,,8.68,0.12,,,
2024-08,Bank of India Apps,,,,,28.04,0.11,,,28.04,0.11,,,
2024-08,IDBI Bank Apps,,,,,33.76,0.09,,,33.76,0.09,,,
2024-08,City Union Bank Apps,,,,,29.36,0.08,,,29.36,0.08,,,
2024-08,Niyo Global,,,,,40.29,0.08,,,40.29,0.08,,,
2024-08,Tamilnad Mercantile Bank Apps,,,,,24.17,0.08,,,24.17,0.08,,,
2024-08,NSDL Payments Bank Apps,,,,,11.72,0.08,,,11.72,0.08,,,
2024-08,Karur Vysya Bank Apps,,,,,21.0,0.06,,,21.0,0.06,,,
2024-08,Rapi Pay,,,,,9.04,0.06,,,9.04,0.06,,,
2024-08,Equitas Small Finance Bank Apps,,,,,26.4,0.04,,,26.4,0.04,,,
2024-08,Punjab Sind Bank Apps,,,,,13.83,0.03,,,13.83,0.03,,,
2024-08,Allahabad Bank Apps,,,,,5.13,0.02,,,5.13,0.02,,,
2024-08,Others,4.44,0.15,,,226.14,1.66,,,230.58,1.82,,,
2024-09,PhonePe #,,,,,1030871.0,7221.22,,,1030871.0,7221.22,,,
2024-09,Google Pay #,,,,,746690.05,5625.22,,,746690.05,5625.22,,,
2024-09,Paytm (OCL) #,,,0.01,,113351.53,1064.62,,,113351.54,1064.62,,,
2024-09,Cred #,,,,,47982.71,140.0,,,47982.71,140.0,,,
2024-09,Navi #,,,,,6549.1,120.41,,,6549.1,120.41,,,
2024-09,Axis Bank Apps,1.76,0.01,1736.7,102.5,4248.02,17.88,,,5986.48,120.38,,,
2024-09,Amazon Pay #,,,,,7845.04,70.98,,,7845.04,70.98,,,
2024-09,Fam App by Trio #,,,,,714.29,61.05,,,714.29,61.05,,,
2024-09,ICICI Bank Apps,3203.84,2.74,7.85,0.01,17864.44,50.84,,,21076.12,53.59,,,
2024-09,WhatsApp #,,,,,3586.71,48.75,,,3586.71,48.75,,,
2024-09,Kotak Mahindra Bank Apps,,,,,6413.16,47.14,,,6413.16,47.14,,,
2024-09,HDFC Bank Apps,0.6,0.01,0.53,0.29,8995.98,35.84,,,8997.11,36.14,,,
2024-09,Yes Bank Apps,30.35,0.66,0.02,,9747.12,30.61,,,9777.48,31.27,,,
2024-09,BHIM,,,,,8466.3,26.39,,,8466.3,26.39,,,
2024-09,super.money #,,,,,1131.59,25.75,0.05,,1131.59,25.75,,,
2024-09,Airtel Payments Bank Apps,0.06,,0.01,,1278.37,17.41,,,1278.38,17.41,,,
2024-09,Mobikwik #,,,,,2964.08,16.07,,,2964.08,16.07,,,
2024-09,Groww #,,,,,9526.49,13.46,,,9526.49,13.46,,,
2024-09,Flipkart UPI #,,,,,734.8,12.85,,,734.8,12.85,,,
2024-09,Bajaj Finserv #,,,,,2711.55,11.15,,,2711.55,11.15,,,
2024-09,slice #,,,,,792.06,10.62,,,792.06,10.62,,,
2024-09,State Bank of India Apps,,,,,2883.41,9.8,,,2883.42,9.8,,,
2024-09,IDFC Bank Apps,,,,,1838.99,8.33,,,1838.99,8.33,,,
2024-09,Samsung Pay #,,,,,564.5,7.33,,,564.5,7.33,,,
2024-09,India Post Payments Bank Apps,,,,,908.78,6.96,,,908.78,6.96,,,
2024-09,Federal Bank Apps,,,,,918.67,6.3,,,918.67,6.3,,,
2024-09,Jupiter Money #,,,,,810.01,6.13,,,810.01,6.13,,,
2024-09,Deutsche Bank Apps,0.06,,,,348.84,3.05,,,348.9,3.05,,,
2024-09,Canara Bank Apps,,,,,799.52,3.04,,,799.52,3.04,,,
2024-09,Jio Payments Bank Apps,,,,,212.23,2.79,,,212.23,2.79,,,
2024-09,Punjab National Bank Apps,,,,,606.83,2.74,,,606.83,2.74,,,
2024-09,Indian Bank Apps,0.05,,,,424.84,2.69,,,424.89,2.69,,,
2024-09,POP UPI,,,,,131.2,1.81,,,131.2,1.81,,,
2024-09,Timepay #,,,,,15.26,1.74,,,15.26,1.74,,,
2024-09,RBL Bank Apps,4.26,0.01,,,599.18,1.64,,,603.44,1.66,,,
2024-09,OmniCard,,,,,74.96,1.31,,,74.96,1.31,,,
2024-09,Bank of Baroda Apps,,,,,452.89,1.12,,,452.89,1.12,,,
2024-09,Central Bank of India Apps,,,,,189.93,0.97,,,189.93,0.97,,,
2024-09,Jammu and Kashmir Bank Apps,,,,,118.94,0.77,,,118.94,0.77,,,
2024-09,Aditya Birla Capital Digital,,,,,32.26,0.72,,,32.26,0.72,,,
2024-09,Union Bank Apps,,,,,212.37,0.62,,,212.37,0.62,,,
2024-09,South Indian Bank Apps,,,,,169.06,0.6,,,169.06,0.6,,,
2024-09,DBS Digibank Apps,0.66,,,,199.76,0.52,,,200.42,0.52,,,
2024-09,HSBC Bank Apps,0.09,,0.1,,153.35,0.5,,,153.54,0.51,,,
2024-09,Fino Payments bank Apps,,,,,57.89,0.49,,,57.89,0.49,,,
2024-09,AU Small Finance Bank Apps,,,,,136.87,0.46,,,136.87,0.46,,,
2024-09,Digikhata,,,,,122.41,0.38,,,122.41,0.38,,,
2024-09,IndusInd Bank Apps,2.17,0.01,,,88.4,0.35,,,90.58,0.36,,,
2024-09,Shri Ram One #,,,,,42.33,0.35,,,42.33,0.35,,,
2024-09,Kiwi #,,,,,44.31,0.29,,,44.31,0.29,,,
2024-09,Suryoday Bank Apps,,,,,0.03,0.29,,,0.03,0.29,,,
2024-09,UCO Bank Apps,,,,,59.89,0.26,,,59.89,0.26,,,
2024-09,TataNeu #,,,,,40.5,0.21,,,40.5,0.21,,,
2024-09,Indian Overseas Bank Apps,,,,,48.02,0.17,,,48.02,0.17,,,
2024-09,Standard Chartered Bank Apps,0.02,,,,108.84,0.17,,,108.86,0.17,,,
2024-09,Karnataka Bank Apps,,,,,31.93,0.15,,,31.93,0.15,,,
2024-09,Bank of India Apps,,,,,35.33,0.15,,,35.33,0.15,,,
2024-09,Dhani,,,,,15.76,0.13,,,15.76,0.13,,,
2024-09,Ultracash #,,,,,8.71,0.12,,,8.71,0.12,,,
2024-09,Niyo Global #,,,,,49.74,0.09,,,49.74,0.09,,,
2024-09,IDBI Bank Apps,,,,,34.69,0.09,,,34.69,0.09,,,
2024-09,NSDL Payments Bank Apps,,,,,10.6,0.08,,,10.6,0.08,,,
2024-09,City Union Bank Apps,,,,,27.34,0.07,,,27.34,0.07,,,
2024-09,Tamilnad Mercantile Bank Apps,,,,,22.04,0.07,,,22.04,0.07,,,
2024-09,Rapi Pay,,,,,9.55,0.06,,,9.55,0.06,,,
2024-09,Bharat Pe,,,,,6.03,0.06,,,6.03,0.06,,,
2024-09,True Balance,,,,,6.37,0.05,,,6.37,0.05,,,
2024-09,One Card #,,,,,27.93,0.05,,,27.93,0.05,,,
2024-09,Karur Vysya Bank Apps,,,,,16.83,0.05,,,16.83,0.05,,,
2024-09,Salary Se #,,,,,1.78,0.04,,,1.78,0.04,,,
2024-09,Freo Money #,,,,,1.91,0.04,,,1.91,0.04,,,
2024-09,Punjab Sind Bank Apps,,,,,16.39,0.03,,,16.39,0.03,,,
2024-09,Equitas Small Finance Bank Apps,,,,,24.45,0.03,,,24.45,0.03,,,
2024-09,Citi Bank Apps,0.17,,,,1.76,0.03,,,1.93,0.03,,,
2024-09,Allahabad Bank Apps,,,,,5.54,0.02,,,5.54,0.02,,,
2024-09,Others,5.06,0.15,,,203.3,1.71,,,208.36,1.86,,,
2024-10,PhonePe #,,,,,1169290.03,7905.54,,,1169290.03,7905.54,,,
2024-10,Google Pay #,,,,,849327.38,6201.81,,,849327.38,6201.81,,,
2024-10,Paytm (OCL) #,,,,,129584.98,1165.01,,,129584.98,1165.01,,,
2024-10,Navi #,,,,,8841.9,157.51,,,8841.9,157.51,,,
2024-10,Cred #,,,,,55202.12,152.28,,,55202.12,152.28,,,
2024-10,Axis Bank Apps,1.86,0.01,2300.48,117.7,4527.19,21.97,,,6829.53,139.68,,,
2024-10,Amazon Pay #,,,,,9205.72,79.55,,,9205.72,79.55,,,
2024-10,FamApp by Trio #,,,,,825.19,69.9,,,825.19,69.9,,,
2024-10,ICICI Bank Apps,3171.01,2.76,10.0,0.01,20505.95,54.77,,,23686.95,57.54,,,
2024-10,Whatsapp #,,,,,4137.17,55.07,,,4137.17,55.07,,,
2024-10,Kotak Mahindra Bank Apps,,,,,7565.22,51.92,,,7565.22,51.92,,,
2024-10,super.money #,,,,,2167.86,49.68,,,2167.86,49.68,,,
2024-10,HDFC Bank Apps,0.67,0.01,0.39,0.27,10426.92,39.13,,,10427.97,39.41,,,
2024-10,Yes Bank Apps,14.79,0.42,0.01,,10230.68,36.37,,,10245.47,36.79,,,
2024-10,BHIM,,,,,10170.6,29.9,,,10170.6,29.9,,,
2024-10,Airtel Payments Bank Apps,0.08,,,,1504.27,20.03,,,1504.36,20.03,,,
2024-10,Mobikwik #,,,,,2995.42,17.2,,,2995.42,17.2,,,
2024-10,Groww #,,,,,11862.09,15.35,,,11862.09,15.35,,,
2024-10,Flipkart UPI #,,,,,825.95,14.62,,,825.95,14.62,,,
2024-10,Slice #,,,,,907.37,12.19,,,907.37,12.19,,,
2024-10,State Bank of India Apps,,,,,3527.88,11.73,,,3527.88,11.73,,,
2024-10,Bajaj Finserv #,,,,,2330.26,10.66,,,2330.26,10.66,,,
2024-10,India Post Payments Bank Apps,,,,,1507.56,10.11,,,1507.56,10.11,,,
2024-10,IDFC Bank Apps,0.39,,,,2162.46,9.32,,,2162.85,9.33,,,
2024-10,Samsung Pay #,,,,,664.7,8.56,,,664.7,8.56,,,
2024-10,Jupiter Money #,,,,,873.89,6.36,,,873.89,6.36,,,
2024-10,Fi Money #,,,,,421.4,3.44,,,421.4,3.44,,,
2024-10,Punjab National Bank Apps,,,,,785.24,3.31,,,785.24,3.31,,,
2024-10,Canara Bank Apps,,,,,898.89,3.27,,,898.89,3.27,,,
2024-10,Jio Payments Bank Apps,,,,,269.69,3.23,,,269.69,3.23,,,
2024-10,Indian Bank Apps,,,,,513.43,3.11,,,513.43,3.11,,,
2024-10,Federal Bank Apps,,,,,542.57,2.96,,,542.57,2.96,,,
2024-10,POP UPI,,,,,209.84,2.93,,,209.84,2.93,,,
2024-10,RBL Bank Apps,4.97,0.03,0.01,,718.17,2.85,,,723.15,2.88,,,
2024-10,Deutsche Bank Apps,0.06,,,,395.26,2.58,,,395.32,2.58,,,
2024-10,Timepay #,,,,,18.6,2.15,,,18.6,2.15,,,
2024-10,Omni Card,,,,,96.52,1.49,,,96.52,1.49,,,
2024-10,Bank of Baroda Apps,,,,,499.63,1.16,,,499.63,1.16,,,
2024-10,Central Bank of India Apps,,,,,219.02,1.11,,,219.02,1.11,,,
2024-10,Aditya Birla Capital Digital,,,,,37.97,0.97,,,37.97,0.97,,,
2024-10,Jammu and Kashmir Bank Apps,,,,,144.0,0.83,,,144.0,0.83,,,
2024-10,Union Bank Apps,,,,,282.02,0.8,,,282.02,0.8,,,
2024-10,HSBC Bank Apps,0.01,,0.12,,179.22,0.68,,,179.35,0.68,,,
2024-10,South Indian Bank Apps,,,,,179.8,0.61,,,179.8,0.61,,,
2024-10,DBS Digibank Apps,0.86,,,,213.96,0.61,,,214.82,0.61,,,
2024-10,Fino Payments Bank Apps,,,,,70.11,0.58,,,70.11,0.58,,,
2024-10,AU Small Finance Bank Apps,,,,,146.98,0.49,,,146.98,0.49,,,
2024-10,Shri Ram One #,,,,,47.25,0.47,,,47.25,0.47,,,
2024-10,Digikhata,,,,,166.18,0.46,,,166.18,0.46,,,
2024-10,Kiwi #,,,,,66.74,0.41,,,66.74,0.41,,,
2024-10,IndusInd Bank Apps,1.81,0.01,,,91.48,0.36,,,93.29,0.36,,,
2024-10,UCO Bank Apps,,,,,77.02,0.31,,,77.02,0.31,,,
2024-10,Tata Neu #,,,,,74.8,0.31,,,74.8,0.31,,,
2024-10,One Card #,,,,,261.08,0.29,,,261.08,0.29,,,
2024-10,Suryoday Bank Apps,,,,,0.05,0.26,,,0.05,0.26,,,
2024-10,Bank of India Apps,,,,,45.85,0.2,,,45.85,0.2,,,
2024-10,Indian Overseas Bank Apps,,,,,56.07,0.2,,,56.07,0.2,,,
2024-10,Standard Chartered Bank Apps,0.07,,,,131.76,0.2,,,131.83,0.2,,,
2024-10,Karnataka Bank Apps,,,,,34.88,0.16,,,34.88,0.16,,,
2024-10,Dhani,,,,,14.62,0.13,,,14.62,0.13,,,
2024-10,True Balance,,,,,16.51,0.13,,,16.51,0.13,,,
2024-10,Niyo Global #,,,,,55.57,0.1,,,55.57,0.1,,,
2024-10,NSDL Payments Bank Apps,,,,,12.1,0.09,,,12.1,0.09,,,
2024-10,Ultracash #,,,,,5.94,0.09,,,5.94,0.09,,,
2024-10,Rapipay,,,,,11.38,0.08,,,11.38,0.08,,,
2024-10,City Union Bank Apps,,,,,29.97,0.08,,,29.97,0.08,,,
2024-10,IDBI Bank Apps,,,,,29.72,0.08,,,29.72,0.08,,,
2024-10,Tamilnad Mercantile Bank Apps,,,,,24.55,0.07,,,24.55,0.07,,,
2024-10,Salary Se #,,,,,3.95,0.07,,,3.95,0.07,,,
2024-10,ESAF Small Finance Bank Apps,,,,,8.57,0.06,,,8.57,0.06,,,
2024-10,Bharat Pe #,,,,,7.27,0.05,,,7.27,0.05,,,
2024-10,Freo #,,,,,2.7,0.05,,,2.7,0.05,,,
2024-10,Karur Vysya Bank Apps,,,,,18.4,0.05,,,18.4,0.05,,,
2024-10,Equitas Small Finance Bank Apps,,,,,29.7,0.04,,,29.7,0.04,,,
2024-10,Punjab Sind Bank Apps,,,,,16.46,0.03,,,16.46,0.03,,,
2024-10,Cheq,,,,,1.62,0.02,,,1.62,0.02,,,
2024-10,Others,5.53,0.13,,,219.31,1.63,,,224.84,1.76,,,
2024-11,PhonePe #,,,,,1088635.03,7401.93,,,1088635.03,7401.93,,,
2024-11,Google Pay #,,,,,764639.66,5739.12,,,764639.66,5739.12,,,
2024-11,Paytm (OCL) #,,,,,118004.06,1075.09,,,118004.06,1075.09,,,
2024-11,Navi #,,,,,8806.45,152.95,,,8806.45,152.95,,,
2024-11,Cred #,,,,,50560.48,138.24,,,50560.48,138.24,,,
2024-11,Axis Bank Apps,1.78,0.01,2184.35,108.14,4151.71,22.2,,,6337.84,130.36,,,
2024-11,super.money #,,,,,3130.1,78.49,,,3130.1,78.49,,,
2024-11,Amazon Pay #,,,,,7914.87,71.6,,,7914.87,71.6,,,
2024-11,FamApp by Trio #,,,,,777.46,67.41,,,777.46,67.41,,,
2024-11,ICICI Bank Apps,2951.05,2.57,8.18,0.01,18538.92,51.13,,,21498.14,53.71,,,
2024-11,Whatsapp #,,,,,3890.1,51.76,,,3890.1,51.76,,,
2024-11,Kotak Mahindra Bank Apps,,,,,6583.09,47.35,,,6583.09,47.35,,,
2024-11,HDFC Bank Apps,0.52,0.01,0.34,0.16,10416.41,36.67,,,10417.27,36.84,,,
2024-11,Yes Bank Apps,14.02,0.33,0.03,,9201.05,35.35,,,9215.09,35.69,,,
2024-11,BHIM,,,,,8210.65,27.05,,,8210.65,27.05,,,
2024-11,Airtel Payments Bank Apps,0.05,,,,1389.67,18.6,,,1389.73,18.6,,,
2024-11,Mobikwik #,,,,,2942.38,16.63,,,2942.38,16.63,,,
2024-11,Flipkart UPI #,,,,,636.91,13.25,,,636.91,13.25,,,
2024-11,Groww #,,,,,8479.87,13.22,,,8479.87,13.22,,,
2024-11,Slice #,,,,,845.13,11.54,,,845.13,11.54,,,
2024-11,State Bank of India Apps,,,,,3035.13,10.46,,,3035.13,10.46,,,
2024-11,India Post Payments Bank Apps,,,,,1131.95,8.91,,,1131.95,8.91,,,
2024-11,IDFC Bank Apps,1.0,0.01,,,1931.32,8.59,,,1932.32,8.6,,,
2024-11,Bajaj Finserv #,,,,,1584.15,8.1,,,1584.15,8.1,,,
2024-11,Samsung Pay #,,,,,578.99,7.9,,,578.99,7.9,,,
2024-11,Jupiter Money #,,,,,825.36,6.02,,,825.36,6.02,,,
2024-11,RBL Bank Apps,5.71,0.04,,,908.57,4.99,,,914.28,5.03,,,
2024-11,POP UPI,,,,,267.15,4.0,,,267.15,4.0,,,
2024-11,Federal Bank Apps,,,,,578.23,3.36,,,578.23,3.36,,,
2024-11,Punjab National Bank Apps,,,,,753.1,3.31,,,753.1,3.31,,,
2024-11,Jio Payments Bank Apps,,,,,263.81,3.18,,,263.81,3.18,,,
2024-11,Fi Money #,,,,,373.29,3.07,,,373.29,3.07,,,
2024-11,Canara Bank Apps,,,,,802.16,3.01,,,802.16,3.01,,,
2024-11,Deutsche Bank Apps,0.07,,,,400.97,2.68,,,401.03,2.68,,,
2024-11,Indian Bank Apps,,,,,134.27,0.48,,,134.27,0.48,,,
2024-11,Timepay #,,,,,19.88,1.72,,,19.88,1.72,,,
2024-11,Omni Card,,,,,100.86,1.35,,,100.86,1.35,,,
2024-11,Central Bank of India Apps,,,,,197.17,1.06,,,197.17,1.06,,,
2024-11,Bank of Baroda Apps,,,,,389.1,1.01,,,389.1,1.01,,,
2024-11,Jammu and Kashmir Bank Apps,,,,,135.44,0.79,,,135.44,0.79,,,
2024-11,Union Bank Apps,,,,,238.56,0.73,,,238.56,0.73,,,
2024-11,Kiwi #,,,,,106.42,0.69,,,106.42,0.69,,,
2024-11,HSBC Bank Apps,0.09,,0.1,,176.26,0.68,,,176.45,0.68,,,
2024-11,Aditya Birla Capital Digital,,,,,30.09,0.66,,,30.09,0.66,,,
2024-11,South Indian Bank Apps,,,,,167.92,0.59,,,167.92,0.59,,,
2024-11,DBS Digibank Apps,1.14,,,,190.59,0.57,,,191.73,0.57,,,
2024-11,Fino Payments Bank Apps,,,,,64.81,0.51,,,64.81,0.51,,,
2024-11,Digikhata,,,,,156.43,0.46,,,156.43,0.46,,,
2024-11,AU Small Finance Bank Apps,,,,,134.47,0.45,,,134.47,0.45,,,
2024-11,Shri Ram One #,,,,,39.72,0.38,,,39.72,0.38,,,
2024-11,IndusInd Bank Apps,,,,,368.24,2.07,,,368.24,2.07,,,
2024-11,One Card #,,,,,356.22,0.36,,,356.22,0.36,,,
2024-11,Tata Neu #,,,,,78.83,0.3,,,78.83,0.3,,,
2024-11,True Balance,,,,,33.18,0.29,,,33.18,0.29,,,
2024-11,UCO Bank Apps,,,,,66.32,0.28,,,66.32,0.28,,,
2024-11,Bank of India Apps,,,,,55.8,0.2,,,55.8,0.2,,,
2024-11,Standard Chartered Bank Apps,,,,,114.58,0.18,,,114.58,0.18,,,
2024-11,Indian Overseas Bank Apps,,,,,49.21,0.18,,,49.21,0.18,,,
2024-11,Karnataka Bank Apps,,,,,38.31,0.18,,,38.31,0.18,,,
2024-11,Dhani,,,,,13.25,0.13,,,13.25,0.13,,,
2024-11,ESAF Small Finance Bank Apps,,,,,14.69,0.12,,,14.69,0.12,,,
2024-11,Niyo Global #,,,,,52.41,0.09,,,52.41,0.09,,,
2024-11,Rapipay,,,,,11.7,0.09,,,11.7,0.09,,,
2024-11,Suryoday Bank Apps,0.01,,,,0.22,0.08,,,0.23,0.08,,,
2024-11,IDBI Bank Apps,,,,,30.01,0.08,,,30.01,0.08,,,
2024-11,Ultracash #,,,,,5.71,0.08,,,5.71,0.08,,,
2024-11,NSDL Payments Bank Apps,,,,,9.73,0.08,,,9.73,0.08,,,
2024-11,City Union Bank Apps,,,,,26.24,0.07,,,26.24,0.07,,,
2024-11,Bharat Pe #,,,,,8.29,0.07,,,8.29,0.07,,,
2024-11,Tamilnad Mercantile Bank Apps,,,,,23.33,0.07,,,23.33,0.07,,,
2024-11,Salary Se #,,,,,3.75,0.07,,,3.75,0.07,,,
2024-11,Genwise #,,,,,22.84,0.06,,,22.84,0.06,,,
2024-11,Karur Vysya Bank Apps,,,,,17.82,0.05,,,17.82,0.05,,,
2024-11,Equitas Small Finance Bank Apps,,,,,25.69,0.03,,,25.69,0.03,,,
2024-11,Freo #,,,,,1.8,0.03,,,1.8,0.03,,,
2024-11,Cheq,,,,,1.84,0.03,,,1.84,0.03,,,
2024-11,Money View #,,,,,2.77,0.02,,,2.77,0.02,,,
2024-11,Punjab Sind Bank Apps,,,,,10.76,0.02,,,10.76,0.02,,,
2024-11,Spice Money,,,,,2.73,0.02,,,2.73,0.02,,,
2024-11,Kredit.Pe #,,,,,2.67,0.02,,,2.67,0.02,,,
2024-11,Others,5.62,0.13,,,219.56,1.52,,,225.18,1.65,,,
2024-12,PhonePe #,,,,,1176300.32,7984.05,,,1176300.32,7984.05,,,
2024-12,Google Pay #,,,,,822598.36,6140.47,,,822598.36,6140.47,,,
2024-12,Paytm #,,,,,125739.66,1150.96,,,125739.66,1150.96,,,
2024-12,Navi #,,,,,11317.09,202.53,,,11317.09,202.53,,,
2024-12,Cred #,,,,,50979.94,143.07,,,50979.94,143.07,,,
2024-12,Axis Bank Apps,2.02,0.01,1642.74,106.39,4515.13,21.96,,,6159.9,128.36,,,
2024-12,super.money #,,,,,3866.39,101.81,,,3866.39,101.81,,,
2024-12,Amazon Pay #,,,,,9330.97,91.94,,,9330.97,91.94,,,
2024-12,FamApp by Trio #,,,,,870.68,75.74,,,870.68,75.74,,,
2024-12,ICICI Bank Apps,2223.13,2.33,10.54,0.01,19670.88,59.52,,,21904.55,61.86,,,
2024-12,Whatsapp #,,,,,4348.19,57.85,,,4348.19,57.85,,,
2024-12,Kotak Mahindra Bank Apps,,,,,7286.24,52.06,,,7286.24,52.06,,,
2024-12,HDFC Bank Apps,0.79,0.01,0.4,0.36,12525.39,41.47,,,12526.57,41.84,,,
2024-12,Yes Bank Apps,15.16,0.35,,,9201.8,40.63,,,9216.96,40.98,,,
2024-12,BHIM,,,,,9170.75,30.22,,,9170.75,30.22,,,
2024-12,Airtel Payments Bank Apps,0.04,,0.01,,1497.28,20.29,,,1497.32,20.29,,,
2024-12,Mobikwik #,,,,,3478.58,20.26,,,3478.58,20.26,,,
2024-12,Groww #,,,,,9341.27,13.78,,,9341.27,13.78,,,
2024-12,Flipkart UPI #,,,,,606.35,12.75,,,606.35,12.75,,,
2024-12,Slice #,,,,,882.04,12.06,,,882.04,12.06,,,
2024-12,State Bank of India Apps,,,,,3411.38,12.05,,,3411.38,12.05,,,
2024-12,India Post Payments Bank Apps,,,,,1337.1,10.76,,,1337.1,10.76,,,
2024-12,IDFC Bank Apps,0.48,0.01,,,2103.11,9.27,,,2103.6,9.27,,,
2024-12,Samsung Pay #,,,,,614.74,8.59,,,614.74,8.59,,,
2024-12,Bajaj Finserv #,,,,,1652.53,8.55,,,1652.53,8.55,,,
2024-12,RBL Bank Apps,6.63,0.08,,,1504.8,8.29,,,1511.43,8.37,,,
2024-12,Jupiter Money #,,,,,910.03,6.41,,,910.03,6.41,,,
2024-12,POP UPI,,,,,391.63,6.2,,,391.63,6.2,,,
2024-12,Federal Bank Apps,,,,,673.09,3.94,,,673.09,3.94,,,
2024-12,Jio Payments Bank Apps,,,,,287.81,3.46,,,287.81,3.46,,,
2024-12,Deutsche Bank Apps,0.1,,,,296.77,3.37,,,296.88,3.37,,,
2024-12,Punjab National Bank Apps,,,,,792.81,3.32,,,792.81,3.32,,,
2024-12,Fi Money #,,,,,412.1,3.32,,,412.1,3.32,,,
2024-12,Canara Bank Apps,,,,,848.14,3.2,,,848.14,3.2,,,
2024-12,Indian Bank Apps,,,,,435.17,2.21,,,435.17,2.21,,,
2024-12,Omni Card,,,,,85.46,1.45,,,85.46,1.45,,,
2024-12,Central Bank of India Apps,,,,,221.54,1.25,,,221.54,1.25,,,
2024-12,Jammu and Kashmir Bank Apps,,,,,169.43,1.13,,,169.43,1.13,,,
2024-12,Bank of Baroda Apps,,,,,431.5,1.12,,,431.5,1.12,,,
2024-12,DBS Digibank Apps,1.15,0.01,,,218.5,1.06,,,219.66,1.07,,,
2024-12,Timepay #,,,,,13.49,1.01,,,13.49,1.01,,,
2024-12,Suryoday Bank Apps,0.62,0.02,,,85.71,0.88,,,86.33,0.9,,,
2024-12,Aditya Birla Capital Digital #,,,,,37.24,0.83,,,37.24,0.83,,,
2024-12,Kiwi #,,,,,134.02,0.81,,,134.02,0.81,,,
2024-12,Union Bank Apps,,,,,255.63,0.76,,,255.63,0.76,,,
2024-12,HSBC Bank Apps,0.12,,0.08,,194.81,0.73,,,195.01,0.74,,,
2024-12,South Indian Bank Apps,,,,,181.57,0.63,,,181.57,0.63,,,
2024-12,Shri Ram One #,,,,,57.11,0.61,,,57.11,0.61,,,
2024-12,Digikhata,,,,,170.77,0.56,,,170.77,0.56,,,
2024-12,Fino Payments Bank Apps,,,,,72.04,0.55,,,72.04,0.55,,,
2024-12,One Card #,,,,,549.1,0.5,,,549.1,0.5,,,
2024-12,AU Small Finance Bank Apps,,,,,151.24,0.49,,,151.24,0.49,,,
2024-12,True Balance,,,,,21.49,0.41,,,21.49,0.41,,,
2024-12,IndusInd Bank Apps,1.34,,,,85.71,0.34,,,87.05,0.34,,,
2024-12,UCO Bank Apps,,,,,76.33,0.32,,,76.33,0.32,,,
2024-12,Tata Neu #,,,,,81.2,0.3,,,81.2,0.3,,,
2024-12,Indian Overseas Bank Apps,,,,,59.7,0.23,,,59.7,0.23,,,
2024-12,Bank of India Apps,,,,,68.38,0.22,,,68.38,0.22,,,
2024-12,Karnataka Bank Apps,,,,,47.38,0.22,,,47.38,0.22,,,
2024-12,Standard Chartered Bank Apps,0.04,,,,123.15,0.2,,,123.19,0.2,,,
2024-12,ESAF Small Finance Bank Apps,,,,,20.5,0.19,,,20.5,0.19,,,
2024-12,Dhani,,,,,12.18,0.14,,,12.18,0.14,,,
2024-12,Bharat Pe #,,,,,13.25,0.11,,,13.25,0.11,,,
2024-12,Rapipay,,,,,12.52,0.1,,,12.52,0.1,,,
2024-12,Niyo Global #,,,,,56.0,0.1,,,56.0,0.1,,,
2024-12,IDBI Bank Apps,,,,,35.31,0.1,,,35.31,0.1,,,
2024-12,Salary Se #,,,,,4.8,0.1,,,4.8,0.1,,,
2024-12,Ultracash #,,,,,6.16,0.09,,,6.16,0.09,,,
2024-12,Ind Money #,,,,,28.5,0.08,,,28.5,0.08,,,
2024-12,City Union Bank Apps,,,,,28.56,0.08,,,28.56,0.08,,,
2024-12,Tamilnad Mercantile Bank Apps,,,,,25.95,0.08,,,25.95,0.08,,,
2024-12,Karur Vysya Bank Apps,,,,,24.98,0.07,,,24.98,0.07,,,
2024-12,NSDL Payments Bank Apps,,,,,8.36,0.07,,,8.36,0.07,,,
2024-12,Spice Money,,,,,5.97,0.06,,,5.97,0.06,,,
2024-12,Money View #,,,,,4.42,0.06,,,4.42,0.06,,,
2024-12,Kredit.Pe #,,,,,6.27,0.05,,,6.27,0.05,,,
2024-12,Equitas Small Finance Bank Apps,,,,,28.67,0.04,,,28.67,0.04,,,
2024-12,Bank of Maharashtra Apps,,,,,12.79,0.04,,,12.79,0.04,,,
2024-12,Genwise #,,,,,31.68,0.03,,,31.68,0.03,,,
2024-12,Cheq,,,,,2.43,0.03,,,2.43,0.03,,,
2024-12,Freo #,,,,,1.72,0.02,,,1.72,0.02,,,
2024-12,Punjab Sind Bank Apps,,,,,7.78,0.02,,,7.78,0.02,,,
2024-12,Others,6.71,0.15,,,483.55,3.23,,,490.26,3.39,,,
2025-01,Phone Pe #,,,,,1191303.98,8102.44,,,1191303.98,8102.44,,,
2025-01,Google Pay #,,,,,826845.07,6183.91,,,826845.07,6183.91,,,
2025-01,Paytm #,,,,,126313.45,1152.34,,,126313.45,1152.34,,,
2025-01,Navi #,,,,,13221.33,242.83,,,13221.33,242.83,,,
2025-01,Cred #,,,,,49482.95,137.44,,,49482.95,137.44,,,
2025-01,Axis Bank Apps,2.83,0.01,2961.58,107.71,4804.76,18.9,,,7769.17,126.62,,,
2025-01,super.money #,,,,,4565.57,124.83,,,4565.57,124.83,,,
2025-01,Amazon Pay #,,,,,9843.47,99.95,,,9843.47,99.95,,,
2025-01,FamApp by Trio #,,,,,896.25,79.01,,,896.25,79.01,,,
2025-01,Whatsapp #,,,,,4550.41,60.99,,,4550.41,60.99,,,
2025-01,ICICI Bank Apps,1731.71,2.1,11.03,0.01,17185.89,56.13,,,18928.62,58.23,,,
2025-01,Kotak Mahindra Bank Apps,,,,,7489.75,53.71,,,7489.75,53.71,,,
2025-01,HDFC Bank Apps,0.69,0.01,3.86,9.17,11081.87,40.42,,,11086.42,49.6,,,
2025-01,Yes Bank Apps,17.71,0.38,,,8859.55,41.18,,,8877.26,41.57,,,
2025-01,BHIM,,,,,9333.77,33.88,,,9333.77,33.88,,,
2025-01,Mobikwik #,,,,,3811.43,23.66,,,3811.43,23.66,,,
2025-01,Airtel Payments Bank Apps,0.05,,,,1498.77,20.96,,,1498.83,20.96,,,
2025-01,Groww #,,,,,11200.31,15.4,,,11200.31,15.4,,,
2025-01,India Post Payments Bank Apps,,,,,1509.59,12.57,,,1509.59,12.57,,,
2025-01,State Bank of India Apps,,,,,3515.63,12.49,,,3515.63,12.49,,,
2025-01,IDFC Bank Apps,0.02,,,,2283.02,11.77,,,2283.04,11.77,,,
2025-01,RBL Bank Apps,6.95,0.12,,,1411.19,8.5,,,1418.15,8.62,,,
2025-01,Samsung Pay #,,,,,608.41,8.57,,,608.41,8.57,,,
2025-01,Bajaj Finserv #,,,,,1649.36,8.19,,,1649.36,8.19,,,
2025-01,POP UPI,,,,,431.96,8.1,,,431.96,8.1,,,
2025-01,Slice #,,,,,569.95,7.88,,,569.95,7.88,,,
2025-01,Flipkart UPI #,,,,,393.64,7.58,,,393.64,7.58,,,
2025-01,Jupiter Money #,,,,,913.95,6.31,,,913.95,6.31,,,
2025-01,Federal Bank Apps,,,,,744.89,4.3,,,744.89,4.3,,,
2025-01,Jio Payments Bank Apps,,,,,293.42,3.66,,,293.42,3.66,,,
2025-01,Punjab National Bank Apps,,,,,864.8,3.45,,,864.8,3.45,,,
2025-01,Canara Bank Apps,,,,,884.57,3.36,,,884.57,3.36,,,
2025-01,Deutsche Bank Apps,0.1,,,,322.65,3.31,,,322.75,3.32,,,
2025-01,Fi Money #,,,,,401.64,3.25,,,401.64,3.25,,,
2025-01,Indian Bank Apps,,,,,174.94,0.62,,,174.94,0.62,,,
2025-01,Timepay #,,,,,22.39,1.8,,,22.39,1.8,,,
2025-01,Suryoday Bank Apps,2.94,0.02,,,320.78,1.72,,,323.72,1.74,,,
2025-01,Jammu and Kashmir Bank Apps,,,,,212.89,1.62,,,212.89,1.62,,,
2025-01,Omni Card,,,,,96,1.49,,,96,1.49,,,
2025-01,Central Bank of India Apps,,,,,237.42,1.34,,,237.42,1.34,,,
2025-01,Bank of Baroda Apps,,,,,442.03,1.23,,,442.03,1.23,,,
2025-01,DBS Digibank Apps,1.09,0.01,,,224.4,1.12,,,225.49,1.13,,,
2025-01,Aditya Birla Capital Digital #,,,,,39.03,0.93,,,39.03,0.93,,,
2025-01,Kiwi #,,,,,141.6,0.82,,,141.6,0.82,,,
2025-01,HSBC Bank Apps,0.17,,0.08,,201.55,0.82,,,201.79,0.82,,,
2025-01,Union Bank Apps,,,,,257.23,0.75,,,257.23,0.75,,,
2025-01,One Card #,,,,,799.37,0.7,,,799.37,0.7,,,
2025-01,South Indian Bank Apps,,,,,192.73,0.65,,,192.73,0.65,,,
2025-01,Digikhata,,,,,194.07,0.64,,,194.07,0.64,,,
2025-01,Ind Money #,,,,,293.14,0.63,,,293.14,0.63,,,
2025-01,Shri Ram One #,,,,,63.97,0.6,,,63.97,0.6,,,
2025-01,Fino Payments Bank Apps,,,,,78.97,0.59,,,78.97,0.59,,,
2025-01,AU Small Finance Bank Apps,0.01,,,,154.34,0.5,,,154.35,0.5,,,
2025-01,UCO Bank Apps,,,,,85.35,0.34,,,85.35,0.34,,,
2025-01,Tata Neu #,,,,,89.22,0.3,,,89.22,0.3,,,
2025-01,IndusInd Bank Apps,,,,,320.32,1.71,,,320.32,1.71,,,
2025-01,Indian Overseas Bank Apps,,,,,66.56,0.25,,,66.56,0.25,,,
2025-01,Karnataka Bank Apps,,,,,52.98,0.25,,,52.98,0.25,,,
2025-01,ESAF Small Finance Bank Apps,,,,,26.7,0.24,,,26.7,0.24,,,
2025-01,Bank of India Apps,,,,,78.25,0.24,,,78.25,0.24,,,
2025-01,True Balance,,,,,9.01,0.23,,,9.01,0.23,,,
2025-01,Bharat Pe #,,,,,19.64,0.21,,,19.64,0.21,,,
2025-01,Standard Chartered Bank Apps,0.05,,,,123.84,0.19,,,123.89,0.2,,,
2025-01,Salary Se #,,,,,7.76,0.16,,,7.76,0.16,,,
2025-01,Dhani,,,,,7.72,0.15,,,7.72,0.15,,,
2025-01,Money View #,,,,,9.77,0.12,,,9.77,0.12,,,
2025-01,Rapipay,,,,,13.96,0.11,,,13.96,0.11,,,
2025-01,IDBI Bank Apps,,,,,41.84,0.11,,,41.84,0.11,,,
2025-01,Niyo Global #,,,,,48.75,0.1,,,48.75,0.1,,,
2025-01,Ultracash #,,,,,6.74,0.09,,,6.74,0.09,,,
2025-01,Kredit.Pe #,,,,,11.04,0.09,,,11.04,0.09,,,
2025-01,City Union Bank Apps,,,,,29.52,0.08,,,29.52,0.08,,,
2025-01,Karur Vysya Bank Apps,,,,,29.32,0.08,,,29.32,0.08,,,
2025-01,Tamilnad Mercantile Bank Apps,,,,,26.96,0.08,,,26.96,0.08,,,
2025-01,Spice Money,,,,,7.67,0.08,,,7.67,0.08,,,
2025-01,NSDL Payments Bank Apps,,,,,8.35,0.07,,,8.35,0.07,,,
2025-01,Genwise #,,,,,29.81,0.05,,,29.81,0.05,,,
2025-01,Bank of Maharashtra Apps,,,,,15.22,0.04,,,15.22,0.04,,,
2025-01,Equitas Small Finance Bank Apps,,,,,28.47,0.04,,,28.47,0.04,,,
2025-01,Cheq,,,,,2.39,0.03,,,2.39,0.03,,,
2025-01,Punjab Sind Bank Apps,,,,,11.6,0.03,,,11.6,0.03,,,
2025-01,Freo #,,,,,1.55,0.02,,,1.55,0.02,,,
2025-01,Others,7.01,0.16,,,1366.16,8.51,,,1373.16,8.66,,,
2025-02,Phone Pe #,,,,,1118963.81,7656.4,,,1118963.81,7656.4,,,
2025-02,Google Pay #,,,,,771089.15,5836.8,,,771089.15,5836.8,,,
2025-02,Paytm #,,,,,117090.29,1079.64,,,117090.29,1079.64,,,
2025-02,Navi #,,,,,14322.97,260.75,,,14322.97,260.75,,,
2025-02,super.money #,,,,,4812.44,139.1,,,4812.44,139.1,,,
2025-02,Cred #,,,,,45127.72,126.48,,,45127.72,126.48,,,
2025-02,Axis Bank Apps,2.67,0.01,4638.45,100.15,4556.21,17.53,,,9197.33,117.7,,,
2025-02,Amazon Pay #,,,,,9077.3,93.31,,,9077.3,93.31,,,
2025-02,FamApp by Trio #,,,,,876.12,77.08,,,876.12,77.08,,,
2025-02,Whatsapp #,,,,,4349.62,58.86,,,4349.62,58.86,,,
2025-02,ICICI Bank Apps,1622.99,1.93,11.15,0.01,12740.39,52.17,,,14374.53,54.11,,,
2025-02,Kotak Mahindra Bank Apps,,,,,6872.1,50.53,,,6872.1,50.53,,,
2025-02,HDFC Bank Apps,0.73,0.01,3.71,8.71,10543.2,39.26,,,10547.64,47.98,,,
2025-02,Yes Bank Apps,17.31,0.37,0.09,,8367.66,37.4,,,8385.06,37.78,,,
2025-02,BHIM,,,,,8475.29,36.88,,,8475.29,36.88,,,
2025-02,Mobikwik #,,,,,3733.72,24.19,,,3733.72,24.19,,,
2025-02,Airtel Payments Bank Apps,0.03,,0.01,,1349.2,18.99,,,1349.23,18.99,,,
2025-02,Slice #,0.01,,,,1742.7,15.31,,,1742.71,15.31,,,
2025-02,Groww #,,,,,8383.73,12.81,,,8383.73,12.81,,,
2025-02,India Post Payments Bank Apps,,,,,1463.53,12.27,,,1463.53,12.27,,,
2025-02,IDFC Bank Apps,0.02,,,,2158.27,11.98,,,2158.3,11.98,,,
2025-02,State Bank of India Apps,,,,,3197.67,11.68,,,3197.67,11.68,,,
2025-02,RBL Bank Apps,13.57,0.1,,,1408.32,8.76,,,1421.89,8.86,,,
2025-02,Bajaj Finserv #,,,,,1707.51,8.39,,,1707.51,8.39,,,
2025-02,Samsung Pay #,,,,,576.3,8.09,,,576.3,8.09,,,
2025-02,POP UPI,,,,,419.36,7.27,,,419.36,7.27,,,
2025-02,Jupiter Money #,,,,,858.34,5.95,,,858.34,5.95,,,
2025-02,Flipkart UPI #,,,,,238.42,4.42,,,238.42,4.42,,,
2025-02,Federal Bank Apps,,,,,715.26,4.08,,,715.26,4.08,,,
2025-02,Jio Payments Bank Apps,,,,,290.56,3.66,,,290.56,3.66,,,
2025-02,Canara Bank Apps,,,,,837.13,3.25,,,837.13,3.25,,,
2025-02,Punjab National Bank Apps,,,,,809.91,3.19,,,809.91,3.19,,,
2025-02,Deutsche Bank Apps,0.09,,,,442.59,3.12,,,442.68,3.12,,,
2025-02,Fi Money #,,,,,377.32,2.99,,,377.32,2.99,,,
2025-02,Timepay #,,,,,28.77,2.19,,,28.77,2.19,,,
2025-02,IndusInd Bank Apps,,,,,307.45,1.76,,,307.45,1.76,,,
2025-02,Bank of Baroda Apps,,,,,472.44,1.72,,,472.44,1.72,,,
2025-02,Jammu and Kashmir Bank Apps,,,,,216.84,1.57,,,216.84,1.57,,,
2025-02,Omni Card,,,,,93.44,1.41,,,93.44,1.41,,,
2025-02,Central Bank of India Apps,,,,,233.31,1.36,,,233.31,1.36,,,
2025-02,Shri Ram One #,,,,,81.1,1.16,,,81.1,1.16,,,
2025-02,Suryoday Bank Apps,3.59,0.02,,,189.69,1.1,,,193.28,1.12,,,
2025-02,Kiwi #,,,,,155.81,1.01,,,155.81,1.01,,,
2025-02,DBS Digibank Apps,1.37,0.01,,,201.32,0.99,,,202.69,1,,,
2025-02,HSBC Bank Apps,0.1,,0.27,,186.34,0.81,,,186.7,0.82,,,
2025-02,Ind Money #,,,,,357.98,0.78,,,357.98,0.78,,,
2025-02,Aditya Birla Capital Digital #,,,,,29.68,0.7,,,29.68,0.7,,,
2025-02,Digikhata,,,,,208.81,0.68,,,208.81,0.68,,,
2025-02,Union Bank Apps,,,,,225.15,0.67,,,225.15,0.67,,,
2025-02,One Card #,,,,,742.49,0.66,,,742.49,0.66,,,
2025-02,Bharat Pe #,,,,,41.42,0.62,,,41.42,0.62,,,
2025-02,South Indian Bank Apps,,,,,178.11,0.62,,,178.11,0.62,,,
2025-02,Indian Bank Apps,,,,,168.69,0.61,,,168.69,0.61,,,
2025-02,Fino Payments Bank Apps,,,,,68.54,0.53,,,68.54,0.53,,,
2025-02,AU Small Finance Bank Apps,,,,,148.93,0.49,,,148.93,0.49,,,
2025-02,UCO Bank Apps,,,,,89.18,0.35,,,89.18,0.35,,,
2025-02,Salary Se #,,,,,15.64,0.3,,,15.64,0.3,,,
2025-02,Tata Neu #,,,,,92.32,0.3,,,92.32,0.3,,,
2025-02,Indian Overseas Bank Apps,,,,,67.2,0.27,,,67.2,0.27,,,
2025-02,ESAF Small Finance Bank Apps,,,,,26.81,0.27,,,26.81,0.27,,,
2025-02,Bank of India Apps,,,,,75.45,0.24,,,75.45,0.24,,,
2025-02,Karnataka Bank Apps,,,,,50.92,0.23,,,50.92,0.23,,,
2025-02,Standard Chartered Bank Apps,0.07,,,,114.04,0.2,,,114.12,0.2,,,
2025-02,Dhani,,,,,7.35,0.15,,,7.35,0.15,,,
2025-02,Money View #,,,,,15.33,0.15,,,15.33,0.15,,,
2025-02,True Balance,,,,,4.64,0.13,,,4.64,0.13,,,
2025-02,Kredit.Pe #,,,,,16.73,0.12,,,16.73,0.12,,,
2025-02,Rapipay,,,,,14.62,0.12,,,14.62,0.12,,,
2025-02,Spice Money,,,,,9.88,0.1,,,9.88,0.1,,,
2025-02,Niyo Global #,,,,,46.26,0.09,,,46.26,0.09,,,
2025-02,IDBI Bank Apps,,,,,32.23,0.09,,,32.23,0.09,,,
2025-02,Ultracash #,,,,,6.62,0.09,,,6.62,0.09,,,
2025-02,City Union Bank Apps,,,,,28.98,0.08,,,28.98,0.08,,,
2025-02,Karur Vysya Bank Apps,,,,,28.6,0.08,,,28.6,0.08,,,
2025-02,Tamilnad Mercantile Bank Apps,,,,,26.47,0.08,,,26.47,0.08,,,
2025-02,NSDL Payments Bank Apps,,,,,8.12,0.08,,,8.12,0.08,,,
2025-02,Genwise #,,,,,24.26,0.07,,,24.26,0.07,,,
2025-02,Freo #,,,,,2.36,0.04,,,2.36,0.04,,,
2025-02,Cheq,,,,,2.44,0.03,,,2.44,0.03,,,
2025-02,Punjab Sind Bank Apps,,,,,9.76,0.03,,,9.76,0.03,,,
2025-02,Bank of Maharashtra Apps,,,,,9.03,0.02,,,9.03,0.02,,,
2025-02,Others,6.15,0.15,,,216.46,1.8,,,222.61,1.94,,,
2025-03,Phone Pe #,,,,,1257075.54,8647.78,,,1257075.54,8647.78,,,
2025-03,Google Pay #,,,,,866568.18,6596.76,,,866568.18,6596.76,,,
2025-03,Paytm #,,,,,132912.04,1221.12,,,132912.04,1221.12,,,
2025-03,Navi #,,,,,18018.65,324.42,,,18018.65,324.42,,,
2025-03,super.money #,,,,,5933.08,171.75,,,5933.08,171.75,,,
2025-03,Axis Bank Apps,2.43,0.01,4948.62,125.5,5015.47,20.26,,,9966.53,145.78,,,
2025-03,Cred #,,,,,55091.22,144.82,,,55091.22,144.82,,,
2025-03,Amazon Pay #,,,,,10606.66,111.06,,,10606.66,111.06,,,
2025-03,FamApp by Trio #,,,,,1099.28,89.94,,,1099.28,89.94,,,
2025-03,ICICI Bank Apps,1878.57,2.21,13.65,0.01,14804.72,65.41,,,16696.94,67.63,,,
2025-03,Whatsapp #,,,,,4958.25,66.23,,,4958.25,66.23,,,
2025-03,HDFC Bank Apps,1.97,0.01,5.37,14.3,11782.56,46.63,,,11789.9,60.94,,,
2025-03,Kotak Mahindra Bank Apps,,,,,7737.14,57.05,,,7737.14,57.05,,,
2025-03,BHIM,,,,,9540.09,46.13,,,9540.09,46.13,,,
2025-03,Yes Bank Apps,19.13,0.44,0.12,0.01,9369.6,43.58,,,9388.85,44.03,,,
2025-03,Mobikwik #,,,,,4414,29.8,,,4414,29.8,,,
2025-03,Airtel Payments Bank Apps,0.04,,0.02,,1487.83,21.63,,,1487.89,21.63,,,
2025-03,Slice #,0.02,,,,2069.29,17.41,,,2069.31,17.41,,,
2025-03,India Post Payments Bank Apps,,,,,1941.73,16.58,,,1941.73,16.58,,,
2025-03,IDFC Bank Apps,0.05,0.01,7.96,0.14,2478.07,14.39,,,2486.08,14.53,,,
2025-03,State Bank of India Apps,,,,,3418.04,12.61,,,3418.04,12.61,,,
2025-03,RBL Bank Apps,27.46,0.2,0.01,,1714.22,12.38,,,1741.69,12.59,,,
2025-03,Groww #,,,,,7009.63,11.63,,,7009.63,11.63,,,
2025-03,Bajaj Finserv #,,,,,1892.01,9.66,,,1892.01,9.66,,,
2025-03,Samsung Pay #,,,,,642.73,8.95,,,642.73,8.95,,,
2025-03,POP UPI,,,,,449.95,8.53,,,449.95,8.53,,,
2025-03,Jupiter Money #,,,,,958.52,6.49,,,958.52,6.49,,,
2025-03,Federal Bank Apps,,,,,869.77,4.75,,,869.77,4.75,,,
2025-03,Flipkart UPI #,,,,,257.82,4.72,,,257.82,4.72,,,
2025-03,Jio Payments Bank Apps,,,,,318.2,4.08,,,318.2,4.08,,,
2025-03,Canara Bank Apps,,,,,975.91,3.75,,,975.91,3.75,,,
2025-03,Deutsche Bank Apps,0.12,,,,531.92,3.61,,,532.05,3.62,,,
2025-03,Punjab National Bank Apps,,,,,898.95,3.38,,,898.95,3.38,,,
2025-03,Fi Money #,,,,,434.16,3.25,,,434.16,3.25,,,
2025-03,Timepay #,,,,,37.66,3.07,,,37.66,3.07,,,
2025-03,Bank of Baroda Apps,,,,,588.95,2.11,,,588.95,2.11,,,
2025-03,IndusInd Bank Apps,,,,,346,2.04,,,346,2.04,,,
2025-03,Shri Ram One #,,,,,116.77,1.75,,,116.77,1.75,,,
2025-03,Jammu and Kashmir Bank Apps,,,,,261.45,1.75,,,261.45,1.75,,,
2025-03,Omni Card,,,,,86.51,1.59,,,86.51,1.59,,,
2025-03,Central Bank of India Apps,,,,,268,1.57,,,268,1.57,,,
2025-03,Kiwi #,,,,,213.93,1.41,,,213.93,1.41,,,
2025-03,Suryoday Bank Apps,4.71,0.02,,,174.22,1.24,,,178.92,1.26,,,
2025-03,Bharat Pe #,,,,,68.67,1.07,,,68.67,1.07,,,
2025-03,DBS Digibank Apps,1.48,0.01,,,228.73,1.02,,,230.21,1.02,,,
2025-03,HSBC Bank Apps,0.21,,0.32,0.01,224.31,0.99,,,224.84,1,,,
2025-03,Ind Money #,,,,,436.8,0.95,,,436.8,0.95,,,
2025-03,Aditya Birla Capital Digital #,,,,,39.97,0.88,,,39.97,0.88,,,
2025-03,One Card #,,,,,973,0.82,,,973,0.82,,,
2025-03,Digikhata,,,,,258.58,0.8,,,258.58,0.8,,,
2025-03,Union Bank Apps,,,,,241.09,0.72,,,241.09,0.72,,,
2025-03,South Indian Bank Apps,,,,,204.88,0.68,,,204.88,0.68,,,
2025-03,Indian Bank Apps,,,,,176.18,0.64,,,176.18,0.64,,,
2025-03,AU Small Finance Bank Apps,,,,,174.06,0.59,,,174.06,0.59,,,
2025-03,Fino Payments Bank Apps,,,,,63.84,0.58,,,63.84,0.58,,,
2025-03,Standard Chartered Bank Apps,5.67,0.19,,,140.79,0.31,,,146.46,0.5,,,
2025-03,UCO Bank Apps,,,,,110.34,0.44,,,110.34,0.44,,,
2025-03,Tata Neu #,,,,,111.95,0.38,,,111.95,0.38,,,
2025-03,ESAF Small Finance Bank Apps,,,,,40.78,0.38,,,40.78,0.38,,,
2025-03,Salary Se #,,,,,18.23,0.36,,,18.23,0.36,,,
2025-03,Bank of India Apps,,,,,86.1,0.27,,,86.1,0.27,,,
2025-03,Indian Overseas Bank Apps,,,,,60.29,0.26,,,60.29,0.26,,,
2025-03,Karnataka Bank Apps,0.01,,,,57.71,0.25,,,57.72,0.25,,,
2025-03,Kredit.Pe #,,,,,26.43,0.19,,,26.43,0.19,,,
2025-03,Money View #,,,,,18.99,0.18,,,18.99,0.18,,,
2025-03,Dhani,,,,,8.44,0.17,,,8.44,0.17,,,
2025-03,Spice Money,,,,,12.87,0.16,,,12.87,0.16,,,
2025-03,Rapipay,,,,,17.08,0.14,,,17.08,0.14,,,
2025-03,IDBI Bank Apps,,,,,45.74,0.13,,,45.74,0.13,,,
2025-03,Ultracash #,,,,,8.67,0.11,,,8.67,0.11,,,
2025-03,Niyo Global #,,,,,54.39,0.11,,,54.39,0.11,,,
2025-03,True Balance,,,,,3.41,0.1,,,3.41,0.1,,,
2025-03,Karur Vysya Bank Apps,,,,,33.66,0.09,,,33.66,0.09,,,
2025-03,City Union Bank Apps,,,,,31.31,0.09,,,31.31,0.09,,,
2025-03,Tamilnad Mercantile Bank Apps,,,,,29.48,0.08,,,29.48,0.08,,,
2025-03,Genwise #,,,,,28.34,0.07,,,28.34,0.07,,,
2025-03,Freo #,,,,,3.87,0.05,,,3.87,0.05,,,
2025-03,NSDL Payments Bank Apps,,,,,5.54,0.04,,,5.54,0.04,,,
2025-03,Cheq,,,,,2.43,0.03,,,2.43,0.03,,,
2025-03,Bank of Maharashtra Apps,,,,,9.11,0.03,,,9.11,0.03,,,
2025-03,Punjab Sind Bank Apps,,,,,9.19,0.03,,,9.19,0.03,,,
2025-03,Others,7.19,0.18,,,247.74,2.08,,,254.93,2.26,,,
2025-04,Phone Pe #,,,,,1205047.3,8362.31,,,1205047.3,8362.31,,,
2025-04,Google Pay #,,,,,842628.56,6488.55,,,842628.56,6488.55,,,
2025-04,Paytm #,,,,,131153.97,1210.24,,,131153.97,1210.24,,,
2025-04,Navi #,,,,,18841.19,344.21,,,18841.19,344.21,,,
2025-04,super.money #,,,,,5924.95,175.24,,,5924.95,175.24,,,
2025-04,Cred #,,,,,49753,134.67,,,49753,134.67,,,
2025-04,Axis Bank Apps,2.83,0.01,3863.71,97.85,5281.1,22.18,,,9147.64,120.05,,,
2025-04,FamApp by Trio #,,,,,1241.8,99.91,,,1241.8,99.91,,,
2025-04,Amazon Pay #,,,,,9966.68,98.26,,,9966.68,98.26,,,
2025-04,Whatsapp #,,,,,5065.44,67.4,,,5065.44,67.4,,,
2025-04,ICICI Bank Apps,1851.16,2.21,12.53,0.01,14360.28,55.89,,,16223.97,58.11,,,
2025-04,Kotak Mahindra Bank Apps,,,,,7681.65,57.73,,,7681.65,57.73,,,
2025-04,HDFC Bank Apps,1.23,0.01,5.21,12.98,11941.31,44.47,,,11947.75,57.46,,,
2025-04,BHIM,,,,,10363.27,53.57,,,10363.27,53.57,,,
2025-04,Yes Bank Apps,19.73,0.32,,,9039.54,47.98,,,9059.27,48.3,,,
2025-04,Mobikwik #,,,,,4277.05,31.7,,,4277.05,31.7,,,
2025-04,Airtel Payments Bank Apps,,,0.01,,1416.38,20.4,,,1416.39,20.4,,,
2025-04,Slice #,0.02,,,,2119.99,17.81,,,2120.01,17.81,,,
2025-04,IDFC Bank Apps,0.22,0.03,4.34,0.05,2430.68,16.01,,,2435.24,16.09,,,
2025-04,India Post Payments Bank Apps,,,,,1738.65,14.76,,,1738.65,14.76,,,
2025-04,RBL Bank Apps,22.38,0.19,0.14,,1630.61,13.9,,,1653.13,14.09,,,
2025-04,State Bank of India Apps,,,,,3524.25,13.16,,,3524.25,13.16,,,
2025-04,Groww #,,,,,8788.46,12.37,,,8788.46,12.37,,,
2025-04,POP UPI,,,,,445.95,10.38,,,445.95,10.38,,,
2025-04,Bajaj Finserv #,,,,,2002.37,10.25,,,2002.37,10.25,,,
2025-04,Samsung Pay #,,,,,619.96,8.72,,,619.96,8.72,,,
2025-04,Jupiter Money #,,,,,900.17,6.15,,,900.17,6.15,,,
2025-04,Federal Bank Apps,,,,,894.05,4.89,,,894.05,4.89,,,
2025-04,Jio Payments Bank Apps,,,,,315.88,4.21,,,315.88,4.21,,,
2025-04,Canara Bank Apps,,,,,970.18,3.71,,,970.18,3.71,,,
2025-04,Deutsche Bank Apps,0.11,,,,647.31,3.55,,,647.42,3.56,,,
2025-04,Flipkart UPI #,,,,,195.89,3.47,,,195.89,3.47,,,
2025-04,Punjab National Bank Apps,,,,,912.54,3.4,,,912.54,3.4,,,
2025-04,Timepay #,,,,,40.66,3.12,,,40.66,3.12,,,
2025-04,Fi Money #,,,,,396.69,3.01,,,396.69,3.01,,,
2025-04,Kiwi #,,,,,297.79,2.41,,,297.79,2.41,,,
2025-04,IndusInd Bank Apps,,,,,345.61,2.17,,,345.61,2.17,,,
2025-04,Jammu and Kashmir Bank Apps,,,,,281.4,2.11,,,281.4,2.11,,,
2025-04,Shri Ram One #,,,,,137.77,2.09,,,137.77,2.09,,,
2025-04,Bank of Baroda Apps,,,,,567.22,1.9,,,567.22,1.9,,,
2025-04,Standard Chartered Bank Apps,5.07,0.18,,,153.33,1.72,,,158.39,1.9,,,
2025-04,Omni Card,,,,,84.95,1.57,,,84.95,1.57,,,
2025-04,Central Bank of India Apps,,,,,263.72,1.54,,,263.72,1.54,,,
2025-04,DBS Digibank Apps,1.7,0.01,,,211.67,1.09,,,213.38,1.1,,,
2025-04,Ind Money #,,,,,541.53,1.05,,,541.53,1.05,,,
2025-04,HSBC Bank Apps,0.11,,0.37,0.01,106.65,0.87,,,107.13,0.88,,,
2025-04,Digikhata,,,,,254.47,0.8,,,254.47,0.8,,,
2025-04,Bharat Pe #,,,,,59.59,0.78,,,59.59,0.78,,,
2025-04,Suryoday Bank Apps,5.3,0.01,,,130.27,0.73,,,135.57,0.75,,,
2025-04,One Card #,,,,,842.35,0.74,,,842.35,0.74,,,
2025-04,Union Bank Apps,,,,,243.46,0.72,,,243.46,0.72,,,
2025-04,Indian Bank Apps,,,,,186.42,0.7,,,186.42,0.7,,,
2025-04,South Indian Bank Apps,,,,,200.19,0.68,,,200.19,0.68,,,
2025-04,Aditya Birla Capital Digital #,,,,,32.69,0.63,,,32.69,0.63,,,
2025-04,AU Small Finance Bank Apps,,,,,178.31,0.57,,,178.31,0.57,,,
2025-04,Fino Payments Bank Apps,,,,,54.6,0.51,,,54.6,0.51,,,
2025-04,UCO Bank Apps,,,,,116.7,0.46,,,116.7,0.46,,,
2025-04,ESAF Small Finance Bank Apps,,,,,52.11,0.44,,,52.11,0.44,,,
2025-04,Tata Neu #,,,,,118.54,0.39,,,118.54,0.39,,,
2025-04,Salary Se #,,,,,17.58,0.37,,,17.58,0.37,,,
2025-04,Bank of India Apps,,,,,90.46,0.3,,,90.46,0.3,,,
2025-04,Indian Overseas Bank Apps,,,,,63.56,0.27,,,63.56,0.27,,,
2025-04,Karnataka Bank Apps,,,,,58.02,0.24,,,58.02,0.24,,,
2025-04,Money View #,,,,,25.72,0.23,,,25.72,0.23,,,
2025-04,Kredit.Pe #,,,,,28.84,0.22,,,28.84,0.22,,,
2025-04,Spice Money,,,,,12.63,0.17,,,12.63,0.17,,,
2025-04,Dhani,,,,,7.15,0.16,,,7.15,0.16,,,
2025-04,Rapipay,,,,,16.93,0.15,,,16.93,0.15,,,
2025-04,IDBI Bank Apps,,,,,47.44,0.13,,,47.44,0.13,,,
2025-04,Niyo Global #,,,,,58.73,0.11,,,58.73,0.11,,,
2025-04,Ultracash #,,,,,8.26,0.1,,,8.26,0.1,,,
2025-04,Karur Vysya Bank Apps,,,,,33.47,0.09,,,33.47,0.09,,,
2025-04,True Balance,,,,,3.02,0.09,,,3.02,0.09,,,
2025-04,Tamilnad Mercantile Bank Apps,,,,,31.21,0.09,,,31.21,0.09,,,
2025-04,City Union Bank Apps,,,,,29.3,0.08,,,29.3,0.08,,,
2025-04,Genwise #,,,,,27.48,0.07,,,27.48,0.07,,,
2025-04,NSDL Payments Bank Apps,,,,,6.78,0.06,,,6.78,0.06,,,
2025-04,Freo #,,,,,2.6,0.04,,,2.6,0.04,,,
2025-04,Obopay,,,,,4.79,0.04,,,4.79,0.04,,,
2025-04,Unity Small Finance Bank Apps,,,,,6.73,0.03,,,6.73,0.03,,,
2025-04,Punjab Sind Bank Apps,,,,,9.5,0.03,,,9.5,0.03,,,
2025-04,Cheq,,,,,1.72,0.02,,,1.72,0.02,,,
2025-04,Bank of Maharashtra Apps,,,,,6.66,0.02,,,6.66,0.02,,,
2025-04,Others,6.06,0.13,,,210.85,1.75,,,216.91,1.88,,,
2025-05,Phone Pe #,,,,,1256541.09,8682.08,,,1256541.09,8682.08,,,
2025-05,Google Pay #,,,,,884735.12,6740.42,,,884735.12,6740.42,,,
2025-05,Paytm #,,,,,138068.97,1277.56,,,138068.97,1277.56,,,
2025-05,Navi #,,,,,21350.35,386.21,,,21350.35,386.21,,,
2025-05,super.money #,,,,,7054.28,203.42,,,7054.28,203.42,,,
2025-05,Cred #,,,,,55242.72,141.95,,,55242.72,141.95,,,
2025-05,Axis Bank Apps,2.95,0.01,4253.72,96.92,5427.15,23.1,,,9683.82,120.03,,,
2025-05,FamApp by Trio,,,,,1415.4,110.38,,,1415.4,110.38,,,
2025-05,Amazon Pay #,,,,,10343.44,98.68,,,10343.44,98.68,,,
2025-05,Whatsapp #,,,,,5280.89,70.19,,,5280.89,70.19,,,
2025-05,BHIM,,,,,11243.73,64.6,,,11243.73,64.6,,,
2025-05,HDFC Bank Apps,1.49,0.01,7.04,15.08,14798.07,48.1,,,14806.6,63.19,,,
2025-05,Kotak Mahindra Bank Apps,,,,,7862.6,59.74,,,7862.6,59.74,,,
2025-05,ICICI Bank Apps,1891.92,2.29,13.9,0.01,14783.71,57.17,,,16689.54,59.47,,,
2025-05,Yes Bank Apps,22.4,0.33,0.02,0.01,9496.55,53.19,,,9518.96,53.52,,,
2025-05,Mobikwik #,,,,,4674.33,33.92,,,4674.33,33.92,,,
2025-05,Airtel Payments Bank Apps,,,0.01,,1447.34,20.14,,,1447.35,20.14,,,
2025-05,Slice Small Finance Bank Apps,0.02,,,,2330.2,19.85,,,2330.22,19.85,,,
2025-05,India Post Payments Bank Apps,,,,,1834.83,16.51,,,1834.83,16.51,,,
2025-05,IDFC Bank Apps,0.12,0.02,0.02,,2493.14,16.19,,,2493.29,16.21,,,
2025-05,POP UPI,,,,,500.88,13.59,,,500.88,13.59,,,
2025-05,State Bank of India Apps,,,,,3700.3,13.48,,,3700.3,13.48,,,
2025-05,RBL Bank Apps,17.6,0.1,0.13,,1744.69,13.17,,,1762.42,13.27,,,
2025-05,Groww #,,,,,8443.05,12.14,,,8443.05,12.14,,,
2025-05,Bajaj Finserv,,,,,2219.95,10.67,,,2219.95,10.67,,,
2025-05,Samsung Pay,,,,,656.92,9.14,,,656.92,9.14,,,
2025-05,Jupiter Money,,,,,950.85,6.4,,,950.85,6.4,,,
2025-05,Federal Bank Apps,,,,,982.11,5.09,,,982.11,5.09,,,
2025-05,Jio Payments Bank Apps,,,,,341.19,4.7,,,341.19,4.7,,,
2025-05,Deutsche Bank Apps,0.14,,,,723.74,4.02,,,723.88,4.02,,,
2025-05,Timepay #,,,,,50.01,3.9,,,50.01,3.9,,,
2025-05,Canara Bank Apps,,,,,992.9,3.85,,,992.9,3.85,,,
2025-05,Punjab National Bank Apps,,,,,953.88,3.6,,,953.88,3.6,,,
2025-05,Kiwi #,,,,,428.68,3.58,,,428.68,3.58,,,
2025-05,Flipkart UPI #,,,,,187.83,3.23,,,187.83,3.23,,,
2025-05,Standard Chartered Bank Apps,7.77,0.27,,,172.79,2.75,,,180.55,3.02,,,
2025-05,Fi Money #,,,,,407.88,2.99,,,407.88,2.99,,,
2025-05,Shri Ram One #,,,,,165.88,2.58,,,165.88,2.58,,,
2025-05,Jammu and Kashmir Bank Apps,,,,,308.47,2.36,,,308.47,2.36,,,
2025-05,IndusInd Bank Apps,,,,,258.89,1.99,,,258.89,1.99,,,
2025-05,Bank of Baroda Apps,,,,,528.32,1.8,,,528.32,1.8,,,
2025-05,Omni Card #,,,,,92.27,1.63,,,92.27,1.63,,,
2025-05,Central Bank of India Apps,,,,,268.09,1.56,,,268.09,1.56,,,
2025-05,Ind Money #,,,,,560.96,1.3,,,560.96,1.3,,,
2025-05,Suryoday Bank Apps,4.18,0.01,,,214.28,1.24,,,218.46,1.25,,,
2025-05,DBS Digibank Apps,2.1,0.02,,,224.55,1.04,,,226.65,1.06,,,
2025-05,HSBC Bank Apps,0.22,,0.27,0.01,123.87,1.01,,,124.36,1.03,,,
2025-05,Digikhata,,,,,282.69,0.87,,,282.69,0.87,,,
2025-05,Indian Bank Apps,,,,,202.18,0.8,,,202.18,0.8,,,
2025-05,One Card #,,,,,954.81,0.8,,,954.81,0.8,,,
2025-05,Bharat Pe #,,,,,58.21,0.74,,,58.21,0.74,,,
2025-05,Union Bank Apps,,,,,241.85,0.73,,,241.85,0.73,,,
2025-05,South Indian Bank Apps,,,,,211.09,0.71,,,211.09,0.71,,,
2025-05,AU Small Finance Bank Apps,,,,,184.67,0.6,,,184.67,0.6,,,
2025-05,ESAF Small Finance Bank Apps,,,,,63.39,0.57,,,63.39,0.57,,,
2025-05,Fino Payments Bank Apps,,,,,56.9,0.54,,,56.9,0.54,,,
2025-05,Aditya Birla Capital Digital #,,,,,26.92,0.49,,,26.92,0.49,,,
2025-05,UCO Bank Apps,,,,,122.06,0.48,,,122.06,0.48,,,
2025-05,Tata Neu #,,,,,132.55,0.45,,,132.55,0.45,,,
2025-05,Salary Se #,,,,,20.47,0.43,,,20.47,0.43,,,
2025-05,Money View #,,,,,31.91,0.32,,,31.91,0.32,,,
2025-05,Kredit Pe #,,,,,35.29,0.32,,,35.29,0.32,,,
2025-05,Bank of India Apps,,,,,91.04,0.3,,,91.04,0.3,,,
2025-05,Indian Overseas Bank Apps,,,,,64.81,0.27,,,64.81,0.27,,,
2025-05,Karnataka Bank Apps,,,,,59.72,0.25,,,59.72,0.25,,,
2025-05,Spice Money,,,,,14.26,0.2,,,14.26,0.2,,,
2025-05,Dhani,,,,,8.63,0.17,,,8.63,0.17,,,
2025-05,NSDL Payments Bank Apps,0.02,,,,16.23,0.16,,,16.25,0.17,,,
2025-05,Rapipay,,,,,19.16,0.17,,,19.16,0.17,,,
2025-05,IDBI Bank Apps,,,,,49.81,0.13,,,49.81,0.13,,,
2025-05,Ultracash #,,,,,7.77,0.1,,,7.77,0.1,,,
2025-05,True Balance,,,,,3.01,0.1,,,3.01,0.1,,,
2025-05,Karur Vysya Bank Apps,,,,,35.02,0.1,,,35.02,0.1,,,
2025-05,Tamilnad Mercantile Bank Apps,,,,,32.95,0.09,,,32.95,0.09,,,
2025-05,Niyo Global #,,,,,25.75,0.07,,,25.75,0.07,,,
2025-05,City Union Bank Apps,,,,,29.97,0.07,,,29.97,0.07,,,
2025-05,Obopay,,,,,8.77,0.06,,,8.77,0.06,,,
2025-05,Unity Small Finance Bank Apps,,,,,12.79,0.06,,,12.79,0.06,,,
2025-05,Freo #,,,,,2.27,0.04,,,2.27,0.04,,,
2025-05,Payworld,,,,,2.21,0.03,,,2.21,0.03,,,
2025-05,Punjab Sind Bank Apps,,,,,8.87,0.02,,,8.87,0.02,,,
2025-05,Bank of Maharashtra Apps,,,,,7.44,0.02,,,7.44,0.02,,,
2025-05,Others,5.04,0.12,,,235.74,1.76,,,240.77,1.87,,,
2025-06,Phone Pe #,,,,,1198690.03,8547.04,,,1198690.03,8547.04,,,
2025-06,Google Pay #,,,,,840931.06,6540.92,,,840931.06,6540.92,,,
2025-06,Paytm #,,,,,134171.16,1269.16,,,134171.16,1269.16,,,
2025-06,Navi #,,,,,21814.51,406.01,,,21814.51,406.01,,,
2025-06,super.money #,,,,,7716.48,218.96,,,7716.48,218.96,,,
2025-06,Cred #,,,,,51384.11,138.32,,,51384.11,138.32,,,
2025-06,Axis Bank Apps,2.78,0.01,4155.09,102.21,5230.63,24.05,,,9388.51,126.27,,,
2025-06,FamApp by Trio #,,,,,1439.64,112.75,,,1439.64,112.75,,,
2025-06,Amazon Pay #,,,,,9942.48,93.25,,,9942.48,93.25,,,
2025-06,BHIM,,,,,11725.85,73.07,,,11725.85,73.07,,,
2025-06,Whatsapp #,,,,,4989.34,67.48,,,4989.34,67.48,,,
2025-06,HDFC Bank Apps,1.18,0.01,8.75,19.05,14287.88,48.4,,,14297.8,67.46,,,
2025-06,ICICI Bank Apps,1821.19,2.24,13.81,0.01,14148.92,59.57,,,15983.92,61.82,,,
2025-06,Kotak Mahindra Bank Apps,,,,,7735.27,60.36,,,7735.27,60.36,,,
2025-06,Yes Bank Apps,18.31,0.34,0.05,0.01,8898.96,52.2,,,8917.32,52.55,,,
2025-06,Mobikwik #,,,,,4600.71,34.43,,,4600.71,34.43,,,
2025-06,POP UPI,,,,,834.39,32.33,,,834.39,32.33,,,
2025-06,Airtel Payments Bank Apps,,,0.01,,1368.19,19.74,,,1368.2,19.74,,,
2025-06,Slice Small Finance Bank Apps,,,,,2317.46,17.76,,,2317.46,17.76,,,
2025-06,IDFC Bank Apps,0.1,0.02,0.03,,2481.19,17.42,,,2481.31,17.44,,,
2025-06,India Post Payments Bank Apps,,,,,1730.46,16.65,,,1730.46,16.65,,,
2025-06,State Bank of India Apps,,,,,3591.53,13.35,,,3591.53,13.35,,,
2025-06,Groww #,,,,,8801.55,12.46,,,8801.55,12.46,,,
2025-06,Bajaj Finserv,,,,,2351.65,11.4,,,2351.65,11.4,,,
2025-06,RBL Bank Apps,27.35,0.12,0.1,,1560.21,10.57,,,1587.67,10.7,,,
2025-06,Samsung Pay #,,,,,624.29,8.81,,,624.29,8.81,,,
2025-06,Jupiter Money #,,,,,905.62,5.99,,,905.62,5.99,,,
2025-06,Federal Bank Apps,,,,,1006.22,5.22,,,1006.22,5.22,,,
2025-06,Jio Payments Bank Apps,,,,,308.69,4.26,,,308.69,4.26,,,
2025-06,Deutsche Bank Apps,0.14,,,,723.81,4.02,,,723.95,4.02,,,
2025-06,Timepay #,,,,,50.49,3.96,,,50.49,3.96,,,
2025-06,Canara Bank Apps,,,,,911.93,3.49,,,911.93,3.49,,,
2025-06,Punjab National Bank Apps,,,,,917.08,3.46,,,917.08,3.46,,,
2025-06,Kiwi #,,,,,385.72,3.43,,,385.72,3.43,,,
2025-06,Fi Money #,,,,,375.21,2.75,,,375.21,2.75,,,
2025-06,Flipkart UPI #,,,,,144.64,2.52,,,144.64,2.52,,,
2025-06,Jammu and Kashmir Bank Apps,,,,,316.86,2.41,,,316.86,2.41,,,
2025-06,Shri Ram One #,,,,,144.64,2.16,,,144.64,2.16,,,
2025-06,Bank of Baroda Apps,,,,,497.24,1.77,,,497.24,1.77,,,
2025-06,Standard Chartered Bank Apps,6.54,0.2,,,158.54,1.54,,,165.08,1.74,,,
2025-06,Omni Card,,,,,93.83,1.62,,,93.83,1.62,,,
2025-06,Ind Money #,,,,,558.23,1.41,,,558.23,1.41,,,
2025-06,IndusInd Bank Apps,,,,,173.24,1.31,,,173.24,1.31,,,
2025-06,NSDL Payments Bank Apps,0.91,0.01,,,47.5,1.18,,,48.41,1.19,,,
2025-06,HSBC Bank Apps,0.25,,0.28,0.01,121.63,1,,,122.16,1.02,,,
2025-06,Central Bank of India Apps,,,,,186.91,0.93,,,186.91,0.93,,,
2025-06,Suryoday Bank Apps,3.07,0.01,,,118.34,0.89,,,121.41,0.9,,,
2025-06,Digikhata,,,,,287.21,0.88,,,287.21,0.88,,,
2025-06,DBS Digibank Apps,1.8,0.01,,,221.17,0.86,,,222.97,0.87,,,
2025-06,Indian Bank Apps,,,,,203.68,0.87,,,203.68,0.87,,,
2025-06,Union Bank Apps,,,,,236.2,0.74,,,236.2,0.74,,,
2025-06,South Indian Bank Apps,,,,,208.33,0.73,,,208.33,0.73,,,
2025-06,One Card #,,,,,834.56,0.73,,,834.56,0.73,,,
2025-06,AU Small Finance Bank Apps,,,,,184.72,0.62,,,184.72,0.62,,,
2025-06,ESAF Small Finance Bank Apps,,,,,58,0.57,,,58,0.57,,,
2025-06,Fino Payments Bank Apps,,,,,53.51,0.54,,,53.51,0.54,,,
2025-06,Bharat Pe #,,,,,46.14,0.54,,,46.14,0.54,,,
2025-06,UCO Bank Apps,,,,,125.51,0.51,,,125.51,0.51,,,
2025-06,Tata Pay #,,,,,134.16,0.47,,,134.16,0.47,,,
2025-06,Salary Se #,,,,,21.59,0.46,,,21.59,0.46,,,
2025-06,Kredit Pe #,,,,,42,0.43,,,42,0.43,,,
2025-06,Aditya Birla Capital Digital #,,,,,42.7,0.37,,,42.7,0.37,,,
2025-06,Money View #,,,,,38.22,0.34,,,38.22,0.34,,,
2025-06,Indian Overseas Bank Apps,,,,,67.04,0.28,,,67.04,0.28,,,
2025-06,Bank of India Apps,,,,,82.52,0.28,,,82.52,0.28,,,
2025-06,Karnataka Bank Apps,,,,,57.35,0.25,,,57.35,0.25,,,
2025-06,Spice Money,,,,,14.16,0.2,,,14.16,0.2,,,
2025-06,Rapipay,,,,,19.48,0.17,,,19.48,0.17,,,
2025-06,Dhani,,,,,7.65,0.17,,,7.65,0.17,,,
2025-06,IDBI Bank Apps,,,,,49.11,0.14,,,49.11,0.14,,,
2025-06,Ultracash #,,,,,7.45,0.1,,,7.45,0.1,,,
2025-06,Karur Vysya Bank Apps,,,,,35.57,0.1,,,35.57,0.1,,,
2025-06,Tamilnad Mercantile Bank Apps,,,,,32.85,0.09,,,32.85,0.09,,,
2025-06,Obopay,,,,,11.38,0.08,,,11.38,0.08,,,
2025-06,City Union Bank Apps,,,,,29.99,0.08,,,29.99,0.08,,,
2025-06,True Balance,,,,,2.2,0.07,,,2.2,0.07,,,
2025-06,Unity Small Finance Bank Apps,,,,,16.01,0.07,,,16.01,0.07,,,
2025-06,Niyo Global #,,,,,14.82,0.06,,,14.82,0.06,,,
2025-06,Freo #,,,,,2.23,0.03,,,2.23,0.03,,,
2025-06,Payworld,,,,,1.96,0.03,,,1.96,0.03,,,
2025-06,Bank of Maharashtra Apps,,,,,8.31,0.02,,,8.31,0.02,,,
2025-06,Others,5.06,0.12,,,238.55,1.94,,,243.61,2.06,,,
2025-07,Phone Pe #,0,0,0,0,1220140.68,8931.24,1256541.09,8682.08,1220140.68,8931.24,,,
2025-07,Google Pay #,0,0,0,0,891297.38,6922.92,884735.12,6740.42,891297.38,6922.92,,,
2025-07,Paytm #,0,0,0,0,143650.62,1366.05,138068.97,1277.56,143650.62,1366.05,,,
2025-07,Navi #,0,0,0,0,23562.51,444.06,21350.35,386.21,23562.51,444.06,,,
2025-07,super.money #,0,0,0,0,9018.71,252.85,7054.28,203.42,9018.71,252.85,,,
2025-07,Cred #,0,0,0,0,55259.9,144.38,55242.72,141.95,55259.9,144.38,,,
2025-07,FamApp by Trio #,0,0,0,0,1563.58,125,9683.82,120.03,1563.58,125,,,
2025-07,Axis Bank Apps,2.81,0.01,4287.26,95.63,5483.32,27.79,1415.4,110.38,9773.39,123.44,,,
2025-07,Amazon Pay #,0,0,0,0,10813.98,100.53,10343.44,98.68,10813.98,100.53,,,
2025-07,BHIM,0,0,0,0,14522.39,87.13,5280.89,70.19,14522.39,87.13,,,
2025-07,Whatsapp #,0,0,0,0,5412.58,74.6,11243.73,64.6,5412.58,74.6,,,
2025-07,ICICI Bank Apps,1975.53,2.37,14.78,0.01,15112.05,68.94,14806.6,63.19,17102.36,71.33,,,
2025-07,Kotak Mahindra Bank Apps,0,0,0,0,8497.73,66.63,7862.6,59.74,8497.73,66.63,,,
2025-07,HDFC Bank Apps,0.87,0.01,9.63,15.13,15420.1,49.83,16689.54,59.47,15430.59,64.97,,,
2025-07,POP UPI,0,0,0,0,1539.48,63.63,9518.96,53.52,1539.48,63.63,,,
2025-07,Yes Bank Apps,21.45,0.4,0,0,9470.16,55.2,4674.33,33.92,9491.62,55.6,,,
2025-07,Mobikwik #,0,0,0,0,5578.43,43.17,1447.35,20.14,5578.43,43.17,,,
2025-07,Airtel Payments Bank Apps,0,0,0.01,0,1509.17,21.34,2330.22,19.85,1509.17,21.34,,,
2025-07,Slice Small Finance Bank Apps,0.01,0,0,0,2586.21,19.83,1834.83,16.51,2586.22,19.83,,,
2025-07,India Post Payments Bank Apps,0,0,0,0,1759.02,18.16,2493.29,16.21,1759.02,18.16,,,
2025-07,IDFC Bank Apps,0.14,0.04,0.03,0,2707.76,18.04,500.88,13.59,2707.93,18.08,,,
2025-07,Groww #,0,0,0,0,11012.81,14.06,3700.3,13.48,11012.81,14.06,,,
2025-07,State Bank of India Apps,0,0,0,0,3633.07,12.26,1762.42,13.27,3633.07,12.26,,,
2025-07,Bajaj Finserv,0,0,0,0,2516.08,10.87,8443.05,12.14,2516.08,10.87,,,
2025-07,Samsung Pay #,0,0,0,0,669.72,9.34,2219.95,10.67,669.72,9.34,,,
2025-07,RBL Bank Apps,30.29,0.12,0.01,0,1358.41,8.41,656.92,9.14,1388.7,8.54,,,
2025-07,Jupiter Money #,0,0,0,0,981.5,6.3,950.85,6.4,981.5,6.3,,,
2025-07,Federal Bank Apps,0,0,0,0,1163.18,5.86,982.11,5.09,1163.18,5.86,,,
2025-07,Jio Payments Bank Apps,0,0,0,0,306.58,4.47,341.19,4.7,306.58,4.47,,,
2025-07,Deutsche Bank Apps,0.14,0,0,0,770.49,4.43,723.88,4.02,770.63,4.43,,,
2025-07,Canara Bank Apps,0,0,0,0,1018.59,4.05,50.01,3.9,1018.59,4.05,,,
2025-07,Punjab National Bank Apps,0,0,0,0,980.66,3.67,992.9,3.85,980.66,3.67,,,
2025-07,Timepay #,0,0,0,0,47.4,3.14,953.88,3.6,47.4,3.14,,,
2025-07,Kiwi #,0,0,0,0,323.87,2.85,428.68,3.58,323.87,2.85,,,
2025-07,Fi Money #,0,0,0,0,400.92,2.84,187.83,3.23,400.92,2.84,,,
2025-07,NSDL Payments Bank Apps,3.14,0.06,0,0,107.11,2.72,180.55,3.02,110.25,2.78,,,
2025-07,Flipkart UPI #,0,0,0,0,155.64,2.7,407.88,2.99,155.64,2.7,,,
2025-07,Jammu and Kashmir Bank Apps,0,0,0,0,343.24,2.62,165.88,2.58,343.24,2.62,,,
2025-07,Shri Ram One,0,0,0,0,155.72,2.38,308.47,2.36,155.72,2.38,,,
2025-07,Bank of Baroda Apps,0.01,0,0,0,529.28,2.01,258.89,1.99,529.28,2.01,,,
2025-07,Ind Money #,0,0,0,0,730.24,1.86,528.32,1.8,730.24,1.86,,,
2025-07,Omni Card,0,0,0,0,98.15,1.73,92.27,1.63,98.15,1.73,,,
2025-07,IndusInd Bank Apps,0,0,0,0,178.71,1.26,268.09,1.56,178.71,1.26,,,
2025-07,Indian Bank Apps,0,0,0,0,255.91,1.11,560.96,1.3,255.91,1.11,,,
2025-07,HSBC Bank Apps,0.44,0,0.41,0.01,134.67,1.08,218.46,1.25,135.52,1.09,,,
2025-07,Suryoday Bank Apps,1.42,0.01,0,0,150.41,1.05,226.65,1.06,151.82,1.06,,,
2025-07,Digikhata,0,0,0,0,320.5,1.01,124.36,1.03,320.5,1.01,,,
2025-07,Standard Chartered Bank Apps,3.06,0.08,0,0,147.75,0.91,282.69,0.87,150.81,0.99,,,
2025-07,Bharat Pe #,0,0,0,0,62.45,0.92,202.18,0.8,62.45,0.92,,,
2025-07,DBS Digibank Apps,0.54,0,0,0,221.94,0.88,954.81,0.8,222.49,0.88,,,
2025-07,Central Bank of India Apps,0,0,0,0,186.24,0.86,58.21,0.74,186.24,0.86,,,
2025-07,South Indian Bank Apps,0,0,0,0,240.25,0.83,241.85,0.73,240.25,0.83,,,
2025-07,Union Bank Apps,0,0,0,0,259.13,0.79,211.09,0.71,259.13,0.79,,,
2025-07,One Card #,0,0,0,0,918.16,0.78,184.67,0.6,918.16,0.78,,,
2025-07,Money View #,0,0,0,0,64.31,0.71,63.39,0.57,64.31,0.71,,,
2025-07,AU Small Finance Bank Apps,0,0,0,0,201.78,0.65,56.9,0.54,201.78,0.65,,,
2025-07,Kredit Pe #,0,0,0,0,54.67,0.6,26.92,0.49,54.67,0.6,,,
2025-07,ESAF Small Finance Bank Apps,0,0,0,0,64.58,0.59,122.06,0.48,64.58,0.59,,,
2025-07,UCO Bank Apps,0,0,0,0,140.44,0.57,132.55,0.45,140.44,0.57,,,
2025-07,Fino Payments Bank Apps,0,0,0,0,55.18,0.55,20.47,0.43,55.18,0.55,,,
2025-07,Salary Se #,0,0,0,0,22.32,0.5,31.91,0.32,22.32,0.5,,,
2025-07,Tata Pay #,0,0,0,0,144.2,0.49,35.29,0.32,144.2,0.49,,,
2025-07,Aditya Birla Capital Digital,0,0,0,0,23.14,0.39,91.04,0.3,23.14,0.39,,,
2025-07,Bank of India Apps,0,0,0,0,95.7,0.31,64.81,0.27,95.7,0.31,,,
2025-07,Indian Overseas Bank Apps,0,0,0,0,69.35,0.29,59.72,0.25,69.35,0.29,,,
2025-07,Karnataka Bank Apps,0,0,0,0,61.44,0.26,14.26,0.2,61.44,0.26,,,
2025-07,Spice Money,0,0,0,0,21.44,0.26,8.63,0.17,21.44,0.26,,,
2025-07,Rapipay,0,0,0,0,23.19,0.22,16.25,0.17,23.19,0.22,,,
2025-07,Dhani,0,0,0,0,8.73,0.2,19.16,0.17,8.73,0.2,,,
2025-07,IDBI Bank Apps,0,0,0,0,60.93,0.16,49.81,0.13,60.93,0.16,,,
2025-07,True Balance,0,0,0,0,4.22,0.13,7.77,0.1,4.22,0.13,,,
2025-07,Ultracash #,0,0,0,0,7.7,0.11,3.01,0.1,7.7,0.11,,,
2025-07,Karur Vysya Bank Apps,0,0,0,0,38.44,0.11,35.02,0.1,38.44,0.11,,,
2025-07,Obopay,0,0,0,0,15.31,0.11,32.95,0.09,15.31,0.11,,,
2025-07,Tamilnad Mercantile Bank Apps,0,0,0,0,33.72,0.1,25.75,0.07,33.72,0.1,,,
2025-07,Niyo Global #,0,0,0,0,20.06,0.08,29.97,0.07,20.06,0.08,,,
2025-07,City Union Bank Apps,0,0,0,0,27.83,0.07,8.77,0.06,27.83,0.07,,,
2025-07,Unity Small Finance Bank Apps,0,0,0,0,16.97,0.07,12.79,0.06,16.97,0.07,,,
2025-07,Freo #,0,0,0,0,2.57,0.04,2.27,0.04,2.57,0.04,,,
2025-07,Payworld,0,0,0,0,3.27,0.04,2.21,0.03,3.27,0.04,,,
2025-07,Utkarsh Small Finance Bank Apps,0,0,0,0,3.19,0.02,8.87,0.02,3.19,0.02,,,
2025-07,Bank of Maharashtra Apps,0,0,0,0,8.09,0.02,7.44,0.02,8.09,0.02,,,
2025-07,Jar #,0,0,0,0,0.5,0.02,240.77,1.87,0.5,0.02,,,
2025-07,Punjab Sind Bank Apps,0,0,0,0,7.28,0.02,,,7.28,0.02,,,
2025-07,Others,6.14,0.16,0,0,238,2.15,,,244.14,2.31,,,
2025-08,Phone Pe #,0,0,0,0,1199457.73,9152.54,1256541.09,8682.08,1199457.73,9152.54,,,
2025-08,Google Pay #,0,0,0,0,883682.27,7063.76,884735.12,6740.42,883682.27,7063.76,,,
2025-08,Paytm #,0,0,0,0,143484.97,1407.23,138068.97,1277.56,143484.97,1407.23,,,
2025-08,Navi #,0,0,0,0,25396.91,504.45,21350.35,386.21,25396.91,504.45,,,
2025-08,super.money #,0,0,0,0,9290.21,256.64,7054.28,203.42,9290.21,256.64,,,
2025-08,Cred #,0,0,0,0,55756.24,150,55242.72,141.95,55756.24,150,,,
2025-08,FamApp by Trio #,0,0,0,0,1708.85,135.65,9683.82,120.03,1708.85,135.65,,,
2025-08,Axis Bank Apps,2.17,0.01,4327.97,104.76,5482.37,30.37,1415.4,110.38,9812.52,135.14,,,
2025-08,BHIM,0,0,0,0,15002.68,100.16,10343.44,98.68,15002.68,100.17,,,
2025-08,Amazon Pay #,0,0,0,0,10830.8,98.98,5280.89,70.19,10830.8,98.98,,,
2025-08,Whatsapp #,0,0,0,0,5583.34,78.21,11243.73,64.6,5583.34,78.21,,,
2025-08,ICICI Bank Apps,1929.25,2.31,15.57,0.01,14644.94,73.48,14806.6,63.19,16589.76,75.8,,,
2025-08,HDFC Bank Apps,0.7,0.01,11.75,23.19,16107.74,49.66,7862.6,59.74,16120.19,72.86,,,
2025-08,Kotak Mahindra Bank Apps,0,0,0,0,8662.31,71.87,16689.54,59.47,8662.31,71.87,,,
2025-08,Yes Bank Apps,19.3,0.43,0,0,9408.85,53.91,9518.96,53.52,9428.15,54.33,,,
2025-08,Mobikwik #,0,0,0,0,6010.88,48.14,4674.33,33.92,6010.88,48.14,,,
2025-08,POP UPI,0,0,0,0,1694.22,44.53,1447.35,20.14,1694.22,44.53,,,
2025-08,Airtel Payments Bank Apps,0,0,0,0,1650.42,21.4,2330.22,19.85,1650.42,21.4,,,
2025-08,Slice Small Finance Bank Apps,0.01,0,0,0,2716.14,20.75,1834.83,16.51,2716.15,20.75,,,
2025-08,India Post Payments Bank Apps,0,0,0,0,1892.61,19.58,2493.29,16.21,1892.61,19.58,,,
2025-08,IDFC Bank Apps,0.19,0.04,0.03,0,2728.15,17.44,500.88,13.59,2728.37,17.48,,,
2025-08,Groww #,0,0,0,0,9001.87,13.01,3700.3,13.48,9001.87,13.01,,,
2025-08,State Bank of India Apps,0,0,0,0,3668.47,12.99,1762.42,13.27,3668.47,12.99,,,
2025-08,Bajaj Finserv,0,0,0,0,2456.88,11.63,8443.05,12.14,2456.88,11.63,,,
2025-08,Samsung Pay #,0,0,0,0,682.42,9.9,2219.95,10.67,682.42,9.9,,,
2025-08,RBL Bank Apps,33.26,0.14,0,0,1423.59,9.15,656.92,9.14,1456.85,9.29,,,
2025-08,Federal Bank Apps,0,0,0,0,1295.01,6.55,950.85,6.4,1295.01,6.55,,,
2025-08,Jupiter Money #,0,0,0,0,998.01,6.49,982.11,5.09,998.01,6.49,,,
2025-08,Bharat Pe #,0,0,0,0,233.82,4.69,341.19,4.7,233.82,4.69,,,
2025-08,Jio Payments Bank Apps,0,0,0,0,319.72,4.65,723.88,4.02,319.72,4.65,,,
2025-08,Canara Bank Apps,0,0,0,0,1028.07,4.27,50.01,3.9,1028.07,4.27,,,
2025-08,Deutsche Bank Apps,0.13,0,0,0,774.07,4.23,992.9,3.85,774.19,4.24,,,
2025-08,Punjab National Bank Apps,0,0,0,0,964.86,3.79,953.88,3.6,964.86,3.79,,,
2025-08,NSDL Payments Bank Apps,7.3,0.13,0,0,191.44,3.46,428.68,3.58,198.74,3.59,,,
2025-08,Flipkart UPI #,0,0,0,0,194.88,3.46,187.83,3.23,194.88,3.46,,,
2025-08,Timepay #,0,0,0,0,43.77,2.98,180.55,3.02,43.77,2.98,,,
2025-08,Fi Money #,0,0,0,0,391.19,2.77,407.88,2.99,391.19,2.77,,,
2025-08,Kiwi #,0,0,0,0,305.39,2.69,165.88,2.58,305.39,2.69,,,
2025-08,Shri Ram One,0,0,0,0,159.27,2.61,308.47,2.36,159.27,2.61,,,
2025-08,Jammu and Kashmir Bank Apps,0,0,0,0,334.59,2.47,258.89,1.99,334.59,2.47,,,
2025-08,Bank of Baroda Apps,0,0,0,0,508.85,2.39,528.32,1.8,508.85,2.39,,,
2025-08,Ind Money #,0,0,0,0,758.73,2.15,92.27,1.63,758.73,2.15,,,
2025-08,IndusInd Bank Apps,0,0,0,0,238.35,1.91,268.09,1.56,238.35,1.91,,,
2025-08,Omni Card,0,0,0,0,113.4,1.82,560.96,1.3,113.4,1.82,,,
2025-08,Suryoday Bank Apps,0.86,0.01,0,0,111.08,1.46,218.46,1.25,111.94,1.46,,,
2025-08,Indian Bank Apps,0,0,0,0,281.53,1.26,226.65,1.06,281.53,1.26,,,
2025-08,HSBC Bank Apps,0.41,0,0.31,0.01,150.84,1.2,124.36,1.03,151.55,1.21,,,
2025-08,Digikhata,0,0,0,0,365.04,1.1,282.69,0.87,365.04,1.1,,,
2025-08,Money View #,0,0,0,0,74.94,1.03,202.18,0.8,74.94,1.03,,,
2025-08,South Indian Bank Apps,0,0,0,0,248.87,0.9,954.81,0.8,248.87,0.9,,,
2025-08,Union Bank Apps,0,0,0,0,259.85,0.84,58.21,0.74,259.85,0.84,,,
2025-08,One Card,0,0,0,0,884.64,0.76,241.85,0.73,884.64,0.76,,,
2025-08,DBS Digibank Apps,0.2,0,0,0,252.09,0.75,211.09,0.71,252.29,0.75,,,
2025-08,Kredit Pe #,0,0,0,0,60.21,0.71,184.67,0.6,60.21,0.71,,,
2025-08,Central Bank of India Apps,0,0,0,0,161.42,0.71,63.39,0.57,161.42,0.71,,,
2025-08,Fino Payments Bank Apps,0,0,0,0,68.05,0.69,56.9,0.54,68.05,0.69,,,
2025-08,AU Small Finance Bank Apps,0,0,0,0,208.06,0.68,26.92,0.49,208.06,0.68,,,
2025-08,ESAF Small Finance Bank Apps,0,0,0,0,63.66,0.59,122.06,0.48,63.66,0.59,,,
2025-08,UCO Bank Apps,0,0,0,0,130.16,0.53,132.55,0.45,130.16,0.53,,,
2025-08,Salary Se #,0,0,0,0,24.31,0.53,20.47,0.43,24.31,0.53,,,
2025-08,Tata Pay #,0,0,0,0,155.47,0.52,31.91,0.32,155.47,0.52,,,
2025-08,Aditya Birla Capital Digital,0,0,0,0,28.13,0.42,35.29,0.32,28.13,0.42,,,
2025-08,Bank of India Apps,0,0,0,0,93.6,0.3,91.04,0.3,93.6,0.3,,,
2025-08,Spice Money,0,0,0,0,26.1,0.3,64.81,0.27,26.1,0.3,,,
2025-08,Karnataka Bank Apps,0.01,0,0,0,60.7,0.27,59.72,0.25,60.71,0.27,,,
2025-08,Indian Overseas Bank Apps,0,0,0,0,64.38,0.26,14.26,0.2,64.38,0.26,,,
2025-08,Standard Chartered Bank Apps,0.16,0,0,0,123.17,0.26,8.63,0.17,123.33,0.26,,,
2025-08,Rapipay,0,0,0,0,25,0.24,16.25,0.17,25,0.24,,,
2025-08,Dhani,0,0,0,0,9.85,0.22,19.16,0.17,9.85,0.22,,,
2025-08,IDBI Bank Apps,0,0,0,0,67.08,0.17,49.81,0.13,67.08,0.17,,,
2025-08,True Balance,0,0,0,0,4.9,0.15,7.77,0.1,4.9,0.15,,,
2025-08,OBOPAY,0,0,0,0,16.77,0.11,3.01,0.1,16.77,0.11,,,
2025-08,Karur Vysya Bank Apps,0,0,0,0,38.33,0.11,35.02,0.1,38.33,0.11,,,
2025-08,Ultracash #,0,0,0,0,7.48,0.1,32.95,0.09,7.48,0.1,,,
2025-08,Tamilnad Mercantile Bank Apps,0,0,0,0,33.36,0.1,25.75,0.07,33.36,0.1,,,
2025-08,Niyo Global #,0,0,0,0,22.11,0.09,29.97,0.07,22.11,0.09,,,
2025-08,City Union Bank Apps,0,0,0,0,28.22,0.07,8.77,0.06,28.22,0.07,,,
2025-08,Unity Small Finance Bank Apps,0,0,0,0,19.76,0.07,12.79,0.06,19.76,0.07,,,
2025-08,Payworld,0,0,0,0,4,0.04,2.27,0.04,4,0.04,,,
2025-08,JAR #,0,0,0,0,1.14,0.04,2.21,0.03,1.14,0.04,,,
2025-08,Freo #,0,0,0,0,2.43,0.04,8.87,0.02,2.43,0.04,,,
2025-08,Utkarsh Small Finance Bank Apps,0,0,0,0,4.18,0.03,7.44,0.02,4.18,0.03,,,
2025-08,Punjab Sind Bank Apps,0,0,0,0,6.63,0.02,240.77,1.87,6.63,0.02,,,
2025-08,Others,6.35,0.16,0,0,266.66,2.24,,,273.01,2.41,,,
2025-08,Others,6.14,0.16,0,0,238,2.15,,,244.14,2.31,,,
2025-09,Phone Pe #,0.0,0.0,0.0,0.0,1203787.91,8961.78,0,0,1203787.91,8961.78,,,
2025-09,Google Pay #,0.0,0.0,0.0,0.0,873639.91,6832.93,0,0,873639.91,6832.93,,,
2025-09,Paytm #,0.0,0.0,0.0,0.0,145134.78,1394.07,0,0,145134.78,1394.07,,,
2025-09,Navi #,0.0,0.0,0.0,0.0,26510.97,526.02,0,0,26510.97,526.02,,,
2025-09,super.money #,0.0,0.0,0.0,0.0,9852.44,256.34,0,0,9852.44,256.34,,,
2025-09,Axis Bank Apps,1.53,0.01,9528.33,128.83,5381.5,29.21,0,0,14911.36,158.05,,,
2025-09,Cred #,0.0,0.0,0.0,0.0,54796.41,147.86,0,0,54796.41,147.86,,,
2025-09,FamApp by Trio #,0.0,0.0,0.0,0.0,1751.77,140.01,0,0,1751.77,140.01,,,
2025-09,BHIM,0.0,0.0,0.0,0.0,16273.38,110.84,0,0,16273.38,110.84,,,
2025-09,Amazon Pay #,0.0,0.0,0.0,0.0,10234.84,91.4,0,0,10234.84,91.4,,,
2025-09,Whatsapp #,0.0,0.0,0.0,0.0,5768.86,79.75,0,0,5768.86,79.75,,,
2025-09,Kotak Mahindra Bank Apps,0.0,0.0,0.0,0.0,9168.77,75.46,0,0,9168.77,75.46,,,
2025-09,HDFC Bank Apps,0.84,0.01,10.6,26.3,16409.2,48.29,0,0,16420.63,74.6,,,
2025-09,ICICI Bank Apps,2116.41,2.45,16.91,0.02,14491.28,71.63,0,0,16624.59,74.1,,,
2025-09,POP UPI,0.0,0.0,0.0,0.0,1953.68,51.61,0,0,1953.68,51.61,,,
2025-09,Yes Bank Apps,23.35,0.38,0.0,0.0,6735.08,47.37,0,0,6758.44,47.75,,,
2025-09,Mobikwik #,0.0,0.0,0.0,0.0,5761.51,46.95,0,0,5761.51,46.95,,,
2025-09,Slice Small Finance Bank Apps,0.0,0.0,0.0,0.0,3014.8,22.62,0,0,3014.8,22.62,,,
2025-09,Airtel Payments Bank Apps,0.0,0.0,0.0,0.0,1290.54,17.34,0,0,1290.54,17.34,,,
2025-09,India Post Payments Bank Apps,0.0,0.0,0.0,0.0,1625.33,16.81,0,0,1625.33,16.81,,,
2025-09,Bharat Pe #,0.0,0.02,0.0,0.0,1357.79,16.05,0,0,1357.79,16.07,,,
2025-09,Groww #,0.0,0.0,0.0,0.0,10098.51,14.17,0,0,10098.51,14.17,,,
2025-09,IDFC Bank Apps,0.16,0.15,0.03,0.0,2718.6,12.99,0,0,2718.78,13.14,,,
2025-09,State Bank of India Apps,0.0,0.0,0.0,0.0,3614.58,12.18,0,0,3614.58,12.18,,,
2025-09,Bajaj Finserv,0.0,0.0,0.0,0.0,2520.3,12.01,0,0,2520.3,12.01,,,
2025-09,Samsung Pay #,0.0,0.0,0.0,0.0,676.36,9.9,0,0,676.36,9.9,,,
2025-09,RBL Bank Apps,33.77,0.12,0.0,0.0,1512.34,7.79,0,0,1546.1,7.92,,,
2025-09,Federal Bank Apps,0.0,0.0,0.0,0.0,1330.79,6.61,0,0,1330.79,6.61,,,
2025-09,Jupiter Money #,0.0,0.0,0.0,0.0,958.38,6.06,0,0,958.38,6.06,,,
2025-09,Jio Payments Bank Apps,0.0,0.0,0.0,0.0,344.89,5.0,0,0,344.89,5.0,,,
2025-09,Deutsche Bank Apps,0.46,0.0,0.0,0.0,764.92,4.63,0,0,765.38,4.63,,,
2025-09,Canara Bank Apps,0.0,0.0,0.0,0.0,1049.05,4.27,0,0,1049.05,4.27,,,
2025-09,Punjab National Bank Apps,0.0,0.0,0.0,0.0,983.32,3.88,0,0,983.32,3.88,,,
2025-09,Flipkart UPI #,0.0,0.0,0.0,0.0,263.48,3.58,0,0,263.48,3.58,,,
2025-09,Timepay #,0.0,0.0,0.0,0.0,41.89,2.98,0,0,41.89,2.98,,,
2025-09,Fi Money #,0.0,0.0,0.0,0.0,382.26,2.66,0,0,382.26,2.66,,,
2025-09,Ind Money #,0.0,0.0,0.0,0.0,870.13,2.61,0,0,870.13,2.61,,,
2025-09,Bank of Baroda Apps,0.0,0.0,0.0,0.0,611.74,2.59,0,0,611.74,2.59,,,
2025-09,Kiwi #,0.0,0.0,0.0,0.0,306.62,2.5,0,0,306.62,2.5,,,
2025-09,Jammu and Kashmir Bank Apps,0.0,0.0,0.0,0.0,348.51,2.38,0,0,348.51,2.38,,,
2025-09,NSDL Payments Bank Apps,6.03,0.1,0.0,0.0,210.27,1.95,0,0,216.31,2.05,,,
2025-09,Omni Card,0.0,0.0,0.0,0.0,118.22,1.86,0,0,118.22,1.86,,,
2025-09,Shri Ram One,0.0,0.0,0.0,0.0,136.08,1.81,0,0,136.08,1.81,,,
2025-09,Suryoday Bank Apps,2.13,0.01,0.0,0.0,11.34,1.67,0,0,13.47,1.68,,,
2025-09,IndusInd Bank Apps,0.0,0.0,0.0,0.0,222.41,1.67,0,0,222.41,1.67,,,
2025-09,Indian Bank Apps,0.0,0.0,0.0,0.0,316.14,1.38,0,0,316.14,1.38,,,
2025-09,HSBC Bank Apps,0.13,0.0,0.25,0.01,145.51,1.21,0,0,145.89,1.22,,,
2025-09,Money View #,0.0,0.0,0.0,0.0,87.15,1.09,0,0,87.15,1.09,,,
2025-09,Digikhata,0.0,0.0,0.0,0.0,352.31,1.05,0,0,352.31,1.05,,,
2025-09,South Indian Bank Apps,0.0,0.0,0.0,0.0,248.26,0.86,0,0,248.26,0.86,,,
2025-09,Fino Payments Bank Apps,0.0,0.0,0.0,0.0,69.88,0.78,0,0,69.88,0.78,,,
2025-09,Union Bank Apps,0.0,0.0,0.0,0.0,232.38,0.73,0,0,232.38,0.73,,,
2025-09,DBS Digibank Apps,0.34,0.0,0.0,0.0,250.56,0.72,0,0,250.9,0.73,,,
2025-09,One Card,0.0,0.0,0.0,0.0,827.92,0.71,0,0,827.92,0.71,,,
2025-09,AU Small Finance Bank Apps,0.0,0.0,0.0,0.0,221.41,0.69,0,0,221.41,0.69,,,
2025-09,ESAF Small Finance Bank Apps,0.0,0.0,0.0,0.0,65.43,0.67,0,0,65.43,0.67,,,
2025-09,Kredit Pe #,0.0,0.0,0.0,0.0,54.86,0.67,0,0,54.86,0.67,,,
2025-09,Aditya Birla Capital Digital,0.0,0.0,0.0,0.0,25.14,0.56,0,0,25.14,0.56,,,
2025-09,Central Bank of India Apps,0.0,0.0,0.0,0.0,137.29,0.55,0,0,137.29,0.55,,,
2025-09,UCO Bank Apps,0.0,0.0,0.0,0.0,140.39,0.54,0,0,140.39,0.54,,,
2025-09,Tata Pay #,0.0,0.0,0.0,0.0,159.6,0.5,0,0,159.6,0.5,,,
2025-09,Salary Se #,0.0,0.0,0.0,0.0,22.88,0.49,0,0,22.88,0.49,,,
2025-09,Bank of India Apps,0.0,0.0,0.0,0.0,101.51,0.32,0,0,101.51,0.32,,,
2025-09,Spice Money,0.0,0.0,0.0,0.0,28.07,0.3,0,0,28.07,0.3,,,
2025-09,Karnataka Bank Apps,0.03,0.0,0.0,0.0,62.55,0.27,0,0,62.58,0.27,,,
2025-09,Standard Chartered Bank Apps,0.18,0.0,0.0,0.0,113.45,0.25,0,0,113.63,0.25,,,
2025-09,Indian Overseas Bank Apps,0.0,0.0,0.0,0.0,62.77,0.24,0,0,62.77,0.24,,,
2025-09,Rapipay,0.0,0.0,0.0,0.0,24.83,0.23,0,0,24.83,0.23,,,
2025-09,Dhani,0.0,0.0,0.0,0.0,10.7,0.23,0,0,10.7,0.23,,,
2025-09,IDBI Bank Apps,0.0,0.0,0.0,0.0,69.18,0.17,0,0,69.18,0.17,,,
2025-09,Jar #,0.0,0.0,0.0,0.0,3.13,0.14,0,0,3.13,0.14,,,
2025-09,True Balance,0.0,0.0,0.0,0.0,4.49,0.13,0,0,4.49,0.13,,,
2025-09,Obopay,0.0,0.0,0.0,0.0,19.72,0.13,0,0,19.72,0.13,,,
2025-09,Karur Vysya Bank Apps,0.0,0.0,0.0,0.0,40.62,0.11,0,0,40.62,0.11,,,
2025-09,Tamilnad Mercantile Bank Apps,0.0,0.0,0.0,0.0,36.17,0.1,0,0,36.17,0.1,,,
2025-09,Ultracash #,0.0,0.0,0.0,0.0,6.96,0.09,0,0,6.96,0.09,,,
2025-09,City Union Bank Apps,0.0,0.0,0.0,0.0,31.81,0.08,0,0,31.81,0.08,,,
2025-09,Unity Small Finance Bank Apps,0.0,0.0,0.0,0.0,21.92,0.07,0,0,21.92,0.07,,,
2025-09,Niyo Global #,0.0,0.0,0.0,0.0,13.16,0.05,0,0,13.16,0.05,,,
2025-09,KreditBee #,0.0,0.0,0.0,0.0,2.18,0.05,0,0,2.18,0.05,,,
2025-09,Payworld,0.0,0.0,0.0,0.0,4.05,0.05,0,0,4.05,0.05,,,
2025-09,Utkarsh Small Finance Bank Apps,0.0,0.0,0.0,0.0,5.49,0.03,0,0,5.49,0.03,,,
2025-09,Freo #,0.0,0.0,0.0,0.0,1.96,0.03,0,0,1.96,0.03,,,
2025-09,Punjab Sind Bank Apps,0.0,0.0,0.0,0.0,7.21,0.02,0,0,7.21,0.02,,,
2025-09,Equitas Small Finance Bank Apps,0.0,0.0,0.0,0.0,7.23,0.02,0,0,7.23,0.02,,,
2025-09,Others,6.13,0.17,0.0,0.0,221.08,2.15,0,0,227.21,2.32,,,
2025-10,Phone Pe #,0.0,0.0,0.0,0.0,1306265.2,9410.55,0,0,1306265.2,9410.55,,,
2025-10,Google Pay #,0.0,0.0,0.0,0.0,954048.01,7164.43,0,0,954048.01,7164.43,,,
2025-10,Paytm #,0.0,0.0,0.0,0.0,166629.1,1498.54,0,0,166629.1,1498.54,,,
2025-10,Navi #,0.0,0.0,0.0,0.0,30599.37,573.79,0,0,30599.37,573.79,,,
2025-10,super.money #,0.0,0.0,0.0,0.0,10962.09,264.77,0,0,10962.09,264.77,,,
2025-10,Cred #,0.0,0.0,0.0,0.0,62438.03,157.99,0,0,62438.03,157.99,,,
2025-10,FamApp by Trio #,0.0,0.0,0.0,0.0,1900.99,146.03,0,0,1900.99,146.03,,,
2025-10,BHIM,0.0,0.0,0.0,0.0,19376.26,124.25,0,0,19376.26,124.25,,,
2025-10,Axis Bank Apps,14.01,0.15,11080.46,96.34,4666.78,17.09,0,0,15761.25,113.58,,,
2025-10,Amazon Pay #,0.0,0.0,0.0,0.0,10710.43,91.65,0,0,10710.43,91.65,,,
2025-10,Kotak Mahindra Bank Apps,0.0,0.0,0.44,0.0,10842.53,85.14,0,0,10842.97,85.14,,,
2025-10,Whatsapp #,0.0,0.0,0.0,0.0,6512.78,84.35,0,0,6512.78,84.35,,,
2025-10,HDFC Bank Apps,0.99,0.01,6712.15,45.78,11910.56,34.58,0,0,18623.69,80.37,,,
2025-10,ICICI Bank Apps,2290.93,2.45,8686.08,47.72,7137.83,23.03,0,0,18114.84,73.2,,,
2025-10,Yes Bank Apps,23.86,0.43,4478.84,50.82,2992.99,3.57,0,0,7495.68,54.81,,,
2025-10,Mobikwik #,0.0,0.0,0.0,0.0,6500.58,52.39,0,0,6500.58,52.39,,,
2025-10,POP UPI,0.0,0.0,0.0,0.0,1700.27,38.92,0,0,1700.27,38.92,,,
2025-10,Slice Small Finance Bank Apps,0.02,0.0,635.84,1.34,2519.29,23.76,0,0,3155.16,25.1,,,
2025-10,India Post Payments Bank Apps,0.0,0.0,0.0,0.0,1879.52,17.97,0,0,1879.52,17.97,,,
2025-10,Bharat Pe #,0.0,0.0,0.0,0.0,137.63,1.77,0,0,137.63,1.77,,,
2025-10,Airtel Payments Bank Apps,0.0,0.0,54.31,0.65,1285.71,16.78,0,0,1340.02,17.43,,,
2025-10,Groww #,0.0,0.0,0.0,0.0,12555.52,15.87,0,0,12555.52,15.87,,,
2025-10,IDFC Bank Apps,0.21,0.02,64.05,0.37,2977.47,13.35,0,0,3041.73,13.74,,,
2025-10,State Bank of India Apps,0.0,0.0,0.01,0.0,4041.63,12.9,0,0,4041.65,12.9,,,
2025-10,Bajaj Finserv #,0.0,0.0,0.0,0.0,2599.28,12.82,0,0,2599.28,12.82,,,
2025-10,Samsung Pay #,0.0,0.0,0.0,0.0,758.79,10.47,0,0,758.79,10.47,,,
2025-10,Federal Bank Apps,0.0,0.0,5.27,0.0,1621.3,6.99,0,0,1626.56,6.99,,,
2025-10,RBL Bank Apps,37.41,0.18,1717.37,6.19,228.48,0.56,0,0,1983.26,6.92,,,
2025-10,Jupiter Money #,0.0,0.0,0.0,0.0,991.43,6.06,0,0,991.43,6.06,,,
2025-10,Jio Payments Bank Apps,0.0,0.0,0.0,0.0,417.41,5.68,0,0,417.41,5.68,,,
2025-10,Deutsche Bank Apps,0.15,0.0,997.43,5.18,37.74,0.03,0,0,1035.32,5.21,,,
2025-10,Canara Bank Apps,0.0,0.0,0.0,0.0,1133.76,4.37,0,0,1133.76,4.37,,,
2025-10,Punjab National Bank Apps,0.0,0.0,0.0,0.0,1110.15,4.15,0,0,1110.15,4.15,,,
2025-10,NSDL Payments Bank Apps,7.81,0.13,348.4,3.22,12.18,0.12,0,0,368.39,3.47,,,
2025-10,Flipkart UPI #,0.0,0.0,0.0,0.0,208.86,3.31,0,0,208.86,3.31,,,
2025-10,Ind Money #,0.0,0.0,0.0,0.0,1121.61,2.98,0,0,1121.61,2.98,,,
2025-10,Kiwi #,0.0,0.0,0.0,0.0,403.52,2.92,0,0,403.52,2.92,,,
2025-10,Bank of Baroda Apps,1.67,0.0,0.0,0.0,721.61,2.77,0,0,723.28,2.77,,,
2025-10,Timepay #,0.0,0.0,0.0,0.0,38.42,1.94,0,0,38.42,1.94,,,
2025-10,Fi Money #,0.0,0.0,0.0,0.0,405.88,2.7,0,0,405.88,2.7,,,
2025-10,Jammu and Kashmir Bank Apps,0.0,0.0,0.0,0.0,419.17,2.66,0,0,419.17,2.66,,,
2025-10,Suryoday Bank Apps,1.02,0.01,13.31,2.29,,,0,0,14.34,2.3,,,
2025-10,Omni Card,0.0,0.0,0.0,0.0,128.78,1.92,0,0,128.78,1.92,,,
2025-10,IndusInd Bank Apps,0.0,0.0,83.24,1.06,141.01,0.53,0,0,224.25,1.58,,,
2025-10,HSBC Bank Apps,0.27,0.0,3.0,0.58,166.98,0.92,0,0,170.25,1.5,,,
2025-10,Indian Bank Apps,106.4,0.1,0.0,0.0,342.06,1.38,0,0,448.46,1.49,,,
2025-10,Shri Ram One #,0.0,0.0,0.0,0.0,121.39,1.43,0,0,121.39,1.43,,,
2025-10,Money View #,0.0,0.0,0.0,0.0,105.13,1.38,0,0,105.13,1.38,,,
2025-10,Digikhata,0.0,0.0,0.0,0.0,409.7,1.14,0,0,409.7,1.14,,,
2025-10,ESAF Small Finance Bank Apps,0.0,0.0,0.0,0.0,98.21,0.97,0,0,98.21,0.97,,,
2025-10,Fino Payments Bank Apps,0.0,0.0,0.0,0.0,82.72,0.91,0,0,82.72,0.91,,,
2025-10,South Indian Bank Apps,0.0,0.0,0.01,0.0,259.65,0.87,0,0,259.65,0.87,,,
2025-10,One Card #,0.0,0.0,0.0,0.0,904.13,0.73,0,0,904.13,0.73,,,
2025-10,Union Bank Apps,0.0,0.0,0.0,0.0,225.05,0.73,0,0,225.05,0.73,,,
2025-10,AU Small Finance Bank Apps,0.0,0.0,1.9,0.0,244.77,0.71,0,0,246.67,0.71,,,
2025-10,Kredit Pe #,0.0,0.0,0.0,0.0,56.41,0.63,0,0,56.41,0.63,,,
2025-10,DBS Digibank Apps,0.19,0.0,25.82,0.06,191.82,0.54,0,0,217.83,0.61,,,
2025-10,UCO Bank Apps,0.0,0.0,0.0,0.0,161.03,0.59,0,0,161.03,0.59,,,
2025-10,Tata Pay #,0.0,0.0,0.0,0.0,167.09,0.5,0,0,167.09,0.5,,,
2025-10,KreditBee #,0.0,0.0,0.0,0.0,13.9,0.5,0,0,13.9,0.5,,,
2025-10,Salary Se #,0.0,0.0,0.0,0.0,24.33,0.48,0,0,24.33,0.48,,,
2025-10,Jar #,0.0,0.0,0.0,0.0,10.67,0.46,0,0,10.67,0.46,,,
2025-10,Aditya Birla Capital Digital #,0.0,0.0,0.0,0.0,21.45,0.42,0,0,21.45,0.42,,,
2025-10,Central Bank of India Apps,0.0,0.0,0.0,0.0,115.39,0.4,0,0,115.39,0.4,,,
2025-10,Bank of India Apps,0.0,0.0,0.0,0.0,107.21,0.33,0,0,107.21,0.33,,,
2025-10,Spice Money,0.0,0.0,0.0,0.0,31.47,0.33,0,0,31.47,0.33,,,
2025-10,Standard Chartered Bank Apps,0.16,0.0,10.4,0.15,109.77,0.14,0,0,120.33,0.29,,,
2025-10,Rapipay,0.0,0.0,0.0,0.0,27.54,0.26,0,0,27.54,0.26,,,
2025-10,Karnataka Bank Apps,0.01,0.0,0.0,0.0,62.54,0.26,0,0,62.55,0.26,,,
2025-10,Dhani,0.0,0.0,0.0,0.0,10.84,0.24,0,0,10.84,0.24,,,
2025-10,Indian Overseas Bank Apps,0.0,0.0,0.0,0.0,59.47,0.21,0,0,59.47,0.21,,,
2025-10,IDBI Bank Apps,0.0,0.0,0.0,0.0,75.41,0.17,0,0,75.41,0.17,,,
2025-10,True Balance,0.0,0.0,0.0,0.0,5.04,0.15,0,0,5.04,0.15,,,
2025-10,Obopay,0.0,0.0,0.0,0.0,21.43,0.14,0,0,21.43,0.14,,,
2025-10,Karur Vysya Bank Apps,0.0,0.0,0.0,0.0,44.87,0.12,0,0,44.87,0.12,,,
2025-10,TwidPay #,0.0,0.0,0.0,0.0,10.9,0.1,0,0,10.9,0.1,,,
2025-10,Tamilnad Mercantile Bank Apps,0.0,0.0,0.0,0.0,35.99,0.1,0,0,35.99,0.1,,,
2025-10,Ultracash #,0.0,0.0,0.0,0.0,6.99,0.09,0,0,6.99,0.09,,,
2025-10,Unity Small Finance Bank Apps,0.0,0.0,0.0,0.0,25.74,0.08,0,0,25.74,0.08,,,
2025-10,City Union Bank Apps,0.0,0.0,0.0,0.0,32.76,0.08,0,0,32.76,0.08,,,
2025-10,Payworld,0.0,0.0,0.0,0.0,5.97,0.07,0,0,5.97,0.07,,,
2025-10,Punjab Sind Bank Apps,0.0,0.0,0.0,0.0,14.19,0.04,0,0,14.19,0.04,,,
2025-10,Freo #,0.0,0.0,0.0,0.0,2.1,0.03,0,0,2.1,0.03,,,
2025-10,Bank of Maharashtra Apps,2.6,0.0,0.0,0.0,6.86,0.03,0,0,9.46,0.03,,,
2025-10,Equitas Small Finance Bank Apps,0.0,0.0,0.0,0.0,7.76,0.02,0,0,7.76,0.02,,,
2025-10,Utkarsh Small Finance Bank Apps,0.0,0.0,0.0,0.0,5.64,0.02,0,0,5.64,0.02,,,
2025-10,Others,6.71,0.18,0.12,0.0,227.57,2.26,0,0,234.4,2.44,,,
2025-11,Phone Pe #,0.0,0.0,0.0,0.0,1274723.47,9322.29,0,0,1274723.47,9322.29,,,
2025-11,Google Pay #,0.0,0.0,0.0,0.0,905445.37,7020.94,0,0,905445.37,7020.94,,,
2025-11,Paytm #,0.0,0.0,0.0,0.0,163210.19,1518.95,0,0,163210.19,1518.95,,,
2025-11,Navi #,0.0,0.0,0.0,0.0,32180.8,606.61,0,0,32180.8,606.61,,,
2025-11,super.money #,0.0,0.0,0.0,0.0,10569.55,265.07,0,0,10569.55,265.07,,,
2025-11,Cred #,0.0,0.0,0.0,0.0,59261.16,153.54,0,0,59261.16,153.54,,,
2025-11,FamApp by Trio #,0.0,0.0,0.0,0.0,1867.72,149.79,0,0,1867.72,149.79,,,
2025-11,BHIM,0.0,0.0,0.0,0.0,18280.83,139.11,0,0,18280.83,139.11,,,
2025-11,Axis Bank Apps,12.18,0.06,10450.25,102.87,5053.53,30.7,0,0,15515.97,133.63,,,
2025-11,Amazon Pay #,0.0,0.0,0.0,0.0,9909.89,86.58,0,0,9909.89,86.58,,,
2025-11,Whatsapp #,0.0,0.0,0.0,0.0,7168.01,87.06,0,0,7168.01,87.06,,,
2025-11,Kotak Mahindra Bank Apps,0.0,0.0,0.5,0.01,10392.95,86.37,0,0,10393.45,86.37,,,
2025-11,HDFC Bank Apps,0.86,0.01,6123.52,40.78,10671.41,32.78,0,0,16795.79,73.57,,,
2025-11,ICICI Bank Apps,2141.13,2.37,8583.95,41.01,6431.84,22.35,0,0,17156.92,65.74,,,
2025-11,Mobikwik #,0.0,0.0,0.0,0.0,6916.48,56.52,0,0,6916.48,56.52,,,
2025-11,Yes Bank Apps,22.67,0.4,3482.04,43.44,2879.46,3.52,0,0,6384.17,47.37,,,
2025-11,Slice Small Finance Bank Apps,1.56,0.0,396.95,1.05,2774.41,28.27,0,0,3172.92,29.32,,,
2025-11,India Post Payments Bank Apps,0.0,0.0,0.0,0.0,1912.88,19.17,0,0,1912.89,19.17,,,
2025-11,Bharat Pe #,0.0,0.0,0.0,0.0,177.52,2.28,0,0,177.52,2.28,,,
2025-11,Airtel Payments Bank Apps,0.0,0.0,61.1,0.65,1202.76,15.08,0,0,1263.86,15.73,,,
2025-11,IDFC Bank Apps,0.19,0.02,68.42,2.15,2886.78,13.22,0,0,2955.39,15.38,,,
2025-11,POP UPI,0.0,0.0,0.0,0.0,834.96,14.58,0,0,834.96,14.58,,,
2025-11,Groww #,0.0,0.0,0.0,0.0,9763.15,14.28,0,0,9763.15,14.28,,,
2025-11,State Bank of India Apps,0.0,0.0,0.02,0.0,3838.91,13.17,0,0,3838.92,13.17,,,
2025-11,Bajaj Finserv #,0.0,0.0,0.0,0.0,2750.64,12.87,0,0,2750.64,12.87,,,
2025-11,Samsung Pay #,0.0,0.0,0.0,0.0,716.66,11.21,0,0,716.66,11.21,,,
2025-11,RBL Bank Apps,40.2,0.25,1985.96,6.13,202.34,0.52,0,0,2228.5,6.9,,,
2025-11,Federal Bank Apps,0.0,0.0,5.45,0.0,1576.12,6.37,0,0,1581.57,6.38,,,
2025-11,Jupiter Money #,0.0,0.0,0.0,0.0,935.1,6.04,0,0,935.1,6.04,,,
2025-11,Jio Payments Bank Apps,0.0,0.0,0.0,0.0,418.34,5.92,0,0,418.34,5.92,,,
2025-11,Deutsche Bank Apps,2.54,0.0,723.43,4.35,34.78,0.03,0,0,760.75,4.39,,,
2025-11,Canara Bank Apps,0.0,0.0,0.0,0.0,1074.18,4.35,0,0,1074.18,4.35,,,
2025-11,Punjab National Bank Apps,0.0,0.0,0.0,0.0,1040.95,4.03,0,0,1040.95,4.03,,,
2025-11,NSDL Payments Bank Apps,6.79,0.12,299.76,3.22,13.01,0.14,0,0,319.56,3.48,,,
2025-11,Kiwi #,0.0,0.0,0.0,0.0,404.62,3.08,0,0,404.62,3.08,,,
2025-11,Ind Money #,0.0,0.0,0.0,0.0,994.89,3.02,0,0,994.89,3.02,,,
2025-11,Bank of Baroda Apps,3.75,0.0,0.0,0.0,649.77,2.74,0,0,653.52,2.74,,,
2025-11,Timepay #,0.0,0.0,0.0,0.0,39.98,2.0,0,0,39.98,2.0,,,
2025-11,Flipkart UPI #,0.0,0.0,0.0,0.0,146.29,2.66,0,0,146.29,2.66,,,
2025-11,Fi Money #,0.0,0.0,0.0,0.0,375.77,2.58,0,0,375.77,2.58,,,
2025-11,Jammu and Kashmir Bank Apps,0.0,0.0,0.0,0.0,378.25,2.42,0,0,378.25,2.42,,,
2025-11,Omni Card,0.0,0.0,0.0,0.0,129.21,1.9,0,0,129.21,1.9,,,
2025-11,Suryoday Bank Apps,1.15,0.01,2.4,1.88,0.0,0.0,0,0,3.55,1.89,,,
2025-11,Indian Bank Apps,98.7,0.1,0.0,0.0,323.95,1.42,0,0,422.65,1.52,,,
2025-11,Money View #,0.0,0.0,0.0,0.0,98.11,1.41,0,0,98.11,1.41,,,
2025-11,IndusInd Bank Apps,0.0,0.0,80.73,0.87,131.55,0.52,0,0,212.28,1.39,,,
2025-11,Shri Ram One #,0.0,0.0,0.0,0.0,108.4,1.39,0,0,108.4,1.39,,,
2025-11,HSBC Bank Apps,0.16,0.0,2.78,0.41,155.18,0.84,0,0,158.12,1.26,,,
2025-11,ESAF Small Finance Bank Apps,0.0,0.0,0.0,0.0,127.39,1.19,0,0,127.39,1.19,,,
2025-11,Digikhata,0.0,0.0,0.0,0.0,412.73,1.16,0,0,412.73,1.16,,,
2025-11,Aditya Birla Capital Digital #,0.0,0.0,0.0,0.0,24.14,1.11,0,0,24.14,1.11,,,
2025-11,KreditBee #,0.0,0.0,0.0,0.0,37.32,1.06,0,0,37.32,1.06,,,
2025-11,Fino Payments Bank Apps,0.0,0.0,0.0,0.0,83.45,0.96,0,0,83.45,0.96,,,
2025-11,Union Bank Apps,0.0,0.0,0.0,0.0,250.09,0.88,0,0,250.09,0.88,,,
2025-11,South Indian Bank Apps,0.0,0.0,0.01,0.0,243.72,0.84,0,0,243.72,0.84,,,
2025-11,AU Small Finance Bank Apps,0.0,0.0,1.66,0.0,240.02,0.73,0,0,241.68,0.73,,,
2025-11,One Card #,0.0,0.0,0.0,0.0,793.04,0.63,0,0,793.04,0.63,,,
2025-11,Kredit Pe #,0.0,0.0,0.0,0.0,53.81,0.6,0,0,53.81,0.6,,,
2025-11,DBS Digibank Apps,0.45,0.0,30.12,0.06,172.45,0.52,0,0,203.03,0.58,,,
2025-11,UCO Bank Apps,0.0,0.0,0.0,0.0,154.26,0.58,0,0,154.26,0.58,,,
2025-11,Salary Se #,0.0,0.0,0.0,0.0,23.87,0.48,0,0,23.87,0.48,,,
2025-11,Central Bank of India Apps,0.0,0.0,0.0,0.0,126.34,0.42,0,0,126.34,0.42,,,
2025-11,Tata Pay #,0.0,0.0,0.0,0.0,148.43,0.42,0,0,148.43,0.42,,,
2025-11,Standard Chartered Bank Apps,0.23,0.0,11.87,0.23,104.43,0.13,0,0,116.53,0.36,,,
2025-11,Bank of India Apps,0.0,0.0,0.0,0.0,108.52,0.34,0,0,108.52,0.34,,,
2025-11,Jar #,0.0,0.0,0.0,0.0,8.42,0.33,0,0,8.42,0.33,,,
2025-11,Spice Money,0.0,0.0,0.0,0.0,30.58,0.32,0,0,30.58,0.32,,,
2025-11,Rapipay,0.0,0.0,0.0,0.0,29.39,0.3,0,0,29.39,0.3,,,
2025-11,Karnataka Bank Apps,0.01,0.0,0.0,0.0,63.01,0.27,0,0,63.02,0.27,,,
2025-11,Dhani,0.0,0.0,0.0,0.0,9.42,0.21,0,0,9.42,0.21,,,
2025-11,Indian Overseas Bank Apps,0.0,0.0,0.0,0.0,53.88,0.2,0,0,53.88,0.2,,,
2025-11,True Balance,0.0,0.0,0.0,0.0,6.09,0.18,0,0,6.09,0.18,,,
2025-11,Oxymoney,0.0,0.0,10.58,0.16,0.0,0.0,0,0,10.58,0.16,,,
2025-11,IDBI Bank Apps,0.0,0.0,0.0,0.0,71.99,0.16,0,0,71.99,0.16,,,
2025-11,Obopay,0.0,0.0,0.0,0.0,23.14,0.15,0,0,23.14,0.15,,,
2025-11,Karur Vysya Bank Apps,0.0,0.0,0.0,0.0,43.7,0.12,0,0,43.7,0.12,,,
2025-11,TwidPay #,0.0,0.0,0.0,0.0,12.18,0.11,0,0,12.18,0.11,,,
2025-11,Tamilnad Mercantile Bank Apps,0.0,0.0,0.0,0.0,34.64,0.1,0,0,34.64,0.1,,,
2025-11,Payworld,0.0,0.0,0.0,0.0,7.81,0.08,0,0,7.81,0.08,,,
2025-11,Ultracash #,0.0,0.0,0.0,0.0,6.31,0.08,0,0,6.31,0.08,,,
2025-11,Unity Small Finance Bank Apps,0.0,0.0,0.0,0.0,24.79,0.08,0,0,24.79,0.08,,,
2025-11,City Union Bank Apps,0.0,0.0,0.0,0.0,29.85,0.07,0,0,29.85,0.07,,,
2025-11,Bank of Maharashtra Apps,0.11,0.0,0.0,0.0,10.83,0.04,0,0,10.94,0.04,,,
2025-11,Curie Money #,0.0,0.0,0.0,0.0,3.25,0.04,0,0,3.25,0.04,,,
2025-11,Punjab Sind Bank Apps,0.0,0.0,0.0,0.0,11.81,0.03,0,0,11.81,0.03,,,
2025-11,Equitas Small Finance Bank Apps,0.0,0.0,0.0,0.0,10.2,0.03,0,0,10.2,0.03,,,
2025-11,Freo #,0.0,0.0,0.0,0.0,1.84,0.03,0,0,1.84,0.03,,,
2025-11,Cheq,0.0,0.0,0.0,0.0,2.44,0.02,0,0,2.44,0.02,,,
2025-11,LXME #,0.0,0.0,0.0,0.0,1.65,0.02,0,0,1.65,0.02,,,
2025-11,Others,6.29,0.17,0.0,0.0,238.45,2.37,0,0,244.75,2.54,,,
2025-12,Phone Pe #,0.0,0.0,0.0,0.0,1360501.94,9799.14,0,0,1360501.94,9799.14,,,
2025-12,Google Pay #,0.0,0.0,0.0,0.0,956693.92,7311.67,0,0,956693.92,7311.67,,,
2025-12,Paytm #,0.0,0.0,0.0,0.0,175716.1,1624.45,0,0,175716.1,1624.45,,,
2025-12,Navi #,0.0,0.0,0.0,0.0,35715.89,671.89,0,0,35715.89,671.89,,,
2025-12,super.money #,0.0,0.0,0.0,0.0,11745.61,286.86,0,0,11745.61,286.86,,,
2025-12,FamApp by Trio #,0.0,0.0,0.0,0.0,2007.01,159.05,0,0,2007.01,159.05,,,
2025-12,Cred #,0.0,0.0,0.0,0.0,59073.03,157.25,0,0,59073.03,157.25,,,
2025-12,BHIM,0.0,0.0,0.0,0.0,20246.97,155.75,0,0,20246.97,155.75,,,
2025-12,Axis Bank Apps,15.45,0.1,8324.04,109.14,5272.52,35.5,0,0,13612.02,144.75,,,
2025-12,Whatsapp #,0.0,0.0,0.0,0.0,7399.16,100.45,0,0,7399.16,100.45,,,
2025-12,Kotak Mahindra Bank Apps,0.0,0.0,0.27,0.01,11500.37,94.54,0,0,11500.65,94.55,,,
2025-12,Amazon Pay #,0.0,0.0,0.0,0.0,10133.85,86.48,0,0,10133.85,86.48,,,
2025-12,HDFC Bank Apps,0.88,0.0,6853.22,42.66,10686.26,32.68,0,0,17540.37,75.34,,,
2025-12,ICICI Bank Apps,2295.76,2.48,9309.6,46.43,7137.59,23.61,0,0,18742.95,72.52,,,
2025-12,Mobikwik #,0.0,0.0,0.0,0.0,7451.94,63.4,0,0,7451.94,63.4,,,
2025-12,Yes Bank Apps,20.17,0.28,3460.28,45.55,3437.24,3.64,0,0,6917.69,49.47,,,
2025-12,Slice Small Finance Bank Apps,2.01,0.0,522.84,1.74,3224.74,32.71,0,0,3749.59,34.45,,,
2025-12,India Post Payments Bank Apps,0.0,0.0,0.0,0.0,1893.26,17.91,0,0,1893.26,17.91,,,
2025-12,Airtel Payments Bank Apps,0.0,0.0,148.52,1.27,1184.43,14.78,0,0,1332.95,16.05,,,
2025-12,Groww #,0.0,0.0,0.0,0.0,11688.01,15.87,0,0,11688.01,15.87,,,
2025-12,State Bank of India Apps,0.0,0.0,0.19,0.0,4313.66,14.63,0,0,4313.86,14.63,,,
2025-12,IDFC Bank Apps,0.03,0.02,50.36,0.37,3122.92,14.1,0,0,3173.31,14.49,,,
2025-12,Bajaj Finserv #,0.0,0.0,0.0,0.0,2822.57,13.35,0,0,2822.57,13.35,,,
2025-12,Samsung Pay #,0.0,0.0,0.0,0.0,745.25,11.36,0,0,745.25,11.36,,,
2025-12,POP UPI,0.0,0.0,0.0,0.0,705.72,9.38,0,0,705.72,9.38,,,
2025-12,RBL Bank Apps,42.38,0.21,4070.31,7.8,215.29,0.56,0,0,4327.98,8.56,,,
2025-12,Federal Bank Apps,0.0,0.0,5.13,0.0,1848.12,7.32,0,0,1853.24,7.33,,,
2025-12,Jio Payments Bank Apps,0.0,0.0,0.0,0.0,440.97,6.39,0,0,440.97,6.39,,,
2025-12,Jupiter Money #,0.0,0.0,0.0,0.0,966.07,6.09,0,0,966.07,6.09,,,
2025-12,Deutsche Bank Apps,2.78,0.0,786.44,5.32,37.88,0.03,0,0,827.1,5.36,,,
2025-12,Canara Bank Apps,0.0,0.0,0.0,0.0,1142.72,4.53,0,0,1142.72,4.53,,,
2025-12,NSDL Payments Bank Apps,8.19,0.11,293.57,3.49,14.28,0.16,0,0,316.05,3.77,,,
2025-12,Ind Money #,0.0,0.0,0.0,0.0,1054.69,3.33,0,0,1054.69,3.33,,,
2025-12,Kiwi #,0.0,0.0,0.0,0.0,439.43,3.1,0,0,439.43,3.1,,,
2025-12,Punjab National Bank Apps,0.0,0.0,0.0,0.0,748.71,2.96,0,0,748.71,2.96,,,
2025-12,Flipkart UPI #,0.0,0.0,0.0,0.0,152.97,2.8,0,0,152.97,2.8,,,
2025-12,Fi Money #,0.0,0.0,0.0,0.0,381.14,2.59,0,0,381.14,2.59,,,
2025-12,Jammu and Kashmir Bank Apps,0.0,0.0,0.0,0.0,390.02,2.5,0,0,390.02,2.5,,,
2025-12,Suryoday Bank Apps,1.82,0.03,3.94,2.47,0.0,0.0,0,0,5.76,2.5,,,
2025-12,Bharat Pe #,0.0,0.0,0.0,0.0,206.84,2.46,0,0,206.84,2.46,,,
2025-12,Bank of Baroda Apps,1.73,0.0,0.0,0.0,565.02,2.25,0,0,566.75,2.25,,,
2025-12,Omni Card,0.0,0.0,0.0,0.0,134.81,1.95,0,0,134.81,1.95,,,
2025-12,Timepay #,0.0,0.0,0.0,0.0,37.13,1.81,0,0,37.13,1.81,,,
2025-12,Money View #,0.0,0.0,0.0,0.0,103.65,1.79,0,0,103.65,1.79,,,
2025-12,IndusInd Bank Apps,0.02,0.0,116.3,1.13,149.77,0.57,0,0,266.09,1.7,,,
2025-12,Indian Bank Apps,121.13,0.11,0.0,0.0,352.99,1.48,0,0,474.12,1.59,,,
2025-12,KreditBee #,0.0,0.0,0.0,0.0,77.28,1.57,0,0,77.28,1.57,,,
2025-12,Aditya Birla Capital Digital #,0.0,0.0,0.0,0.0,26.21,1.46,0,0,26.21,1.46,,,
2025-12,Shri Ram One #,0.0,0.0,0.0,0.0,111.67,1.43,0,0,111.67,1.43,,,
2025-12,ESAF Small Finance Bank Apps,0.0,0.0,0.0,0.0,133.33,1.28,0,0,133.33,1.28,,,
2025-12,HSBC Bank Apps,0.32,0.01,3.24,0.44,153.36,0.82,0,0,156.91,1.26,,,
2025-12,Digikhata,0.0,0.0,0.0,0.0,421.6,1.25,0,0,421.6,1.25,,,
2025-12,Oxymoney,0.0,0.0,16.89,1.01,0.08,0.0,0,0,16.97,1.01,,,
2025-12,Fino Payments Bank Apps,0.0,0.0,0.0,0.0,87.85,1.0,0,0,87.85,1.0,,,
2025-12,Union Bank Apps,0.0,0.0,0.0,0.0,273.39,0.94,0,0,273.39,0.94,,,
2025-12,South Indian Bank Apps,0.0,0.0,0.0,0.0,273.46,0.93,0,0,273.46,0.93,,,
2025-12,AU Small Finance Bank Apps,0.0,0.0,0.9,0.0,263.27,0.81,0,0,264.18,0.81,,,
2025-12,DBS Digibank Apps,0.94,0.0,43.47,0.08,180.15,0.54,0,0,224.56,0.63,,,
2025-12,One Card #,0.0,0.0,0.0,0.0,784.25,0.62,0,0,784.25,0.62,,,
2025-12,Kredit Pe #,0.0,0.0,0.0,0.0,54.13,0.61,0,0,54.13,0.61,,,
2025-12,UCO Bank Apps,0.0,0.0,0.0,0.0,164.56,0.6,0,0,164.56,0.6,,,
2025-12,Freo #,0.0,0.0,0.0,0.0,56.56,0.59,0,0,56.56,0.59,,,
2025-12,Central Bank of India Apps,0.0,0.0,0.0,0.0,150.27,0.46,0,0,150.27,0.46,,,
2025-12,Salary Se #,0.0,0.0,0.0,0.0,25.24,0.42,0,0,25.24,0.42,,,
2025-12,Standard Chartered Bank Apps,0.25,0.0,20.49,0.28,102.09,0.13,0,0,122.83,0.41,,,
2025-12,Rapipay,0.0,0.0,0.0,0.0,33.66,0.4,0,0,33.66,0.4,,,
2025-12,Bank of India Apps,0.0,0.0,0.0,0.0,120.71,0.38,0,0,120.71,0.38,,,
2025-12,Tata Pay #,0.0,0.0,0.0,0.0,126.35,0.37,0,0,126.35,0.37,,,
2025-12,Spice Money,0.0,0.0,0.0,0.0,32.52,0.36,0,0,32.52,0.36,,,
2025-12,Karnataka Bank Apps,0.01,0.0,0.01,0.0,68.62,0.29,0,0,68.64,0.29,,,
2025-12,Jar #,0.0,0.0,0.0,0.0,6.05,0.25,0,0,6.05,0.25,,,
2025-12,True Balance,0.0,0.0,0.0,0.0,7.24,0.21,0,0,7.24,0.21,,,
2025-12,Dhani,0.0,0.0,0.0,0.0,9.1,0.21,0,0,9.1,0.21,,,
2025-12,Indian Overseas Bank Apps,0.0,0.0,0.0,0.0,52.64,0.19,0,0,52.64,0.19,,,
2025-12,IDBI Bank Apps,0.0,0.0,0.0,0.0,84.4,0.17,0,0,84.4,0.17,,,
2025-12,Obopay,0.0,0.0,0.0,0.0,26.26,0.17,0,0,26.26,0.17,,,
2025-12,Karur Vysya Bank Apps,0.0,0.0,0.0,0.0,45.88,0.13,0,0,45.88,0.13,,,
2025-12,TwidPay #,0.0,0.0,0.0,0.0,15.83,0.13,0,0,15.83,0.13,,,
2025-12,Tamilnad Mercantile Bank Apps,0.0,0.0,0.0,0.0,39.25,0.11,0,0,39.25,0.11,,,
2025-12,Payworld,0.0,0.0,0.0,0.0,10.22,0.1,0,0,10.22,0.1,,,
2025-12,Unity Small Finance Bank Apps,0.0,0.0,0.0,0.0,26.45,0.08,0,0,26.45,0.08,,,
2025-12,City Union Bank Apps,0.0,0.0,0.0,0.0,29.47,0.07,0,0,29.47,0.07,,,
2025-12,Saathi by PayNearBy #,0.0,0.0,0.0,0.0,6.09,0.06,0,0,6.09,0.06,,,
2025-12,Bank of Maharashtra Apps,0.72,0.0,0.0,0.0,16.91,0.06,0,0,17.64,0.06,,,
2025-12,Ultracash #,0.0,0.0,0.0,0.0,3.7,0.05,0,0,3.7,0.05,,,
2025-12,Curie Money #,0.0,0.0,0.0,0.0,2.71,0.05,0,0,2.71,0.05,,,
2025-12,Equitas Small Finance Bank Apps,0.0,0.0,0.0,0.0,14.17,0.05,0,0,14.17,0.05,,,
2025-12,Cheq #,0.0,0.0,0.0,0.0,3.88,0.04,0,0,3.88,0.04,,,
2025-12,Fave,0.0,0.0,0.0,0.0,7.04,0.03,0,0,7.04,0.03,,,
2025-12,LXME #,0.0,0.0,0.0,0.0,2.43,0.03,0,0,2.43,0.03,,,
2025-12,Punjab Sind Bank Apps,0.0,0.0,0.0,0.0,12.97,0.03,,,12.97,0.03,,,
2025-12,Others,7.17,0.18,0.0,0.0,265.37,2.71,,,272.54,2.89,,,
2026-01,Phone Pe #,0.0,0.0,0.0,0.0,1377458.79,9913.63,0,0,1377458.79,9913.63,,,
2026-01,Google Pay #,0.0,0.0,0.0,0.0,956985.04,7229.11,0,0,956985.04,7229.11,,,
2026-01,Paytm #,0.0,0.0,0.0,0.0,181973.34,1659.49,0,0,181973.34,1659.49,,,
2026-01,Navi #,0.0,0.0,0.0,0.0,37955.69,709.26,0,0,37955.69,709.26,,,
2026-01,super.money #,0.0,0.0,0.0,0.0,12546.39,298.41,0,0,12546.39,298.41,,,
2026-01,BHIM,0.0,0.0,0.0,0.0,22025.89,172.07,0,0,22025.89,172.07,,,
2026-01,FamApp by Trio #,0.0,0.0,0.0,0.0,2038.12,161.18,0,0,2038.12,161.18,,,
2026-01,Cred #,0.0,0.0,0.0,0.0,58840.62,156.86,0,0,58840.62,156.86,,,
2026-01,Axis Bank Apps,14.04,0.07,8214.0,122.29,4978.86,30.24,0,0,13206.89,152.6,,,
2026-01,Whatsapp #,0.0,0.0,0.0,0.0,8358.21,112.65,0,0,8358.21,112.65,,,
2026-01,Kotak Mahindra Bank Apps,0.0,0.0,0.23,0.01,12304.47,101.35,0,0,12304.69,101.35,,,
2026-01,Amazon Pay #,0.0,0.0,0.0,0.0,10257.83,83.99,0,0,10257.83,83.99,,,
2026-01,HDFC Bank Apps,1.01,0.0,6043.71,44.93,10620.31,32.36,0,0,16665.03,77.29,,,
2026-01,ICICI Bank Apps,2397.55,2.43,9243.54,42.21,7678.09,23.33,0,0,19319.18,67.97,,,
2026-01,Mobikwik #,0.0,0.0,0.0,0.0,7631.14,64.72,0,0,7631.14,64.72,,,
2026-01,Yes Bank Apps,15.73,0.12,4238.94,49.01,3595.9,3.84,0,0,7850.57,52.98,,,
2026-01,Slice Small Finance Bank Apps,2.48,0.01,394.73,2.29,3660.63,37.27,0,0,4057.84,39.57,,,
2026-01,Groww #,0.0,0.0,0.0,0.0,16201.06,18.82,0,0,16201.06,18.82,,,
2026-01,India Post Payments Bank Apps,0.0,0.0,0.0,0.0,1999.27,18.75,0,0,1999.28,18.75,,,
2026-01,IDFC Bank Apps,0.12,0.02,25.14,3.47,3290.34,14.26,0,0,3315.6,17.75,,,
2026-01,Airtel Payments Bank Apps,0.0,0.0,133.48,1.19,1243.5,15.96,0,0,1376.98,17.15,,,
2026-01,State Bank of India Apps,0.0,0.0,3.62,0.0,4575.6,15.6,0,0,4579.21,15.6,,,
2026-01,Bajaj Finserv #,0.0,0.0,0.0,0.0,2757.27,13.38,0,0,2757.27,13.38,,,
2026-01,Samsung Pay #,0.0,0.0,0.0,0.0,752.03,11.21,0,0,752.03,11.21,,,
2026-01,POP UPI,0.0,0.0,0.0,0.0,686.09,8.5,0,0,686.09,8.5,,,
2026-01,RBL Bank Apps,39.26,0.13,4110.58,7.63,215.76,0.54,0,0,4365.61,8.29,,,
2026-01,Federal Bank Apps,0.0,0.0,5.07,0.0,2011.26,7.51,0,0,2016.33,7.52,,,
2026-01,Jio Payments Bank Apps,0.0,0.0,0.0,0.0,456.14,6.57,0,0,456.14,6.57,,,
2026-01,Jupiter Money #,0.0,0.0,0.0,0.0,982.03,5.93,0,0,982.03,5.93,,,
2026-01,Deutsche Bank Apps,0.17,0.0,815.57,5.26,37.67,0.03,0,0,853.4,5.29,,,
2026-01,Canara Bank Apps,0.0,0.0,0.0,0.0,1110.65,4.14,0,0,1110.65,4.14,,,
2026-01,Ind Money #,0.0,0.0,0.0,0.0,1336.23,4.01,0,0,1336.23,4.01,,,
2026-01,Flipkart UPI #,0.0,0.0,0.0,0.0,163.55,3.09,0,0,163.55,3.09,,,
2026-01,Kiwi #,0.0,0.0,0.0,0.0,474.14,3.04,0,0,474.14,3.04,,,
2026-01,Suryoday Bank Apps,2.01,0.03,4.05,2.97,0.0,0.0,0,0,6.05,3.0,,,
2026-01,NSDL Payments Bank Apps,5.59,0.08,362.22,2.68,15.34,0.18,0,0,383.15,2.94,,,
2026-01,Money View #,0.0,0.0,0.0,0.0,143.19,2.61,0,0,143.19,2.61,,,
2026-01,Fi Money #,0.0,0.0,0.0,0.0,373.44,2.5,0,0,373.44,2.5,,,
2026-01,Bharat Pe #,0.0,0.0,0.0,0.0,218.56,2.48,0,0,218.56,2.48,,,
2026-01,Jammu and Kashmir Bank Apps,0.0,0.0,0.0,0.0,371.79,2.46,0,0,371.79,2.46,,,
2026-01,KreditBee #,0.0,0.0,0.0,0.0,120.02,2.21,0,0,120.02,2.21,,,
2026-01,Shri Ram One #,0.0,0.0,0.0,0.0,148.12,1.98,0,0,148.12,1.98,,,
2026-01,Omni Card,0.0,0.0,0.0,0.0,121.46,1.94,0,0,121.46,1.94,,,
2026-01,Punjab National Bank Apps,0.0,0.0,0.0,0.0,479.04,1.85,0,0,479.04,1.85,,,
2026-01,Aditya Birla Capital Digital #,0.0,0.0,0.0,0.0,26.15,1.58,0,0,26.15,1.58,,,
2026-01,Bank of Baroda Apps,8.44,0.0,0.0,0.0,430.07,1.57,0,0,438.51,1.57,,,
2026-01,Timepay #,0.0,0.0,0.0,0.0,27.49,1.51,0,0,27.49,1.51,,,
2026-01,Indian Bank Apps,90.12,0.09,0.0,0.0,358.89,1.41,0,0,449.01,1.49,,,
2026-01,IndusInd Bank Apps,0.02,0.0,88.26,0.82,145.53,0.54,0,0,233.81,1.37,,,
2026-01,Digikhata,0.0,0.0,0.0,0.0,465.91,1.35,0,0,465.91,1.35,,,
2026-01,HSBC Bank Apps,0.19,0.01,3.4,0.52,150.62,0.73,0,0,154.21,1.26,,,
2026-01,Union Bank Apps,0.0,0.0,0.0,0.0,286.52,0.99,0,0,286.52,0.99,,,
2026-01,South Indian Bank Apps,0.0,0.0,0.0,0.0,289.61,0.92,0,0,289.61,0.92,,,
2026-01,ESAF Small Finance Bank Apps,0.0,0.0,0.0,0.0,102.33,0.9,0,0,102.33,0.9,,,
2026-01,AU Small Finance Bank Apps,0.0,0.0,0.92,0.0,281.4,0.86,0,0,282.32,0.86,,,
2026-01,Kredit Pe #,0.0,0.0,0.0,0.0,60.31,0.66,0,0,60.31,0.66,,,
2026-01,UCO Bank Apps,0.0,0.0,0.0,0.0,170.83,0.61,0,0,170.83,0.61,,,
2026-01,One Card #,0.0,0.0,0.0,0.0,734.23,0.61,0,0,734.23,0.61,,,
2026-01,DBS Digibank Apps,1.23,0.0,44.07,0.06,187.45,0.54,0,0,232.75,0.6,,,
2026-01,Jar #,0.0,0.0,0.0,0.0,15.68,0.53,0,0,15.68,0.53,,,
2026-01,Rapipay,0.0,0.0,0.0,0.0,40.91,0.5,0,0,40.91,0.5,,,
2026-01,Central Bank of India Apps,0.0,0.0,0.0,0.0,165.59,0.48,0,0,165.59,0.48,,,
2026-01,Fino Payments Bank Apps,0.0,0.0,0.0,0.0,46.59,0.46,0,0,46.59,0.46,,,
2026-01,Standard Chartered Bank Apps,0.22,0.0,16.64,0.33,107.21,0.13,0,0,124.07,0.46,,,
2026-01,Salary Se #,0.0,0.0,0.0,0.0,33.35,0.46,0,0,33.35,0.46,,,
2026-01,Freo #,0.0,0.0,0.0,0.0,38.48,0.4,0,0,38.48,0.4,,,
2026-01,Spice Money,0.0,0.0,0.0,0.0,35.36,0.39,0,0,35.36,0.39,,,
2026-01,Oxymoney,0.0,0.0,1.68,0.36,0.04,0.0,0,0,1.71,0.37,,,
2026-01,Tata Pay #,0.0,0.0,0.0,0.0,127.17,0.35,0,0,127.17,0.35,,,
2026-01,Bank of India Apps,0.0,0.0,0.0,0.0,110.33,0.34,0,0,110.33,0.34,,,
2026-01,Karnataka Bank Apps,0.0,0.0,0.0,0.0,69.24,0.29,0,0,69.24,0.29,,,
2026-01,Dhani,0.0,0.0,0.0,0.0,9.1,0.21,0,0,9.1,0.21,,,
2026-01,True Balance,0.0,0.0,0.0,0.0,7.27,0.21,0,0,7.27,0.21,,,
2026-01,IDBI Bank Apps,0.0,0.0,0.0,0.0,97.89,0.2,0,0,97.89,0.2,,,
2026-01,Obopay,0.0,0.0,0.0,0.0,28.32,0.18,0,0,28.32,0.18,,,
2026-01,Indian Overseas Bank Apps,0.0,0.0,0.0,0.0,51.36,0.18,0,0,51.36,0.18,,,
2026-01,Saathi by PayNearBy #,0.0,0.0,0.0,0.0,19.74,0.17,0,0,19.74,0.17,,,
2026-01,Karur Vysya Bank Apps,0.0,0.0,0.0,0.0,49.25,0.14,0,0,49.25,0.14,,,
2026-01,Payworld,0.0,0.0,0.0,0.0,10.57,0.11,0,0,10.57,0.11,,,
2026-01,Tamilnad Mercantile Bank Apps,0.0,0.0,0.0,0.0,41.01,0.11,0,0,41.01,0.11,,,
2026-01,TwidPay #,0.0,0.0,0.0,0.0,12.15,0.1,0,0,12.15,0.1,,,
2026-01,Bank of Maharashtra Apps,0.0,0.0,0.0,0.0,25.7,0.07,0,0,25.7,0.07,,,
2026-01,Cheq,0.0,0.0,0.0,0.0,6.43,0.07,0,0,6.43,0.07,,,
2026-01,City Union Bank Apps,0.0,0.0,0.0,0.0,28.62,0.07,0,0,28.62,0.07,,,
2026-01,Equitas Small Finance Bank Apps,0.0,0.0,0.0,0.0,14.87,0.06,0,0,14.87,0.06,,,
2026-01,Curie Money,0.0,0.0,0.0,0.0,3.14,0.05,0,0,3.14,0.05,,,
2026-01,Unity Small Finance Bank Apps,0.0,0.0,0.0,0.0,15.24,0.05,0,0,15.24,0.05,,,
2026-01,Ultracash #,0.0,0.0,0.0,0.0,3.61,0.05,0,0,3.61,0.05,,,
2026-01,LXME #,0.0,0.0,0.0,0.0,3.33,0.04,0,0,3.33,0.04,,,
2026-01,Fave,0.0,0.0,0.0,0.0,7.47,0.04,0,0,7.47,0.04,,,
2026-01,Punjab Sind Bank Apps,0.0,0.0,0.0,0.0,15.58,0.03,,,15.58,0.03,,,
2026-01,Others,7.38,0.17,0.0,0.0,253.26,2.81,,,260.65,2.98,,,
2026-02,Phone Pe #,0.0,0.0,0.0,0.0,1310392.95,9284.22,0,0,1310392.95,9284.22,,,
2026-02,Google Pay #,0.0,0.0,0.0,0.0,903051.6,6767.14,0,0,903051.6,6767.14,,,
2026-02,Paytm #,0.0,0.0,0.0,0.0,174128.86,1595.09,0,0,174128.86,1595.09,,,
2026-02,Navi #,0.0,0.0,0.0,0.0,36563.0,650.28,0,0,36563.0,650.28,,,
2026-02,super.money #,0.0,0.0,0.0,0.0,12314.08,289.32,0,0,12314.08,289.32,,,
2026-02,BHIM,0.0,0.0,0.0,0.0,21263.92,175.93,0,0,21263.92,175.93,,,
2026-02,FamApp by Trio #,0.0,0.0,0.0,0.0,1898.62,149.06,0,0,1898.62,149.06,,,
2026-02,Cred #,0.0,0.0,0.0,0.0,54045.92,145.98,0,0,54045.92,145.98,,,
2026-02,Axis Bank Apps,10.89,0.07,7381.58,105.94,4765.47,26.1,0,0,12157.93,132.11,,,
2026-02,Whatsapp #,0.0,0.0,0.0,0.0,8557.08,112.89,0,0,8557.08,112.89,,,
2026-02,Kotak Mahindra Bank Apps,0.0,0.0,0.22,0.01,12295.68,102.0,0,0,12295.9,102.0,,,
2026-02,Amazon Pay #,0.0,0.0,0.0,0.0,9288.21,75.81,0,0,9288.21,75.81,,,
2026-02,HDFC Bank Apps,0.3,0.0,5333.5,37.13,9915.03,29.81,0,0,15248.82,66.94,,,
2026-02,Mobikwik #,0.0,0.0,0.0,0.0,7509.87,65.81,0,0,7509.87,65.81,,,
2026-02,Slice Small Finance Bank Apps,4.34,0.01,425.0,2.58,3775.84,39.98,0,0,4205.18,42.57,,,
2026-02,Yes Bank Apps,8.75,0.12,3340.61,38.48,2845.34,3.47,0,0,6194.7,42.07,,,
2026-02,ICICI Bank Apps,2383.12,2.37,9028.29,15.92,6802.26,21.66,,,18213.67,39.95,,,
2026-02,IDFC Bank Apps,0.19,0.01,39.16,23.91,3189.21,13.5,0,0,3228.56,37.41,,,
2026-02,Bharat Pe #,0.0,0.0,0.0,0.0,224.48,2.72,0,0,224.48,2.72,,,
2026-02,India Post Payments Bank Apps,0.0,0.0,0.0,0.0,1788.5,16.52,0,0,1788.5,16.52,,,
2026-02,Airtel Payments Bank Apps,0.0,0.0,109.15,1.04,1214.22,15.29,0,0,1323.37,16.33,,,
2026-02,Groww #,0.0,0.0,0.0,0.0,12154.86,16.3,0,0,12154.86,16.3,,,
2026-02,State Bank of India Apps,0.0,0.0,0.41,0.0,4698.1,15.7,0,0,4698.51,15.7,,,
2026-02,Bajaj Finserv #,0.0,0.0,0.0,0.0,2805.76,13.01,0,0,2805.76,13.01,,,
2026-02,Samsung Pay #,0.0,0.0,0.0,0.0,679.66,10.29,0,0,679.66,10.29,,,
2026-02,RBL Bank Apps,34.01,0.12,3981.52,9.42,201.3,0.49,0,0,4216.83,10.03,,,
2026-02,POP UPI #,0.0,0.0,0.0,0.0,662.57,8.48,0,0,662.57,8.48,,,
2026-02,Federal Bank Apps,0.0,0.0,6.19,0.0,1996.03,6.7,0,0,2002.22,6.7,,,
2026-02,Jio Payments Bank Apps,0.0,0.0,0.0,0.0,449.17,6.64,0,0,449.17,6.64,,,
2026-02,Jupiter Money #,0.0,0.0,0.0,0.0,897.61,5.35,0,0,897.61,5.35,,,
2026-02,Deutsche Bank Apps,0.14,0.0,759.08,4.82,32.16,0.03,0,0,791.38,4.85,,,
2026-02,Ind Money #,0.0,0.0,0.0,0.0,1096.38,3.7,0,0,1096.38,3.7,,,
2026-02,Canara Bank Apps,0.0,0.0,0.0,0.0,972.59,3.61,0,0,972.59,3.61,,,
2026-02,Money View #,0.0,0.0,0.0,0.0,157.81,2.83,0,0,157.81,2.83,,,
2026-02,Kiwi #,0.0,0.0,0.0,0.0,434.15,2.65,0,0,434.15,2.65,,,
2026-02,Jammu and Kashmir Bank Apps,0.0,0.0,0.0,0.0,394.59,2.65,0,0,394.59,2.65,,,
2026-02,KreditBee #,0.0,0.0,0.0,0.0,142.33,2.44,0,0,142.33,2.44,,,
2026-02,Flipkart UPI #,0.0,0.0,0.0,0.0,115.59,2.39,0,0,115.59,2.39,,,
2026-02,Suryoday Bank Apps,2.94,0.03,10.35,2.34,0.0,0.0,0,0,13.3,2.37,,,
2026-02,Punjab National Bank Apps,0.0,0.0,0.0,0.0,536.12,1.96,0,0,536.12,1.96,,,
2026-02,Fi Money #,0.0,0.0,0.0,0.0,299.83,1.92,0,0,299.83,1.92,,,
2026-02,Aditya Birla Capital Digital #,0.0,0.0,0.0,0.0,25.79,1.87,0,0,25.79,1.87,,,
2026-02,Timepay #,0.0,0.0,0.0,0.0,21.55,1.23,0,0,21.55,1.23,,,
2026-02,Omni Card,0.0,0.0,0.0,0.0,92.21,1.77,0,0,92.21,1.77,,,
2026-02,Indian Bank Apps,117.24,0.12,0.0,0.0,338.37,1.33,0,0,455.61,1.45,,,
2026-02,Bank of Baroda Apps,18.17,0.0,0.0,0.0,407.57,1.44,0,0,425.74,1.44,,,
2026-02,Digikhata,0.0,0.0,0.0,0.0,472.46,1.31,0,0,472.46,1.31,,,
2026-02,HSBC Bank Apps,0.33,0.01,3.06,0.48,144.93,0.76,0,0,148.32,1.25,,,
2026-02,IndusInd Bank Apps,0.04,0.0,65.34,0.68,131.85,0.49,0,0,197.23,1.17,,,
2026-02,NSDL Payments Bank Apps,1.74,0.02,263.13,0.8,12.95,0.14,0,0,277.82,0.96,,,
2026-02,AU Small Finance Bank Apps,0.0,0.0,0.68,0.0,276.39,0.85,0,0,277.08,0.85,,,
2026-02,Union Bank Apps,0.0,0.0,0.0,0.0,241.03,0.84,0,0,241.03,0.84,,,
2026-02,South Indian Bank Apps,0.0,0.0,0.0,0.0,266.22,0.84,0,0,266.22,0.84,,,
2026-02,Freo #,0.0,0.0,0.0,0.0,72.69,0.77,0,0,72.69,0.77,,,
2026-02,Shri Ram One #,0.0,0.0,0.0,0.0,82.45,0.71,0,0,82.45,0.71,,,
2026-02,Kredit Pe #,0.0,0.0,0.0,0.0,58.61,0.67,0,0,58.61,0.67,,,
2026-02,Jar #,0.0,0.0,0.0,0.0,19.07,0.63,0,0,19.07,0.63,,,
2026-02,UCO Bank Apps,0.0,0.0,0.0,0.0,161.22,0.57,0,0,161.22,0.57,,,
2026-02,One Card #,0.0,0.0,0.0,0.0,684.4,0.57,0,0,684.4,0.57,,,
2026-02,DBS Digibank Apps,0.58,0.0,33.31,0.04,171.35,0.51,0,0,205.24,0.55,,,
2026-02,Fino Payments Bank Apps,0.0,0.0,0.0,0.0,51.55,0.52,0,0,51.55,0.52,,,
2026-02,Salary Se #,0.0,0.0,0.0,0.0,38.44,0.48,0,0,38.44,0.48,,,
2026-02,Central Bank of India Apps,0.0,0.0,0.0,0.0,165.55,0.47,0,0,165.55,0.47,,,
2026-02,Rapipay,0.0,0.0,0.0,0.0,33.53,0.47,0,0,33.53,0.47,,,
2026-02,Standard Chartered Bank Apps,0.2,0.0,13.89,0.34,95.62,0.12,0,0,109.71,0.46,,,
2026-02,Spice Money,0.0,0.0,0.0,0.0,35.08,0.39,0,0,35.08,0.39,,,
2026-02,ESAF Small Finance Bank Apps,0.0,0.0,0.0,0.0,38.36,0.35,0,0,38.36,0.35,,,
2026-02,Tata Pay #,0.0,0.0,0.0,0.0,101.76,0.29,0,0,101.76,0.29,,,
2026-02,Bank of India Apps,0.0,0.0,0.0,0.0,89.73,0.26,0,0,89.73,0.26,,,
2026-02,Karnataka Bank Apps,0.01,0.0,0.0,0.0,63.37,0.26,0,0,63.38,0.26,,,
2026-02,IDBI Bank Apps,0.0,0.0,0.0,0.0,94.62,0.19,0,0,94.62,0.19,,,
2026-02,Obopay,0.0,0.0,0.0,0.0,30.31,0.19,0,0,30.31,0.19,,,
2026-02,Saathi by PayNearBy #,0.0,0.0,0.0,0.0,23.54,0.19,0,0,23.54,0.19,,,
2026-02,True Balance,0.0,0.0,0.0,0.0,6.55,0.19,0,0,6.55,0.19,,,
2026-02,Dhani,0.0,0.0,0.0,0.0,8.16,0.19,0,0,8.16,0.19,,,
2026-02,TwidPay #,0.0,0.0,0.0,0.0,14.73,0.14,0,0,14.73,0.14,,,
2026-02,Karur Vysya Bank Apps,0.0,0.0,0.0,0.0,46.09,0.13,0,0,46.09,0.13,,,
2026-02,Indian Overseas Bank Apps,0.0,0.0,0.0,0.0,37.83,0.12,0,0,37.83,0.12,,,
2026-02,Payworld,0.0,0.0,0.0,0.0,10.68,0.12,0,0,10.68,0.12,,,
2026-02,Tamilnad Mercantile Bank Apps,0.0,0.0,0.0,0.0,39.0,0.1,0,0,39.0,0.1,,,
2026-02,City Union Bank Apps,0.07,0.0,0.33,0.02,28.19,0.06,0,0,28.59,0.08,,,
2026-02,Cheq,0.0,0.0,0.0,0.0,7.5,0.08,0,0,7.5,0.08,,,
2026-02,Bank of Maharashtra Apps,0.0,0.0,0.0,0.0,22.32,0.06,0,0,22.32,0.06,,,
2026-02,Equitas Small Finance Bank Apps,0.0,0.0,0.0,0.0,16.45,0.06,0,0,16.45,0.06,,,
2026-02,LXME #,0.0,0.0,0.0,0.0,3.78,0.05,0,0,3.78,0.05,,,
2026-02,Curie Money #,0.0,0.0,0.0,0.0,2.96,0.05,0,0,2.96,0.05,,,
2026-02,Ultracash #,0.0,0.0,0.0,0.0,3.72,0.05,0,0,3.72,0.05,,,
2026-02,Unity Small Finance Bank Apps,0.0,0.0,0.0,0.0,11.21,0.05,0,0,11.21,0.05,,,
2026-02,Fave,0.0,0.0,0.0,0.0,8.37,0.04,0,0,8.37,0.04,,,
2026-02,ZET #,0.0,0.0,0.0,0.0,2.01,0.03,0,0,2.01,0.03,,,
2026-02,Punjab Sind Bank Apps,0.0,0.0,0.0,0.0,12.71,0.03,0,0,12.71,0.03,,,
2026-02,Others,6.73,0.15,0.0,0.0,239.63,2.89,0,0,246.36,3.04,,,
2026-03,Phone Pe #,0.0,0.0,0.0,0.0,1448286.63,10503.81,0,0,1448286.63,10503.81,,,
2026-03,Google Pay #,0.0,0.0,0.0,0.0,999480.47,7535.71,0,0,999480.47,7535.71,,,
2026-03,Paytm #,0.0,0.0,0.0,0.0,192610.34,1770.0,0,0,192610.34,1770.0,,,
2026-03,Navi #,0.0,0.0,0.0,0.0,43044.76,790.34,0,0,43044.76,790.34,,,
2026-03,super.money #,0.0,0.0,0.0,0.0,14788.83,341.24,0,0,14788.83,341.24,,,
2026-03,BHIM,0.0,0.0,0.0,0.0,24718.8,202.44,0,0,24718.8,202.44,,,
2026-03,FamApp by Trio #,0.0,0.0,0.0,0.0,2250.14,168.6,0,0,2250.14,168.6,,,
2026-03,Cred #,0.0,0.0,0.0,0.0,62029.55,163.2,0,0,62029.55,163.2,,,
2026-03,Axis Bank Apps,11.77,0.08,7816.66,106.7,5352.4,28.63,0,0,13180.82,135.4,,,
2026-03,Whatsapp #,0.0,0.0,0.0,0.0,9917.41,130.74,0,0,9917.41,130.74,,,
2026-03,Kotak Mahindra Bank Apps,0.0,0.0,0.28,0.01,13889.78,114.65,0,0,13890.06,114.66,,,
2026-03,Amazon Pay #,0.0,0.0,0.0,0.0,10534.95,87.58,0,0,10534.95,87.58,,,
2026-03,Mobikwik #,0.0,0.0,0.0,0.0,9239.68,78.74,0,0,9239.68,78.74,,,
2026-03,HDFC Bank Apps,0.35,0.0,5194.75,43.22,11507.49,33.66,0,0,16702.59,76.89,,,
2026-03,Slice Small Finance Bank Apps,4.03,0.02,409.24,2.45,4382.27,47.77,0,0,4795.55,50.24,,,
2026-03,ICICI Bank Apps,2981.7,2.84,10452.4,20.64,7925.92,23.23,0,0,21360.03,46.71,,,
2026-03,IDFC Bank Apps,0.75,0.01,111.84,30.83,3516.14,14.86,,,3628.73,45.7,,,
2026-03,Yes Bank Apps,10.99,0.22,3568.89,38.79,3959.51,4.29,0,0,7539.4,43.29,,,
2026-03,India Post Payments Bank Apps,0.0,0.0,0.01,0.0,2107.06,19.51,0,0,2107.07,19.51,,,
2026-03,Airtel Payments Bank Apps,0.0,0.0,137.66,1.26,1480.56,17.53,0,0,1618.22,18.79,,,
2026-03,State Bank of India Apps,0.0,0.0,0.07,0.0,5470.95,18.15,0,0,5471.02,18.16,,,
2026-03,Groww #,0.0,0.0,0.0,0.0,12851.64,16.4,0,0,12851.64,16.4,,,
2026-03,Bajaj Finserv #,0.0,0.0,0.0,0.0,2879.05,13.67,0,0,2879.05,13.67,,,
2026-03,RBL Bank Apps,39.79,0.14,4294.85,10.71,225.89,0.54,0,0,4560.53,11.39,,,
2026-03,Samsung Pay #,0.0,0.0,0.0,0.0,743.38,11.0,0,0,743.38,11.0,,,
2026-03,Jio Payments Bank Apps,0.0,0.0,0.0,0.0,509.61,7.77,0,0,509.61,7.77,,,
2026-03,Federal Bank Apps,0.0,0.0,7.71,0.01,2168.04,7.43,0,0,2175.75,7.43,,,
2026-03,POP UPI #,0.0,0.0,0.0,0.0,571.1,7.38,0,0,571.1,7.38,,,
2026-03,Jupiter Money #,0.0,0.0,0.0,0.0,944.9,5.7,0,0,944.9,5.7,,,
2026-03,Deutsche Bank Apps,0.16,0.0,831.43,5.05,43.82,0.03,0,0,875.42,5.08,,,
2026-03,Ind Money #,0.0,0.0,0.0,0.0,1328.44,4.02,0,0,1328.44,4.02,,,
2026-03,Money View #,0.0,0.0,0.0,0.0,244.73,3.82,0,0,244.73,3.82,,,
2026-03,KreditBee #,0.0,0.0,0.0,0.0,179.15,3.68,0,0,179.15,3.68,,,
2026-03,Canara Bank Apps,0.0,0.0,0.0,0.0,1041.64,3.65,0,0,1041.64,3.65,,,
2026-03,Jammu and Kashmir Bank Apps,0.0,0.0,0.0,0.0,489.39,3.08,0,0,489.39,3.08,,,
2026-03,Kiwi #,0.0,0.0,0.0,0.0,500.02,2.79,0,0,500.02,2.79,,,
2026-03,Suryoday Bank Apps,3.6,0.1,9.93,2.68,0.0,0.0,0,0,13.52,2.78,,,
2026-03,Flipkart UPI #,0.0,0.0,0.0,0.0,124.89,2.69,0,0,124.89,2.69,,,
2026-03,Bharat Pe #,0.0,0.0,0.0,0.0,247.83,2.62,0,0,247.83,2.62,,,
2026-03,Omni Card,0.0,0.0,0.0,0.0,101.77,1.94,0,0,101.77,1.94,,,
2026-03,Fi Money #,0.0,0.0,0.0,0.0,330.74,1.92,0,0,330.74,1.92,,,
2026-03,Indian Bank Apps,114.09,0.11,0.0,0.0,396.92,1.58,0,0,511.01,1.69,,,
2026-03,Aditya Birla Capital Digital #,0.0,0.0,0.0,0.0,28.46,1.66,0,0,28.46,1.66,,,
2026-03,Bank of Baroda Apps,17.05,0.0,0.0,0.0,493.61,1.65,0,0,510.66,1.65,,,
2026-03,Punjab National Bank Apps,0.0,0.0,0.0,0.0,442.44,1.61,0,0,442.44,1.61,,,
2026-03,HSBC Bank Apps,0.25,0.01,4.19,0.62,181.8,0.92,0,0,186.24,1.55,,,
2026-03,Digikhata,0.0,0.0,0.0,0.0,539.13,1.49,0,0,539.13,1.49,,,
2026-03,Timepay #,0.0,0.0,0.0,0.0,25.98,1.34,0,0,25.98,1.34,,,
2026-03,IndusInd Bank Apps,0.04,0.0,65.45,0.67,142.77,0.54,0,0,208.26,1.21,,,
2026-03,Freo #,0.0,0.0,0.0,0.0,113.58,1.21,0,0,113.58,1.21,,,
2026-03,Union Bank Apps,0.0,0.0,0.0,0.0,302.43,1.0,0,0,302.43,1.0,,,
2026-03,AU Small Finance Bank Apps,0.0,0.0,0.7,0.0,316.04,0.97,0,0,316.74,0.97,,,
2026-03,South Indian Bank Apps,0.0,0.0,0.0,0.0,303.5,0.91,0,0,303.5,0.91,,,
2026-03,Jar #,0.0,0.0,0.0,0.0,24.98,0.82,0,0,24.98,0.82,,,
2026-03,Kredit Pe #,0.0,0.0,0.0,0.0,65.4,0.76,0,0,65.4,0.76,,,
2026-03,Fino Payments Bank Apps,0.0,0.0,0.0,0.0,65.29,0.71,0,0,65.29,0.71,,,
2026-03,UCO Bank Apps,0.0,0.0,0.0,0.0,179.36,0.63,0,0,179.36,0.63,,,
2026-03,One Card #,0.0,0.0,0.0,0.0,764.55,0.61,0,0,764.55,0.61,,,
2026-03,Salary Se #,0.0,0.0,0.0,0.0,53.47,0.6,0,0,53.47,0.6,,,
2026-03,DBS Digibank Apps,0.07,0.0,26.95,0.02,193.74,0.55,0,0,220.76,0.58,,,
2026-03,Shri Ram One #,0.0,0.0,0.0,0.0,73.76,0.55,0,0,73.76,0.55,,,
2026-03,Rapipay,0.0,0.0,0.0,0.0,33.28,0.54,0,0,33.28,0.54,,,
2026-03,Standard Chartered Bank Apps,0.26,0.0,23.9,0.38,117.26,0.13,0,0,141.43,0.51,,,
2026-03,Central Bank of India Apps,0.0,0.0,0.0,0.0,186.01,0.5,0,0,186.01,0.5,,,
2026-03,Spice Money,0.0,0.0,0.0,0.0,39.06,0.45,0,0,39.06,0.45,,,
2026-03,Saathi by PayNearBy #,0.0,0.0,0.0,0.0,38.42,0.33,0,0,38.42,0.33,,,
2026-03,Bank of India Apps,0.0,0.0,0.0,0.0,118.47,0.33,0,0,118.47,0.33,,,
2026-03,Tata Pay #,0.0,0.0,0.0,0.0,90.6,0.31,0,0,90.6,0.31,,,
2026-03,NSDL Payments Bank Apps,0.28,0.0,195.76,0.12,14.09,0.15,0,0,210.13,0.27,,,
2026-03,IDBI Bank Apps,0.0,0.0,0.0,0.0,114.74,0.23,0,0,114.74,0.23,,,
2026-03,Karnataka Bank Apps,0.01,0.0,0.0,0.0,60.16,0.22,0,0,60.16,0.22,,,
2026-03,Obopay,0.0,0.0,0.0,0.0,35.03,0.22,0,0,35.03,0.22,,,
2026-03,Dhani,0.0,0.0,0.0,0.0,8.95,0.19,0,0,8.95,0.19,,,
2026-03,True Balance,0.0,0.0,0.0,0.0,6.33,0.18,0,0,6.33,0.18,,,
2026-03,Karur Vysya Bank Apps,0.0,0.0,0.0,0.0,51.74,0.14,0,0,51.74,0.14,,,
2026-03,TwidPay #,0.0,0.0,0.0,0.0,14.32,0.14,0,0,14.32,0.14,,,
2026-03,Payworld,0.0,0.0,0.0,0.0,10.23,0.11,0,0,10.23,0.11,,,
2026-03,Tamilnad Mercantile Bank Apps,0.0,0.0,0.0,0.0,45.11,0.11,0,0,45.11,0.11,,,
2026-03,City Union Bank Apps,0.16,0.0,1.24,0.03,32.24,0.07,0,0,33.64,0.11,,,
2026-03,ESAF Small Finance Bank Apps,0.0,0.0,0.0,0.0,11.52,0.1,0,0,11.52,0.1,,,
2026-03,Indian Overseas Bank Apps,0.0,0.0,0.0,0.0,33.63,0.1,0,0,33.63,0.1,,,
2026-03,Cheq,0.0,0.0,0.0,0.0,7.18,0.08,0,0,7.18,0.08,,,
2026-03,Bank of Maharashtra Apps,0.0,0.0,0.0,0.0,30.38,0.08,0,0,30.38,0.08,,,
2026-03,Equitas Small Finance Bank Apps,0.0,0.0,0.0,0.0,19.58,0.07,0,0,19.58,0.07,,,
2026-03,Curie Money #,0.0,0.0,0.0,0.0,3.89,0.06,0,0,3.89,0.06,,,
2026-03,Fave,0.0,0.0,0.0,0.0,10.78,0.06,0,0,10.78,0.06,,,
2026-03,Unity Small Finance Bank Apps,0.0,0.0,0.0,0.0,15.04,0.06,0,0,15.04,0.06,,,
2026-03,Ultracash #,0.0,0.0,0.0,0.0,3.97,0.05,0,0,3.97,0.05,,,
2026-03,LXME #,0.0,0.0,0.0,0.0,4.01,0.05,0,0,4.01,0.05,,,
2026-03,ZET #,0.0,0.0,0.0,0.0,2.53,0.03,0,0,2.53,0.03,,,
2026-03,Punjab Sind Bank Apps,0.0,0.0,0.0,0.0,13.83,0.03,0,0,13.83,0.03,,,
2026-03,Others,8.67,0.17,0.0,0.0,326.08,3.38,0,0,334.75,3.55,,,
2026-04,Phone Pe #,0.0,0.0,0.0,0.0,1431722.5613297992,10330.303979,,,1431722.5613297992,10330.303979,,,
2026-04,Google Pay #,0.0,0.0,0.0,0.0,972068.420005001,7359.444662,,,972068.420005001,7359.444662,,,
2026-04,Paytm #,0.0,0.0,0.0,0.0,194317.76860332096,1778.059593,,,194317.76860332096,1778.059593,,,
2026-04,Navi #,0.0,0.0,0.0,0.0,42683.84940068697,801.868585,,,42683.84940068697,801.868585,,,
2026-04,super.money #,0.0,0.0,0.0,0.0,16365.126034387,369.405055,,,16365.126034387,369.405055,,,
2026-04,BHIM,0.0,0.0,0.0,0.0,25198.435842505987,210.173588,,,25198.435842505987,210.173588,,,
2026-04,FamApp by Trio #,0.0,0.0,0.0,0.0,2503.3119906569996,182.873413,,,2503.3119906569996,182.873413,,,
2026-04,Cred #,0.0,0.0,0.0,0.0,56569.0806640629,157.509997,,,56569.0806640629,157.509997,,,
2026-04,Whatsapp #,0.0,0.0,0.0,0.0,10498.21920845898,138.687311,,,10498.21920845898,138.687311,,,
2026-04,Axis Bank Apps,12.38,0.07,5017.72,97.45,5223.562405149999,28.288254,,,10253.663412364998,125.811857,,,
2026-04,Kotak Mahindra Bank Apps,0.0,0.0,0.29,0.01,13894.872211503985,116.186431,,,13895.159964258986,116.192629,,,
2026-04,Amazon Pay #,0.0,0.0,0.0,0.0,10067.742476972988,83.774217,,,10067.742476972988,83.774217,,,
2026-04,Mobikwik #,0.0,0.0,0.0,0.0,9186.344648103966,80.158103,,,9186.344648103966,80.158103,,,
2026-04,HDFC Bank Apps,0.46,0.0,5187.96,33.67,11362.73125466597,33.15219,,,16551.15322380397,66.825236,,,
2026-04,ICICI Bank Apps,2972.32,2.88,10599.92,36.13,7793.931389291987,22.942857,,,21366.17197792398,61.959958,,,
2026-04,Slice Small Finance Bank Apps,5.02,0.02,381.52,2.88,4769.4391919009995,52.788429,,,5155.977231589999,55.682687,,,
2026-04,Yes Bank Apps,12.93,0.21,4200.83,42.69,2889.441718901989,3.624622,,,7103.202168847989,46.522278,,,
2026-04,IDFC Bank Apps,1.86,0.02,146.35,12.09,3466.65090753499,14.750643,,,3614.8656023859903,26.855781999999998,,,
2026-04,Airtel Payments Bank Apps,0.0,0.0,209.57,1.75,1935.3383248769992,17.958038,,,2144.9111455029993,19.708104,,,
2026-04,State Bank of India Apps,0.0,0.0,0.06,0.0,5658.71406432499,19.063598,,,5658.77275682499,19.066916,,,
2026-04,India Post Payments Bank Apps,0.0,0.0,0.01,0.0,1968.1560465219902,17.189645,,,1968.1611386219902,17.189759,,,
2026-04,Groww #,0.0,0.0,0.0,0.0,12631.620073593891,14.657838,,,12631.620073593891,14.657838,,,
2026-04,Bajaj Finserv #,0.0,0.0,0.0,0.0,3027.375606598999,14.387697,,,3027.375606598999,14.387697,,,
2026-04,Unity Small Finance Bank Apps,0.0,0.08,1580.85,12.54,14.6279291079999,0.0603,,,1595.48082747,12.683757,,,
2026-04,Samsung Pay #,0.0,0.0,0.0,0.0,719.617210510999,10.821601,,,719.617210510999,10.821601,,,
2026-04,Bharat Pe #,0.0,0.0,0.0,0.0,236.53168827799988,2.296061,,,236.53168827799988,2.296061,,,
2026-04,Federal Bank Apps,0.0,0.0,8.36,0.01,2949.4939633929885,7.827066,,,2957.858426495988,7.8341330000000005,,,
2026-04,Jio Payments Bank Apps,0.0,0.0,0.0,0.0,471.0650029789998,7.320664,,,471.0650029789998,7.320664,,,
2026-04,KreditBee #,0.0,0.0,0.0,0.0,159.170020048999,7.002038,,,159.170020048999,7.002038,,,
2026-04,POP UPI #,0.0,0.0,0.0,0.0,579.4056688639998,6.886336,,,579.4056688639998,6.886336,,,
2026-04,RBL Bank Apps,31.06,0.07,3521.63,6.33,211.123731914999,0.517839,,,3763.8154641099904,6.910487,,,
2026-04,Jupiter Money #,0.0,0.0,0.0,0.0,914.663728615,5.543604,,,914.663728615,5.543604,,,
2026-04,Deutsche Bank Apps,0.11,0.0,866.81,4.75,39.108374839999996,0.02892,,,906.0217630359989,4.783666,,,
2026-04,Ind Money #,0.0,0.0,0.0,0.0,1238.388015309999,3.875766,,,1238.388015309999,3.875766,,,
2026-04,Jammu and Kashmir Bank Apps,0.0,0.0,0.0,0.0,514.717645824,3.638092,,,514.717645824,3.638092,,,
2026-04,Money View #,0.0,0.0,0.0,0.0,239.40152774899997,3.501976,,,239.40152774899997,3.501976,,,
2026-04,Canara Bank Apps,0.0,0.0,0.0,0.0,1014.380649811,3.343432,,,1014.380649811,3.343432,,,
2026-04,Flipkart UPI #,0.0,0.0,0.0,0.0,127.702909843,2.91298,,,127.702909843,2.91298,,,
2026-04,Suryoday Bank Apps,4.13,0.04,11.43,2.65,,,,,15.553211847,2.6941800000000002,,,
2026-04,Kiwi #,0.0,0.0,0.0,0.0,461.489343314999,2.413714,,,461.489343314999,2.413714,,,
2026-04,Omni Card,0.0,0.0,0.0,0.0,103.44736732699981,1.939128,,,103.44736732699981,1.939128,,,
2026-04,Indian Bank Apps,100.84,0.1,0.0,0.0,407.3811916459989,1.593865,,,508.2195853459989,1.6889390000000002,,,
2026-04,Punjab National Bank Apps,0.0,0.0,0.0,0.0,469.0889576429989,1.65532,,,469.0889576429989,1.65532,,,
2026-04,Bank of Baroda Apps,18.54,0.0,0.0,0.0,475.428937361998,1.619616,,,493.966469861998,1.622346,,,
2026-04,HSBC Bank Apps,0.27,0.01,4.01,0.63,175.5462597219989,0.94578,,,179.82658085899888,1.582114,,,
2026-04,Digikhata,0.0,0.0,0.0,0.0,556.235699725999,1.53158,,,556.235699725999,1.53158,,,
2026-04,Timepay #,0.0,0.0,0.0,0.0,17.936441097,0.817385,,,17.936441097,0.817385,,,
2026-04,IndusInd Bank Apps,0.09,0.0,92.36,0.89,142.8010228589999,0.536704,,,235.2558057819999,1.4276419999999999,,,
2026-04,Freo #,0.0,0.0,0.0,0.0,147.190806101,1.365579,,,147.190806101,1.365579,,,
2026-04,Jar #,0.0,0.0,0.0,0.0,27.1393369729999,1.037849,,,27.1393369729999,1.037849,,,
2026-04,Union Bank Apps,0.0,0.0,0.0,0.0,320.1983105429998,1.025216,,,320.1983105429998,1.025216,,,
2026-04,AU Small Finance Bank Apps,0.0,0.0,0.86,0.0,313.52751006799997,0.986525,,,314.38301256799997,0.986726,,,
2026-04,Aditya Birla Capital Digital #,0.0,0.0,0.0,0.0,20.827081981,0.97487,,,20.827081981,0.97487,,,
2026-04,Standard Chartered Bank Apps,0.51,0.01,61.49,0.81,105.857256626999,0.122957,,,167.8488617309989,0.94092,,,
2026-04,South Indian Bank Apps,0.0,0.0,0.0,0.0,289.263515952,0.892038,,,289.265632097,0.89205,,,
2026-04,Kredit Pe #,0.0,0.0,0.0,0.0,66.29496477400001,0.845314,,,66.29496477400001,0.845314,,,
2026-04,Salary Se #,0.0,0.0,0.0,0.0,59.7657966429999,0.785489,,,59.7657966429999,0.785489,,,
2026-04,Fino Payments Bank Apps,0.0,0.0,0.0,0.0,59.80680088399999,0.619884,,,59.80680088399999,0.619884,,,
2026-04,UCO Bank Apps,0.0,0.0,0.0,0.0,174.273535548,0.612339,,,174.273535548,0.612339,,,
2026-04,DBS Digibank Apps,0.04,0.0,20.97,0.02,181.62802199399889,0.532882,,,202.6345368879988,0.552259,,,
2026-04,Rapipay,0.0,0.0,0.0,0.0,32.3625663199999,0.545678,,,32.3625663199999,0.545678,,,
2026-04,Central Bank of India Apps,0.0,0.0,0.0,0.0,188.970395526999,0.53077,,,188.970395526999,0.53077,,,
2026-04,Shri Ram One #,0.0,0.0,0.0,0.0,60.601133293000004,0.530667,,,60.601133293000004,0.530667,,,
2026-04,One Card #,0.0,0.0,0.0,0.0,633.091626544,0.529279,,,633.091626544,0.529279,,,
2026-04,Fi Money #,0.0,0.0,0.0,0.0,98.0960133089999,0.491204,,,98.0960133089999,0.491204,,,
2026-04,Spice Money,0.0,0.0,0.0,0.0,37.817691778,0.426068,,,37.817691778,0.426068,,,
2026-04,Saathi by PayNearBy #,0.0,0.0,0.0,0.0,46.0992815669999,0.383545,,,46.0992815669999,0.383545,,,
2026-04,Tata Pay #,0.0,0.0,0.0,0.0,91.04177619000001,0.321385,,,91.04177619000001,0.321385,,,
2026-04,Bank of India Apps,0.0,0.0,0.0,0.0,113.81993899699991,0.313851,,,113.81993899699991,0.313851,,,
2026-04,NSDL Payments Bank Apps,0.21,0.0,167.03,0.11,15.461283498000002,0.175936,,,182.696741498,0.282486,,,
2026-04,Obopay,0.0,0.0,0.0,0.0,39.68300368499989,0.243732,,,39.68300368499989,0.243732,,,
2026-04,IDBI Bank Apps,0.0,0.0,0.0,0.0,120.32321569099992,0.238647,,,120.32321569099992,0.238647,,,
2026-04,Karnataka Bank Apps,0.01,0.0,0.01,0.0,62.7239978109998,0.237785,,,62.7453036109998,0.237797,,,
2026-04,City Union Bank Apps,0.26,0.0,1.13,0.11,31.4252758729999,0.071631,,,32.810298116999896,0.18158800000000003,,,
2026-04,Dhani,0.0,0.0,0.0,0.0,8.08897363699999,0.162991,,,8.08897363699999,0.162991,,,
2026-04,True Balance,0.0,0.0,0.0,0.0,5.6056432,0.158839,,,5.6056432,0.158839,,,
2026-04,Karur Vysya Bank Apps,0.0,0.0,0.0,0.0,44.7049037989999,0.12646,,,44.7049037989999,0.12646,,,
2026-04,Tamilnad Mercantile Bank Apps,0.0,0.0,0.0,0.0,42.710359071999996,0.10334,,,42.710359071999996,0.10334,,,
2026-04,Indian Overseas Bank Apps,0.0,0.0,0.0,0.0,32.02998119299999,0.094235,,,32.02998119299999,0.094235,,,
2026-04,Payworld,0.0,0.0,0.0,0.0,7.76975312299999,0.085584,,,7.76975312299999,0.085584,,,
2026-04,Bank of Maharashtra Apps,0.0,0.0,0.0,0.0,32.145964881999895,0.083207,,,32.145964881999895,0.083207,,,
2026-04,LXME #,0.0,0.0,0.0,0.0,4.920331919999989,0.07041,,,4.920331919999989,0.07041,,,
2026-04,Fave #,0.0,0.0,0.0,0.0,12.464045171999999,0.068521,,,12.464045171999999,0.068521,,,
2026-04,Curie Money #,0.0,0.0,0.0,0.0,4.439861911,0.067012,,,4.439861911,0.067012,,,
2026-04,Equitas Small Finance Bank Apps,0.0,0.0,0.0,0.0,17.966893522,0.0632,,,17.966893522,0.0632,,,
2026-04,Scapia #,0.0,0.0,0.0,0.0,24.7384078149999,0.054768,,,24.7384078149999,0.054768,,,
2026-04,Cheq,0.0,0.0,0.0,0.0,4.39953017999999,0.047977,,,4.39953017999999,0.047977,,,
2026-04,Ultracash #,0.0,0.0,0.0,0.0,4.03292473399999,0.046721,,,4.03292473399999,0.046721,,,
2026-04,ZET #,0.0,0.0,0.0,0.0,2.611462218,0.033551,,,2.611462218,0.033551,,,
2026-04,Punjab Sind Bank Apps,0.0,0.0,0.0,0.0,14.451431473999989,0.031497,,,14.451431473999989,0.031497,,,
2026-04,Others,7.57,0.17,0.0,0.0,296.92042895499964,3.213307,,,304.4919279799997,3.3784349999999996,,,
2026-05,Phone Pe #,0.0,0.0,0.0,0.0,1467168.6263014725,10734.583524,,,1467168.6263014725,10734.583524,,,
2026-05,Google Pay #,0.0,0.0,0.0,0.0,1002878.3432369679,7598.365549,,,1002878.3432369679,7598.365549,,,
2026-05,Paytm #,0.0,0.0,0.0,0.0,199103.37155817,1836.023142,,,199103.37155817,1836.023142,,,
2026-05,Navi #,0.0,0.0,0.0,0.0,43601.659957471005,824.109004,,,43601.659957471005,824.109004,,,
2026-05,super.money #,0.0,0.0,0.0,0.0,19422.72583422099,418.839503,,,19422.72583422099,418.839503,,,
2026-05,BHIM,0.0,0.0,0.0,0.0,26013.586597901,227.488752,,,26013.586597901,227.488752,,,
2026-05,FamApp by Trio #,0.0,0.0,0.0,0.0,2738.586187596,197.320721,,,2738.586187596,197.320721,,,
2026-05,Cred #,0.0,0.0,0.0,0.0,61002.43645367887,157.188434,,,61002.43645367887,157.188434,,,
2026-05,Whatsapp #,0.0,0.0,0.0,0.0,11425.01586001998,150.431918,,,11425.01586001998,150.431918,,,
2026-05,Axis Bank Apps,13.3901964129999,0.077211,7896.019575783019,105.994561,5275.739058288979,28.125723,,,13185.148830484997,134.197495,,,
2026-05,Kotak Mahindra Bank Apps,0.001938314,8.8e-05,0.302030764,0.006454,14335.850735603977,121.78993,,,14336.154704681978,121.79647200000001,,,
2026-05,Amazon Pay #,0.0,0.0,0.0,0.0,10634.560217176975,87.341759,,,10634.560217176975,87.341759,,,
2026-05,Mobikwik #,0.0,0.0,0.0,0.0,9626.566477736971,81.397143,,,9626.566477736971,81.397143,,,
2026-05,HDFC Bank Apps,0.44482553100000005,0.003966,5172.594362856001,30.887622,12155.762850439969,35.295712,,,17328.802038826972,66.18730000000001,,,
2026-05,Slice Small Finance Bank Apps,9.42683994599998,0.020684,391.536805099999,3.528818,5157.21196183799,57.810019,,,5558.175606883989,61.359521,,,
2026-05,Yes Bank Apps,14.195178428,0.252889,5006.162598906989,45.763342,2614.5016282349884,3.61434,,,7634.859405569977,49.630571,,,
2026-05,ICICI Bank Apps,3049.728503838,3.080757,10979.577355895972,20.741805,7816.69294086599,24.069103,,,21845.998800599962,47.891664999999996,,,
2026-05,IDFC Bank Apps,3.5646986389999995,0.022105,332.42880358399987,30.564833,3564.772374073999,15.338967,,,3900.765876296999,45.92590500000001,,,
2026-05,State Bank of India Apps,0.8773167,0.005135,19.664436402,0.064855,6022.314622966001,21.652319,,,6042.856376068001,21.722309,,,
2026-05,Unity Small Finance Bank Apps,5.61509999999996e-05,0.056151,2636.86047753602,18.883371,14.740745339999902,0.061946,,,2651.60127902702,19.001468,,,
2026-05,Airtel Payments Bank Apps,0.0,0.0,206.23004642,1.747365,1776.7549569479988,16.743409,,,1982.9850033679988,18.490774,,,
2026-05,India Post Payments Bank Apps,8.5e-05,1e-06,0.0043466,0.000123,2010.2297611899899,17.764914,,,2010.2341927899897,17.765038,,,
2026-05,Bajaj Finserv #,0.0,0.0,0.0,0.0,3212.1436267239883,14.9622,,,3212.1436267239883,14.9622,,,
2026-05,Groww #,0.0,0.0,0.0,0.0,10781.40089032898,14.137578,,,10781.40089032898,14.137578,,,
2026-05,Samsung Pay #,0.0,0.0,0.0,0.0,750.274226947999,11.07646,,,750.274226947999,11.07646,,,
2026-05,KreditBee #,0.0,0.0,0.0,0.0,178.573472875999,8.901768,,,178.573472875999,8.901768,,,
2026-05,Federal Bank Apps,0.014132,0.000251,11.1758251339999,0.011786,3182.95744828499,8.037413,,,3194.1474054189894,8.049450000000002,,,
2026-05,Jio Payments Bank Apps,0.0,0.0,0.0,0.0,464.11795266100006,7.206681,,,464.11795266100006,7.206681,,,
2026-05,POP UPI #,0.0,0.0,0.0,0.0,668.602564814998,6.974844,,,668.602564814998,6.974844,,,
2026-05,Jupiter Money #,0.0,0.0,0.0,0.0,943.2792833,5.524462,,,943.2792833,5.524462,,,
2026-05,Deutsche Bank Apps,0.1356294,0.003166,903.7317353269989,4.675904,38.1142994659999,0.029225,,,941.9816641929988,4.708295000000001,,,
2026-05,Jammu and Kashmir Bank Apps,0.0,0.0,0.0,0.0,585.980942621999,4.304738,,,585.980942621999,4.304738,,,
2026-05,Money View #,0.0,0.0,0.0,0.0,282.425399549999,3.967381,,,282.425399549999,3.967381,,,
2026-05,Ind Money #,0.0,0.0,0.0,0.0,1300.042892222998,3.941475,,,1300.042892222998,3.941475,,,
2026-05,Canara Bank Apps,0.0,0.0,0.0,0.0,1091.472164664,3.816287,,,1091.472164664,3.816287,,,
2026-05,RBL Bank Apps,17.236913105,0.030752,2811.3882008649903,2.94193,208.27122553499999,0.533912,,,3036.8963395049905,3.506594,,,
2026-05,Flipkart UPI #,0.0,0.0,0.0,0.0,148.1330339039989,3.499134,,,148.1330339039989,3.499134,,,
2026-05,Bharat Pe #,0.0,0.0,0.0,0.0,266.11632405499995,2.515884,,,266.11632405499995,2.515884,,,
2026-05,Kiwi #,0.0,0.0,0.0,0.0,511.621236263999,2.46014,,,511.621236263999,2.46014,,,
2026-05,Suryoday Bank Apps,4.361182874,0.044861,11.2605202919999,2.066559,0.0030501,2e-06,,,15.6247532659999,2.1114219999999997,,,
2026-05,Omni Card,0.0,0.0,0.0,0.0,103.32824418999999,1.914227,,,103.32824418999999,1.914227,,,
2026-05,Punjab National Bank Apps,0.0,0.0,0.0,0.0,522.2781035389988,1.855702,,,522.2781035389988,1.855702,,,
2026-05,Bank of Baroda Apps,20.2982049,0.002992,3.26e-05,7e-06,480.838001445,1.730816,,,501.13623894499995,1.733815,,,
2026-05,Indian Bank Apps,74.6774566,0.063973,0.0,0.0,417.3196105709989,1.653741,,,491.9970671709989,1.717714,,,
2026-05,Standard Chartered Bank Apps,2.00008629799999,0.061349,145.874845214,1.50747,110.165466118999,0.124839,,,258.040397630999,1.693658,,,
2026-05,HSBC Bank Apps,0.350571671,0.007366,4.6830030959999895,0.686573,189.264778573999,0.94028,,,194.298353340999,1.634219,,,
2026-05,Digikhata,0.0,0.0,0.0,0.0,553.338572275999,1.579385,,,553.338572275999,1.579385,,,
2026-05,IndusInd Bank Apps,0.145921033,0.000684,64.88855345799989,0.615404,150.17523689700002,0.555571,,,215.20971138799993,1.1716589999999998,,,
2026-05,Jar #,0.0,0.0,0.0,0.0,31.757022495999998,1.061668,,,31.757022495999998,1.061668,,,
2026-05,Timepay #,0.0,0.0,0.0,0.0,18.0773023759999,1.024223,,,18.0773023759999,1.024223,,,
2026-05,Union Bank Apps,0.0,0.0,0.0,0.0,310.34132378199956,1.003275,,,310.34132378199956,1.003275,,,
2026-05,AU Small Finance Bank Apps,5e-06,1e-06,0.5551599,0.000281,303.61756691299894,0.971003,,,304.1727318129989,0.971285,,,
2026-05,South Indian Bank Apps,0.0,0.0,0.0027440529999999998,1.7e-05,299.5048435219999,0.940703,,,299.5075875749999,0.94072,,,
2026-05,Aditya Birla Capital Digital #,0.0,0.0,0.0,0.0,20.365976242000002,0.912803,,,20.365976242000002,0.912803,,,
2026-05,Salary Se #,0.0,0.0,0.0,0.0,78.8464279369998,0.838814,,,78.8464279369998,0.838814,,,
2026-05,Kredit Pe #,0.0,0.0,0.0,0.0,67.7100958289999,0.800154,,,67.7100958289999,0.800154,,,
2026-05,Freo #,0.0,0.0,0.0,0.0,86.103687636,0.735431,,,86.103687636,0.735431,,,
2026-05,Fino Payments Bank Apps,0.0,0.0,0.0,0.0,66.56161273999987,0.715792,,,66.56161273999987,0.715792,,,
2026-05,UCO Bank Apps,0.0,0.0,0.0,0.0,173.060975399999,0.641025,,,173.060975399999,0.641025,,,
2026-05,Shri Ram One #,0.0,0.0,0.0,0.0,67.35289107,0.582111,,,67.35289107,0.582111,,,
2026-05,Rapipay,0.0,0.0,0.0,0.0,33.517362895,0.578954,,,33.517362895,0.578954,,,
2026-05,DBS Digibank Apps,0.00065,5e-06,23.508720891,0.018455,186.158664542999,0.548671,,,209.668035433999,0.567131,,,
2026-05,Central Bank of India Apps,0.0,0.0,0.0,0.0,195.1704640029989,0.559588,,,195.1704640029989,0.559588,,,
2026-05,One Card #,0.0,0.0,0.0,0.0,675.7677913069999,0.546205,,,675.7677913069999,0.546205,,,
2026-05,Spice Money,0.0,0.0,0.0,0.0,38.684330196,0.456872,,,38.684330196,0.456872,,,
2026-05,Tata Pay #,0.0,0.0,0.0,0.0,106.916293152,0.358211,,,106.916293152,0.358211,,,
2026-05,Saathi by PayNearBy #,0.0,0.0,0.0,0.0,40.0271122109999,0.311965,,,40.0271122109999,0.311965,,,
2026-05,Bank of India Apps,0.0,0.0,0.0,0.0,111.41391670200002,0.311333,,,111.41391670200002,0.311333,,,
2026-05,Obopay,0.0,0.0,0.0,0.0,46.005472793999886,0.287591,,,46.005472793999886,0.287591,,,
2026-05,Karnataka Bank Apps,0.025531244,1.6e-05,0.0028441,2e-06,70.0833677469998,0.258265,,,70.11174309099981,0.25828300000000004,,,
2026-05,NSDL Payments Bank Apps,0.0,0.0,0.0,0.0,19.2953169819999,0.257252,,,19.2953169819999,0.257252,,,
2026-05,IDBI Bank Apps,0.0,0.0,0.0,0.0,117.73046298,0.241986,,,117.73046298,0.241986,,,
2026-05,True Balance,0.0,0.0,0.0,0.0,7.5630309,0.20596,,,7.5630309,0.20596,,,
2026-05,City Union Bank Apps,0.9215715400000001,0.01039,30.1066982489999,0.089089,32.0385127789999,0.07507,,,63.06678256799981,0.174549,,,
2026-05,Scapia #,0.0,0.0,0.0,0.0,65.9030454009999,0.163889,,,65.9030454009999,0.163889,,,
2026-05,Dhani,0.0,0.0,0.0,0.0,7.92995479899999,0.1598,,,7.92995479899999,0.1598,,,
2026-05,Karur Vysya Bank Apps,0.0,0.0,0.0,0.0,43.33803218199991,0.125628,,,43.33803218199991,0.125628,,,
2026-05,Tamilnad Mercantile Bank Apps,0.0,0.0,0.0,0.0,44.437977235,0.106362,,,44.437977235,0.106362,,,
2026-05,Bank of Maharashtra Apps,1.5380000000000001e-06,8e-06,0.0,0.0,35.7211824099999,0.095745,,,35.7211839479999,0.09575299999999999,,,
2026-05,Fave #,0.0,0.0,0.0,0.0,15.205929441,0.081941,,,15.205929441,0.081941,,,
2026-05,Indian Overseas Bank Apps,0.0,0.0,0.0,0.0,28.220322372999995,0.081032,,,28.220322372999995,0.081032,,,
2026-05,Equitas Small Finance Bank Apps,0.0,0.0,0.0,0.0,20.98350032099989,0.078823,,,20.98350032099989,0.078823,,,
2026-05,Payworld,0.0,0.0,0.0,0.0,6.7929355870000006,0.070334,,,6.7929355870000006,0.070334,,,
2026-05,Curie Money #,0.0,0.0,0.0,0.0,4.16541350899999,0.05999,,,4.16541350899999,0.05999,,,
2026-05,Lxme UPI #,0.0,0.0,0.0,0.0,5.08755415599999,0.058857,,,5.08755415599999,0.058857,,,
2026-05,Ultracash #,0.0,0.0,0.0,0.0,4.151989759,0.047439,,,4.151989759,0.047439,,,
2026-05,Cheq,0.0,0.0,0.0,0.0,3.8698717719999998,0.037077,,,3.8698717719999998,0.037077,,,
2026-05,Punjab Sind Bank Apps,0.0,0.0,0.0,0.0,15.30447249699999,0.033101,,,15.30447249699999,0.033101,,,
2026-05,ZET #,0.0,0.0,0.0,0.0,2.753897835,0.032299,,,2.753897835,0.032299,,,
2026-05,Rediff,0.0,0.0,0.0,0.0,5.319893504999989,0.01972,,,5.319893504999989,0.01972,,,
2026-05,Others,7.040600506999999,0.156874,3e-07,3e-06,316.38880518999946,3.7807820000000003,,,323.4294059969995,3.9376590000000005,,,
2026-06,Phone Pe #,0.0,0.0,0.0,0.0,1419193.3853629145,10483.728651,,,1419193.3853629145,10483.728651,,,
2026-06,Google Pay #,0.0,0.0,0.0,0.0,967055.7923185461,7407.712634,,,967055.7923185461,7407.712634,,,
2026-06,Paytm #,0.0,0.0,0.0,0.0,192617.3844291761,1798.835631,,,192617.3844291761,1798.835631,,,
2026-06,Navi #,0.0,0.0,0.0,0.0,43948.55512688509,842.511094,,,43948.55512688509,842.511094,,,
2026-06,super.money #,0.0,0.0,0.0,0.0,20252.40484412499,430.239039,,,20252.40484412499,430.239039,,,
2026-06,BHIM,0.0,0.0,0.0,0.0,25612.80727535799,223.53901,,,25612.80727535799,223.53901,,,
2026-06,FamApp by Trio #,0.0,0.0,0.0,0.0,2666.233847535989,195.306528,,,2666.233847535989,195.306528,,,
2026-06,Whatsapp #,0.0,0.0,0.0,0.0,11391.845235165989,150.478004,,,11391.845235165989,150.478004,,,
2026-06,Cred #,0.0,0.0,0.0,0.0,55116.78580486389,141.780187,,,55116.78580486389,141.780187,,,
2026-06,Axis Bank Apps,13.37,0.08,7784.87,109.19,5322.384562412989,26.899255,,,13120.619696799988,136.163273,,,
2026-06,Kotak Mahindra Bank Apps,0.0,0.0,0.3,0.01,14847.58791646997,122.072898,,,14847.88780156497,122.079618,,,
2026-06,Amazon Pay #,0.0,0.0,0.0,0.0,10157.171831169986,84.198538,,,10157.171831169986,84.198538,,,
2026-06,Mobikwik #,0.0,0.0,0.0,0.0,8115.021978364989,68.669269,,,8115.021978364989,68.669269,,,
2026-06,HDFC Bank Apps,0.57,0.0,5322.56,31.44,11721.242835924977,34.127717,,,17044.380757257968,65.57316999999999,,,
2026-06,Slice Small Finance Bank Apps,5.97,0.02,365.05,4.84,5270.77611327499,59.750693,,,5641.792812993989,64.61283,,,
2026-06,Yes Bank Apps,9.46,0.37,4995.26,44.23,2531.0026582469986,3.615161,,,7535.720637903987,48.209086000000006,,,
2026-06,ICICI Bank Apps,3144.98,3.26,11069.36,21.66,7586.13663509399,23.034343,,,21800.476567209967,47.950745999999995,,,
2026-06,IDFC Bank Apps,4.92,0.02,220.69,31.08,3481.4809794549888,15.071821,,,3707.090298563989,46.16754,,,
2026-06,State Bank of India Apps,0.14,0.0,3.96,0.02,5973.63775026099,23.129268,,,5977.73267975199,23.147927000000003,,,
2026-06,Unity Small Finance Bank Apps,0.0,0.0,2275.98,19.25,14.952828726,0.063587,,,2290.9326863140004,19.312432999999995,,,
2026-06,India Post Payments Bank Apps,0.0,0.0,0.01,0.0,1929.2587711379902,17.537103,,,1929.2661543369902,17.537271999999998,,,
2026-06,Airtel Payments Bank Apps,0.0,0.0,183.15,1.72,1344.0008230849899,14.118825,,,1527.1468164959888,15.836623999999999,,,
2026-06,Bajaj Finserv #,0.0,0.0,0.0,0.0,3404.9113222969895,15.402981,,,3404.9113222969895,15.402981,,,
2026-06,Groww #,0.0,0.0,0.0,0.0,11613.02289833898,14.749303,,,11613.02289833898,14.749303,,,
2026-06,KreditBee #,0.0,0.0,0.0,0.0,217.15417314300004,11.340254,,,217.15417314300004,11.340254,,,
2026-06,Samsung Pay #,0.0,0.0,0.0,0.0,721.422834586,10.486043,,,721.422834586,10.486043,,,
2026-06,Federal Bank Apps,0.03,0.0,9.94,0.01,3009.8898072949987,8.396691,,,3019.8594929589985,8.41267,,,
2026-06,POP UPI #,0.0,0.0,0.0,0.0,744.840201096999,7.559464,,,744.840201096999,7.559464,,,
2026-06,Jio Payments Bank Apps,0.0,0.0,0.0,0.0,423.9109143519996,6.713342,,,423.9109143519996,6.713342,,,
2026-06,Money View #,0.0,0.0,0.0,0.0,388.958625155,5.14666,,,388.958625155,5.14666,,,
2026-06,Jupiter Money #,0.0,0.0,0.0,0.0,839.6357043959997,5.031984,,,839.6357043959997,5.031984,,,
2026-06,Deutsche Bank Apps,0.14,0.0,844.25,4.74,36.509281971,0.027865,,,880.901517557999,4.775208000000001,,,
2026-06,Jammu and Kashmir Bank Apps,0.0,0.0,0.0,0.0,564.6255146859991,4.199941,,,564.6255146859991,4.199941,,,
2026-06,Canara Bank Apps,0.0,0.0,0.0,0.0,1116.07676388599,3.983047,,,1116.07676388599,3.983047,,,
2026-06,Ind Money #,0.0,0.0,0.0,0.0,1340.705169035,3.583725,,,1340.705169035,3.583725,,,
2026-06,RBL Bank Apps,11.35,0.02,2467.67,2.82,203.10565966,0.507665,,,2682.1209957289907,3.352055,,,
2026-06,Flipkart UPI #,0.0,0.0,0.0,0.0,127.1701946189989,3.179716,,,127.1701946189989,3.179716,,,
2026-06,Bharat Pe #,0.0,0.0,0.0,0.0,288.6004686999999,2.690964,,,288.6004686999999,2.690964,,,
2026-06,Kiwi #,0.0,0.0,0.0,0.0,477.971677285999,2.376264,,,477.971677285999,2.376264,,,
2026-06,Timepay #,0.0,0.0,0.0,0.0,20.2065135099999,1.136035,,,20.2065135099999,1.136035,,,
2026-06,Suryoday Bank Apps,6.29,0.06,14.56,2.09,,,,,20.84307911499999,2.150219,,,
2026-06,Standard Chartered Bank Apps,2.1,0.07,137.76,1.85,86.9389975269999,0.093336,,,226.80555506899987,2.0158370000000003,,,
2026-06,Punjab National Bank Apps,0.0,0.0,0.0,0.0,545.923438343999,2.015132,,,545.923438343999,2.015132,,,
2026-06,Omni Card #,0.0,0.0,0.0,0.0,97.8392310529999,1.756113,,,97.8392310529999,1.756113,,,
2026-06,Indian Bank Apps,76.61,0.07,0.0,0.0,424.48776984699884,1.680589,,,501.09540254699886,1.752407,,,
2026-06,Bank of Baroda Apps,18.99,0.0,0.0,0.0,474.136456987,1.712794,,,493.129416387,1.7154519999999998,,,
2026-06,Digikhata,0.0,0.0,0.0,0.0,542.885139375,1.555456,,,542.885139375,1.555456,,,
2026-06,HSBC Bank Apps,0.64,0.01,4.84,0.65,168.741215346,0.863631,,,174.225740845,1.518983,,,
2026-06,IndusInd Bank Apps,0.09,0.0,60.86,0.55,150.6413734069999,0.55623,,,211.5865121119999,1.108895,,,
2026-06,Union Bank Apps,0.0,0.0,0.0,0.0,313.9280023509987,0.980952,,,313.9280023509987,0.980952,,,
2026-06,AU Small Finance Bank Apps,0.0,0.0,0.51,0.0,308.20567762099904,0.962499,,,308.71932082099903,0.967139,,,
2026-06,South Indian Bank Apps,0.0,0.0,0.0,0.0,293.53009341300003,0.934978,,,293.531870238,0.934989,,,
2026-06,Aditya Birla Capital Digital #,0.0,0.0,0.0,0.0,16.8624615659999,0.831596,,,16.8624615659999,0.831596,,,
2026-06,Fino Payments Bank Apps,0.0,0.0,0.0,0.0,69.035389561,0.77095,,,69.035389561,0.77095,,,
2026-06,Salary Se #,0.0,0.0,0.0,0.0,79.2784341019999,0.738771,,,79.2784341019999,0.738771,,,
2026-06,Jar #,0.0,0.0,0.0,0.0,17.321911787999902,0.735745,,,17.321911787999902,0.735745,,,
2026-06,Kredit Pe #,0.0,0.0,0.0,0.0,63.332812254,0.727002,,,63.332812254,0.727002,,,
2026-06,UCO Bank Apps,0.0,0.0,0.0,0.0,175.864117575,0.656306,,,175.864117575,0.656306,,,
2026-06,DBS Digibank Apps,0.0,0.0,23.18,0.02,179.48317724400002,0.53955,,,202.666201625,0.558013,,,
2026-06,Shri Ram One #,0.0,0.0,0.0,0.0,57.899532463,0.557538,,,57.899532463,0.557538,,,
2026-06,Central Bank of India Apps,0.0,0.0,0.0,0.0,193.29184506800001,0.55331,,,193.29184506800001,0.55331,,,
2026-06,Rapipay,0.0,0.0,0.0,0.0,28.991353206,0.534266,,,28.991353206,0.534266,,,
2026-06,One Card #,0.0,0.0,0.0,0.0,598.376634502,0.494323,,,598.376634502,0.494323,,,
2026-06,Spice Money,0.0,0.0,0.0,0.0,38.485478865,0.467589,,,38.485478865,0.467589,,,
2026-06,Tata Pay #,0.0,0.0,0.0,0.0,93.12255105399991,0.338596,,,93.12255105399991,0.338596,,,
2026-06,Obopay,0.0,0.0,0.0,0.0,50.738537208999894,0.327412,,,50.738537208999894,0.327412,,,
2026-06,Bank of India Apps,0.0,0.0,0.0,0.0,114.4012467239998,0.323062,,,114.4012467239998,0.323062,,,
2026-06,NSDL Payments Bank Apps,0.0,0.0,0.0,0.0,19.9220234619999,0.254626,,,19.9220234619999,0.254626,,,
2026-06,Karnataka Bank Apps,0.02,0.0,0.02,0.0,68.6828551789999,0.245323,,,68.7201617789999,0.245346,,,
2026-06,Saathi by PayNearBy #,0.0,0.0,0.0,0.0,31.4740541669999,0.244062,,,31.4740541669999,0.244062,,,
2026-06,Scapia #,0.0,0.0,0.0,0.0,102.82686222299989,0.234132,,,102.82686222299989,0.234132,,,
2026-06,IDBI Bank Apps,0.0,0.0,0.0,0.0,117.00678559299992,0.233249,,,117.00678559299992,0.233249,,,
2026-06,City Union Bank Apps,0.31,0.0,81.57,0.09,27.183622274999987,0.059329,,,109.06033899799998,0.14873699999999998,,,
2026-06,Karur Vysya Bank Apps,0.0,0.0,0.0,0.0,46.324908203999904,0.129786,,,46.324908203999904,0.129786,,,
2026-06,Dhani,0.0,0.0,0.0,0.0,5.998288731000001,0.1219,,,5.998288731000001,0.1219,,,
2026-06,Freo #,0.0,0.0,0.0,0.0,27.009788831,0.116359,,,27.009788831,0.116359,,,
2026-06,Bank of Maharashtra Apps,0.78,0.0,0.0,0.0,38.171539454999994,0.106901,,,38.954488555,0.10704899999999999,,,
2026-06,Fave #,0.0,0.0,0.0,0.0,20.060643521,0.103413,,,20.060643521,0.103413,,,
2026-06,Tamilnad Mercantile Bank Apps,0.0,0.0,0.0,0.0,41.9598182609999,0.103072,,,41.9598182609999,0.103072,,,
2026-06,Jummp #,0.0,0.0,0.0,0.0,4.73138631499999,0.0877,,,4.73138631499999,0.0877,,,
2026-06,True Balance,0.0,0.0,0.0,0.0,2.8626742,0.083973,,,2.8626742,0.083973,,,
2026-06,Equitas Small Finance Bank Apps,0.0,0.0,0.0,0.0,22.168389996999903,0.083953,,,22.168389996999903,0.083953,,,
2026-06,Indian Overseas Bank Apps,0.0,0.0,0.0,0.0,27.8854256409999,0.081566,,,27.8854256409999,0.081566,,,
2026-06,Payworld,0.0,0.0,0.0,0.0,6.36695831299999,0.063571,,,6.36695831299999,0.063571,,,
2026-06,Curie Money #,0.0,0.0,0.0,0.0,4.326795162000001,0.061598,,,4.326795162000001,0.061598,,,
2026-06,Lxme UPI #,0.0,0.0,0.0,0.0,4.48509548699999,0.056314,,,4.48509548699999,0.056314,,,
2026-06,SnapMint #,0.0,0.0,0.0,0.0,1.6220818769999898,0.04224,,,1.6220818769999898,0.04224,,,
2026-06,Cheq #,0.0,0.0,0.0,0.0,3.7595358109999903,0.038618,,,3.7595358109999903,0.038618,,,
2026-06,Punjab Sind Bank Apps,0.0,0.0,0.0,0.0,15.767241339000002,0.034773,,,15.767241339000002,0.034773,,,
2026-06,ZET #,0.0,0.0,0.0,0.0,2.845711093,0.032025,,,2.845711093,0.032025,,,
2026-06,Ultracash #,0.0,0.0,0.0,0.0,1.81250322999999,0.026565,,,1.81250322999999,0.026565,,,
2026-06,Others,7.12,0.18,3.62,0.0,308.0465206999996,3.848641,,,318.79283632799957,4.032384,,,
2026-07,Phone Pe #,0.0,0.0,0.0,0.0,1443982.58,10857.91,,,1443982.58,10857.91,,,
2026-07,Google Pay #,0.0,0.0,0.0,0.0,1001101.5,7649.82,,,1001101.5,7649.82,,,
2026-07,Paytm #,0.0,0.0,0.0,0.0,204565.74,1903.87,,,204565.74,1903.87,,,
2026-07,Navi #,0.0,0.0,0.0,0.0,48318.02,947.08,,,48318.02,947.08,,,
2026-07,super.money #,0.0,0.0,0.0,0.0,20838.19,437.27,,,20838.19,437.27,,,
2026-07,BHIM,0.0,0.0,0.0,0.0,28632.66,242.27,,,28632.66,242.27,,,
2026-07,FamApp by Trio #,0.0,0.0,0.0,0.0,2820.96,206.19,,,2820.96,206.19,,,
2026-07,Whatsapp #,0.0,0.0,0.0,0.0,12957.07,167.89,,,12957.07,167.89,,,
2026-07,Axis Bank Apps,15.3,0.08,8945.17,120.44,4979.47,23.24,,,13939.94,143.77,,,
2026-07,Cred #,0.0,0.0,0.0,0.0,59278.7,142.1,,,59278.7,142.1,,,
2026-07,Kotak Mahindra Bank Apps,0.0,0.0,0.24,0.01,16315.82,129.02,,,16316.06,129.03,,,
2026-07,Amazon Pay #,0.0,0.0,0.0,0.0,10978.29,90.65,,,10978.29,90.65,,,
2026-07,HDFC Bank Apps,0.67,0.01,4833.88,35.06,12693.55,35.65,,,17528.1,70.72,,,
2026-07,Slice Small Finance Bank Apps,6.29,0.02,356.85,3.9,5949.17,66.56,,,6312.31,70.48,,,
2026-07,Mobikwik #,0.0,0.0,0.0,0.0,8234.3,69.18,,,8234.3,69.18,,,
2026-07,IDFC Bank Apps,7.96,0.01,709.94,39.05,3678.51,15.76,,,4396.42,54.82,,,
2026-07,Yes Bank Apps,10.12,0.46,5352.94,49.34,2816.65,3.72,,,8179.71,53.53,,,
2026-07,ICICI Bank Apps,3312.07,3.46,11028.97,25.19,8397.14,23.77,,,22738.18,52.43,,,
2026-07,State Bank of India Apps,0.26,0.0,318.36,0.07,6482.13,26.18,,,6800.75,26.25,,,
2026-07,Unity Small Finance Bank Apps,0.0,0.01,2434.21,19.76,14.4,0.06,,,2448.61,19.83,,,
2026-07,India Post Payments Bank Apps,0.0,0.0,0.0,0.0,2084.79,18.94,,,2084.79,18.94,,,
2026-07,Bajaj Finserv #,0.0,0.0,0.0,0.0,3626.92,16.12,,,3626.92,16.12,,,
2026-07,Groww #,0.0,0.0,0.0,0.0,13216.27,15.41,,,13216.27,15.41,,,
2026-07,KreditBee #,0.0,0.0,0.0,0.0,293.7,14.84,,,293.7,14.84,,,
2026-07,Airtel Payments Bank Apps,0.0,0.0,140.5,1.61,1108.67,12.49,,,1249.17,14.1,,,
2026-07,Samsung Pay #,0.0,0.0,0.0,0.0,750.73,10.6,,,750.73,10.6,,,
2026-07,POP UPI #,0.0,0.0,0.0,0.0,967.65,10.28,,,967.65,10.28,,,
2026-07,Federal Bank Apps,0.08,0.01,11.59,0.01,3391.84,9.71,,,3403.51,9.73,,,
2026-07,Jio Payments Bank Apps,0.0,0.0,0.0,0.0,407.11,6.34,,,407.11,6.34,,,
2026-07,Money View #,0.0,0.0,0.0,0.0,469.27,6.13,,,469.27,6.13,,,
2026-07,Jupiter Money #,0.0,0.0,0.0,0.0,853.38,5.08,,,853.38,5.08,,,
2026-07,Deutsche Bank Apps,0.16,0.01,941.57,4.71,38.66,0.03,,,980.39,4.75,,,
2026-07,Jammu and Kashmir Bank Apps,0.0,0.0,0.0,0.0,606.35,4.59,,,606.35,4.59,,,
2026-07,Canara Bank Apps,0.0,0.0,0.0,0.0,1186.82,4.24,,,1186.82,4.24,,,
2026-07,Flipkart UPI #,0.0,0.0,0.0,0.0,140.94,3.47,,,140.94,3.47,,,
2026-07,RBL Bank Apps,11.64,0.02,2478.62,2.84,206.68,0.51,,,2696.94,3.38,,,
2026-07,Ind Money #,0.0,0.0,0.0,0.0,1222.72,3.31,,,1222.72,3.31,,,
2026-07,Bharat Pe #,0.0,0.0,0.0,0.0,344.64,3.26,,,344.64,3.26,,,
2026-07,Kiwi #,0.0,0.0,0.0,0.0,560.53,2.55,,,560.53,2.55,,,
2026-07,Timepay #,0.0,0.0,0.0,0.0,24.38,1.34,,,24.38,1.34,,,
2026-07,Punjab National Bank Apps,0.0,0.0,0.0,0.0,591.34,2.14,,,591.34,2.14,,,
2026-07,Indian Bank Apps,50.76,0.05,0.0,0.0,470.09,1.89,,,520.85,1.94,,,
2026-07,Bank of Baroda Apps,18.33,0.0,0.0,0.0,511.92,1.84,,,530.25,1.85,,,
2026-07,Omni Card,0.0,0.0,0.0,0.0,102.19,1.83,,,102.19,1.83,,,
2026-07,Standard Chartered Bank Apps,1.87,0.06,96.72,1.56,87.89,0.09,,,186.48,1.71,,,
2026-07,Digikhata,0.0,0.0,0.0,0.0,556.72,1.59,,,556.72,1.59,,,
2026-07,HSBC Bank Apps,0.21,0.01,5.17,0.57,190.72,0.91,,,196.1,1.49,,,
2026-07,IndusInd Bank Apps,0.11,0.0,50.61,0.6,163.33,0.59,,,214.05,1.2,,,
2026-07,South Indian Bank Apps,0.0,0.0,0.0,0.0,321.84,1.05,,,321.84,1.05,,,
2026-07,AU Small Finance Bank Apps,0.0,0.0,0.39,0.01,321.96,1.03,,,322.36,1.04,,,
2026-07,Union Bank Apps,0.0,0.0,0.0,0.0,351.03,1.03,,,351.03,1.03,,,
2026-07,Salary Se #,0.0,0.0,0.0,0.0,103.43,0.85,,,103.43,0.85,,,
2026-07,Aditya Birla Capital Digital #,0.0,0.0,0.0,0.0,13.5,0.84,,,13.5,0.84,,,
2026-07,Shri Ram One #,0.0,0.0,0.0,0.0,48.49,0.74,,,48.49,0.74,,,
2026-07,Fino Payments Bank Apps,0.0,0.0,0.0,0.0,65.61,0.74,,,65.61,0.74,,,
2026-07,Suryoday Bank Apps,6.67,0.07,15.67,0.67,,,,,22.34,0.74,,,
2026-07,UCO Bank Apps,0.0,0.0,0.0,0.0,185.37,0.69,,,185.37,0.69,,,
2026-07,Kredit Pe #,0.0,0.0,0.0,0.0,63.34,0.68,,,63.34,0.68,,,
2026-07,Jar #,0.0,0.0,0.0,0.0,14.36,0.65,,,14.36,0.65,,,
2026-07,Rapipay,0.0,0.0,0.0,0.0,35.13,0.65,,,35.13,0.65,,,
2026-07,Central Bank of India Apps,0.0,0.0,0.0,0.0,209.46,0.63,,,209.46,0.63,,,
2026-07,DBS Digibank Apps,0.0,0.0,9.54,0.02,192.68,0.57,,,202.22,0.59,,,
2026-07,One Card #,0.0,0.0,0.0,0.0,609.35,0.51,,,609.35,0.51,,,
2026-07,Spice Money,0.0,0.0,0.0,0.0,35.89,0.42,,,35.89,0.42,,,
2026-07,Obopay,0.0,0.0,0.0,0.0,59.55,0.39,,,59.55,0.39,,,
2026-07,Bank of India Apps,0.0,0.0,0.0,0.0,120.01,0.34,,,120.01,0.34,,,
2026-07,Scapia #,0.0,0.0,0.0,0.0,155.6,0.32,,,155.6,0.32,,,
2026-07,NSDL Payments Bank Apps,0.0,0.0,0.0,0.0,20.69,0.29,,,20.69,0.29,,,
2026-07,Karnataka Bank Apps,0.05,0.0,0.02,0.0,76.36,0.28,,,76.43,0.28,,,
2026-07,IDBI Bank Apps,0.0,0.0,0.0,0.0,137.77,0.27,,,137.77,0.27,,,
2026-07,Saathi by PayNearBy #,0.0,0.0,0.0,0.0,37.33,0.24,,,37.33,0.24,,,
2026-07,SnapMint #,0.0,0.0,0.0,0.0,20.06,0.22,,,20.06,0.22,,,
2026-07,Tata Pay #,0.0,0.0,0.0,0.0,50.26,0.2,,,50.26,0.2,,,
2026-07,City Union Bank Apps,1.29,0.01,113.56,0.08,30.45,0.06,,,145.3,0.16,,,
2026-07,Bank of Maharashtra Apps,0.08,0.0,0.0,0.0,47.36,0.14,,,47.44,0.14,,,
2026-07,Karur Vysya Bank Apps,0.0,0.0,0.0,0.0,48.74,0.14,,,48.74,0.14,,,
2026-07,Dhani,0.0,0.0,0.0,0.0,7.43,0.13,,,7.43,0.13,,,
2026-07,Fave #,0.0,0.0,0.0,0.0,23.26,0.12,,,23.26,0.12,,,
2026-07,Tamilnad Mercantile Bank Apps,0.0,0.0,0.0,0.0,45.14,0.12,,,45.14,0.12,,,
2026-07,True Balance,0.0,0.0,0.0,0.0,3.54,0.1,,,3.54,0.1,,,
2026-07,Equitas Small Finance Bank Apps,0.0,0.0,0.0,0.0,24.99,0.09,,,24.99,0.09,,,
2026-07,Indian Overseas Bank Apps,0.0,0.0,0.0,0.0,29.51,0.09,,,29.51,0.09,,,
2026-07,Curie Money #,0.0,0.0,0.0,0.0,4.62,0.07,,,4.62,0.07,,,
2026-07,Payworld,0.0,0.0,0.0,0.0,7.57,0.07,,,7.57,0.07,,,
2026-07,Cheq #,0.0,0.0,0.0,0.0,6.04,0.06,,,6.04,0.06,,,
2026-07,Lxme UPI #,0.0,0.0,0.0,0.0,4.9,0.05,,,4.9,0.05,,,
2026-07,Rio Money #,0.0,0.0,0.0,0.0,1.05,0.04,,,1.05,0.04,,,
2026-07,Punjab Sind Bank Apps,0.0,0.0,0.0,0.0,15.54,0.03,,,15.54,0.03,,,
2026-07,ZET #,0.0,0.0,0.0,0.0,2.61,0.03,,,2.61,0.03,,,
2026-07,jUMMP #,0.0,0.0,0.0,0.0,5.49,0.03,,,5.49,0.03,,,
2026-07,Stashfin #,0.0,0.0,0.0,0.0,15.77,0.03,,,15.77,0.03,,,
2026-07,Novio #,0.0,0.0,0.0,0.0,3.23,0.02,,,3.23,0.02,,,
2026-07,Unimoni,0.0,0.0,0.0,0.0,3.26,0.02,,,3.26,0.02,,,
2026-07,LivQuik,0.0,0.0,0.0,0.0,3.12,0.02,,,3.12,0.02,,,
2026-07,Hero Fincorp,0.0,0.0,0.0,0.0,7.24,0.02,,,7.24,0.02,,,
2026-07,Others,8.39,0.2,6.0,0.01,354.49,4.44,,,368.88,4.65,,,
2026-08,Phone Pe #,0.0,0.0,0.0,0.0,1426253.6749148425,11185.100622,,,1426253.6749148425,11185.100622,,,
2026-08,Google Pay  #,0.0,0.0,0.0,0.0,1007463.717263493,7907.379297,,,1007463.717263493,7907.379297,,,
2026-08,Paytm #,0.0,0.0,0.0,0.0,204761.4127456508,1967.895332,,,204761.4127456508,1967.895332,,,
2026-08,Navi #,0.0,0.0,0.0,0.0,52512.85139974621,1078.879091,,,52512.85139974621,1078.879091,,,
2026-08,super.money #,0.0,0.0,0.0,0.0,20363.256793751032,421.869344,,,20363.256793751032,421.869344,,,
2026-08,BHIM,0.0,0.0,0.0,0.0,28778.185537871057,253.686387,,,28778.185537871057,253.686387,,,
2026-08,FamApp by Trio #,0.0,0.0,0.0,0.0,3022.7976765700014,223.306461,,,3022.7976765700014,223.306461,,,
2026-08,Whatsapp #,0.0,0.0,0.0,0.0,13948.475872768988,183.685334,,,13948.475872768988,183.685334,,,
2026-08,Axis Bank Apps,13.58,0.09,9242.34,124.18,4768.014072943998,22.515287,,,14023.928276429999,146.782996,,,
2026-08,Cred #,0.0,0.0,0.0,0.0,57398.052487684035,143.936405,,,57398.052487684035,143.936405,,,
2026-08,Kotak Mahindra Bank Apps,0.0,0.0,1.22,0.15,17137.864179938002,137.63887,,,17139.082099947005,137.790468,,,
2026-08,Amazon Pay #,0.0,0.0,0.0,0.0,11037.127755742,95.927104,,,11037.127755742,95.927104,,,
2026-08,Slice Small Finance Bank Apps,6.43,0.02,369.33,3.14,6617.759323922,75.386232,,,6993.520407267999,78.552532,,,
2026-08,HDFC Bank Apps,0.79,0.01,4752.68,35.67,13049.719224244998,36.317298,,,17803.183440107994,71.98782500000002,,,
2026-08,Mobikwik #,0.0,0.0,0.0,0.0,8083.027469542001,68.606149,,,8083.027469542001,68.606149,,,
2026-08,ICICI Bank Apps,3217.4,3.41,11025.14,35.51,8101.108865454008,24.677442,,,22343.648487524017,63.59620399999999,,,
2026-08,IDFC Bank Apps,9.09,0.01,971.01,36.67,3739.238591879001,16.379867,,,4719.335854498001,53.06556,,,
2026-08,Yes Bank Apps,9.74,0.58,5653.08,46.13,3340.6475041900003,3.817049,,,9003.468115004998,50.52502,,,
2026-08,State Bank of India Apps,0.1,0.0,300.15,0.05,6862.490999220999,29.511183,,,7162.740982016999,29.566035,,,
2026-08,Unity Small Finance Bank Apps,0.0,0.0,2474.72,20.31,8.749768966000003,0.037038,,,2483.4672694550013,20.347388,,,
2026-08,India Post Payments Bank Apps,0.0,0.0,0.0,0.0,1999.1431939099998,18.787434,,,1999.14468606,18.787481,,,
2026-08,KreditBee #,0.0,0.0,0.0,0.0,384.9676141970003,17.241055,,,384.9676141970003,17.241055,,,
2026-08,Bajaj Finserv #,0.0,0.0,0.0,0.0,3806.126458111,16.52462,,,3806.126458111,16.52462,,,
2026-08,POP UPI #,0.0,0.0,0.0,0.0,1252.7795478059998,15.264331,,,1252.7795478059998,15.264331,,,
2026-08,Groww #,0.0,0.0,0.0,0.0,11757.572645713997,14.864915,,,11757.572645713997,14.864915,,,
2026-08,Airtel Payments Bank Apps,0.0,0.0,188.26,2.19,1074.6216545640002,12.471558,,,1262.877689849,14.660992,,,
2026-08,Samsung Pay #,0.0,0.0,0.0,0.0,730.9276598950004,10.577011,,,730.9276598950004,10.577011,,,
2026-08,Federal Bank Apps,0.14,0.03,6.41,0.01,3155.1718702719972,10.152638,,,3161.7158748589973,10.197057,,,
2026-08,Money View #,0.0,0.0,0.0,0.0,465.6460680890003,5.911039,,,465.6460680890003,5.911039,,,
2026-08,Jio Payments Bank Apps,0.0,0.0,0.0,0.0,355.8417789559999,5.530131,,,355.8417789559999,5.530131,,,
2026-08,Jupiter Money #,0.0,0.0,0.0,0.0,834.5162555469998,5.102187,,,834.5162555469998,5.102187,,,
2026-08,Deutsche Bank Apps,0.2,0.01,1022.75,4.95,39.432403278999985,0.029514,,,1062.3802481619998,4.98815,,,
2026-08,Jammu and Kashmir Bank Apps,0.0,0.0,0.0,0.0,624.2807123759995,4.580097,,,624.2807123759995,4.580097,,,
2026-08,Canara Bank Apps,0.0,0.0,0.0,0.0,1195.314496793,4.311501,,,1195.314496793,4.311501,,,
2026-08,Flipkart UPI #,0.0,0.0,0.0,0.0,145.41274827399997,3.603459,,,145.41274827399997,3.603459,,,
2026-08,RBL Bank Apps,10.78,0.02,2430.86,2.76,212.2403807519999,0.525726,,,2653.8815716210006,3.3017220000000003,,,
2026-08,Bharat Pe #,0.0,0.0,0.0,0.0,318.2328194700003,3.130661,,,318.2328194700003,3.130661,,,
2026-08,Ind Money #,0.0,0.0,0.0,0.0,1112.6173889720005,3.122327,,,1112.6173889720005,3.122327,,,
2026-08,Kiwi #,0.0,0.0,0.0,0.0,603.394219366,2.842117,,,603.394219366,2.842117,,,
2026-08,Punjab National Bank Apps,0.0,0.0,0.0,0.0,626.8349205539997,2.446324,,,626.8349205539997,2.446324,,,
2026-08,IndusInd Bank Apps,0.1,0.0,68.32,1.59,150.81089136899988,0.532963,,,219.23073980399994,2.1213539999999997,,,
2026-08,Bank of Baroda Apps,16.87,0.0,0.0,0.0,528.7147746740004,2.023594,,,545.5829596740003,2.0261139999999997,,,
2026-08,Indian Bank Apps,46.57,0.04,0.0,0.0,479.27135978099955,1.965083,,,525.8400780809995,2.009054,,,
2026-08,Omni Card,0.0,0.0,0.0,0.0,104.03824393300002,1.870692,,,104.03824393300002,1.870692,,,
2026-08,Digikhata,0.0,0.0,0.0,0.0,585.7335772129998,1.822194,,,585.7335772129998,1.822194,,,
2026-08,Timepay #,0.0,0.0,0.0,0.0,24.027324959999994,1.305168,,,24.027324959999994,1.305168,,,
2026-08,HSBC Bank Apps,0.55,0.01,5.58,0.29,202.99761245200006,0.972262,,,209.12192277000005,1.271401,,,
2026-08,Aditya Birla Capital Digital #,0.0,0.0,0.0,0.0,16.046828259,1.252732,,,16.046828259,1.252732,,,
2026-08,AU Small Finance Bank Apps,0.0,0.0,0.38,0.0,365.4566827180003,1.236354,,,365.8424478180003,1.241404,,,
2026-08,Union Bank Apps,0.0,0.0,0.0,0.0,357.82855578800013,1.11337,,,357.82855578800013,1.11337,,,
2026-08,South Indian Bank Apps,0.0,0.0,0.0,0.0,332.9626038300001,1.107691,,,332.9643316300001,1.1077029999999999,,,
2026-08,Shri Ram One #,0.0,0.0,0.0,0.0,64.25960904900008,1.042721,,,64.25960904900008,1.042721,,,
2026-08,Standard Chartered Bank Apps,1.17,0.04,43.95,0.87,88.61427660199992,0.08845,,,133.74274181399994,0.9926740000000001,,,
2026-08,Salary Se #,0.0,0.0,0.0,0.0,107.33133234000003,0.829766,,,107.33133234000003,0.829766,,,
2026-08,Rapipay,0.0,0.0,0.0,0.0,39.70755091999997,0.731418,,,39.70755091999997,0.731418,,,
2026-08,UCO Bank Apps,0.0,0.0,0.0,0.0,187.52864932299997,0.715425,,,187.52864932299997,0.715425,,,
2026-08,Kredit Pe #,0.0,0.0,0.0,0.0,57.75247926700004,0.630086,,,57.75247926700004,0.630086,,,
2026-08,Fino Payments Bank Apps,0.0,0.0,0.0,0.0,56.732915119000005,0.588144,,,56.732915119000005,0.588144,,,
2026-08,One Card #,0.0,0.0,0.0,0.0,545.3981562129995,0.58576,,,545.3981562129995,0.58576,,,
2026-08,Jar #,0.0,0.0,0.0,0.0,11.571771083,0.576274,,,11.571771083,0.576274,,,
2026-08,Central Bank of India Apps,0.0,0.0,0.0,0.0,152.26320069199997,0.559936,,,152.26320069199997,0.559936,,,
2026-08,DBS Digibank Apps,0.0,0.0,3.95,0.02,178.079749991,0.510662,,,182.0268117,0.527179,,,
2026-08,Spice Money,0.0,0.0,0.0,0.0,35.62116229100003,0.450327,,,35.62116229100003,0.450327,,,
2026-08,Tata Pay #,0.0,0.0,0.0,0.0,99.50673151800004,0.433422,,,99.50673151800004,0.433422,,,
2026-08,Obopay,0.0,0.0,0.0,0.0,66.69391130900004,0.433288,,,66.69391130900004,0.433288,,,
2026-08,Scapia #,0.0,0.0,0.0,0.0,206.25675951700003,0.401823,,,206.25675951700003,0.401823,,,
2026-08,Bank of India Apps,0.0,0.0,0.0,0.0,123.53017697600005,0.36599,,,123.53017697600005,0.36599,,,
2026-08,Karnataka Bank Apps,0.03,0.0,0.02,0.0,86.88131085000005,0.327263,,,86.93766945000004,0.32729500000000006,,,
2026-08,IDBI Bank Apps,0.0,0.0,0.0,0.0,151.0849446869999,0.313365,,,151.0849446869999,0.313365,,,
2026-08,Rio Money #,0.0,0.0,0.0,0.0,4.013560836000001,0.290953,,,4.013560836000001,0.290953,,,
2026-08,NSDL Payments Bank Apps,0.0,0.0,0.0,0.0,20.565336336000012,0.285936,,,20.565336336000012,0.285936,,,
2026-08,CheQ #,0.0,0.0,0.0,0.0,97.95692857399997,0.263944,,,97.95692857399997,0.263944,,,
2026-08,Suryoday Bank Apps,6.8,0.07,16.53,0.13,,,,,23.329828712,0.195708,,,
2026-08,City Union Bank Apps,2.01,0.02,98.9,0.1,32.339893239999995,0.071555,,,133.24696151100002,0.19034299999999998,,,
2026-08,Saathi by PayNearBy #,0.0,0.0,0.0,0.0,25.187950390000008,0.164112,,,25.187950390000008,0.164112,,,
2026-08,Bank of Maharashtra Apps,0.04,0.0,0.0,0.0,52.13294210500002,0.156554,,,52.17527460500002,0.156567,,,
2026-08,Karur Vysya Bank Apps,0.0,0.0,0.0,0.0,48.44261939000001,0.141049,,,48.44261939000001,0.141049,,,
2026-08,Dhani,0.0,0.0,0.0,0.0,6.616387898000004,0.11848,,,6.616387898000004,0.11848,,,
2026-08,Fave #,0.0,0.0,0.0,0.0,20.919344527999993,0.115966,,,20.919344527999993,0.115966,,,
2026-08,True Balance,0.0,0.0,0.0,0.0,3.7988775,0.109336,,,3.7988775,0.109336,,,
2026-08,Equitas Small Finance Bank Apps,0.0,0.0,0.0,0.0,25.72847668899999,0.094784,,,25.72847668899999,0.094784,,,
2026-08,Tamilnad Mercantile Bank Apps,0.0,0.0,0.0,0.0,34.59701672599998,0.094009,,,34.59701672599998,0.094009,,,
2026-08,Indian Overseas Bank Apps,0.0,0.0,0.0,0.0,27.81319172000001,0.084075,,,27.81319172000001,0.084075,,,
2026-08,Payworld,0.0,0.0,0.0,0.0,8.025838927999999,0.076371,,,8.025838927999999,0.076371,,,
2026-08,Curie Money #,0.0,0.0,0.0,0.0,6.351033640999995,0.07448,,,6.351033640999995,0.07448,,,
2026-08,SnapMint #,0.0,0.0,0.0,0.0,3.2513953440000014,0.052164,,,3.2513953440000014,0.052164,,,
2026-08,Lxme UPI #,0.0,0.0,0.0,0.0,4.702348062999997,0.04846,,,4.702348062999997,0.04846,,,
2026-08,Unimoni,0.0,0.0,0.0,0.0,5.9725016969999976,0.040919,,,5.9725016969999976,0.040919,,,
2026-08,ZET #,0.0,0.0,0.0,0.0,2.934657317000001,0.040846,,,2.934657317000001,0.040846,,,
2026-08,Punjab Sind Bank Apps,0.0,0.0,0.0,0.0,15.762334899999997,0.034739,,,15.762334899999997,0.034739,,,
2026-08,Novio #,0.0,0.0,0.0,0.0,4.113390718,0.029421,,,4.113390718,0.029421,,,
2026-08,LivQuik,0.0,0.0,0.0,0.0,3.4344330599999986,0.022772,,,3.4344330599999986,0.022772,,,
2026-08,Others,9.47,0.21,7.89,0.02,375.2186130030001,4.664134000000001,,,392.57438748700014,4.8945359999999996,,,
