period,description,mcc,type,type_name,value_in_cr,volume_in_mn
2016-07,Buying and shopping services and clubs,7278,High Transacting Categories,,0.0,0.0
2016-07,Groceries and supermarkets,5411,High Transacting Categories,,0.0,0.0
2016-07,0,0,High Transacting Categories,,0.0,0.0
2016-07,0,0,High Transacting Categories,,0.0,0.0
2016-07,0,0,High Transacting Categories,,0.0,0.0
2016-07,0,0,High Transacting Categories,,0.0,0.0
2016-07,0,0,High Transacting Categories,,0.0,0.0
2016-07,0,0,High Transacting Categories,,0.0,0.0
2016-07,0,0,High Transacting Categories,,0.0,0.0
2016-07,0,0,High Transacting Categories,,0.0,0.0
2016-07,0,0,Medium Transacting Categories,,0.0,0.0
2016-07,0,0,Medium Transacting Categories,,0.0,0.0
2016-07,0,0,Medium Transacting Categories,,0.0,0.0
2016-07,0,0,Medium Transacting Categories,,0.0,0.0
2016-07,0,0,Medium Transacting Categories,,0.0,0.0
2016-07,0,0,Medium Transacting Categories,,0.0,0.0
2016-07,0,0,Medium Transacting Categories,,0.0,0.0
2016-07,0,0,Medium Transacting Categories,,0.0,0.0
2016-07,0,0,Medium Transacting Categories,,0.0,0.0
2016-07,0,0,Medium Transacting Categories,,0.0,0.0
2016-07,0,0,All Other Categories,,0.0,0.0
2016-07,0,0,All Other Categories,,0.0,0.0
2016-07,0,0,All Other Categories,,0.0,0.0
2016-07,0,0,All Other Categories,,0.0,0.0
2016-07,0,0,All Other Categories,,0.0,0.0
2016-07,0,0,All Other Categories,,0.0,0.0
2016-07,0,0,All Other Categories,,0.0,0.0
2016-07,0,0,All Other Categories,,0.0,0.0
2016-07,0,0,All Other Categories,,0.0,0.0
2016-07,Others,Others,All Other Categories,,0.0,0.0
2016-07,Total,,All Other Categories,,0.0,0.0
2016-08,Financial institutions automated cash disbursements,6011,High Transacting Categories,,0.0,0.0
2016-08,Miscellaneous personal services not elsewhere classified,7299,High Transacting Categories,,0.01,0.0
2016-08,"Telecommunication services, including local and long distance calls, credit card calls, calls through use of magnetic stripe reading telephones and faxes",4814,High Transacting Categories,,0.0,0.0
2016-08,General contractors residential and commercial,1520,High Transacting Categories,,0.0,0.0
2016-08,Groceries and supermarkets,5411,High Transacting Categories,,0.0,0.0
2016-08,Buying and shopping services and clubs,7278,High Transacting Categories,,0.0,0.0
2016-08,0,0,High Transacting Categories,,0.0,0.0
2016-08,0,0,High Transacting Categories,,0.0,0.0
2016-08,0,0,High Transacting Categories,,0.0,0.0
2016-08,0,0,High Transacting Categories,,0.0,0.0
2016-08,0,0,Medium Transacting Categories,,0.0,0.0
2016-08,0,0,Medium Transacting Categories,,0.0,0.0
2016-08,0,0,Medium Transacting Categories,,0.0,0.0
2016-08,0,0,Medium Transacting Categories,,0.0,0.0
2016-08,0,0,Medium Transacting Categories,,0.0,0.0
2016-08,0,0,Medium Transacting Categories,,0.0,0.0
2016-08,0,0,Medium Transacting Categories,,0.0,0.0
2016-08,0,0,Medium Transacting Categories,,0.0,0.0
2016-08,0,0,Medium Transacting Categories,,0.0,0.0
2016-08,0,0,Medium Transacting Categories,,0.0,0.0
2016-08,0,0,All Other Categories,,0.0,0.0
2016-08,0,0,All Other Categories,,0.0,0.0
2016-08,0,0,All Other Categories,,0.0,0.0
2016-08,0,0,All Other Categories,,0.0,0.0
2016-08,0,0,All Other Categories,,0.0,0.0
2016-08,0,0,All Other Categories,,0.0,0.0
2016-08,0,0,All Other Categories,,0.0,0.0
2016-08,0,0,All Other Categories,,0.0,0.0
2016-08,0,0,All Other Categories,,0.0,0.0
2016-08,Others,Others,All Other Categories,,0.0,0.0
2016-08,Total,,All Other Categories,,0.01,0.0
2016-09,Miscellaneous personal services not elsewhere classified,7299,High Transacting Categories,,0.03,0.0
2016-09,"Telecommunication services, including local and long distance calls, credit card calls, calls through use of magnetic stripe reading telephones and faxes",4814,High Transacting Categories,,0.01,0.0
2016-09,Financial institutions automated cash disbursements,6011,High Transacting Categories,,0.0,0.0
2016-09,Department stores,5311,High Transacting Categories,,0.03,0.0
2016-09,Groceries and supermarkets,5411,High Transacting Categories,,0.0,0.0
2016-09,General contractors residential and commercial,1520,High Transacting Categories,,0.0,0.0
2016-09,Buying and shopping services and clubs,7278,High Transacting Categories,,0.0,0.0
2016-09,0,0,High Transacting Categories,,0.0,0.0
2016-09,0,0,High Transacting Categories,,0.0,0.0
2016-09,0,0,High Transacting Categories,,0.0,0.0
2016-09,0,0,Medium Transacting Categories,,0.0,0.0
2016-09,0,0,Medium Transacting Categories,,0.0,0.0
2016-09,0,0,Medium Transacting Categories,,0.0,0.0
2016-09,0,0,Medium Transacting Categories,,0.0,0.0
2016-09,0,0,Medium Transacting Categories,,0.0,0.0
2016-09,0,0,Medium Transacting Categories,,0.0,0.0
2016-09,0,0,Medium Transacting Categories,,0.0,0.0
2016-09,0,0,Medium Transacting Categories,,0.0,0.0
2016-09,0,0,Medium Transacting Categories,,0.0,0.0
2016-09,0,0,Medium Transacting Categories,,0.0,0.0
2016-09,0,0,All Other Categories,,0.0,0.0
2016-09,0,0,All Other Categories,,0.0,0.0
2016-09,0,0,All Other Categories,,0.0,0.0
2016-09,0,0,All Other Categories,,0.0,0.0
2016-09,0,0,All Other Categories,,0.0,0.0
2016-09,0,0,All Other Categories,,0.0,0.0
2016-09,0,0,All Other Categories,,0.0,0.0
2016-09,0,0,All Other Categories,,0.0,0.0
2016-09,0,0,All Other Categories,,0.0,0.0
2016-09,Others,Others,All Other Categories,,0.0,0.0
2016-09,Total,,All Other Categories,,0.07,0.0
2016-10,Miscellaneous personal services not elsewhere classified,7299,High Transacting Categories,,0.09,0.0
2016-10,"Telecommunication services, including local and long distance calls, credit card calls, calls through use of magnetic stripe reading telephones and faxes",4814,High Transacting Categories,,0.01,0.0
2016-10,Financial institutions automated cash disbursements,6011,High Transacting Categories,,0.01,0.0
2016-10,Groceries and supermarkets,5411,High Transacting Categories,,0.01,0.0
2016-10,Electronics shops,5732,High Transacting Categories,,0.0,0.0
2016-10,General contractors residential and commercial,1520,High Transacting Categories,,0.0,0.0
2016-10,Buying and shopping services and clubs,7278,High Transacting Categories,,0.0,0.0
2016-10,0,0,High Transacting Categories,,0.0,0.0
2016-10,0,0,High Transacting Categories,,0.0,0.0
2016-10,0,0,High Transacting Categories,,0.0,0.0
2016-10,0,0,Medium Transacting Categories,,0.0,0.0
2016-10,0,0,Medium Transacting Categories,,0.0,0.0
2016-10,0,0,Medium Transacting Categories,,0.0,0.0
2016-10,0,0,Medium Transacting Categories,,0.0,0.0
2016-10,0,0,Medium Transacting Categories,,0.0,0.0
2016-10,0,0,Medium Transacting Categories,,0.0,0.0
2016-10,0,0,Medium Transacting Categories,,0.0,0.0
2016-10,0,0,Medium Transacting Categories,,0.0,0.0
2016-10,0,0,Medium Transacting Categories,,0.0,0.0
2016-10,0,0,Medium Transacting Categories,,0.0,0.0
2016-10,0,0,All Other Categories,,0.0,0.0
2016-10,0,0,All Other Categories,,0.0,0.0
2016-10,0,0,All Other Categories,,0.0,0.0
2016-10,0,0,All Other Categories,,0.0,0.0
2016-10,0,0,All Other Categories,,0.0,0.0
2016-10,0,0,All Other Categories,,0.0,0.0
2016-10,0,0,All Other Categories,,0.0,0.0
2016-10,0,0,All Other Categories,,0.0,0.0
2016-10,0,0,All Other Categories,,0.0,0.0
2016-10,Others,Others,All Other Categories,,0.0,0.01
2016-10,Total,,All Other Categories,,0.12,0.01
2016-11,Miscellaneous personal services not elsewhere classified,7299,High Transacting Categories,,0.33,0.02
2016-11,Groceries and supermarkets,5411,High Transacting Categories,,0.18,0.0
2016-11,"Telecommunication services, including local and long distance calls, credit card calls, calls through use of magnetic stripe reading telephones and faxes",4814,High Transacting Categories,,0.03,0.0
2016-11,Financial institutions automated cash disbursements,6011,High Transacting Categories,,0.01,0.0
2016-11,Department stores,5311,High Transacting Categories,,0.02,0.0
2016-11,Electronics shops,5732,High Transacting Categories,,0.0,0.0
2016-11,"Colleges, universities, professional schools and junior colleges",8220,High Transacting Categories,,0.0,0.0
2016-11,Travel agencies and tour operators,4722,High Transacting Categories,,0.0,0.0
2016-11,General contractors residential and commercial,1520,High Transacting Categories,,0.0,0.0
2016-11,Motion picture theatres,7832,High Transacting Categories,,0.0,0.0
2016-11,Debt collection agencies,7322,Medium Transacting Categories,,0.0,0.0
2016-11,Financial institutions merchandise and services,6012,Medium Transacting Categories,,0.0,0.0
2016-11,Miscellaneous general merchandise,5399,Medium Transacting Categories,,0.0,0.0
2016-11,0,0,Medium Transacting Categories,,0.0,0.0
2016-11,0,0,Medium Transacting Categories,,0.0,0.0
2016-11,0,0,Medium Transacting Categories,,0.0,0.0
2016-11,0,0,Medium Transacting Categories,,0.0,0.0
2016-11,0,0,Medium Transacting Categories,,0.0,0.0
2016-11,0,0,Medium Transacting Categories,,0.0,0.0
2016-11,0,0,Medium Transacting Categories,,0.0,0.0
2016-11,0,0,All Other Categories,,0.0,0.0
2016-11,0,0,All Other Categories,,0.0,0.0
2016-11,0,0,All Other Categories,,0.0,0.0
2016-11,0,0,All Other Categories,,0.0,0.0
2016-11,0,0,All Other Categories,,0.0,0.0
2016-11,0,0,All Other Categories,,0.0,0.0
2016-11,0,0,All Other Categories,,0.0,0.0
2016-11,0,0,All Other Categories,,0.0,0.0
2016-11,0,0,All Other Categories,,0.0,0.0
2016-11,Others,Others,All Other Categories,,0.0,0.01
2016-11,Total,,All Other Categories,,0.57,0.03
2016-12,Miscellaneous personal services not elsewhere classified,7299,High Transacting Categories,,5.67,0.24
2016-12,Groceries and supermarkets,5411,High Transacting Categories,,0.84,0.01
2016-12,"Telecommunication services, including local and long distance calls, credit card calls, calls through use of magnetic stripe reading telephones and faxes",4814,High Transacting Categories,,0.13,0.01
2016-12,Financial institutions automated cash disbursements,6011,High Transacting Categories,,0.06,0.0
2016-12,Department stores,5311,High Transacting Categories,,0.24,0.0
2016-12,General contractors residential and commercial,1520,High Transacting Categories,,0.01,0.0
2016-12,"Motor freight carriers and trucking local and long distance, moving and storage companies and local delivery",4214,High Transacting Categories,,0.01,0.0
2016-12,Eating places and restaurants,5812,High Transacting Categories,,0.0,0.0
2016-12,Electronics shops,5732,High Transacting Categories,,0.0,0.0
2016-12,Motion picture theatres,7832,High Transacting Categories,,0.0,0.0
2016-12,Travel agencies and tour operators,4722,Medium Transacting Categories,,0.0,0.0
2016-12,Theatrical producers (except motion pictures) and ticket agencies,7922,Medium Transacting Categories,,0.0,0.0
2016-12,Miscellaneous general merchandise,5399,Medium Transacting Categories,,0.0,0.0
2016-12,Securities brokers and dealers,6211,Medium Transacting Categories,,0.0,0.0
2016-12,Fast food restaurants,5814,Medium Transacting Categories,,0.0,0.0
2016-12,Government services not elsewhere classified,9399,Medium Transacting Categories,,0.0,0.0
2016-12,Direct marketing insurance services,5960,Medium Transacting Categories,,0.0,0.0
2016-12,Business and secretarial schools,8244,Medium Transacting Categories,,0.0,0.0
2016-12,Miscellaneous and speciality retail outlets,5999,Medium Transacting Categories,,0.0,0.0
2016-12,Debt collection agencies,7322,Medium Transacting Categories,,0.0,0.0
2016-12,Financial institutions merchandise and services,6012,All Other Categories,,0.0,0.0
2016-12,Buying and shopping services and clubs,7278,All Other Categories,,0.0,0.0
2016-12,Direct marketing continuity/subscription merchants,5968,All Other Categories,,0.0,0.0
2016-12,"Computers, computer peripheral equipment not elsewhere classified",5045,All Other Categories,,0.0,0.0
2016-12,0,0,All Other Categories,,0.0,0.0
2016-12,0,0,All Other Categories,,0.0,0.0
2016-12,0,0,All Other Categories,,0.0,0.0
2016-12,0,0,All Other Categories,,0.0,0.0
2016-12,0,0,All Other Categories,,0.0,0.0
2016-12,Others,Others,All Other Categories,,0.01,0.0
2016-12,Total,,All Other Categories,,6.97,0.26
2016-12,Total,,All Other Categories,,6.97,0.26
2017-01,Miscellaneous personal services not elsewhere classified,7299,High Transacting Categories,,9.65,0.39
2017-01,Groceries and supermarkets,5411,High Transacting Categories,,3.45,0.04
2017-01,Department stores,5311,High Transacting Categories,,3.98,0.02
2017-01,"Telecommunication services, including local and long distance calls, credit card calls, calls through use of magnetic stripe reading telephones and faxes",4814,High Transacting Categories,,0.22,0.01
2017-01,Financial institutions automated cash disbursements,6011,High Transacting Categories,,0.12,0.0
2017-01,General contractors residential and commercial,1520,High Transacting Categories,,0.31,0.0
2017-01,"Motor freight carriers and trucking local and long distance, moving and storage companies and local delivery",4214,High Transacting Categories,,0.07,0.0
2017-01,Miscellaneous general merchandise,5399,High Transacting Categories,,0.02,0.0
2017-01,Theatrical producers (except motion pictures) and ticket agencies,7922,High Transacting Categories,,0.0,0.0
2017-01,Eating places and restaurants,5812,High Transacting Categories,,0.0,0.0
2017-01,Travel agencies and tour operators,4722,Medium Transacting Categories,,0.0,0.0
2017-01,Electronics shops,5732,Medium Transacting Categories,,0.0,0.0
2017-01,Buying and shopping services and clubs,7278,Medium Transacting Categories,,0.0,0.0
2017-01,Securities brokers and dealers,6211,Medium Transacting Categories,,0.01,0.0
2017-01,Motion picture theatres,7832,Medium Transacting Categories,,0.0,0.0
2017-01,Miscellaneous and speciality retail outlets,5999,Medium Transacting Categories,,0.0,0.0
2017-01,Direct marketing insurance services,5960,Medium Transacting Categories,,0.0,0.0
2017-01,Telecommunication equipment and telephone sales,4812,Medium Transacting Categories,,0.0,0.0
2017-01,Medical and dental laboratories,8071,Medium Transacting Categories,,0.0,0.0
2017-01,Debt collection agencies,7322,Medium Transacting Categories,,0.0,0.0
2017-01,"Colleges, universities, professional schools and junior colleges",8220,All Other Categories,,0.0,0.0
2017-01,Fast food restaurants,5814,All Other Categories,,0.0,0.0
2017-01,Hospitals,8062,All Other Categories,,0.0,0.0
2017-01,Automotive service shops (non-dealer),7538,All Other Categories,,0.0,0.0
2017-01,Petroleum and petroleum products,5172,All Other Categories,,0.0,0.0
2017-01,0,0,All Other Categories,,0.0,0.0
2017-01,0,0,All Other Categories,,0.0,0.0
2017-01,0,0,All Other Categories,,0.0,0.0
2017-01,0,0,All Other Categories,,0.0,0.0
2017-01,Others,Others,All Other Categories,,0.0,0.02
2017-01,Total,,All Other Categories,,17.83,0.48
2017-02,Miscellaneous personal services not elsewhere classified,7299,High Transacting Categories,,7.93,0.31
2017-02,Groceries and supermarkets,5411,High Transacting Categories,,5.74,0.07
2017-02,Department stores,5311,High Transacting Categories,,4.25,0.02
2017-02,"Telecommunication services, including local and long distance calls, credit card calls, calls through use of magnetic stripe reading telephones and faxes",4814,High Transacting Categories,,0.24,0.01
2017-02,Financial institutions automated cash disbursements,6011,High Transacting Categories,,0.11,0.01
2017-02,General contractors residential and commercial,1520,High Transacting Categories,,0.59,0.01
2017-02,"Motor freight carriers and trucking local and long distance, moving and storage companies and local delivery",4214,High Transacting Categories,,0.18,0.0
2017-02,Motion picture theatres,7832,High Transacting Categories,,0.0,0.0
2017-02,Theatrical producers (except motion pictures) and ticket agencies,7922,High Transacting Categories,,0.0,0.0
2017-02,Miscellaneous general merchandise,5399,High Transacting Categories,,0.01,0.0
2017-02,Financial institutions manual cash disbursements,6010,Medium Transacting Categories,,0.0,0.0
2017-02,Travel agencies and tour operators,4722,Medium Transacting Categories,,0.0,0.0
2017-02,Buying and shopping services and clubs,7278,Medium Transacting Categories,,0.0,0.0
2017-02,Business services not elsewhere classified,7399,Medium Transacting Categories,,0.0,0.0
2017-02,Eating places and restaurants,5812,Medium Transacting Categories,,0.0,0.0
2017-02,"Insurance sales, underwriting and premiums",6300,Medium Transacting Categories,,0.03,0.0
2017-02,Miscellaneous and speciality retail outlets,5999,Medium Transacting Categories,,0.0,0.0
2017-02,Beauty and barber shops,7230,Medium Transacting Categories,,0.0,0.0
2017-02,Telecommunication equipment and telephone sales,4812,Medium Transacting Categories,,0.0,0.0
2017-02,Securities brokers and dealers,6211,Medium Transacting Categories,,0.01,0.0
2017-02,Debt collection agencies,7322,All Other Categories,,0.01,0.0
2017-02,Electronics shops,5732,All Other Categories,,0.0,0.0
2017-02,Petroleum and petroleum products,5172,All Other Categories,,0.0,0.0
2017-02,Tolls and bridge fees,4784,All Other Categories,,0.0,0.0
2017-02,"Colleges, universities, professional schools and junior colleges",8220,All Other Categories,,0.0,0.0
2017-02,Financial institutions merchandise and services,6012,All Other Categories,,0.0,0.0
2017-02,Hospitals,8062,All Other Categories,,0.0,0.0
2017-02,"Utilities electric, gas, water and sanitary",4900,All Other Categories,,0.0,0.0
2017-02,"Lodging hotels, motels and resorts",7011,All Other Categories,,0.0,0.0
2017-02,Others,Others,All Other Categories,,0.01,0.0
2017-02,Total,,All Other Categories,,19.11,0.43
2017-03,Miscellaneous personal services not elsewhere classified,7299,High Transacting Categories,,17.79,0.84
2017-03,Groceries and supermarkets,5411,High Transacting Categories,,10.96,0.17
2017-03,Department stores,5311,High Transacting Categories,,2.66,0.02
2017-03,General contractors residential and commercial,1520,High Transacting Categories,,0.57,0.01
2017-03,Financial institutions automated cash disbursements,6011,High Transacting Categories,,0.1,0.01
2017-03,"Motor freight carriers and trucking local and long distance, moving and storage companies and local delivery",4214,High Transacting Categories,,0.71,0.01
2017-03,"Telecommunication services, including local and long distance calls, credit card calls, calls through use of magnetic stripe reading telephones and faxes",4814,High Transacting Categories,,0.08,0.01
2017-03,Debt collection agencies,7322,High Transacting Categories,,1.12,0.0
2017-03,Business services not elsewhere classified,7399,High Transacting Categories,,0.01,0.0
2017-03,Eating places and restaurants,5812,High Transacting Categories,,0.01,0.0
2017-03,Miscellaneous general merchandise,5399,Medium Transacting Categories,,0.01,0.0
2017-03,Motion picture theatres,7832,Medium Transacting Categories,,0.01,0.0
2017-03,Government services not elsewhere classified,9399,Medium Transacting Categories,,0.0,0.0
2017-03,Theatrical producers (except motion pictures) and ticket agencies,7922,Medium Transacting Categories,,0.01,0.0
2017-03,"Insurance sales, underwriting and premiums",6300,Medium Transacting Categories,,0.1,0.0
2017-03,Taxi-cabs and limousines,4121,Medium Transacting Categories,,0.0,0.0
2017-03,Buying and shopping services and clubs,7278,Medium Transacting Categories,,0.0,0.0
2017-03,Financial institutions manual cash disbursements,6010,Medium Transacting Categories,,0.0,0.0
2017-03,Travel agencies and tour operators,4722,Medium Transacting Categories,,0.01,0.0
2017-03,Electronics shops,5732,Medium Transacting Categories,,0.0,0.0
2017-03,Miscellaneous and speciality retail outlets,5999,All Other Categories,,0.01,0.0
2017-03,Drug stores and pharmacies,5912,All Other Categories,,0.0,0.0
2017-03,Petroleum and petroleum products,5172,All Other Categories,,0.0,0.0
2017-03,Securities brokers and dealers,6211,All Other Categories,,0.03,0.0
2017-03,Fast food restaurants,5814,All Other Categories,,0.0,0.0
2017-03,Beauty and barber shops,7230,All Other Categories,,0.0,0.0
2017-03,Airlines and air carriers,4511,All Other Categories,,0.0,0.0
2017-03,Courier services air and ground and freight forwarders,4215,All Other Categories,,0.0,0.0
2017-03,"Lodging hotels, motels and resorts",7011,All Other Categories,,0.0,0.0
2017-03,Others,Others,All Other Categories,,0.02,-0.01
2017-03,Total,,All Other Categories,,34.21,1.06
2017-04,Miscellaneous personal services not elsewhere classified,7299,High Transacting Categories,,20.28,0.84
2017-04,Groceries and supermarkets,5411,High Transacting Categories,,13.22,0.2
2017-04,Department stores,5311,High Transacting Categories,,7.22,0.05
2017-04,Wire transfers and money orders,4829,High Transacting Categories,,0.49,0.04
2017-04,"Motor freight carriers and trucking local and long distance, moving and storage companies and local delivery",4214,High Transacting Categories,,1.1,0.01
2017-04,"Telecommunication services, including local and long distance calls, credit card calls, calls through use of magnetic stripe reading telephones and faxes",4814,High Transacting Categories,,0.16,0.01
2017-04,General contractors residential and commercial,1520,High Transacting Categories,,0.56,0.01
2017-04,Debt collection agencies,7322,High Transacting Categories,,1.96,0.0
2017-04,Motion picture theatres,7832,High Transacting Categories,,0.03,0.0
2017-04,Financial institutions automated cash disbursements,6011,High Transacting Categories,,0.01,0.0
2017-04,Business services not elsewhere classified,7399,Medium Transacting Categories,,0.01,0.0
2017-04,Travel agencies and tour operators,4722,Medium Transacting Categories,,0.1,0.0
2017-04,Eating places and restaurants,5812,Medium Transacting Categories,,0.01,0.0
2017-04,Drug stores and pharmacies,5912,Medium Transacting Categories,,0.02,0.0
2017-04,Miscellaneous general merchandise,5399,Medium Transacting Categories,,0.07,0.0
2017-04,Bus lines,4131,Medium Transacting Categories,,0.03,0.0
2017-04,Buying and shopping services and clubs,7278,Medium Transacting Categories,,0.0,0.0
2017-04,Theatrical producers (except motion pictures) and ticket agencies,7922,Medium Transacting Categories,,0.01,0.0
2017-04,Taxi-cabs and limousines,4121,Medium Transacting Categories,,0.0,0.0
2017-04,"Insurance sales, underwriting and premiums",6300,Medium Transacting Categories,,0.07,0.0
2017-04,Government services not elsewhere classified,9399,All Other Categories,,0.01,0.0
2017-04,Financial institutions manual cash disbursements,6010,All Other Categories,,0.0,0.0
2017-04,Electronics shops,5732,All Other Categories,,0.01,0.0
2017-04,Securities brokers and dealers,6211,All Other Categories,,0.03,0.0
2017-04,Miscellaneous food shops convenience and speciality retail outlets,5499,All Other Categories,,0.0,0.0
2017-04,"Lodging hotels, motels and resorts",7011,All Other Categories,,0.0,0.0
2017-04,Miscellaneous apparel and accessory shops,5699,All Other Categories,,0.0,0.0
2017-04,Courier services air and ground and freight forwarders,4215,All Other Categories,,0.0,0.0
2017-04,Health and beauty spas,7298,All Other Categories,,0.0,0.0
2017-04,Others,Others,All Other Categories,,0.03,0.01
2017-04,Total,,All Other Categories,,45.43,1.17
2017-05,Miscellaneous personal services not elsewhere classified,7299,High Transacting Categories,,38.68,1.28
2017-05,Department stores,5311,High Transacting Categories,,37.17,0.27
2017-05,Groceries and supermarkets,5411,High Transacting Categories,,14.9,0.21
2017-05,Wire transfers and money orders,4829,High Transacting Categories,,0.87,0.08
2017-05,"Telecommunication services, including local and long distance calls, credit card calls, calls through use of magnetic stripe reading telephones and faxes",4814,High Transacting Categories,,0.27,0.01
2017-05,"Motor freight carriers and trucking local and long distance, moving and storage companies and local delivery",4214,High Transacting Categories,,1.29,0.01
2017-05,Travel agencies and tour operators,4722,High Transacting Categories,,1.69,0.01
2017-05,General contractors residential and commercial,1520,High Transacting Categories,,0.82,0.01
2017-05,Bus lines,4131,High Transacting Categories,,0.79,0.01
2017-05,Debt collection agencies,7322,High Transacting Categories,,1.73,0.0
2017-05,Motion picture theatres,7832,Medium Transacting Categories,,0.04,0.0
2017-05,Eating places and restaurants,5812,Medium Transacting Categories,,0.02,0.0
2017-05,Drug stores and pharmacies,5912,Medium Transacting Categories,,0.03,0.0
2017-05,Financial institutions automated cash disbursements,6011,Medium Transacting Categories,,0.0,0.0
2017-05,Miscellaneous general merchandise,5399,Medium Transacting Categories,,0.18,0.0
2017-05,Financial institutions merchandise and services,6012,Medium Transacting Categories,,0.19,0.0
2017-05,Financial institutions manual cash disbursements,6010,Medium Transacting Categories,,0.0,0.0
2017-05,Theatrical producers (except motion pictures) and ticket agencies,7922,Medium Transacting Categories,,0.01,0.0
2017-05,Buying and shopping services and clubs,7278,Medium Transacting Categories,,0.0,0.0
2017-05,Business services not elsewhere classified,7399,Medium Transacting Categories,,0.0,0.0
2017-05,Taxi-cabs and limousines,4121,All Other Categories,,0.0,0.0
2017-05,Government services not elsewhere classified,9399,All Other Categories,,0.01,0.0
2017-05,Securities brokers and dealers,6211,All Other Categories,,0.05,0.0
2017-05,"Insurance sales, underwriting and premiums",6300,All Other Categories,,0.08,0.0
2017-05,Miscellaneous food shops convenience and speciality retail outlets,5499,All Other Categories,,0.0,0.0
2017-05,Miscellaneous apparel and accessory shops,5699,All Other Categories,,0.02,0.0
2017-05,Electronics shops,5732,All Other Categories,,0.02,0.0
2017-05,"Colleges, universities, professional schools and junior colleges",8220,All Other Categories,,0.03,0.0
2017-05,"Lodging hotels, motels and resorts",7011,All Other Categories,,0.01,0.0
2017-05,Others,Others,All Other Categories,,0.13,0.03
2017-05,Total,,All Other Categories,,99.03,1.92
2017-06,Miscellaneous personal services not elsewhere classified,7299,High Transacting Categories,,45.82,1.59
2017-06,Groceries and supermarkets,5411,High Transacting Categories,,16.05,0.22
2017-06,Department stores,5311,High Transacting Categories,,26.33,0.2
2017-06,Wire transfers and money orders,4829,High Transacting Categories,,1.24,0.11
2017-06,Travel agencies and tour operators,4722,High Transacting Categories,,1.93,0.02
2017-06,Bus lines,4131,High Transacting Categories,,1.22,0.02
2017-06,"Telecommunication services, including local and long distance calls, credit card calls, calls through use of magnetic stripe reading telephones and faxes",4814,High Transacting Categories,,0.21,0.01
2017-06,"Motor freight carriers and trucking local and long distance, moving and storage companies and local delivery",4214,High Transacting Categories,,1.11,0.01
2017-06,General contractors residential and commercial,1520,High Transacting Categories,,0.78,0.01
2017-06,Debt collection agencies,7322,High Transacting Categories,,1.8,0.0
2017-06,Government services not elsewhere classified,9399,Medium Transacting Categories,,0.04,0.0
2017-06,Eating places and restaurants,5812,Medium Transacting Categories,,0.03,0.0
2017-06,Financial institutions merchandise and services,6012,Medium Transacting Categories,,0.38,0.0
2017-06,Drug stores and pharmacies,5912,Medium Transacting Categories,,0.03,0.0
2017-06,Financial institutions automated cash disbursements,6011,Medium Transacting Categories,,0.0,0.0
2017-06,Motion picture theatres,7832,Medium Transacting Categories,,0.02,0.0
2017-06,Miscellaneous general merchandise,5399,Medium Transacting Categories,,0.11,0.0
2017-06,"Utilities electric, gas, water and sanitary",4900,Medium Transacting Categories,,0.04,0.0
2017-06,Service stations (with or without ancillary services),5541,Medium Transacting Categories,,0.02,0.0
2017-06,Taxi-cabs and limousines,4121,Medium Transacting Categories,,0.01,0.0
2017-06,Schools and educational services not elsewhere classified,8299,All Other Categories,,0.04,0.0
2017-06,Theatrical producers (except motion pictures) and ticket agencies,7922,All Other Categories,,0.01,0.0
2017-06,Miscellaneous food shops convenience and speciality retail outlets,5499,All Other Categories,,0.01,0.0
2017-06,"Insurance sales, underwriting and premiums",6300,All Other Categories,,0.14,0.0
2017-06,Securities brokers and dealers,6211,All Other Categories,,0.02,0.0
2017-06,Financial institutions manual cash disbursements,6010,All Other Categories,,0.0,0.0
2017-06,"Lodging hotels, motels and resorts",7011,All Other Categories,,0.01,0.0
2017-06,Buying and shopping services and clubs,7278,All Other Categories,,0.0,0.0
2017-06,"Colleges, universities, professional schools and junior colleges",8220,All Other Categories,,0.02,0.0
2017-06,Others,Others,All Other Categories,,0.08,0.01
2017-06,Total,,All Other Categories,,97.5,2.2
2017-07,Miscellaneous personal services not elsewhere classified,7299,High Transacting Categories,,52.42,1.73
2017-07,Government services not elsewhere classified,9399,High Transacting Categories,,0.09,0.38
2017-07,Groceries and supermarkets,5411,High Transacting Categories,,21.5,0.28
2017-07,Wire transfers and money orders,4829,High Transacting Categories,,1.59,0.13
2017-07,Department stores,5311,High Transacting Categories,,8.68,0.07
2017-07,"Telecommunication services, including local and long distance calls, credit card calls, calls through use of magnetic stripe reading telephones and faxes",4814,High Transacting Categories,,0.44,0.03
2017-07,Travel agencies and tour operators,4722,High Transacting Categories,,2.17,0.02
2017-07,Bus lines,4131,High Transacting Categories,,1.11,0.02
2017-07,General contractors residential and commercial,1520,High Transacting Categories,,1.33,0.02
2017-07,"Motor freight carriers and trucking local and long distance, moving and storage companies and local delivery",4214,High Transacting Categories,,1.38,0.01
2017-07,Debt collection agencies,7322,Medium Transacting Categories,,3.29,0.01
2017-07,Taxi-cabs and limousines,4121,Medium Transacting Categories,,0.03,0.0
2017-07,Miscellaneous apparel and accessory shops,5699,Medium Transacting Categories,,0.0,0.0
2017-07,Eating places and restaurants,5812,Medium Transacting Categories,,0.04,0.0
2017-07,Financial institutions merchandise and services,6012,Medium Transacting Categories,,0.63,0.0
2017-07,"Utilities electric, gas, water and sanitary",4900,Medium Transacting Categories,,0.09,0.0
2017-07,Financial institutions automated cash disbursements,6011,Medium Transacting Categories,,0.04,0.0
2017-07,Drug stores and pharmacies,5912,Medium Transacting Categories,,0.03,0.0
2017-07,Motion picture theatres,7832,Medium Transacting Categories,,0.02,0.0
2017-07,LIC,6529,Medium Transacting Categories,,0.36,0.0
2017-07,Telecommunication equipment and telephone sales,4812,All Other Categories,,0.0,0.0
2017-07,"Jewellery, watch, clock and silverware shops",5944,All Other Categories,,0.0,0.0
2017-07,Electronics shops,5732,All Other Categories,,0.01,0.0
2017-07,Miscellaneous food shops convenience and speciality retail outlets,5499,All Other Categories,,0.01,0.0
2017-07,Miscellaneous general merchandise,5399,All Other Categories,,0.11,0.0
2017-07,"Lodging hotels, motels and resorts",7011,All Other Categories,,0.0,0.0
2017-07,Business services not elsewhere classified,7399,All Other Categories,,0.02,0.0
2017-07,"Furniture, home furnishings and equipment shops and manufacturers, except appliances",5712,All Other Categories,,0.0,0.0
2017-07,Hospitals,8062,All Other Categories,,0.0,0.0
2017-07,Others,Others,All Other Categories,,0.35,0.02
2017-07,Total,,All Other Categories,,95.74,2.72
2017-08,Miscellaneous personal services not elsewhere classified,7299,High Transacting Categories,,85.88,2.74
2017-08,Government services not elsewhere classified,9399,High Transacting Categories,,0.18,0.6
2017-08,Groceries and supermarkets,5411,High Transacting Categories,,36.64,0.4
2017-08,Wire transfers and money orders,4829,High Transacting Categories,,2.08,0.15
2017-08,Department stores,5311,High Transacting Categories,,8.33,0.07
2017-08,"Telecommunication services, including local and long distance calls, credit card calls, calls through use of magnetic stripe reading telephones and faxes",4814,High Transacting Categories,,0.66,0.05
2017-08,Travel agencies and tour operators,4722,High Transacting Categories,,3.27,0.03
2017-08,Bus lines,4131,High Transacting Categories,,2.02,0.03
2017-08,Taxi-cabs and limousines,4121,High Transacting Categories,,0.24,0.02
2017-08,General contractors residential and commercial,1520,High Transacting Categories,,2.36,0.02
2017-08,"Motor freight carriers and trucking local and long distance, moving and storage companies and local delivery",4214,Medium Transacting Categories,,1.07,0.01
2017-08,Eating places and restaurants,5812,Medium Transacting Categories,,0.22,0.01
2017-08,Motion picture theatres,7832,Medium Transacting Categories,,0.26,0.01
2017-08,Debt collection agencies,7322,Medium Transacting Categories,,4.39,0.01
2017-08,Theatrical producers (except motion pictures) and ticket agencies,7922,Medium Transacting Categories,,0.14,0.0
2017-08,Financial institutions automated cash disbursements,6011,Medium Transacting Categories,,0.23,0.0
2017-08,Business services not elsewhere classified,7399,Medium Transacting Categories,,0.09,0.0
2017-08,Miscellaneous apparel and accessory shops,5699,Medium Transacting Categories,,0.0,0.0
2017-08,Miscellaneous food shops convenience and speciality retail outlets,5499,Medium Transacting Categories,,0.03,0.0
2017-08,Financial institutions merchandise and services,6012,Medium Transacting Categories,,0.87,0.0
2017-08,LIC,6529,All Other Categories,,0.53,0.0
2017-08,"Utilities electric, gas, water and sanitary",4900,All Other Categories,,0.07,0.0
2017-08,Drug stores and pharmacies,5912,All Other Categories,,0.03,0.0
2017-08,Miscellaneous general merchandise,5399,All Other Categories,,0.14,0.0
2017-08,Telecommunication equipment and telephone sales,4812,All Other Categories,,0.0,0.0
2017-08,"Jewellery, watch, clock and silverware shops",5944,All Other Categories,,0.01,0.0
2017-08,Electronics shops,5732,All Other Categories,,0.01,0.0
2017-08,Service stations (with or without ancillary services),5541,All Other Categories,,0.02,0.0
2017-08,"Lodging hotels, motels and resorts",7011,All Other Categories,,0.01,0.0
2017-08,Others,Others,All Other Categories,,0.46,0.04
2017-08,Total,,All Other Categories,,150.24,4.19
2017-09,Miscellaneous personal services not elsewhere classified,7299,High Transacting Categories,,90.5,2.79
2017-09,Government services not elsewhere classified,9399,High Transacting Categories,,0.31,0.65
2017-09,Groceries and supermarkets,5411,High Transacting Categories,,35.95,0.44
2017-09,Department stores,5311,High Transacting Categories,,33.39,0.24
2017-09,Wire transfers and money orders,4829,High Transacting Categories,,2.33,0.18
2017-09,"Telecommunication services, including local and long distance calls, credit card calls, calls through use of magnetic stripe reading telephones and faxes",4814,High Transacting Categories,,1.11,0.09
2017-09,Taxi-cabs and limousines,4121,High Transacting Categories,,0.89,0.07
2017-09,Travel agencies and tour operators,4722,High Transacting Categories,,4.51,0.04
2017-09,Bus lines,4131,High Transacting Categories,,2.42,0.03
2017-09,General contractors residential and commercial,1520,High Transacting Categories,,1.51,0.02
2017-09,Motion picture theatres,7832,Medium Transacting Categories,,0.48,0.02
2017-09,Eating places and restaurants,5812,Medium Transacting Categories,,0.36,0.01
2017-09,Debt collection agencies,7322,Medium Transacting Categories,,6.48,0.01
2017-09,"Motor freight carriers and trucking local and long distance, moving and storage companies and local delivery",4214,Medium Transacting Categories,,0.98,0.01
2017-09,Business services not elsewhere classified,7399,Medium Transacting Categories,,0.14,0.01
2017-09,Theatrical producers (except motion pictures) and ticket agencies,7922,Medium Transacting Categories,,0.28,0.01
2017-09,Miscellaneous food shops convenience and speciality retail outlets,5499,Medium Transacting Categories,,0.12,0.01
2017-09,Financial institutions automated cash disbursements,6011,Medium Transacting Categories,,0.34,0.0
2017-09,Financial institutions merchandise and services,6012,Medium Transacting Categories,,1.4,0.0
2017-09,Drug stores and pharmacies,5912,Medium Transacting Categories,,0.11,0.0
2017-09,Miscellaneous general merchandise,5399,All Other Categories,,0.19,0.0
2017-09,LIC,6529,All Other Categories,,0.7,0.0
2017-09,"Utilities electric, gas, water and sanitary",4900,All Other Categories,,0.11,0.0
2017-09,Service stations (with or without ancillary services),5541,All Other Categories,,0.04,0.0
2017-09,Miscellaneous apparel and accessory shops,5699,All Other Categories,,0.0,0.0
2017-09,"Lodging hotels, motels and resorts",7011,All Other Categories,,0.01,0.0
2017-09,Petroleum and petroleum products,5172,All Other Categories,,0.02,0.0
2017-09,"Insurance sales, underwriting and premiums",6300,All Other Categories,,0.23,0.0
2017-09,"Jewellery, watch, clock and silverware shops",5944,All Other Categories,,0.04,0.0
2017-09,Others,Others,All Other Categories,,0.25,0.01
2017-09,Total,,All Other Categories,,185.2,4.64
2017-10,Miscellaneous personal services not elsewhere classified,7299,High Transacting Categories,,148.34,4.61
2017-10,Groceries and supermarkets,5411,High Transacting Categories,,54.47,0.71
2017-10,Government services not elsewhere classified,9399,High Transacting Categories,,0.38,0.59
2017-10,Department stores,5311,High Transacting Categories,,46.66,0.31
2017-10,"Telecommunication services, including local and long distance calls, credit card calls, calls through use of magnetic stripe reading telephones and faxes",4814,High Transacting Categories,,3.0,0.22
2017-10,Wire transfers and money orders,4829,High Transacting Categories,,2.64,0.2
2017-10,Taxi-cabs and limousines,4121,High Transacting Categories,,1.71,0.14
2017-10,Travel agencies and tour operators,4722,High Transacting Categories,,8.05,0.07
2017-10,Bus lines,4131,High Transacting Categories,,4.45,0.06
2017-10,Debt collection agencies,7322,High Transacting Categories,,27.51,0.05
2017-10,General contractors residential and commercial,1520,Medium Transacting Categories,,2.14,0.03
2017-10,Eating places and restaurants,5812,Medium Transacting Categories,,0.52,0.02
2017-10,Motion picture theatres,7832,Medium Transacting Categories,,0.5,0.02
2017-10,Theatrical producers (except motion pictures) and ticket agencies,7922,Medium Transacting Categories,,0.71,0.02
2017-10,"Motor freight carriers and trucking local and long distance, moving and storage companies and local delivery",4214,Medium Transacting Categories,,1.31,0.01
2017-10,Business services not elsewhere classified,7399,Medium Transacting Categories,,0.17,0.01
2017-10,Miscellaneous food shops convenience and speciality retail outlets,5499,Medium Transacting Categories,,0.16,0.01
2017-10,Drug stores and pharmacies,5912,Medium Transacting Categories,,0.32,0.01
2017-10,Financial institutions merchandise and services,6012,Medium Transacting Categories,,2.24,0.01
2017-10,Financial institutions automated cash disbursements,6011,Medium Transacting Categories,,0.47,0.01
2017-10,Miscellaneous general merchandise,5399,All Other Categories,,0.23,0.0
2017-10,"Betting, including lottery tickets, casino gaming chips, off-track betting and wagers at race tracks",7995,All Other Categories,,0.16,0.0
2017-10,"Gift, card, novelty and souvenir shops",5947,All Other Categories,,0.24,0.0
2017-10,LIC,6529,All Other Categories,,0.97,0.0
2017-10,"Utilities electric, gas, water and sanitary",4900,All Other Categories,,0.1,0.0
2017-10,"Lodging hotels, motels and resorts",7011,All Other Categories,,0.02,0.0
2017-10,Service stations (with or without ancillary services),5541,All Other Categories,,0.04,0.0
2017-10,Petroleum and petroleum products,5172,All Other Categories,,0.03,0.0
2017-10,Buying and shopping services and clubs,7278,All Other Categories,,0.01,0.0
2017-10,Others,Others,All Other Categories,,0.74,-0.01
2017-10,Total,,All Other Categories,,308.29,7.1
2017-11,Miscellaneous personal services not elsewhere classified,7299,High Transacting Categories,,188.74,7.53
2017-11,Groceries and supermarkets,5411,High Transacting Categories,,75.68,1.18
2017-11,Government services not elsewhere classified,9399,High Transacting Categories,,0.34,0.54
2017-11,Taxi-cabs and limousines,4121,High Transacting Categories,,3.35,0.29
2017-11,Wire transfers and money orders,4829,High Transacting Categories,,3.06,0.21
2017-11,"Telecommunication services, including local and long distance calls, credit card calls, calls through use of magnetic stripe reading telephones and faxes",4814,High Transacting Categories,,2.96,0.15
2017-11,Department stores,5311,High Transacting Categories,,13.93,0.13
2017-11,Travel agencies and tour operators,4722,High Transacting Categories,,10.33,0.1
2017-11,Bus lines,4131,High Transacting Categories,,6.43,0.09
2017-11,Debt collection agencies,7322,High Transacting Categories,,46.42,0.07
2017-11,Eating places and restaurants,5812,Medium Transacting Categories,,1.14,0.05
2017-11,General contractors residential and commercial,1520,Medium Transacting Categories,,2.85,0.03
2017-11,Miscellaneous food shops convenience and speciality retail outlets,5499,Medium Transacting Categories,,0.22,0.02
2017-11,Theatrical producers (except motion pictures) and ticket agencies,7922,Medium Transacting Categories,,0.71,0.02
2017-11,Business services not elsewhere classified,7399,Medium Transacting Categories,,0.25,0.01
2017-11,"Motor freight carriers and trucking local and long distance, moving and storage companies and local delivery",4214,Medium Transacting Categories,,1.39,0.01
2017-11,Drug stores and pharmacies,5912,Medium Transacting Categories,,0.5,0.01
2017-11,"Betting, including lottery tickets, casino gaming chips, off-track betting and wagers at race tracks",7995,Medium Transacting Categories,,0.49,0.01
2017-11,Motion picture theatres,7832,Medium Transacting Categories,,0.3,0.01
2017-11,Financial institutions merchandise and services,6012,Medium Transacting Categories,,2.97,0.01
2017-11,Miscellaneous general merchandise,5399,All Other Categories,,0.29,0.01
2017-11,Financial institutions automated cash disbursements,6011,All Other Categories,,0.51,0.0
2017-11,"Utilities electric, gas, water and sanitary",4900,All Other Categories,,0.37,0.0
2017-11,LIC,6529,All Other Categories,,1.31,0.0
2017-11,Petroleum and petroleum products,5172,All Other Categories,,0.11,0.0
2017-11,Beauty and barber shops,7230,All Other Categories,,0.21,0.0
2017-11,"Lodging hotels, motels and resorts",7011,All Other Categories,,0.03,0.0
2017-11,Service stations (with or without ancillary services),5541,All Other Categories,,0.04,0.0
2017-11,"Jewellery, watch, clock and silverware shops",5944,All Other Categories,,0.1,0.0
2017-11,Others,Others,All Other Categories,,1.24,0.02
2017-11,Total,,All Other Categories,,366.27,10.5
2017-12,Miscellaneous personal services not elsewhere classified,7299,High Transacting Categories,,164.98,8.61
2017-12,Groceries and supermarkets,5411,High Transacting Categories,,118.75,1.59
2017-12,"Utilities electric, gas, water and sanitary",4900,High Transacting Categories,,33.25,0.44
2017-12,Taxi-cabs and limousines,4121,High Transacting Categories,,4.9,0.41
2017-12,Government services not elsewhere classified,9399,High Transacting Categories,,0.56,0.35
2017-12,Department stores,5311,High Transacting Categories,,33.76,0.27
2017-12,Wire transfers and money orders,4829,High Transacting Categories,,3.21,0.22
2017-12,"Telecommunication services, including local and long distance calls, credit card calls, calls through use of magnetic stripe reading telephones and faxes",4814,High Transacting Categories,,3.68,0.18
2017-12,Bus lines,4131,High Transacting Categories,,11.53,0.14
2017-12,Travel agencies and tour operators,4722,High Transacting Categories,,15.06,0.13
2017-12,Debt collection agencies,7322,Medium Transacting Categories,,81.63,0.11
2017-12,"Jewellery, watch, clock and silverware shops",5944,Medium Transacting Categories,,3.15,0.05
2017-12,General contractors residential and commercial,1520,Medium Transacting Categories,,6.12,0.04
2017-12,Eating places and restaurants,5812,Medium Transacting Categories,,0.73,0.03
2017-12,"Motor freight carriers and trucking local and long distance, moving and storage companies and local delivery",4214,Medium Transacting Categories,,2.98,0.03
2017-12,Business services not elsewhere classified,7399,Medium Transacting Categories,,0.33,0.02
2017-12,Drug stores and pharmacies,5912,Medium Transacting Categories,,0.91,0.02
2017-12,Miscellaneous food shops convenience and speciality retail outlets,5499,Medium Transacting Categories,,0.31,0.02
2017-12,Motion picture theatres,7832,Medium Transacting Categories,,0.59,0.02
2017-12,"Betting, including lottery tickets, casino gaming chips, off-track betting and wagers at race tracks",7995,Medium Transacting Categories,,0.73,0.02
2017-12,Theatrical producers (except motion pictures) and ticket agencies,7922,All Other Categories,,0.68,0.01
2017-12,"Gift, card, novelty and souvenir shops",5947,All Other Categories,,0.82,0.01
2017-12,Financial institutions merchandise and services,6012,All Other Categories,,4.04,0.01
2017-12,Miscellaneous general merchandise,5399,All Other Categories,,0.36,0.01
2017-12,Financial institutions automated cash disbursements,6011,All Other Categories,,0.55,0.01
2017-12,Beauty and barber shops,7230,All Other Categories,,0.54,0.0
2017-12,LIC,6529,All Other Categories,,2.49,0.0
2017-12,Electronics shops,5732,All Other Categories,,0.9,0.0
2017-12,Petroleum and petroleum products,5172,All Other Categories,,0.12,0.0
2017-12,Others,Others,All Other Categories,,1.54,0.02
2017-12,Total,,All Other Categories,,499.2,12.77
2018-01,Miscellaneous personal services not elsewhere classified,7299,High Transacting Categories,,223.4,11.59
2018-01,Groceries and supermarkets,5411,High Transacting Categories,,159.13,2.03
2018-01,"Utilities electric, gas, water and sanitary",4900,High Transacting Categories,,46.36,0.69
2018-01,Taxi-cabs and limousines,4121,High Transacting Categories,,4.98,0.4
2018-01,Department stores,5311,High Transacting Categories,,40.82,0.29
2018-01,"Telecommunication services, including local and long distance calls, credit card calls, calls through use of magnetic stripe reading telephones and faxes",4814,High Transacting Categories,,7.63,0.28
2018-01,Wire transfers and money orders,4829,High Transacting Categories,,3.67,0.23
2018-01,Government services not elsewhere classified,9399,High Transacting Categories,,1.12,0.23
2018-01,Travel agencies and tour operators,4722,High Transacting Categories,,20.63,0.18
2018-01,Debt collection agencies,7322,High Transacting Categories,,88.83,0.12
2018-01,Bus lines,4131,Medium Transacting Categories,,10.09,0.12
2018-01,"Jewellery, watch, clock and silverware shops",5944,Medium Transacting Categories,,3.51,0.07
2018-01,Eating places and restaurants,5812,Medium Transacting Categories,,0.89,0.04
2018-01,"Motor freight carriers and trucking local and long distance, moving and storage companies and local delivery",4214,Medium Transacting Categories,,5.77,0.04
2018-01,General contractors residential and commercial,1520,Medium Transacting Categories,,4.36,0.03
2018-01,Motion picture theatres,7832,Medium Transacting Categories,,0.93,0.03
2018-01,Business services not elsewhere classified,7399,Medium Transacting Categories,,0.51,0.02
2018-01,"Betting, including lottery tickets, casino gaming chips, off-track betting and wagers at race tracks",7995,Medium Transacting Categories,,0.8,0.02
2018-01,Miscellaneous food shops convenience and speciality retail outlets,5499,Medium Transacting Categories,,0.28,0.02
2018-01,Theatrical producers (except motion pictures) and ticket agencies,7922,Medium Transacting Categories,,0.6,0.01
2018-01,Financial institutions merchandise and services,6012,All Other Categories,,5.52,0.01
2018-01,LIC,6529,All Other Categories,,6.9,0.01
2018-01,Drug stores and pharmacies,5912,All Other Categories,,0.43,0.01
2018-01,Financial institutions automated cash disbursements,6011,All Other Categories,,0.72,0.01
2018-01,Advertising services,7311,All Other Categories,,0.2,0.01
2018-01,Electronics shops,5732,All Other Categories,,2.18,0.01
2018-01,Beauty and barber shops,7230,All Other Categories,,0.72,0.01
2018-01,Miscellaneous general merchandise,5399,All Other Categories,,0.44,0.01
2018-01,"Gift, card, novelty and souvenir shops",5947,All Other Categories,,0.45,0.0
2018-01,Others,Others,All Other Categories,,2.75,0.01
2018-01,Total,,All Other Categories,,644.62,16.53
2018-02,Miscellaneous personal services not elsewhere classified,7299,High Transacting Categories,,216.06,11.97
2018-02,Groceries and supermarkets,5411,High Transacting Categories,,179.96,2.68
2018-02,"Utilities electric, gas, water and sanitary",4900,High Transacting Categories,,52.22,0.76
2018-02,Taxi-cabs and limousines,4121,High Transacting Categories,,5.37,0.41
2018-02,Travel agencies and tour operators,4722,High Transacting Categories,,28.74,0.27
2018-02,"Telecommunication services, including local and long distance calls, credit card calls, calls through use of magnetic stripe reading telephones and faxes",4814,High Transacting Categories,,5.53,0.24
2018-02,Wire transfers and money orders,4829,High Transacting Categories,,3.32,0.21
2018-02,Department stores,5311,High Transacting Categories,,22.29,0.2
2018-02,Government services not elsewhere classified,9399,High Transacting Categories,,1.83,0.16
2018-02,Debt collection agencies,7322,High Transacting Categories,,98.43,0.14
2018-02,Bus lines,4131,Medium Transacting Categories,,8.07,0.1
2018-02,"Jewellery, watch, clock and silverware shops",5944,Medium Transacting Categories,,4.87,0.08
2018-02,Eating places and restaurants,5812,Medium Transacting Categories,,1.35,0.07
2018-02,Business services not elsewhere classified,7399,Medium Transacting Categories,,1.13,0.05
2018-02,"Motor freight carriers and trucking local and long distance, moving and storage companies and local delivery",4214,Medium Transacting Categories,,3.39,0.02
2018-02,"Betting, including lottery tickets, casino gaming chips, off-track betting and wagers at race tracks",7995,Medium Transacting Categories,,1.1,0.02
2018-02,Motion picture theatres,7832,Medium Transacting Categories,,0.68,0.02
2018-02,Advertising services,7311,Medium Transacting Categories,,0.55,0.02
2018-02,Miscellaneous food shops convenience and speciality retail outlets,5499,Medium Transacting Categories,,0.33,0.02
2018-02,Theatrical producers (except motion pictures) and ticket agencies,7922,Medium Transacting Categories,,0.86,0.02
2018-02,LIC,6529,All Other Categories,,12.1,0.02
2018-02,General contractors residential and commercial,1520,All Other Categories,,1.54,0.02
2018-02,Financial institutions merchandise and services,6012,All Other Categories,,11.09,0.02
2018-02,Drug stores and pharmacies,5912,All Other Categories,,0.48,0.02
2018-02,Direct marketing combination catalogue and retail merchants,5965,All Other Categories,,1.73,0.01
2018-02,Beauty and barber shops,7230,All Other Categories,,1.43,0.01
2018-02,Financial institutions automated cash disbursements,6011,All Other Categories,,0.7,0.01
2018-02,Electronics shops,5732,All Other Categories,,2.79,0.01
2018-02,Miscellaneous general merchandise,5399,All Other Categories,,0.52,0.01
2018-02,Others,Others,All Other Categories,,6.47,0.03
2018-02,Total,,All Other Categories,,674.93,17.62
2018-03,Miscellaneous personal services not elsewhere classified,7299,High Transacting Categories,,267.06,14.56
2018-03,Groceries and supermarkets,5411,High Transacting Categories,,247.7,3.96
2018-03,"Utilities electric, gas, water and sanitary",4900,High Transacting Categories,,78.69,1.18
2018-03,Taxi-cabs and limousines,4121,High Transacting Categories,,7.7,0.56
2018-03,Travel agencies and tour operators,4722,High Transacting Categories,,43.28,0.44
2018-03,Wire transfers and money orders,4829,High Transacting Categories,,3.98,0.25
2018-03,"Telecommunication services, including local and long distance calls, credit card calls, calls through use of magnetic stripe reading telephones and faxes",4814,High Transacting Categories,,5.09,0.24
2018-03,Debt collection agencies,7322,High Transacting Categories,,144.42,0.24
2018-03,Government services not elsewhere classified,9399,High Transacting Categories,,3.1,0.22
2018-03,Department stores,5311,High Transacting Categories,,33.89,0.21
2018-03,Bus lines,4131,Medium Transacting Categories,,9.77,0.12
2018-03,Eating places and restaurants,5812,Medium Transacting Categories,,2.32,0.11
2018-03,"Jewellery, watch, clock and silverware shops",5944,Medium Transacting Categories,,4.13,0.08
2018-03,Business services not elsewhere classified,7399,Medium Transacting Categories,,1.42,0.06
2018-03,Securities brokers and dealers,6211,Medium Transacting Categories,,42.89,0.05
2018-03,Drug stores and pharmacies,5912,Medium Transacting Categories,,1.16,0.03
2018-03,Financial institutions automated cash disbursements,6011,Medium Transacting Categories,,1.3,0.03
2018-03,"Betting, including lottery tickets, casino gaming chips, off-track betting and wagers at race tracks",7995,Medium Transacting Categories,,1.43,0.03
2018-03,Electronics shops,5732,Medium Transacting Categories,,18.15,0.03
2018-03,Miscellaneous food shops convenience and speciality retail outlets,5499,Medium Transacting Categories,,0.52,0.03
2018-03,"Motor freight carriers and trucking local and long distance, moving and storage companies and local delivery",4214,All Other Categories,,3.42,0.02
2018-03,LIC,6529,All Other Categories,,15.59,0.02
2018-03,Advertising services,7311,All Other Categories,,0.68,0.02
2018-03,Direct marketing combination catalogue and retail merchants,5965,All Other Categories,,2.39,0.02
2018-03,Motion picture theatres,7832,All Other Categories,,0.59,0.02
2018-03,Financial institutions merchandise and services,6012,All Other Categories,,11.49,0.02
2018-03,Beauty and barber shops,7230,All Other Categories,,1.48,0.01
2018-03,Automated fuel dispensers,5542,All Other Categories,,0.29,0.01
2018-03,General contractors residential and commercial,1520,All Other Categories,,1.12,0.01
2018-03,Others,Others,All Other Categories,,8.11,0.1
2018-03,Total,,All Other Categories,,963.16,22.68
2018-04,Miscellaneous personal services not elsewhere classified,7299,High Transacting Categories,,330.09,17.64
2018-04,Groceries and supermarkets,5411,High Transacting Categories,,318.78,6.04
2018-04,"Utilities electric, gas, water and sanitary",4900,High Transacting Categories,,93.98,1.44
2018-04,Telecommunication equipment and telephone sales,4812,High Transacting Categories,,11.2,0.64
2018-04,Taxi-cabs and limousines,4121,High Transacting Categories,,8.51,0.58
2018-04,"Telecommunication services, including local and long distance calls, credit card calls, calls through use of magnetic stripe reading telephones and faxes",4814,High Transacting Categories,,12.15,0.53
2018-04,Travel agencies and tour operators,4722,High Transacting Categories,,54.04,0.51
2018-04,Department stores,5311,High Transacting Categories,,59.75,0.33
2018-04,Debt collection agencies,7322,High Transacting Categories,,169.94,0.27
2018-04,Eating places and restaurants,5812,High Transacting Categories,,5.43,0.25
2018-04,Wire transfers and money orders,4829,Medium Transacting Categories,,3.94,0.24
2018-04,Government services not elsewhere classified,9399,Medium Transacting Categories,,3.22,0.17
2018-04,Bus lines,4131,Medium Transacting Categories,,12.46,0.13
2018-04,Securities brokers and dealers,6211,Medium Transacting Categories,,126.14,0.13
2018-04,"Jewellery, watch, clock and silverware shops",5944,Medium Transacting Categories,,6.58,0.09
2018-04,Miscellaneous general merchandise,5399,Medium Transacting Categories,,4.74,0.09
2018-04,Business services not elsewhere classified,7399,Medium Transacting Categories,,1.87,0.06
2018-04,"Betting, including lottery tickets, casino gaming chips, off-track betting and wagers at race tracks",7995,Medium Transacting Categories,,1.95,0.05
2018-04,Drug stores and pharmacies,5912,Medium Transacting Categories,,1.45,0.05
2018-04,"Motor freight carriers and trucking local and long distance, moving and storage companies and local delivery",4214,Medium Transacting Categories,,4.02,0.04
2018-04,Financial institutions automated cash disbursements,6011,All Other Categories,,1.65,0.04
2018-04,Motion picture theatres,7832,All Other Categories,,1.11,0.04
2018-04,Electronics shops,5732,All Other Categories,,17.97,0.04
2018-04,Financial institutions merchandise and services,6012,All Other Categories,,15.75,0.04
2018-04,Miscellaneous food shops convenience and speciality retail outlets,5499,All Other Categories,,0.53,0.03
2018-04,LIC,6529,All Other Categories,,13.59,0.02
2018-04,Beauty and barber shops,7230,All Other Categories,,1.8,0.02
2018-04,Direct marketing combination catalogue and retail merchants,5965,All Other Categories,,2.07,0.02
2018-04,Passenger railways,4112,All Other Categories,,1.15,0.02
2018-04,Others,Others,All Other Categories,,9.99,0.1
2018-04,Total,,All Other Categories,,1295.85,29.65
2018-05,Miscellaneous personal services not elsewhere classified,7299,High Transacting Categories,,321.88,18.62
2018-05,Groceries and supermarkets,5411,High Transacting Categories,,424.69,6.98
2018-05,Telecommunication equipment and telephone sales,4812,High Transacting Categories,,44.96,2.39
2018-05,"Utilities electric, gas, water and sanitary",4900,High Transacting Categories,,153.9,1.88
2018-05,Financial institutions merchandise and services,6012,High Transacting Categories,,78.11,1.28
2018-05,"Telecommunication services, including local and long distance calls, credit card calls, calls through use of magnetic stripe reading telephones and faxes",4814,High Transacting Categories,,15.82,0.72
2018-05,Travel agencies and tour operators,4722,High Transacting Categories,,68.33,0.63
2018-05,Taxi-cabs and limousines,4121,High Transacting Categories,,8.27,0.53
2018-05,Eating places and restaurants,5812,High Transacting Categories,,7.54,0.34
2018-05,Department stores,5311,High Transacting Categories,,83.27,0.31
2018-05,Debt collection agencies,7322,Medium Transacting Categories,,211.85,0.31
2018-05,Miscellaneous general merchandise,5399,Medium Transacting Categories,,17.86,0.3
2018-05,Wire transfers and money orders,4829,Medium Transacting Categories,,4.27,0.26
2018-05,Securities brokers and dealers,6211,Medium Transacting Categories,,165.72,0.18
2018-05,Bus lines,4131,Medium Transacting Categories,,16.51,0.17
2018-05,Government services not elsewhere classified,9399,Medium Transacting Categories,,4.4,0.11
2018-05,"Jewellery, watch, clock and silverware shops",5944,Medium Transacting Categories,,3.58,0.11
2018-05,Financial institutions automated cash disbursements,6011,Medium Transacting Categories,,2.68,0.08
2018-05,Business services not elsewhere classified,7399,Medium Transacting Categories,,2.9,0.07
2018-05,Passenger railways,4112,Medium Transacting Categories,,1.28,0.07
2018-05,Drug stores and pharmacies,5912,All Other Categories,,1.92,0.06
2018-05,"Betting, including lottery tickets, casino gaming chips, off-track betting and wagers at race tracks",7995,All Other Categories,,2.65,0.06
2018-05,Electronics shops,5732,All Other Categories,,24.5,0.04
2018-05,"Motor freight carriers and trucking local and long distance, moving and storage companies and local delivery",4214,All Other Categories,,3.58,0.04
2018-05,Miscellaneous food shops convenience and speciality retail outlets,5499,All Other Categories,,0.8,0.04
2018-05,Fast food restaurants,5814,All Other Categories,,0.85,0.03
2018-05,Motion picture theatres,7832,All Other Categories,,0.91,0.03
2018-05,Dairies,5451,All Other Categories,,0.17,0.02
2018-05,Cable and other pay television services,4899,All Other Categories,,1.21,0.02
2018-05,Others,Others,All Other Categories,,31.4,0.17
2018-05,Total,,All Other Categories,,1705.81,35.85
2018-06,Miscellaneous personal services not elsewhere classified,7299,High Transacting Categories,,453.62,21.35
2018-06,Groceries and supermarkets,5411,High Transacting Categories,,384.44,5.38
2018-06,Financial institutions merchandise and services,6012,High Transacting Categories,,257.77,4.6
2018-06,Telecommunication equipment and telephone sales,4812,High Transacting Categories,,65.85,3.51
2018-06,"Utilities electric, gas, water and sanitary",4900,High Transacting Categories,,211.18,2.19
2018-06,"Telecommunication services, including local and long distance calls, credit card calls, calls through use of magnetic stripe reading telephones and faxes",4814,High Transacting Categories,,33.16,1.25
2018-06,Travel agencies and tour operators,4722,High Transacting Categories,,88.32,0.79
2018-06,Eating places and restaurants,5812,High Transacting Categories,,12.69,0.57
2018-06,Taxi-cabs and limousines,4121,High Transacting Categories,,9.14,0.52
2018-06,Department stores,5311,High Transacting Categories,,74.82,0.5
2018-06,Miscellaneous general merchandise,5399,Medium Transacting Categories,,31.7,0.45
2018-06,Debt collection agencies,7322,Medium Transacting Categories,,226.76,0.31
2018-06,Wire transfers and money orders,4829,Medium Transacting Categories,,4.21,0.25
2018-06,Bus lines,4131,Medium Transacting Categories,,20.26,0.22
2018-06,Securities brokers and dealers,6211,Medium Transacting Categories,,167.5,0.19
2018-06,"Jewellery, watch, clock and silverware shops",5944,Medium Transacting Categories,,3.83,0.16
2018-06,Financial institutions automated cash disbursements,6011,Medium Transacting Categories,,8.52,0.13
2018-06,Passenger railways,4112,Medium Transacting Categories,,1.92,0.12
2018-06,Business services not elsewhere classified,7399,Medium Transacting Categories,,4.36,0.09
2018-06,Drug stores and pharmacies,5912,Medium Transacting Categories,,2.51,0.09
2018-06,Government services not elsewhere classified,9399,All Other Categories,,6.94,0.08
2018-06,Dairies,5451,All Other Categories,,0.39,0.07
2018-06,Miscellaneous food shops convenience and speciality retail outlets,5499,All Other Categories,,1.78,0.07
2018-06,Fast food restaurants,5814,All Other Categories,,1.04,0.05
2018-06,"Motor freight carriers and trucking local and long distance, moving and storage companies and local delivery",4214,All Other Categories,,4.02,0.04
2018-06,Cable and other pay television services,4899,All Other Categories,,1.72,0.04
2018-06,Electronics shops,5732,All Other Categories,,16.22,0.04
2018-06,Digital Goods: Games,5816,All Other Categories,,2.1,0.03
2018-06,LIC,6529,All Other Categories,,19.59,0.03
2018-06,Others,Others,All Other Categories,,30.08,0.25
2018-06,Total,,All Other Categories,,2146.44,43.37
2018-07,Miscellaneous personal services not elsewhere classified,7299,High Transacting Categories,,488.44,23.28
2018-07,Business services not elsewhere classified,7399,High Transacting Categories,,297.73,6.2
2018-07,Groceries and supermarkets,5411,High Transacting Categories,,405.68,6.14
2018-07,Telecommunication equipment and telephone sales,4812,High Transacting Categories,,93.25,4.98
2018-07,"Utilities electric, gas, water and sanitary",4900,High Transacting Categories,,240.64,2.51
2018-07,"Telecommunication services, including local and long distance calls, credit card calls, calls through use of magnetic stripe reading telephones and faxes",4814,High Transacting Categories,,32.84,1.19
2018-07,Travel agencies and tour operators,4722,High Transacting Categories,,105.9,0.93
2018-07,Financial institutions merchandise and services,6012,High Transacting Categories,,59.9,0.75
2018-07,Miscellaneous general merchandise,5399,High Transacting Categories,,47.95,0.72
2018-07,Eating places and restaurants,5812,High Transacting Categories,,14.25,0.7
2018-07,Taxi-cabs and limousines,4121,Medium Transacting Categories,,13.91,0.67
2018-07,Debt collection agencies,7322,Medium Transacting Categories,,284.63,0.62
2018-07,Department stores,5311,Medium Transacting Categories,,57.83,0.36
2018-07,Wire transfers and money orders,4829,Medium Transacting Categories,,5.13,0.29
2018-07,Securities brokers and dealers,6211,Medium Transacting Categories,,228.17,0.27
2018-07,Bus lines,4131,Medium Transacting Categories,,19.68,0.23
2018-07,Dairies,5451,Medium Transacting Categories,,0.79,0.15
2018-07,Drug stores and pharmacies,5912,Medium Transacting Categories,,3.56,0.13
2018-07,Direct marketing combination catalogue and retail merchants,5965,Medium Transacting Categories,,6.11,0.13
2018-07,Miscellaneous food shops convenience and speciality retail outlets,5499,Medium Transacting Categories,,2.45,0.1
2018-07,"Jewellery, watch, clock and silverware shops",5944,All Other Categories,,3.27,0.09
2018-07,Government services not elsewhere classified,9399,All Other Categories,,11.49,0.07
2018-07,Digital Goods: Games,5816,All Other Categories,,3.79,0.07
2018-07,Financial institutions automated cash disbursements,6011,All Other Categories,,5.89,0.07
2018-07,Fast food restaurants,5814,All Other Categories,,1.34,0.06
2018-07,"Motor freight carriers and trucking local and long distance, moving and storage companies and local delivery",4214,All Other Categories,,4.09,0.06
2018-07,Cable and other pay television services,4899,All Other Categories,,2.11,0.05
2018-07,Motion picture theatres,7832,All Other Categories,,1.79,0.05
2018-07,Electronics shops,5732,All Other Categories,,13.76,0.04
2018-07,Others,Others,All Other Categories,,64.95,0.4
2018-07,Total,,All Other Categories,,2521.32,51.31
2018-08,Miscellaneous personal services not elsewhere classified,7299,High Transacting Categories,,472.95,24.2
2018-08,Groceries and supermarkets,5411,High Transacting Categories,,426.47,8.21
2018-08,Business services not elsewhere classified,7399,High Transacting Categories,,380.73,8.01
2018-08,Telecommunication equipment and telephone sales,4812,High Transacting Categories,,96.59,5.27
2018-08,"Utilities electric, gas, water and sanitary",4900,High Transacting Categories,,257.51,2.82
2018-08,"Telecommunication services, including local and long distance calls, credit card calls, calls through use of magnetic stripe reading telephones and faxes",4814,High Transacting Categories,,29.67,1.08
2018-08,Travel agencies and tour operators,4722,High Transacting Categories,,118.44,1.06
2018-08,Debt collection agencies,7322,High Transacting Categories,,353.35,0.99
2018-08,Eating places and restaurants,5812,High Transacting Categories,,18.11,0.9
2018-08,Taxi-cabs and limousines,4121,High Transacting Categories,,20.55,0.77
2018-08,Miscellaneous general merchandise,5399,Medium Transacting Categories,,57.2,0.77
2018-08,Government services not elsewhere classified,9399,Medium Transacting Categories,,21.64,0.7
2018-08,Passenger railways,4112,Medium Transacting Categories,,29.74,0.44
2018-08,Department stores,5311,Medium Transacting Categories,,56.32,0.41
2018-08,Securities brokers and dealers,6211,Medium Transacting Categories,,316.68,0.37
2018-08,Direct marketing combination catalogue and retail merchants,5965,Medium Transacting Categories,,12.85,0.36
2018-08,Dairies,5451,Medium Transacting Categories,,1.63,0.34
2018-08,Wire transfers and money orders,4829,Medium Transacting Categories,,5.66,0.32
2018-08,Debit card to wallet credit (Wallet top up),6540,Medium Transacting Categories,,8.14,0.2
2018-08,Miscellaneous food shops convenience and speciality retail outlets,5499,Medium Transacting Categories,,3.28,0.16
2018-08,Drug stores and pharmacies,5912,All Other Categories,,3.95,0.16
2018-08,Bus lines,4131,All Other Categories,,9.97,0.12
2018-08,Theatrical producers (except motion pictures) and ticket agencies,7922,All Other Categories,,5.19,0.12
2018-08,"Motor freight carriers and trucking local and long distance, moving and storage companies and local delivery",4214,All Other Categories,,5.15,0.1
2018-08,Financial institutions merchandise and services,6012,All Other Categories,,29.65,0.09
2018-08,Fast food restaurants,5814,All Other Categories,,1.61,0.08
2018-08,Digital Goods: Games,5816,All Other Categories,,4.53,0.08
2018-08,"Jewellery, watch, clock and silverware shops",5944,All Other Categories,,3.35,0.07
2018-08,Electronics shops,5732,All Other Categories,,20.38,0.07
2018-08,Others,Others,All Other Categories,,83.72,0.56
2018-08,Total,,All Other Categories,,2855.01,58.83
2018-09,Miscellaneous personal services not elsewhere classified,7299,High Transacting Categories,,479.31,25.11
2018-09,Groceries and supermarkets,5411,High Transacting Categories,,553.76,12.46
2018-09,Business services not elsewhere classified,7399,High Transacting Categories,,536.98,11.36
2018-09,Telecommunication equipment and telephone sales,4812,High Transacting Categories,,112.29,5.63
2018-09,"Utilities electric, gas, water and sanitary",4900,High Transacting Categories,,235.7,2.69
2018-09,"Telecommunication services, including local and long distance calls, credit card calls, calls through use of magnetic stripe reading telephones and faxes",4814,High Transacting Categories,,38.05,1.43
2018-09,Miscellaneous general merchandise,5399,High Transacting Categories,,67.4,1.25
2018-09,Eating places and restaurants,5812,High Transacting Categories,,22.55,1.19
2018-09,Debt collection agencies,7322,High Transacting Categories,,395.87,1.14
2018-09,Travel agencies and tour operators,4722,High Transacting Categories,,140.51,1.13
2018-09,Taxi-cabs and limousines,4121,Medium Transacting Categories,,19.05,0.79
2018-09,Passenger railways,4112,Medium Transacting Categories,,47.86,0.72
2018-09,Direct marketing combination catalogue and retail merchants,5965,Medium Transacting Categories,,25.1,0.55
2018-09,Dairies,5451,Medium Transacting Categories,,2.22,0.5
2018-09,Securities brokers and dealers,6211,Medium Transacting Categories,,411.16,0.48
2018-09,Department stores,5311,Medium Transacting Categories,,58.81,0.43
2018-09,Government services not elsewhere classified,9399,Medium Transacting Categories,,10.88,0.33
2018-09,Miscellaneous food shops convenience and speciality retail outlets,5499,Medium Transacting Categories,,5.31,0.28
2018-09,Wire transfers and money orders,4829,Medium Transacting Categories,,4.61,0.26
2018-09,Debit card to wallet credit (Wallet top up),6540,Medium Transacting Categories,,10.66,0.25
2018-09,"Motor freight carriers and trucking local and long distance, moving and storage companies and local delivery",4214,All Other Categories,,5.5,0.23
2018-09,Drug stores and pharmacies,5912,All Other Categories,,6.08,0.2
2018-09,Theatrical producers (except motion pictures) and ticket agencies,7922,All Other Categories,,8.2,0.18
2018-09,Service stations (with or without ancillary services),5541,All Other Categories,,2.79,0.16
2018-09,Financial institutions merchandise and services,6012,All Other Categories,,39.0,0.1
2018-09,Fast food restaurants,5814,All Other Categories,,1.77,0.1
2018-09,"Local and suburban commuter passenger transportation, including ferries",4111,All Other Categories,,1.18,0.09
2018-09,Digital Goods: Games,5816,All Other Categories,,4.53,0.08
2018-09,General contractors residential and commercial,1520,All Other Categories,,15.32,0.07
2018-09,Others,Others,All Other Categories,,111.94,0.81
2018-09,Total,,All Other Categories,,3374.39,70.0
2018-10,Miscellaneous personal services not elsewhere classified,7299,High Transacting Categories,,609.06,29.64
2018-10,Groceries and supermarkets,5411,High Transacting Categories,,756.07,21.4
2018-10,Business services not elsewhere classified,7399,High Transacting Categories,,746.03,15.51
2018-10,Telecommunication equipment and telephone sales,4812,High Transacting Categories,,144.34,7.24
2018-10,"Utilities electric, gas, water and sanitary",4900,High Transacting Categories,,282.58,3.2
2018-10,Miscellaneous general merchandise,5399,High Transacting Categories,,124.72,1.85
2018-10,Department stores,5311,High Transacting Categories,,268.91,1.79
2018-10,Travel agencies and tour operators,4722,High Transacting Categories,,201.72,1.49
2018-10,Eating places and restaurants,5812,High Transacting Categories,,26.03,1.46
2018-10,Taxi-cabs and limousines,4121,High Transacting Categories,,33.33,1.43
2018-10,"Telecommunication services, including local and long distance calls, credit card calls, calls through use of magnetic stripe reading telephones and faxes",4814,Medium Transacting Categories,,37.39,1.43
2018-10,Debt collection agencies,7322,Medium Transacting Categories,,458.31,1.25
2018-10,Miscellaneous food shops convenience and speciality retail outlets,5499,Medium Transacting Categories,,9.25,1.19
2018-10,Passenger railways,4112,Medium Transacting Categories,,60.09,0.87
2018-10,Dairies,5451,Medium Transacting Categories,,2.85,0.67
2018-10,Service stations (with or without ancillary services),5541,Medium Transacting Categories,,8.71,0.64
2018-10,Direct marketing combination catalogue and retail merchants,5965,Medium Transacting Categories,,33.29,0.62
2018-10,Securities brokers and dealers,6211,Medium Transacting Categories,,487.99,0.59
2018-10,Theatrical producers (except motion pictures) and ticket agencies,7922,Medium Transacting Categories,,23.74,0.5
2018-10,Debit card to wallet credit (Wallet top up),6540,Medium Transacting Categories,,13.09,0.32
2018-10,Government services not elsewhere classified,9399,All Other Categories,,11.41,0.32
2018-10,Drug stores and pharmacies,5912,All Other Categories,,8.38,0.24
2018-10,"Local and suburban commuter passenger transportation, including ferries",4111,All Other Categories,,3.26,0.24
2018-10,"Motor freight carriers and trucking local and long distance, moving and storage companies and local delivery",4214,All Other Categories,,10.26,0.19
2018-10,Financial institutions merchandise and services,6012,All Other Categories,,48.41,0.13
2018-10,Employment agencies and temporary help services,7361,All Other Categories,,1.66,0.13
2018-10,Fast food restaurants,5814,All Other Categories,,2.58,0.12
2018-10,Digital Goods: Games,5816,All Other Categories,,6.24,0.12
2018-10,Bus lines,4131,All Other Categories,,7.12,0.09
2018-10,Others,Others,All Other Categories,,167.13,1.11
2018-10,Total,,All Other Categories,,4593.95,95.78
2018-11,Groceries and supermarkets,5411,High Transacting Categories,,900.07,30.35
2018-11,Miscellaneous personal services not elsewhere classified,7299,High Transacting Categories,,551.57,30.1
2018-11,Business services not elsewhere classified,7399,High Transacting Categories,,815.84,17.4
2018-11,Telecommunication equipment and telephone sales,4812,High Transacting Categories,,160.32,8.73
2018-11,Miscellaneous food shops convenience and speciality retail outlets,5499,High Transacting Categories,,18.67,4.86
2018-11,"Utilities electric, gas, water and sanitary",4900,High Transacting Categories,,295.77,3.53
2018-11,Eating places and restaurants,5812,High Transacting Categories,,32.21,1.87
2018-11,Taxi-cabs and limousines,4121,High Transacting Categories,,45.05,1.68
2018-11,"Telecommunication services, including local and long distance calls, credit card calls, calls through use of magnetic stripe reading telephones and faxes",4814,High Transacting Categories,,40.64,1.62
2018-11,Miscellaneous general merchandise,5399,High Transacting Categories,,137.08,1.5
2018-11,Service stations (with or without ancillary services),5541,Medium Transacting Categories,,17.35,1.48
2018-11,Travel agencies and tour operators,4722,Medium Transacting Categories,,201.64,1.35
2018-11,Debt collection agencies,7322,Medium Transacting Categories,,516.57,1.32
2018-11,Department stores,5311,Medium Transacting Categories,,184.51,1.31
2018-11,Passenger railways,4112,Medium Transacting Categories,,69.54,0.94
2018-11,Direct marketing combination catalogue and retail merchants,5965,Medium Transacting Categories,,35.62,0.68
2018-11,Dairies,5451,Medium Transacting Categories,,2.69,0.64
2018-11,Securities brokers and dealers,6211,Medium Transacting Categories,,417.34,0.56
2018-11,Theatrical producers (except motion pictures) and ticket agencies,7922,Medium Transacting Categories,,24.12,0.51
2018-11,Government services not elsewhere classified,9399,Medium Transacting Categories,,16.08,0.38
2018-11,Debit card to wallet credit (Wallet top up),6540,All Other Categories,,14.57,0.35
2018-11,"Local and suburban commuter passenger transportation, including ferries",4111,All Other Categories,,3.83,0.28
2018-11,Drug stores and pharmacies,5912,All Other Categories,,9.42,0.27
2018-11,Digital Goods: Games,5816,All Other Categories,,8.03,0.16
2018-11,Fast food restaurants,5814,All Other Categories,,3.38,0.15
2018-11,Employment agencies and temporary help services,7361,All Other Categories,,2.23,0.15
2018-11,Bus lines,4131,All Other Categories,,11.4,0.14
2018-11,Financial institutions merchandise and services,6012,All Other Categories,,43.8,0.13
2018-11,Railroads,4011,All Other Categories,,2.54,0.11
2018-11,Others,Others,All Other Categories,,240.63,1.41
2018-11,Total,,All Other Categories,,4822.51,113.96
2018-12,"Drinking places (alcoholic beverages) bars, taverns, night-clubs, cocktail lounges and discothques",5813,High Transacting Categories,,1095.43,37.94
2018-12,"Drugs, drug proprietors",5122,High Transacting Categories,,639.5,37.29
2018-12,Tolls and bridge fees,4784,High Transacting Categories,,948.66,21.71
2018-12,Campanile,3672,High Transacting Categories,,178.51,10.18
2018-12,Used merchandise and second-hand shops,5931,High Transacting Categories,,44.43,5.37
2018-12,Alcoholic beverage wholesalers,5715,High Transacting Categories,,354.47,4.46
2018-12,Employment agencies and temporary help services,7361,High Transacting Categories,,41.18,2.35
2018-12,Tropical Rent-A-Car,3385,High Transacting Categories,,54.35,2.24
2018-12,"Roofing, siding and sheet metal work contractors",1761,High Transacting Categories,,57.16,2.18
2018-12,"Telecommunication services, including local and long distance calls, credit card calls, calls through use of magnetic stripe reading telephones and faxes",4814,High Transacting Categories,,26.8,1.9
2018-12,Womens ready-to-wear shops,5621,Medium Transacting Categories,,669.2,1.8
2018-12,Petroleum and petroleum products,5172,Medium Transacting Categories,,135.47,1.73
2018-12,Shoe shops,5661,Medium Transacting Categories,,220.73,1.48
2018-12,Office and commercial furniture,5021,Medium Transacting Categories,,89.37,1.22
2018-12,"Speciality cleaning, polishing and sanitation preparations",2842,Medium Transacting Categories,,141.5,1.11
2018-12,AFFILIATED AUTO RENTAL,3351,Medium Transacting Categories,,3.74,0.9
2018-12,Camera and photographic supply shops,5946,Medium Transacting Categories,,41.08,0.83
2018-12,"Architectural, engineering and surveying services",8911,Medium Transacting Categories,,35.95,0.67
2018-12,Electronics shops,5732,Medium Transacting Categories,,431.73,0.61
2018-12,Debt collection agencies,7322,Medium Transacting Categories,,23.15,0.6
2018-12,Durable goods not elsewhere classified,5099,All Other Categories,,8.13,0.45
2018-12,Computer maintenance and repair services not elsewhere classified,7379,All Other Categories,,18.42,0.44
2018-12,Sporting and recreational camps,7032,All Other Categories,,19.01,0.42
2018-12,Direct marketing catalogue merchants,5964,All Other Categories,,13.76,0.39
2018-12,Non-durable goods not elsewhere classified,5199,All Other Categories,,11.91,0.35
2018-12,"Heating, plumbing and air-conditioning contractors",1711,All Other Categories,,4.69,0.31
2018-12,Beauty and barber shops,7230,All Other Categories,,51.79,0.18
2018-12,Podiatrists and chiropodists,8049,All Other Categories,,14.46,0.17
2018-12,Childrens and infants wear shops,5641,All Other Categories,,2.21,0.14
2018-12,Others,Others,All Other Categories,,313.92,1.85
2018-12,Total,,All Other Categories,,5690.71,141.27
2019-01,Miscellaneous personal services not elsewhere classified,7299,High Transacting Categories,,740.9,42.06
2019-01,Groceries and supermarkets,5411,High Transacting Categories,,969.24,33.66
2019-01,Business services not elsewhere classified,7399,High Transacting Categories,,1047.16,24.53
2019-01,Telecommunication equipment and telephone sales,4812,High Transacting Categories,,186.3,10.1
2019-01,"Utilities electric, gas, water and sanitary",4900,High Transacting Categories,,395.1,5.31
2019-01,"Telecommunication services, including local and long distance calls, credit card calls, calls through use of magnetic stripe reading telephones and faxes",4814,High Transacting Categories,,75.2,2.81
2019-01,Miscellaneous food shops convenience and speciality retail outlets,5499,High Transacting Categories,,41.19,2.68
2019-01,Taxi-cabs and limousines,4121,High Transacting Categories,,55.07,2.38
2019-01,Debt collection agencies,7322,High Transacting Categories,,885.18,2.2
2019-01,Eating places and restaurants,5812,High Transacting Categories,,33.75,2.02
2019-01,Miscellaneous general merchandise,5399,Medium Transacting Categories,,94.45,1.71
2019-01,Travel agencies and tour operators,4722,Medium Transacting Categories,,233.37,1.48
2019-01,Passenger railways,4112,Medium Transacting Categories,,108.65,1.48
2019-01,Fast food restaurants,5814,Medium Transacting Categories,,24.3,1.46
2019-01,Service stations (with or without ancillary services),5541,Medium Transacting Categories,,29.5,1.4
2019-01,Dairies,5451,Medium Transacting Categories,,4.37,1.1
2019-01,Department stores,5311,Medium Transacting Categories,,116.65,0.97
2019-01,Digital Goods: Games,5816,Medium Transacting Categories,,24.42,0.87
2019-01,Buying and shopping services and clubs,7278,Medium Transacting Categories,,34.56,0.85
2019-01,Direct marketing combination catalogue and retail merchants,5965,Medium Transacting Categories,,41.72,0.82
2019-01,Securities brokers and dealers,6211,All Other Categories,,520.98,0.73
2019-01,Theatrical producers (except motion pictures) and ticket agencies,7922,All Other Categories,,29.01,0.63
2019-01,Government services not elsewhere classified,9399,All Other Categories,,43.39,0.61
2019-01,Debit card to wallet credit (Wallet top up),6540,All Other Categories,,22.92,0.51
2019-01,Drug stores and pharmacies,5912,All Other Categories,,15.79,0.43
2019-01,"Local and suburban commuter passenger transportation, including ferries",4111,All Other Categories,,6.67,0.43
2019-01,Railroads,4011,All Other Categories,,5.83,0.2
2019-01,Employment agencies and temporary help services,7361,All Other Categories,,2.72,0.19
2019-01,Financial institutions merchandise and services,6012,All Other Categories,,54.84,0.19
2019-01,Others,Others,All Other Categories,,364.72,2.3
2019-01,Total,,All Other Categories,,6207.95,146.1
2019-02,Miscellaneous personal services not elsewhere classified,7299,High Transacting Categories,,679.03,40.64
2019-02,Groceries and supermarkets,5411,High Transacting Categories,,995.28,34.21
2019-02,Business services not elsewhere classified,7399,High Transacting Categories,,1164.8,28.54
2019-02,Telecommunication equipment and telephone sales,4812,High Transacting Categories,,178.78,9.72
2019-02,"Utilities electric, gas, water and sanitary",4900,High Transacting Categories,,407.35,5.91
2019-02,Miscellaneous food shops convenience and speciality retail outlets,5499,High Transacting Categories,,62.38,5.11
2019-02,"Telecommunication services, including local and long distance calls, credit card calls, calls through use of magnetic stripe reading telephones and faxes",4814,High Transacting Categories,,76.91,3.06
2019-02,Taxi-cabs and limousines,4121,High Transacting Categories,,51.88,2.37
2019-02,Debt collection agencies,7322,High Transacting Categories,,901.17,2.15
2019-02,Eating places and restaurants,5812,High Transacting Categories,,32.62,2.13
2019-02,Government services not elsewhere classified,9399,Medium Transacting Categories,,52.56,2.01
2019-02,Fast food restaurants,5814,Medium Transacting Categories,,28.65,1.78
2019-02,Service stations (with or without ancillary services),5541,Medium Transacting Categories,,37.07,1.64
2019-02,Miscellaneous general merchandise,5399,Medium Transacting Categories,,77.4,1.51
2019-02,Travel agencies and tour operators,4722,Medium Transacting Categories,,231.93,1.44
2019-02,Passenger railways,4112,Medium Transacting Categories,,102.09,1.38
2019-02,Digital Goods: Games,5816,Medium Transacting Categories,,26.43,1.09
2019-02,Dairies,5451,Medium Transacting Categories,,4.37,0.97
2019-02,Department stores,5311,Medium Transacting Categories,,101.71,0.9
2019-02,Direct marketing combination catalogue and retail merchants,5965,Medium Transacting Categories,,38.08,0.76
2019-02,Securities brokers and dealers,6211,All Other Categories,,464.62,0.71
2019-02,Debit card to wallet credit (Wallet top up),6540,All Other Categories,,26.15,0.57
2019-02,"Local and suburban commuter passenger transportation, including ferries",4111,All Other Categories,,7.6,0.5
2019-02,Theatrical producers (except motion pictures) and ticket agencies,7922,All Other Categories,,21.1,0.46
2019-02,Drug stores and pharmacies,5912,All Other Categories,,15.75,0.42
2019-02,Employment agencies and temporary help services,7361,All Other Categories,,3.75,0.28
2019-02,Financial institutions merchandise and services,6012,All Other Categories,,62.19,0.24
2019-02,Railroads,4011,All Other Categories,,5.9,0.19
2019-02,Miscellaneous publishing and printing services,2741,All Other Categories,,1.71,0.16
2019-02,Others,Others,All Other Categories,,351.23,2.65
2019-02,Total,,All Other Categories,,6210.48,153.5
2019-03,Miscellaneous personal services not elsewhere classified,7299,High Transacting Categories,,955.24,49.13
2019-03,Groceries and supermarkets,5411,High Transacting Categories,,1269.39,42.64
2019-03,Business services not elsewhere classified,7399,High Transacting Categories,,1420.03,34.84
2019-03,Telecommunication equipment and telephone sales,4812,High Transacting Categories,,225.64,11.47
2019-03,Miscellaneous food shops convenience and speciality retail outlets,5499,High Transacting Categories,,109.98,8.91
2019-03,"Utilities electric, gas, water and sanitary",4900,High Transacting Categories,,534.83,7.29
2019-03,"Telecommunication services, including local and long distance calls, credit card calls, calls through use of magnetic stripe reading telephones and faxes",4814,High Transacting Categories,,111.41,4.21
2019-03,Debt collection agencies,7322,High Transacting Categories,,1201.13,2.86
2019-03,Taxi-cabs and limousines,4121,High Transacting Categories,,60.68,2.81
2019-03,Digital Goods: Games,5816,High Transacting Categories,,48.18,2.63
2019-03,Eating places and restaurants,5812,Medium Transacting Categories,,38.17,2.44
2019-03,Fast food restaurants,5814,Medium Transacting Categories,,41.07,2.41
2019-03,Service stations (with or without ancillary services),5541,Medium Transacting Categories,,53.99,2.26
2019-03,Passenger railways,4112,Medium Transacting Categories,,155.64,1.87
2019-03,Travel agencies and tour operators,4722,Medium Transacting Categories,,305.97,1.8
2019-03,Miscellaneous general merchandise,5399,Medium Transacting Categories,,101.17,1.61
2019-03,Government services not elsewhere classified,9399,Medium Transacting Categories,,67.59,1.3
2019-03,Department stores,5311,Medium Transacting Categories,,148.18,1.12
2019-03,Dairies,5451,Medium Transacting Categories,,5.04,0.9
2019-03,Securities brokers and dealers,6211,Medium Transacting Categories,,537.77,0.82
2019-03,Direct marketing combination catalogue and retail merchants,5965,All Other Categories,,41.68,0.81
2019-03,Debit card to wallet credit (Wallet top up),6540,All Other Categories,,32.56,0.7
2019-03,"Local and suburban commuter passenger transportation, including ferries",4111,All Other Categories,,9.49,0.66
2019-03,Theatrical producers (except motion pictures) and ticket agencies,7922,All Other Categories,,31.27,0.6
2019-03,Drug stores and pharmacies,5912,All Other Categories,,18.68,0.46
2019-03,Petroleum and petroleum products,5172,All Other Categories,,16.37,0.35
2019-03,Financial institutions merchandise and services,6012,All Other Categories,,90.92,0.34
2019-03,Railroads,4011,All Other Categories,,7.25,0.26
2019-03,Employment agencies and temporary help services,7361,All Other Categories,,3.54,0.24
2019-03,Others,Others,All Other Categories,,445.2,3.72
2019-03,Total,,All Other Categories,,8088.05,191.45
2019-04,Miscellaneous personal services not elsewhere classified,7299,High Transacting Categories,,1098.42,51.89
2019-04,Groceries and supermarkets,5411,High Transacting Categories,,1264.34,43.98
2019-04,Business services not elsewhere classified,7399,High Transacting Categories,,1501.78,35.73
2019-04,Telecommunication equipment and telephone sales,4812,High Transacting Categories,,226.1,11.19
2019-04,Miscellaneous food shops convenience and speciality retail outlets,5499,High Transacting Categories,,142.21,10.15
2019-04,"Utilities electric, gas, water and sanitary",4900,High Transacting Categories,,562.52,7.2
2019-04,Digital Goods: Games,5816,High Transacting Categories,,76.88,5.83
2019-04,"Telecommunication services, including local and long distance calls, credit card calls, calls through use of magnetic stripe reading telephones and faxes",4814,High Transacting Categories,,115.85,4.5
2019-04,Fast food restaurants,5814,High Transacting Categories,,57.91,3.23
2019-04,Debt collection agencies,7322,High Transacting Categories,,1310.72,3.11
2019-04,Eating places and restaurants,5812,Medium Transacting Categories,,46.4,3.07
2019-04,Taxi-cabs and limousines,4121,Medium Transacting Categories,,65.26,2.91
2019-04,Service stations (with or without ancillary services),5541,Medium Transacting Categories,,64.28,2.5
2019-04,Passenger railways,4112,Medium Transacting Categories,,180.33,2.13
2019-04,Travel agencies and tour operators,4722,Medium Transacting Categories,,326.14,1.87
2019-04,Miscellaneous general merchandise,5399,Medium Transacting Categories,,111.19,1.71
2019-04,Department stores,5311,Medium Transacting Categories,,175.91,1.19
2019-04,Theatrical producers (except motion pictures) and ticket agencies,7922,Medium Transacting Categories,,51.0,1.06
2019-04,Dairies,5451,Medium Transacting Categories,,5.56,1.0
2019-04,Securities brokers and dealers,6211,Medium Transacting Categories,,580.82,0.85
2019-04,Direct marketing combination catalogue and retail merchants,5965,All Other Categories,,46.93,0.78
2019-04,"Local and suburban commuter passenger transportation, including ferries",4111,All Other Categories,,11.17,0.75
2019-04,Debit card to wallet credit (Wallet top up),6540,All Other Categories,,35.67,0.75
2019-04,Government services not elsewhere classified,9399,All Other Categories,,46.82,0.74
2019-04,Buying and shopping services and clubs,7278,All Other Categories,,35.97,0.46
2019-04,Financial institutions merchandise and services,6012,All Other Categories,,138.79,0.46
2019-04,Petroleum and petroleum products,5172,All Other Categories,,19.33,0.45
2019-04,Drug stores and pharmacies,5912,All Other Categories,,15.61,0.42
2019-04,General contractors residential and commercial,1520,All Other Categories,,39.84,0.26
2019-04,Others,Others,All Other Categories,,451.93,4.1
2019-04,Total,,All Other Categories,,8805.69,204.28
2019-05,Miscellaneous personal services not elsewhere classified,7299,High Transacting Categories,,1305.1,58.2
2019-05,Groceries and supermarkets,5411,High Transacting Categories,,1584.95,49.89
2019-05,Business services not elsewhere classified,7399,High Transacting Categories,,1599.25,40.01
2019-05,Miscellaneous food shops convenience and speciality retail outlets,5499,High Transacting Categories,,180.65,12.64
2019-05,Telecommunication equipment and telephone sales,4812,High Transacting Categories,,249.17,11.74
2019-05,"Utilities electric, gas, water and sanitary",4900,High Transacting Categories,,783.83,8.21
2019-05,"Telecommunication services, including local and long distance calls, credit card calls, calls through use of magnetic stripe reading telephones and faxes",4814,High Transacting Categories,,133.94,5.73
2019-05,Debt collection agencies,7322,High Transacting Categories,,1750.69,3.84
2019-05,Eating places and restaurants,5812,High Transacting Categories,,60.51,3.83
2019-05,Digital Goods: Games,5816,High Transacting Categories,,67.09,3.12
2019-05,Taxi-cabs and limousines,4121,Medium Transacting Categories,,64.82,2.99
2019-05,Fast food restaurants,5814,Medium Transacting Categories,,56.88,2.71
2019-05,Service stations (with or without ancillary services),5541,Medium Transacting Categories,,72.34,2.62
2019-05,Passenger railways,4112,Medium Transacting Categories,,193.17,2.24
2019-05,Miscellaneous general merchandise,5399,Medium Transacting Categories,,116.56,1.68
2019-05,Travel agencies and tour operators,4722,Medium Transacting Categories,,283.18,1.63
2019-05,Department stores,5311,Medium Transacting Categories,,191.18,1.44
2019-05,Securities brokers and dealers,6211,Medium Transacting Categories,,873.54,1.22
2019-05,Dairies,5451,Medium Transacting Categories,,6.65,1.11
2019-05,"Local and suburban commuter passenger transportation, including ferries",4111,Medium Transacting Categories,,13.27,0.86
2019-05,Debit card to wallet credit (Wallet top up),6540,All Other Categories,,40.13,0.81
2019-05,Direct marketing combination catalogue and retail merchants,5965,All Other Categories,,51.24,0.76
2019-05,Financial institutions merchandise and services,6012,All Other Categories,,241.28,0.7
2019-05,Petroleum and petroleum products,5172,All Other Categories,,23.88,0.55
2019-05,Theatrical producers (except motion pictures) and ticket agencies,7922,All Other Categories,,25.33,0.53
2019-05,Government services not elsewhere classified,9399,All Other Categories,,45.29,0.49
2019-05,Drug stores and pharmacies,5912,All Other Categories,,18.69,0.48
2019-05,General contractors residential and commercial,1520,All Other Categories,,47.24,0.36
2019-05,Railroads,4011,All Other Categories,,7.36,0.29
2019-05,Others,Others,All Other Categories,,501.03,4.21
2019-05,Total,,All Other Categories,,10588.23,224.91
2019-06,Miscellaneous personal services not elsewhere classified,7299,High Transacting Categories,,1284.18,59.85
2019-06,Groceries and supermarkets,5411,High Transacting Categories,,1901.75,57.35
2019-06,Business services not elsewhere classified,7399,High Transacting Categories,,951.05,24.62
2019-06,Debit card to wallet credit (Wallet top up),6540,High Transacting Categories,,823.64,18.75
2019-06,Miscellaneous food shops convenience and speciality retail outlets,5499,High Transacting Categories,,212.86,13.25
2019-06,Telecommunication equipment and telephone sales,4812,High Transacting Categories,,266.53,12.57
2019-06,"Utilities electric, gas, water and sanitary",4900,High Transacting Categories,,945.89,8.09
2019-06,"Telecommunication services, including local and long distance calls, credit card calls, calls through use of magnetic stripe reading telephones and faxes",4814,High Transacting Categories,,153.81,6.62
2019-06,Debt collection agencies,7322,High Transacting Categories,,1892.74,4.12
2019-06,Eating places and restaurants,5812,High Transacting Categories,,57.24,3.64
2019-06,Fast food restaurants,5814,Medium Transacting Categories,,72.37,3.33
2019-06,Digital Goods: Games,5816,Medium Transacting Categories,,69.0,3.23
2019-06,Taxi-cabs and limousines,4121,Medium Transacting Categories,,65.24,3.08
2019-06,Service stations (with or without ancillary services),5541,Medium Transacting Categories,,84.61,2.94
2019-06,Passenger railways,4112,Medium Transacting Categories,,186.99,2.22
2019-06,Miscellaneous general merchandise,5399,Medium Transacting Categories,,129.84,1.84
2019-06,Department stores,5311,Medium Transacting Categories,,205.41,1.73
2019-06,Travel agencies and tour operators,4722,Medium Transacting Categories,,264.31,1.55
2019-06,Securities brokers and dealers,6211,Medium Transacting Categories,,665.26,1.06
2019-06,Dairies,5451,Medium Transacting Categories,,6.79,1.01
2019-06,"Local and suburban commuter passenger transportation, including ferries",4111,All Other Categories,,13.92,0.93
2019-06,Financial institutions merchandise and services,6012,All Other Categories,,325.68,0.9
2019-06,Direct marketing combination catalogue and retail merchants,5965,All Other Categories,,60.62,0.87
2019-06,Petroleum and petroleum products,5172,All Other Categories,,28.87,0.67
2019-06,Government services not elsewhere classified,9399,All Other Categories,,62.88,0.62
2019-06,Drug stores and pharmacies,5912,All Other Categories,,24.59,0.59
2019-06,Theatrical producers (except motion pictures) and ticket agencies,7922,All Other Categories,,25.39,0.54
2019-06,General contractors residential and commercial,1520,All Other Categories,,40.52,0.36
2019-06,Cable and other pay television services,4899,All Other Categories,,20.59,0.34
2019-06,Others,Others,All Other Categories,,519.23,4.64
2019-06,Total,,All Other Categories,,11361.81,241.33
2019-07,Miscellaneous personal services not elsewhere classified,7299,High Transacting Categories,,1119.71,62.73
2019-07,Groceries and supermarkets,5411,High Transacting Categories,,2101.87,62.26
2019-07,Debit card to wallet credit (Wallet top up),6540,High Transacting Categories,,1305.9,30.7
2019-07,Business services not elsewhere classified,7399,High Transacting Categories,,646.52,18.82
2019-07,Miscellaneous food shops convenience and speciality retail outlets,5499,High Transacting Categories,,294.2,18.81
2019-07,Telecommunication equipment and telephone sales,4812,High Transacting Categories,,281.13,13.54
2019-07,"Utilities electric, gas, water and sanitary",4900,High Transacting Categories,,1077.01,8.48
2019-07,"Telecommunication services, including local and long distance calls, credit card calls, calls through use of magnetic stripe reading telephones and faxes",4814,High Transacting Categories,,154.71,7.0
2019-07,Debt collection agencies,7322,High Transacting Categories,,2382.74,5.02
2019-07,Eating places and restaurants,5812,High Transacting Categories,,65.33,4.42
2019-07,Service stations (with or without ancillary services),5541,Medium Transacting Categories,,119.85,4.1
2019-07,Taxi-cabs and limousines,4121,Medium Transacting Categories,,78.16,4.06
2019-07,Fast food restaurants,5814,Medium Transacting Categories,,76.89,3.61
2019-07,Passenger railways,4112,Medium Transacting Categories,,250.78,3.25
2019-07,Digital Goods: Games,5816,Medium Transacting Categories,,72.36,2.78
2019-07,Miscellaneous general merchandise,5399,Medium Transacting Categories,,148.69,2.08
2019-07,Department stores,5311,Medium Transacting Categories,,204.61,1.93
2019-07,Travel agencies and tour operators,4722,Medium Transacting Categories,,256.64,1.5
2019-07,Securities brokers and dealers,6211,Medium Transacting Categories,,870.78,1.38
2019-07,"Local and suburban commuter passenger transportation, including ferries",4111,Medium Transacting Categories,,18.06,1.19
2019-07,Dairies,5451,All Other Categories,,8.18,1.18
2019-07,Financial institutions merchandise and services,6012,All Other Categories,,462.03,1.15
2019-07,Direct marketing combination catalogue and retail merchants,5965,All Other Categories,,68.79,0.99
2019-07,Petroleum and petroleum products,5172,All Other Categories,,35.1,0.84
2019-07,Government services not elsewhere classified,9399,All Other Categories,,138.24,0.78
2019-07,Drug stores and pharmacies,5912,All Other Categories,,29.67,0.76
2019-07,Theatrical producers (except motion pictures) and ticket agencies,7922,All Other Categories,,31.77,0.7
2019-07,Buying and shopping services and clubs,7278,All Other Categories,,38.06,0.57
2019-07,Cable and other pay television services,4899,All Other Categories,,24.79,0.41
2019-07,Others,Others,All Other Categories,,685.39,5.86
2019-07,Total,,All Other Categories,,13047.96,270.91
2019-08,Groceries and supermarkets,5411,High Transacting Categories,,2297.62,69.6
2019-08,Miscellaneous personal services not elsewhere classified,7299,High Transacting Categories,,1165.5,66.47
2019-08,Debit card to wallet credit (Wallet top up),6540,High Transacting Categories,,1410.37,33.22
2019-08,Miscellaneous food shops convenience and speciality retail outlets,5499,High Transacting Categories,,371.62,23.5
2019-08,Business services not elsewhere classified,7399,High Transacting Categories,,726.19,17.94
2019-08,Telecommunication equipment and telephone sales,4812,High Transacting Categories,,299.41,14.82
2019-08,"Utilities electric, gas, water and sanitary",4900,High Transacting Categories,,1062.16,8.8
2019-08,"Telecommunication services, including local and long distance calls, credit card calls, calls through use of magnetic stripe reading telephones and faxes",4814,High Transacting Categories,,183.89,8.51
2019-08,Debt collection agencies,7322,High Transacting Categories,,2703.4,5.74
2019-08,Eating places and restaurants,5812,High Transacting Categories,,80.46,5.01
2019-08,Service stations (with or without ancillary services),5541,Medium Transacting Categories,,135.75,4.41
2019-08,Taxi-cabs and limousines,4121,Medium Transacting Categories,,86.83,4.36
2019-08,Fast food restaurants,5814,Medium Transacting Categories,,76.73,3.64
2019-08,Passenger railways,4112,Medium Transacting Categories,,258.85,3.46
2019-08,Miscellaneous general merchandise,5399,Medium Transacting Categories,,193.91,2.38
2019-08,Digital Goods: Games,5816,Medium Transacting Categories,,73.73,2.34
2019-08,Department stores,5311,Medium Transacting Categories,,177.63,1.88
2019-08,Travel agencies and tour operators,4722,Medium Transacting Categories,,274.98,1.49
2019-08,Securities brokers and dealers,6211,Medium Transacting Categories,,818.91,1.41
2019-08,Financial institutions merchandise and services,6012,Medium Transacting Categories,,592.77,1.4
2019-08,"Local and suburban commuter passenger transportation, including ferries",4111,All Other Categories,,19.09,1.26
2019-08,Dairies,5451,All Other Categories,,8.71,1.11
2019-08,Direct marketing combination catalogue and retail merchants,5965,All Other Categories,,72.32,1.07
2019-08,Petroleum and petroleum products,5172,All Other Categories,,41.0,1.03
2019-08,Government services not elsewhere classified,9399,All Other Categories,,83.97,0.92
2019-08,Drug stores and pharmacies,5912,All Other Categories,,33.95,0.86
2019-08,Theatrical producers (except motion pictures) and ticket agencies,7922,All Other Categories,,24.73,0.51
2019-08,"Digital Goods: Media, Books, Movies, Music",5815,All Other Categories,,23.05,0.51
2019-08,Professional services not elsewhere classified,8999,All Other Categories,,25.32,0.47
2019-08,Others,Others,All Other Categories,,686.74,7.19
2019-08,Total,,All Other Categories,,14009.59,295.3
2019-09,Miscellaneous personal services not elsewhere classified,7299,High Transacting Categories,,3312.2,76.94
2019-09,Groceries and supermarkets,5411,High Transacting Categories,,2447.93,76.17
2019-09,Debit card to wallet credit (Wallet top up),6540,High Transacting Categories,,1472.48,35.17
2019-09,Miscellaneous food shops convenience and speciality retail outlets,5499,High Transacting Categories,,459.0,30.05
2019-09,"Telecommunication services, including local and long distance calls, credit card calls, calls through use of magnetic stripe reading telephones and faxes",4814,High Transacting Categories,,375.4,20.32
2019-09,Business services not elsewhere classified,7399,High Transacting Categories,,819.42,19.56
2019-09,Telecommunication equipment and telephone sales,4812,High Transacting Categories,,328.95,16.31
2019-09,"Utilities electric, gas, water and sanitary",4900,High Transacting Categories,,1068.16,9.16
2019-09,Debt collection agencies,7322,High Transacting Categories,,3101.64,6.44
2019-09,Eating places and restaurants,5812,High Transacting Categories,,93.16,5.84
2019-09,Service stations (with or without ancillary services),5541,Medium Transacting Categories,,172.46,5.47
2019-09,Cable and other pay television services,4899,Medium Transacting Categories,,142.48,5.07
2019-09,Fast food restaurants,5814,Medium Transacting Categories,,106.7,5.05
2019-09,Taxi-cabs and limousines,4121,Medium Transacting Categories,,94.57,4.78
2019-09,Passenger railways,4112,Medium Transacting Categories,,271.15,3.55
2019-09,Miscellaneous general merchandise,5399,Medium Transacting Categories,,206.0,3.1
2019-09,Digital Goods: Games,5816,Medium Transacting Categories,,83.98,2.39
2019-09,Department stores,5311,Medium Transacting Categories,,233.63,2.32
2019-09,Financial institutions merchandise and services,6012,Medium Transacting Categories,,719.33,1.65
2019-09,Travel agencies and tour operators,4722,Medium Transacting Categories,,313.75,1.63
2019-09,Securities brokers and dealers,6211,All Other Categories,,864.38,1.51
2019-09,Petroleum and petroleum products,5172,All Other Categories,,56.16,1.46
2019-09,"Local and suburban commuter passenger transportation, including ferries",4111,All Other Categories,,20.42,1.33
2019-09,Dairies,5451,All Other Categories,,10.22,1.21
2019-09,Government services not elsewhere classified,9399,All Other Categories,,89.03,1.13
2019-09,Direct marketing combination catalogue and retail merchants,5965,All Other Categories,,59.76,1.03
2019-09,Drug stores and pharmacies,5912,All Other Categories,,37.65,0.98
2019-09,"Digital Goods: Media, Books, Movies, Music",5815,All Other Categories,,30.12,0.73
2019-09,Professional services not elsewhere classified,8999,All Other Categories,,29.29,0.58
2019-09,Others,Others,All Other Categories,,834.21,8.87
2019-09,Total,,All Other Categories,,17853.61,349.82
2019-10,Groceries and supermarkets,5411,High Transacting Categories,,2906.26,90.65
2019-10,Miscellaneous personal services not elsewhere classified,7299,High Transacting Categories,,1083.42,58.72
2019-10,Miscellaneous food shops convenience and speciality retail outlets,5499,High Transacting Categories,,712.35,41.59
2019-10,Debit card to wallet credit (Wallet top up),6540,High Transacting Categories,,1591.05,39.51
2019-10,"Telecommunication services, including local and long distance calls, credit card calls, calls through use of magnetic stripe reading telephones and faxes",4814,High Transacting Categories,,399.87,23.07
2019-10,Business services not elsewhere classified,7399,High Transacting Categories,,993.38,21.2
2019-10,Telecommunication equipment and telephone sales,4812,High Transacting Categories,,366.19,18.93
2019-10,"Utilities electric, gas, water and sanitary",4900,High Transacting Categories,,1116.08,10.15
2019-10,Debt collection agencies,7322,High Transacting Categories,,4281.32,8.86
2019-10,Fast food restaurants,5814,High Transacting Categories,,164.0,7.47
2019-10,Eating places and restaurants,5812,Medium Transacting Categories,,113.69,6.99
2019-10,Service stations (with or without ancillary services),5541,Medium Transacting Categories,,227.42,6.5
2019-10,Cable and other pay television services,4899,Medium Transacting Categories,,153.23,5.43
2019-10,Miscellaneous general merchandise,5399,Medium Transacting Categories,,354.47,5.1
2019-10,Taxi-cabs and limousines,4121,Medium Transacting Categories,,97.55,4.62
2019-10,Passenger railways,4112,Medium Transacting Categories,,314.65,4.04
2019-10,Department stores,5311,Medium Transacting Categories,,309.53,3.15
2019-10,Digital Goods: Games,5816,Medium Transacting Categories,,92.42,2.56
2019-10,Petroleum and petroleum products,5172,Medium Transacting Categories,,95.96,2.42
2019-10,Financial institutions merchandise and services,6012,Medium Transacting Categories,,921.0,2.08
2019-10,Travel agencies and tour operators,4722,All Other Categories,,378.81,1.96
2019-10,Securities brokers and dealers,6211,All Other Categories,,1068.29,1.82
2019-10,Dairies,5451,All Other Categories,,12.46,1.25
2019-10,"Local and suburban commuter passenger transportation, including ferries",4111,All Other Categories,,18.82,1.22
2019-10,Direct marketing combination catalogue and retail merchants,5965,All Other Categories,,77.24,1.22
2019-10,Drug stores and pharmacies,5912,All Other Categories,,42.18,1.18
2019-10,Miscellaneous apparel and accessory shops,5699,All Other Categories,,42.91,1.12
2019-10,Government services not elsewhere classified,9399,All Other Categories,,79.13,1.05
2019-10,Bakeries,5462,All Other Categories,,15.35,0.95
2019-10,Others,Others,All Other Categories,,1119.85,11.96
2019-10,Total,,All Other Categories,,19148.87,386.79
2019-11,Groceries and supermarkets,5411,High Transacting Categories,,3268.94,104.6
2019-11,Miscellaneous personal services not elsewhere classified,7299,High Transacting Categories,,955.29,58.88
2019-11,Miscellaneous food shops convenience and speciality retail outlets,5499,High Transacting Categories,,899.43,55.43
2019-11,Debit card to wallet credit (Wallet top up),6540,High Transacting Categories,,1389.74,30.9
2019-11,"Telecommunication services, including local and long distance calls, credit card calls, calls through use of magnetic stripe reading telephones and faxes",4814,High Transacting Categories,,465.35,27.36
2019-11,Business services not elsewhere classified,7399,High Transacting Categories,,906.4,20.18
2019-11,Telecommunication equipment and telephone sales,4812,High Transacting Categories,,366.9,19.87
2019-11,"Utilities electric, gas, water and sanitary",4900,High Transacting Categories,,1057.17,10.96
2019-11,Debt collection agencies,7322,High Transacting Categories,,4625.69,9.66
2019-11,Eating places and restaurants,5812,High Transacting Categories,,143.43,9.5
2019-11,Fast food restaurants,5814,Medium Transacting Categories,,171.47,8.14
2019-11,Service stations (with or without ancillary services),5541,Medium Transacting Categories,,252.17,6.82
2019-11,Miscellaneous general merchandise,5399,Medium Transacting Categories,,298.04,6.18
2019-11,Cable and other pay television services,4899,Medium Transacting Categories,,148.94,5.23
2019-11,Taxi-cabs and limousines,4121,Medium Transacting Categories,,110.66,5.03
2019-11,Passenger railways,4112,Medium Transacting Categories,,324.0,3.92
2019-11,Petroleum and petroleum products,5172,Medium Transacting Categories,,121.03,3.12
2019-11,Digital Goods: Games,5816,Medium Transacting Categories,,102.12,2.95
2019-11,Department stores,5311,Medium Transacting Categories,,177.56,2.39
2019-11,Financial institutions merchandise and services,6012,Medium Transacting Categories,,843.63,2.06
2019-11,Travel agencies and tour operators,4722,All Other Categories,,417.43,2.03
2019-11,Securities brokers and dealers,6211,All Other Categories,,1095.4,1.91
2019-11,Bakeries,5462,All Other Categories,,20.29,1.59
2019-11,Drug stores and pharmacies,5912,All Other Categories,,51.49,1.54
2019-11,Electronics shops,5732,All Other Categories,,113.43,1.54
2019-11,Dairies,5451,All Other Categories,,16.93,1.49
2019-11,Direct marketing combination catalogue and retail merchants,5965,All Other Categories,,85.21,1.35
2019-11,"Local and suburban commuter passenger transportation, including ferries",4111,All Other Categories,,18.62,1.23
2019-11,Government services not elsewhere classified,9399,All Other Categories,,75.79,0.96
2019-11,Others,Others,All Other Categories,,1437.12,15.66
2019-11,Total,,All Other Categories,,19959.67,422.49
2019-12,Groceries and supermarkets,5411,High Transacting Categories,,3665.49,111.36
2019-12,Miscellaneous personal services not elsewhere classified,7299,High Transacting Categories,,1168.51,66.06
2019-12,Miscellaneous food shops convenience and speciality retail outlets,5499,High Transacting Categories,,1040.94,62.8
2019-12,"Telecommunication services, including local and long distance calls, credit card calls, calls through use of magnetic stripe reading telephones and faxes",4814,High Transacting Categories,,633.13,32.47
2019-12,Debit card to wallet credit (Wallet top up),6540,High Transacting Categories,,1550.24,31.45
2019-12,Business services not elsewhere classified,7399,High Transacting Categories,,848.67,22.38
2019-12,Telecommunication equipment and telephone sales,4812,High Transacting Categories,,421.52,21.44
2019-12,Eating places and restaurants,5812,High Transacting Categories,,220.68,14.02
2019-12,"Utilities electric, gas, water and sanitary",4900,High Transacting Categories,,1065.02,13.27
2019-12,Debt collection agencies,7322,High Transacting Categories,,4869.26,9.91
2019-12,Miscellaneous general merchandise,5399,Medium Transacting Categories,,357.16,9.12
2019-12,Fast food restaurants,5814,Medium Transacting Categories,,178.02,7.89
2019-12,Service stations (with or without ancillary services),5541,Medium Transacting Categories,,293.06,7.72
2019-12,Cable and other pay television services,4899,Medium Transacting Categories,,169.96,5.99
2019-12,Taxi-cabs and limousines,4121,Medium Transacting Categories,,129.95,5.76
2019-12,Digital Goods: Games,5816,Medium Transacting Categories,,142.42,5.11
2019-12,Department stores,5311,Medium Transacting Categories,,365.6,4.1
2019-12,Petroleum and petroleum products,5172,Medium Transacting Categories,,153.7,3.83
2019-12,Passenger railways,4112,Medium Transacting Categories,,270.35,3.26
2019-12,Bakeries,5462,Medium Transacting Categories,,34.64,2.73
2019-12,Electronics shops,5732,All Other Categories,,151.62,2.68
2019-12,Securities brokers and dealers,6211,All Other Categories,,1318.34,2.23
2019-12,Financial institutions merchandise and services,6012,All Other Categories,,872.69,2.04
2019-12,Travel agencies and tour operators,4722,All Other Categories,,406.58,1.94
2019-12,Miscellaneous apparel and accessory shops,5699,All Other Categories,,112.99,1.83
2019-12,Mens and boys clothing and accessory shops,5611,All Other Categories,,82.16,1.8
2019-12,Drug stores and pharmacies,5912,All Other Categories,,56.98,1.77
2019-12,Dairies,5451,All Other Categories,,23.59,1.76
2019-12,Direct marketing combination catalogue and retail merchants,5965,All Other Categories,,94.4,1.56
2019-12,Others,Others,All Other Categories,,1979.09,25.4
2019-12,Total,,All Other Categories,,22676.76,483.68
2020-01,Groceries and supermarkets,5411,High Transacting Categories,,4006.18,121.8
2020-01,Miscellaneous food shops convenience and speciality retail outlets,5499,High Transacting Categories,,1152.07,72.56
2020-01,Miscellaneous personal services not elsewhere classified,7299,High Transacting Categories,,1233.71,67.26
2020-01,"Telecommunication services, including local and long distance calls, credit card calls, calls through use of magnetic stripe reading telephones and faxes",4814,High Transacting Categories,,602.5,33.1
2020-01,Debit card to wallet credit (Wallet top up),6540,High Transacting Categories,,1561.66,30.79
2020-01,Business services not elsewhere classified,7399,High Transacting Categories,,955.53,26.1
2020-01,Telecommunication equipment and telephone sales,4812,High Transacting Categories,,465.39,23.64
2020-01,Eating places and restaurants,5812,High Transacting Categories,,241.97,15.6
2020-01,"Utilities electric, gas, water and sanitary",4900,High Transacting Categories,,1107.77,14.36
2020-01,Debt collection agencies,7322,High Transacting Categories,,5200.95,10.28
2020-01,Miscellaneous general merchandise,5399,Medium Transacting Categories,,405.51,9.71
2020-01,Fast food restaurants,5814,Medium Transacting Categories,,188.78,8.35
2020-01,Service stations (with or without ancillary services),5541,Medium Transacting Categories,,341.07,8.33
2020-01,Cable and other pay television services,4899,Medium Transacting Categories,,208.22,7.11
2020-01,Digital Goods: Games,5816,Medium Transacting Categories,,180.49,6.41
2020-01,Taxi-cabs and limousines,4121,Medium Transacting Categories,,113.78,5.22
2020-01,Petroleum and petroleum products,5172,Medium Transacting Categories,,202.88,4.72
2020-01,Department stores,5311,Medium Transacting Categories,,297.26,4.14
2020-01,Passenger railways,4112,Medium Transacting Categories,,322.11,3.83
2020-01,Bakeries,5462,Medium Transacting Categories,,33.77,2.8
2020-01,Electronics shops,5732,All Other Categories,,175.69,2.75
2020-01,Financial institutions merchandise and services,6012,All Other Categories,,1133.26,2.42
2020-01,Securities brokers and dealers,6211,All Other Categories,,1534.06,2.34
2020-01,"Digital Goods: Media, Books, Movies, Music",5815,All Other Categories,,100.57,2.24
2020-01,Drug stores and pharmacies,5912,All Other Categories,,68.7,1.99
2020-01,Travel agencies and tour operators,4722,All Other Categories,,369.99,1.91
2020-01,Dairies,5451,All Other Categories,,39.62,1.78
2020-01,Direct marketing combination catalogue and retail merchants,5965,All Other Categories,,97.91,1.55
2020-01,Mens and boys clothing and accessory shops,5611,All Other Categories,,99.77,1.44
2020-01,Others,Others,All Other Categories,,2389.11,26.17
2020-01,Total,,All Other Categories,,24830.29,520.72
2020-02,Groceries and supermarkets,5411,High Transacting Categories,,4135.92,119.71
2020-02,Miscellaneous food shops convenience and speciality retail outlets,5499,High Transacting Categories,,1315.76,82.82
2020-02,Miscellaneous personal services not elsewhere classified,7299,High Transacting Categories,,1136.84,58.07
2020-02,"Telecommunication services, including local and long distance calls, credit card calls, calls through use of magnetic stripe reading telephones and faxes",4814,High Transacting Categories,,796.56,42.64
2020-02,Debit card to wallet credit (Wallet top up),6540,High Transacting Categories,,1435.17,28.13
2020-02,Business services not elsewhere classified,7399,High Transacting Categories,,1006.37,26.91
2020-02,Telecommunication equipment and telephone sales,4812,High Transacting Categories,,483.4,23.43
2020-02,Eating places and restaurants,5812,High Transacting Categories,,240.55,15.54
2020-02,"Utilities electric, gas, water and sanitary",4900,High Transacting Categories,,1157.67,14.21
2020-02,Debt collection agencies,7322,High Transacting Categories,,5813.07,11.44
2020-02,Digital Goods: Games,5816,Medium Transacting Categories,,221.87,10.0
2020-02,Service stations (with or without ancillary services),5541,Medium Transacting Categories,,396.45,9.39
2020-02,Cable and other pay television services,4899,Medium Transacting Categories,,258.79,8.38
2020-02,Miscellaneous general merchandise,5399,Medium Transacting Categories,,329.93,8.0
2020-02,Fast food restaurants,5814,Medium Transacting Categories,,168.98,7.78
2020-02,Petroleum and petroleum products,5172,Medium Transacting Categories,,235.58,5.25
2020-02,Taxi-cabs and limousines,4121,Medium Transacting Categories,,106.31,4.98
2020-02,Passenger railways,4112,Medium Transacting Categories,,332.28,3.93
2020-02,Department stores,5311,Medium Transacting Categories,,255.41,3.85
2020-02,Financial institutions merchandise and services,6012,Medium Transacting Categories,,1423.65,2.86
2020-02,Mens and boys clothing and accessory shops,5611,All Other Categories,,119.87,2.77
2020-02,Bakeries,5462,All Other Categories,,33.64,2.7
2020-02,Electronics shops,5732,All Other Categories,,213.18,2.46
2020-02,Securities brokers and dealers,6211,All Other Categories,,1633.99,2.26
2020-02,Drug stores and pharmacies,5912,All Other Categories,,75.78,2.05
2020-02,Dairies,5451,All Other Categories,,45.81,1.8
2020-02,Travel agencies and tour operators,4722,All Other Categories,,290.87,1.66
2020-02,Direct marketing combination catalogue and retail merchants,5965,All Other Categories,,100.5,1.64
2020-02,"Digital Goods: Media, Books, Movies, Music",5815,All Other Categories,,54.89,1.47
2020-02,Others,Others,All Other Categories,,2600.97,24.78
2020-02,Total,,All Other Categories,,26420.04,530.92
2020-03,Groceries and supermarkets,5411,High Transacting Categories,,4403.23,137.73
2020-03,Miscellaneous personal services not elsewhere classified,7299,High Transacting Categories,,1325.65,71.13
2020-03,Miscellaneous food shops convenience and speciality retail outlets,5499,High Transacting Categories,,1281.62,68.01
2020-03,"Telecommunication services, including local and long distance calls, credit card calls, calls through use of magnetic stripe reading telephones and faxes",4814,High Transacting Categories,,777.83,45.65
2020-03,Telecommunication equipment and telephone sales,4812,High Transacting Categories,,550.39,28.47
2020-03,Debit card to wallet credit (Wallet top up),6540,High Transacting Categories,,1175.66,21.44
2020-03,"Utilities electric, gas, water and sanitary",4900,High Transacting Categories,,1165.69,14.91
2020-03,Debt collection agencies,7322,High Transacting Categories,,5893.11,11.78
2020-03,Cable and other pay television services,4899,High Transacting Categories,,356.29,11.78
2020-03,Eating places and restaurants,5812,High Transacting Categories,,358.83,11.17
2020-03,Miscellaneous general merchandise,5399,Medium Transacting Categories,,352.92,9.95
2020-03,Digital Goods: Games,5816,Medium Transacting Categories,,221.73,9.43
2020-03,Business services not elsewhere classified,7399,Medium Transacting Categories,,456.27,8.63
2020-03,Fast food restaurants,5814,Medium Transacting Categories,,348.37,8.04
2020-03,Service stations (with or without ancillary services),5541,Medium Transacting Categories,,356.72,7.94
2020-03,Petroleum and petroleum products,5172,Medium Transacting Categories,,224.13,4.77
2020-03,Securities brokers and dealers,6211,Medium Transacting Categories,,3825.79,4.49
2020-03,Department stores,5311,Medium Transacting Categories,,179.02,3.45
2020-03,Financial institutions merchandise and services,6012,Medium Transacting Categories,,1709.46,3.36
2020-03,Passenger railways,4112,Medium Transacting Categories,,270.1,3.17
2020-03,Drug stores and pharmacies,5912,All Other Categories,,120.12,2.94
2020-03,Taxi-cabs and limousines,4121,All Other Categories,,60.03,2.58
2020-03,PMNRF,9400,All Other Categories,,128.72,2.42
2020-03,Electronics shops,5732,All Other Categories,,181.27,2.38
2020-03,Bakeries,5462,All Other Categories,,31.02,2.35
2020-03,Dairies,5451,All Other Categories,,55.54,1.91
2020-03,Direct marketing combination catalogue and retail merchants,5965,All Other Categories,,100.21,1.84
2020-03,Travel agencies and tour operators,4722,All Other Categories,,203.46,1.32
2020-03,"Digital Goods: Media, Books, Movies, Music",5815,All Other Categories,,32.54,1.17
2020-03,Others,Others,All Other Categories,,2630.79,22.76
2020-03,Total,,All Other Categories,,28776.51,526.96
2020-04,Groceries and supermarkets,5411,High Transacting Categories,,4150.55,134.4
2020-04,Miscellaneous personal services not elsewhere classified,7299,High Transacting Categories,,1366.77,77.09
2020-04,"Telecommunication services, including local and long distance calls, credit card calls, calls through use of magnetic stripe reading telephones and faxes",4814,High Transacting Categories,,1173.33,64.63
2020-04,Telecommunication equipment and telephone sales,4812,High Transacting Categories,,577.23,30.82
2020-04,Miscellaneous food shops convenience and speciality retail outlets,5499,High Transacting Categories,,806.1,24.73
2020-04,Cable and other pay television services,4899,High Transacting Categories,,449.2,14.74
2020-04,Miscellaneous general merchandise,5399,High Transacting Categories,,279.77,12.16
2020-04,Debit card to wallet credit (Wallet top up),6540,High Transacting Categories,,735.17,12.05
2020-04,"Utilities electric, gas, water and sanitary",4900,High Transacting Categories,,862.03,11.66
2020-04,Debt collection agencies,7322,High Transacting Categories,,4264.07,9.29
2020-04,Digital Goods: Games,5816,Medium Transacting Categories,,211.64,8.2
2020-04,Business services not elsewhere classified,7399,Medium Transacting Categories,,407.04,5.72
2020-04,Fast food restaurants,5814,Medium Transacting Categories,,181.98,4.4
2020-04,Service stations (with or without ancillary services),5541,Medium Transacting Categories,,240.85,3.99
2020-04,Securities brokers and dealers,6211,Medium Transacting Categories,,3215.05,3.85
2020-04,PMNRF,9400,Medium Transacting Categories,,123.35,2.91
2020-04,Drug stores and pharmacies,5912,Medium Transacting Categories,,138.03,2.81
2020-04,Financial institutions merchandise and services,6012,Medium Transacting Categories,,1337.73,2.66
2020-04,Eating places and restaurants,5812,Medium Transacting Categories,,105.96,2.21
2020-04,Dairies,5451,Medium Transacting Categories,,61.77,2.06
2020-04,Petroleum and petroleum products,5172,All Other Categories,,119.49,1.83
2020-04,Direct marketing combination catalogue and retail merchants,5965,All Other Categories,,73.05,1.73
2020-04,"Insurance sales, underwriting and premiums",6300,All Other Categories,,841.25,1.65
2020-04,Electronics shops,5732,All Other Categories,,106.81,1.0
2020-04,Department stores,5311,All Other Categories,,51.75,0.9
2020-04,Video game arcades and establishments,7994,All Other Categories,,12.43,0.83
2020-04,"Digital Goods: Media, Books, Movies, Music",5815,All Other Categories,,16.38,0.77
2020-04,Bakeries,5462,All Other Categories,,16.98,0.66
2020-04,Government services not elsewhere classified,9399,All Other Categories,,94.19,0.54
2020-04,Others,Others,All Other Categories,,1090.8,8.91
2020-04,Total,,All Other Categories,,23110.72,449.23
2020-05,Groceries and supermarkets,5411,High Transacting Categories,,5378.09,143.3
2020-05,Miscellaneous personal services not elsewhere classified,7299,High Transacting Categories,,1859.91,77.7
2020-05,"Telecommunication services, including local and long distance calls, credit card calls, calls through use of magnetic stripe reading telephones and faxes",4814,High Transacting Categories,,1286.64,65.94
2020-05,Miscellaneous food shops convenience and speciality retail outlets,5499,High Transacting Categories,,1219.63,35.31
2020-05,Telecommunication equipment and telephone sales,4812,High Transacting Categories,,539.89,27.82
2020-05,Debit card to wallet credit (Wallet top up),6540,High Transacting Categories,,977.81,14.64
2020-05,Miscellaneous general merchandise,5399,High Transacting Categories,,399.39,14.27
2020-05,"Utilities electric, gas, water and sanitary",4900,High Transacting Categories,,1403.44,13.81
2020-05,Cable and other pay television services,4899,High Transacting Categories,,408.31,12.7
2020-05,Digital Goods: Games,5816,High Transacting Categories,,284.56,11.02
2020-05,Business services not elsewhere classified,7399,Medium Transacting Categories,,840.59,9.98
2020-05,Debt collection agencies,7322,Medium Transacting Categories,,4539.21,9.35
2020-05,Service stations (with or without ancillary services),5541,Medium Transacting Categories,,465.62,7.98
2020-05,Fast food restaurants,5814,Medium Transacting Categories,,188.13,4.65
2020-05,Securities brokers and dealers,6211,Medium Transacting Categories,,3259.44,3.88
2020-05,Petroleum and petroleum products,5172,Medium Transacting Categories,,229.95,3.73
2020-05,Eating places and restaurants,5812,Medium Transacting Categories,,112.26,3.22
2020-05,Drug stores and pharmacies,5912,Medium Transacting Categories,,156.94,3.1
2020-05,Department stores,5311,Medium Transacting Categories,,281.92,2.6
2020-05,Dairies,5451,Medium Transacting Categories,,71.51,2.26
2020-05,Electronics shops,5732,All Other Categories,,355.39,2.21
2020-05,"Insurance sales, underwriting and premiums",6300,All Other Categories,,1032.69,1.98
2020-05,Financial institutions merchandise and services,6012,All Other Categories,,870.73,1.95
2020-05,Bakeries,5462,All Other Categories,,31.92,1.46
2020-05,Video game arcades and establishments,7994,All Other Categories,,22.21,1.07
2020-05,Direct marketing combination catalogue and retail merchants,5965,All Other Categories,,54.91,0.97
2020-05,Professional services not elsewhere classified,8999,All Other Categories,,77.04,0.94
2020-05,Mens and boys clothing and accessory shops,5611,All Other Categories,,83.39,0.9
2020-05,Government services not elsewhere classified,9399,All Other Categories,,145.99,0.78
2020-05,Others,Others,All Other Categories,,2158.65,16.58
2020-05,Total,,All Other Categories,,28736.16,496.07
2020-06,Groceries and supermarkets,5411,High Transacting Categories,,6022.92,143.72
2020-06,Miscellaneous personal services not elsewhere classified,7299,High Transacting Categories,,2188.3,80.27
2020-06,"Telecommunication services, including local and long distance calls, credit card calls, calls through use of magnetic stripe reading telephones and faxes",4814,High Transacting Categories,,974.32,46.85
2020-06,Miscellaneous food shops convenience and speciality retail outlets,5499,High Transacting Categories,,1361.51,44.53
2020-06,Telecommunication equipment and telephone sales,4812,High Transacting Categories,,488.27,23.76
2020-06,Debit card to wallet credit (Wallet top up),6540,High Transacting Categories,,1129.48,16.74
2020-06,"Utilities electric, gas, water and sanitary",4900,High Transacting Categories,,1930.05,15.36
2020-06,Business services not elsewhere classified,7399,High Transacting Categories,,1122.48,15.17
2020-06,Miscellaneous general merchandise,5399,High Transacting Categories,,553.47,14.58
2020-06,Service stations (with or without ancillary services),5541,High Transacting Categories,,670.86,11.85
2020-06,Cable and other pay television services,4899,Medium Transacting Categories,,376.86,11.23
2020-06,Digital Goods: Games,5816,Medium Transacting Categories,,292.05,10.67
2020-06,Debt collection agencies,7322,Medium Transacting Categories,,5565.33,10.4
2020-06,Fast food restaurants,5814,Medium Transacting Categories,,260.32,7.61
2020-06,Eating places and restaurants,5812,Medium Transacting Categories,,209.82,6.67
2020-06,Petroleum and petroleum products,5172,Medium Transacting Categories,,364.23,6.22
2020-06,Securities brokers and dealers,6211,Medium Transacting Categories,,3847.3,4.54
2020-06,Department stores,5311,Medium Transacting Categories,,400.75,3.73
2020-06,Drug stores and pharmacies,5912,Medium Transacting Categories,,174.04,3.42
2020-06,Electronics shops,5732,Medium Transacting Categories,,498.96,3.09
2020-06,Bakeries,5462,All Other Categories,,44.41,2.36
2020-06,Financial institutions merchandise and services,6012,All Other Categories,,771.96,2.3
2020-06,Dairies,5451,All Other Categories,,76.28,2.15
2020-06,"Insurance sales, underwriting and premiums",6300,All Other Categories,,927.56,1.88
2020-06,Professional services not elsewhere classified,8999,All Other Categories,,120.93,1.42
2020-06,Mens and boys clothing and accessory shops,5611,All Other Categories,,152.77,1.42
2020-06,Video game arcades and establishments,7994,All Other Categories,,31.92,1.18
2020-06,Government services not elsewhere classified,9399,All Other Categories,,173.6,1.15
2020-06,Miscellaneous and speciality retail outlets,5999,All Other Categories,,110.87,1.0
2020-06,Others,Others,All Other Categories,,2940.53,22.57
2020-06,Total,,All Other Categories,,33782.16,517.85
2020-07,Groceries and supermarkets,5411,High Transacting Categories,,6855.12,154.31
2020-07,Miscellaneous personal services not elsewhere classified,7299,High Transacting Categories,,2654.79,88.6
2020-07,"Telecommunication services, including local and long distance calls, credit card calls, calls through use of magnetic stripe reading telephones and faxes",4814,High Transacting Categories,,1100.05,53.78
2020-07,Miscellaneous food shops convenience and speciality retail outlets,5499,High Transacting Categories,,1576.59,48.89
2020-07,Telecommunication equipment and telephone sales,4812,High Transacting Categories,,527.59,25.77
2020-07,Debit card to wallet credit (Wallet top up),6540,High Transacting Categories,,1273.93,18.77
2020-07,Miscellaneous general merchandise,5399,High Transacting Categories,,737.86,18.67
2020-07,"Utilities electric, gas, water and sanitary",4900,High Transacting Categories,,2274.6,17.74
2020-07,Business services not elsewhere classified,7399,High Transacting Categories,,1159.7,16.51
2020-07,Service stations (with or without ancillary services),5541,High Transacting Categories,,792.64,14.3
2020-07,Digital Goods: Games,5816,Medium Transacting Categories,,341.13,12.97
2020-07,Cable and other pay television services,4899,Medium Transacting Categories,,412.24,12.09
2020-07,Debt collection agencies,7322,Medium Transacting Categories,,6467.17,11.04
2020-07,Eating places and restaurants,5812,Medium Transacting Categories,,364.39,9.11
2020-07,Fast food restaurants,5814,Medium Transacting Categories,,305.5,8.15
2020-07,Petroleum and petroleum products,5172,Medium Transacting Categories,,442.28,7.6
2020-07,Securities brokers and dealers,6211,Medium Transacting Categories,,4293.12,4.91
2020-07,Financial institutions merchandise and services,6012,Medium Transacting Categories,,1214.43,4.24
2020-07,Drug stores and pharmacies,5912,Medium Transacting Categories,,214.7,4.02
2020-07,Department stores,5311,Medium Transacting Categories,,445.82,3.94
2020-07,Electronics shops,5732,All Other Categories,,519.75,3.45
2020-07,Dairies,5451,All Other Categories,,81.38,2.2
2020-07,Professional services not elsewhere classified,8999,All Other Categories,,198.36,2.19
2020-07,Bakeries,5462,All Other Categories,,45.44,2.08
2020-07,"Insurance sales, underwriting and premiums",6300,All Other Categories,,996.87,2.07
2020-07,Government services not elsewhere classified,9399,All Other Categories,,299.9,1.72
2020-07,Mens and boys clothing and accessory shops,5611,All Other Categories,,169.64,1.51
2020-07,Cosmetic Stores,5977,All Other Categories,,146.36,1.25
2020-07,"Betting, including lottery tickets, casino gaming chips, off-track betting and wagers at race tracks",7995,All Other Categories,,48.57,1.13
2020-07,Others,Others,All Other Categories,,3168.3,24.45
2020-07,Total,,All Other Categories,,39128.22,577.47
2020-08,Groceries and supermarkets,5411,High Transacting Categories,,7013.46,158.92
2020-08,Miscellaneous personal services not elsewhere classified,7299,High Transacting Categories,,2877.02,93.93
2020-08,Miscellaneous food shops convenience and speciality retail outlets,5499,High Transacting Categories,,1814.14,59.03
2020-08,"Telecommunication services, including local and long distance calls, credit card calls, calls through use of magnetic stripe reading telephones and faxes",4814,High Transacting Categories,,1192.22,55.08
2020-08,Telecommunication equipment and telephone sales,4812,High Transacting Categories,,540.03,25.51
2020-08,Miscellaneous general merchandise,5399,High Transacting Categories,,853.29,21.41
2020-08,Business services not elsewhere classified,7399,High Transacting Categories,,1320.55,20.3
2020-08,Debit card to wallet credit (Wallet top up),6540,High Transacting Categories,,1313.04,19.55
2020-08,"Utilities electric, gas, water and sanitary",4900,High Transacting Categories,,2326.19,19.45
2020-08,Digital Goods: Games,5816,High Transacting Categories,,369.5,17.1
2020-08,Service stations (with or without ancillary services),5541,Medium Transacting Categories,,875.33,16.01
2020-08,Debt collection agencies,7322,Medium Transacting Categories,,6811.02,12.59
2020-08,Cable and other pay television services,4899,Medium Transacting Categories,,400.76,11.42
2020-08,Eating places and restaurants,5812,Medium Transacting Categories,,293.46,10.73
2020-08,Petroleum and petroleum products,5172,Medium Transacting Categories,,478.11,8.26
2020-08,Fast food restaurants,5814,Medium Transacting Categories,,284.99,8.2
2020-08,Securities brokers and dealers,6211,Medium Transacting Categories,,4152.65,4.76
2020-08,Drug stores and pharmacies,5912,Medium Transacting Categories,,246.67,4.72
2020-08,Financial institutions merchandise and services,6012,Medium Transacting Categories,,1726.23,4.69
2020-08,Department stores,5311,Medium Transacting Categories,,480.9,4.11
2020-08,Electronics shops,5732,All Other Categories,,589.39,3.5
2020-08,Bakeries,5462,All Other Categories,,60.28,2.94
2020-08,"Betting, including lottery tickets, casino gaming chips, off-track betting and wagers at race tracks",7995,All Other Categories,,123.14,2.52
2020-08,Dairies,5451,All Other Categories,,82.85,2.38
2020-08,Mens and boys clothing and accessory shops,5611,All Other Categories,,239.3,2.12
2020-08,Government services not elsewhere classified,9399,All Other Categories,,261.34,1.83
2020-08,"Insurance sales, underwriting and premiums",6300,All Other Categories,,912.25,1.83
2020-08,Professional services not elsewhere classified,8999,All Other Categories,,199.91,1.65
2020-08,Passenger railways,4112,All Other Categories,,185.39,1.53
2020-08,Others,Others,All Other Categories,,3850.8,30.22
2020-08,Total,,All Other Categories,,41874.18,626.28
2020-09,Groceries and supermarkets,5411,High Transacting Categories,,7294.84,155.26
2020-09,Miscellaneous personal services not elsewhere classified,7299,High Transacting Categories,,2915.56,94.79
2020-09,Miscellaneous food shops convenience and speciality retail outlets,5499,High Transacting Categories,,2234.63,75.76
2020-09,"Telecommunication services, including local and long distance calls, credit card calls, calls through use of magnetic stripe reading telephones and faxes",4814,High Transacting Categories,,1225.78,57.21
2020-09,Digital Goods: Games,5816,High Transacting Categories,,551.78,36.62
2020-09,Telecommunication equipment and telephone sales,4812,High Transacting Categories,,548.64,26.52
2020-09,"Utilities electric, gas, water and sanitary",4900,High Transacting Categories,,2549.88,22.6
2020-09,Business services not elsewhere classified,7399,High Transacting Categories,,1290.29,21.46
2020-09,Miscellaneous general merchandise,5399,High Transacting Categories,,842.41,21.02
2020-09,Debit card to wallet credit (Wallet top up),6540,High Transacting Categories,,1366.77,20.92
2020-09,Service stations (with or without ancillary services),5541,Medium Transacting Categories,,989.87,18.51
2020-09,Eating places and restaurants,5812,Medium Transacting Categories,,445.31,15.59
2020-09,Debt collection agencies,7322,Medium Transacting Categories,,7948.26,14.09
2020-09,Cable and other pay television services,4899,Medium Transacting Categories,,418.2,11.95
2020-09,Petroleum and petroleum products,5172,Medium Transacting Categories,,598.9,10.07
2020-09,Fast food restaurants,5814,Medium Transacting Categories,,387.74,10.01
2020-09,Drug stores and pharmacies,5912,Medium Transacting Categories,,293.31,5.58
2020-09,Securities brokers and dealers,6211,Medium Transacting Categories,,4836.27,5.44
2020-09,Financial institutions merchandise and services,6012,Medium Transacting Categories,,1731.8,5.31
2020-09,Department stores,5311,Medium Transacting Categories,,397.21,5.13
2020-09,Video game arcades and establishments,7994,All Other Categories,,52.9,4.51
2020-09,"Betting, including lottery tickets, casino gaming chips, off-track betting and wagers at race tracks",7995,All Other Categories,,236.08,4.44
2020-09,Health and beauty spas,7298,All Other Categories,,128.38,4.05
2020-09,Bakeries,5462,All Other Categories,,73.27,3.85
2020-09,Electronics shops,5732,All Other Categories,,567.67,3.81
2020-09,Dairies,5451,All Other Categories,,88.55,2.83
2020-09,Government services not elsewhere classified,9399,All Other Categories,,294.59,2.49
2020-09,Mens and boys clothing and accessory shops,5611,All Other Categories,,284.76,2.46
2020-09,Passenger railways,4112,All Other Categories,,248.39,2.39
2020-09,Others,Others,All Other Categories,,5783.89,43.13
2020-09,Total,,All Other Categories,,46625.93,707.82
2020-10,Groceries and supermarkets,5411,High Transacting Categories,,7782.71,161.58
2020-10,Miscellaneous personal services not elsewhere classified,7299,High Transacting Categories,,3789.96,106.47
2020-10,Miscellaneous food shops convenience and speciality retail outlets,5499,High Transacting Categories,,3002.8,97.36
2020-10,"Telecommunication services, including local and long distance calls, credit card calls, calls through use of magnetic stripe reading telephones and faxes",4814,High Transacting Categories,,1305.71,60.11
2020-10,Digital Goods: Games,5816,High Transacting Categories,,814.68,59.65
2020-10,Miscellaneous general merchandise,5399,High Transacting Categories,,1292.36,29.91
2020-10,Business services not elsewhere classified,7399,High Transacting Categories,,1826.31,29.05
2020-10,Telecommunication equipment and telephone sales,4812,High Transacting Categories,,597.44,28.09
2020-10,"Utilities electric, gas, water and sanitary",4900,High Transacting Categories,,2759.84,25.28
2020-10,Debit card to wallet credit (Wallet top up),6540,High Transacting Categories,,1575.42,23.58
2020-10,Service stations (with or without ancillary services),5541,Medium Transacting Categories,,1225.56,21.76
2020-10,Eating places and restaurants,5812,Medium Transacting Categories,,564.9,21.1
2020-10,Debt collection agencies,7322,Medium Transacting Categories,,10090.6,17.05
2020-10,Fast food restaurants,5814,Medium Transacting Categories,,535.92,13.12
2020-10,Cable and other pay television services,4899,Medium Transacting Categories,,451.05,12.86
2020-10,Petroleum and petroleum products,5172,Medium Transacting Categories,,796.63,12.1
2020-10,Video game arcades and establishments,7994,Medium Transacting Categories,,154.01,11.25
2020-10,Health and beauty spas,7298,Medium Transacting Categories,,377.58,10.89
2020-10,Department stores,5311,Medium Transacting Categories,,584.99,7.12
2020-10,Financial institutions merchandise and services,6012,Medium Transacting Categories,,2506.08,6.69
2020-10,Drug stores and pharmacies,5912,All Other Categories,,325.2,6.21
2020-10,Bakeries,5462,All Other Categories,,96.26,4.85
2020-10,"Betting, including lottery tickets, casino gaming chips, off-track betting and wagers at race tracks",7995,All Other Categories,,184.48,4.44
2020-10,Securities brokers and dealers,6211,All Other Categories,,3664.75,4.33
2020-10,Passenger railways,4112,All Other Categories,,347.23,3.84
2020-10,Electronics shops,5732,All Other Categories,,658.44,3.82
2020-10,Mens and boys clothing and accessory shops,5611,All Other Categories,,532.48,3.8
2020-10,Government services not elsewhere classified,9399,All Other Categories,,320.53,3.44
2020-10,Dairies,5451,All Other Categories,,82.75,3.3
2020-10,Others,Others,All Other Categories,,7175.95,51.41
2020-10,Total,,All Other Categories,,55422.63,844.45
2020-11,Groceries and supermarkets,5411,High Transacting Categories,,10575.4,191.41
2020-11,Miscellaneous food shops convenience and speciality retail outlets,5499,High Transacting Categories,,3751.23,115.23
2020-11,Miscellaneous personal services not elsewhere classified,7299,High Transacting Categories,,3855.07,109.62
2020-11,"Telecommunication services, including local and long distance calls, credit card calls, calls through use of magnetic stripe reading telephones and faxes",4814,High Transacting Categories,,1220.63,54.68
2020-11,Digital Goods: Games,5816,High Transacting Categories,,727.79,39.83
2020-11,Miscellaneous general merchandise,5399,High Transacting Categories,,1408.91,33.91
2020-11,Telecommunication equipment and telephone sales,4812,High Transacting Categories,,626.4,28.89
2020-11,"Utilities electric, gas, water and sanitary",4900,High Transacting Categories,,2781.92,28.04
2020-11,Business services not elsewhere classified,7399,High Transacting Categories,,2006.68,24.92
2020-11,Service stations (with or without ancillary services),5541,High Transacting Categories,,1400.7,23.15
2020-11,Debit card to wallet credit (Wallet top up),6540,Medium Transacting Categories,,1564.58,21.78
2020-11,Eating places and restaurants,5812,Medium Transacting Categories,,488.18,21.75
2020-11,Health and beauty spas,7298,Medium Transacting Categories,,728.48,19.36
2020-11,Debt collection agencies,7322,Medium Transacting Categories,,11371.8,18.15
2020-11,Cable and other pay television services,4899,Medium Transacting Categories,,480.21,13.46
2020-11,Petroleum and petroleum products,5172,Medium Transacting Categories,,911.0,12.95
2020-11,Fast food restaurants,5814,Medium Transacting Categories,,327.25,9.34
2020-11,Video game arcades and establishments,7994,Medium Transacting Categories,,154.68,6.98
2020-11,Financial institutions merchandise and services,6012,Medium Transacting Categories,,2718.44,6.98
2020-11,Mens and boys clothing and accessory shops,5611,Medium Transacting Categories,,819.93,6.73
2020-11,Drug stores and pharmacies,5912,All Other Categories,,332.66,6.6
2020-11,Bakeries,5462,All Other Categories,,120.69,5.75
2020-11,Electronics shops,5732,All Other Categories,,865.67,5.35
2020-11,Department stores,5311,All Other Categories,,435.59,5.07
2020-11,Passenger railways,4112,All Other Categories,,409.14,4.81
2020-11,Dairies,5451,All Other Categories,,91.07,3.34
2020-11,Securities brokers and dealers,6211,All Other Categories,,2458.02,3.22
2020-11,Government services not elsewhere classified,9399,All Other Categories,,308.8,3.15
2020-11,Taxi-cabs and limousines,4121,All Other Categories,,63.12,2.71
2020-11,Others,Others,All Other Categories,,8041.7,58.37
2020-11,Total,,All Other Categories,,61045.73,885.55
2020-12,Groceries and supermarkets,5411,High Transacting Categories,,13112.2,202.2
2020-12,Miscellaneous food shops convenience and speciality retail outlets,5499,High Transacting Categories,,4199.13,144.02
2020-12,Miscellaneous personal services not elsewhere classified,7299,High Transacting Categories,,3870.14,108.75
2020-12,"Telecommunication services, including local and long distance calls, credit card calls, calls through use of magnetic stripe reading telephones and faxes",4814,High Transacting Categories,,1343.17,61.81
2020-12,Miscellaneous general merchandise,5399,High Transacting Categories,,1451.68,33.32
2020-12,"Utilities electric, gas, water and sanitary",4900,High Transacting Categories,,2873.04,30.86
2020-12,Health and beauty spas,7298,High Transacting Categories,,1079.29,30.3
2020-12,Telecommunication equipment and telephone sales,4812,High Transacting Categories,,646.89,29.57
2020-12,Digital Goods: Games,5816,High Transacting Categories,,639.92,27.63
2020-12,Service stations (with or without ancillary services),5541,High Transacting Categories,,1626.86,25.84
2020-12,Eating places and restaurants,5812,Medium Transacting Categories,,604.85,25.17
2020-12,Business services not elsewhere classified,7399,Medium Transacting Categories,,1993.95,24.22
2020-12,Debit card to wallet credit (Wallet top up),6540,Medium Transacting Categories,,1691.14,23.01
2020-12,Debt collection agencies,7322,Medium Transacting Categories,,12672.2,19.27
2020-12,Petroleum and petroleum products,5172,Medium Transacting Categories,,1026.38,14.59
2020-12,Cable and other pay television services,4899,Medium Transacting Categories,,499.27,13.5
2020-12,Fast food restaurants,5814,Medium Transacting Categories,,343.89,9.63
2020-12,Video game arcades and establishments,7994,Medium Transacting Categories,,176.48,7.99
2020-12,Drug stores and pharmacies,5912,Medium Transacting Categories,,354.2,6.96
2020-12,Passenger railways,4112,Medium Transacting Categories,,536.99,6.59
2020-12,Mens and boys clothing and accessory shops,5611,All Other Categories,,703.21,6.34
2020-12,Bakeries,5462,All Other Categories,,129.29,6.26
2020-12,Department stores,5311,All Other Categories,,481.67,5.57
2020-12,Electronics shops,5732,All Other Categories,,890.38,5.18
2020-12,Financial institutions merchandise and services,6012,All Other Categories,,2090.57,5.03
2020-12,Securities brokers and dealers,6211,All Other Categories,,3810.79,4.53
2020-12,Government services not elsewhere classified,9399,All Other Categories,,375.77,4.18
2020-12,Dairies,5451,All Other Categories,,95.83,3.56
2020-12,Taxi-cabs and limousines,4121,All Other Categories,,72.24,3.12
2020-12,Others,Others,All Other Categories,,8778.73,61.45
2020-12,Total,,All Other Categories,,68170.15,950.45
2021-01,Groceries and supermarkets,5411,High Transacting Categories,,10434.6,191.07
2021-01,Miscellaneous food shops convenience and speciality retail outlets,5499,High Transacting Categories,,4619.13,167.07
2021-01,"Telecommunication services, including local and long distance calls, credit card calls, calls through use of magnetic stripe reading telephones and faxes",4814,High Transacting Categories,,2072.64,102.12
2021-01,Miscellaneous personal services not elsewhere classified,7299,High Transacting Categories,,3780.16,79.01
2021-01,Health and beauty spas,7298,High Transacting Categories,,1557.88,43.04
2021-01,Miscellaneous general merchandise,5399,High Transacting Categories,,1623.44,34.65
2021-01,"Utilities electric, gas, water and sanitary",4900,High Transacting Categories,,2894.36,32.65
2021-01,Telecommunication equipment and telephone sales,4812,High Transacting Categories,,719.67,31.69
2021-01,Digital Goods: Games,5816,High Transacting Categories,,819.03,30.07
2021-01,Eating places and restaurants,5812,High Transacting Categories,,673.87,28.84
2021-01,Service stations (with or without ancillary services),5541,Medium Transacting Categories,,1766.35,27.91
2021-01,Debit card to wallet credit (Wallet top up),6540,Medium Transacting Categories,,1735.45,22.94
2021-01,Debt collection agencies,7322,Medium Transacting Categories,,12878.4,19.93
2021-01,Business services not elsewhere classified,7399,Medium Transacting Categories,,1770.44,19.77
2021-01,Petroleum and petroleum products,5172,Medium Transacting Categories,,1155.49,16.07
2021-01,Cable and other pay television services,4899,Medium Transacting Categories,,522.65,13.71
2021-01,Fast food restaurants,5814,Medium Transacting Categories,,351.58,10.65
2021-01,Passenger railways,4112,Medium Transacting Categories,,595.79,8.1
2021-01,Video game arcades and establishments,7994,Medium Transacting Categories,,185.31,8.0
2021-01,Drug stores and pharmacies,5912,Medium Transacting Categories,,369.51,7.33
2021-01,Bakeries,5462,All Other Categories,,127.17,6.46
2021-01,Securities brokers and dealers,6211,All Other Categories,,5889.55,6.43
2021-01,Mens and boys clothing and accessory shops,5611,All Other Categories,,702.5,6.15
2021-01,Financial institutions merchandise and services,6012,All Other Categories,,2039.73,5.74
2021-01,Department stores,5311,All Other Categories,,483.08,5.57
2021-01,Electronics shops,5732,All Other Categories,,831.55,4.93
2021-01,Government services not elsewhere classified,9399,All Other Categories,,421.52,4.38
2021-01,Dairies,5451,All Other Categories,,103.55,3.87
2021-01,Taxi-cabs and limousines,4121,All Other Categories,,76.35,3.39
2021-01,Others,Others,All Other Categories,,9435.2,67.08
2021-01,Total,,All Other Categories,,70635.96,1008.62
2021-02,Miscellaneous food shops convenience and speciality retail outlets,5499,High Transacting Categories,,4934.57,186.38
2021-02,Groceries and supermarkets,5411,High Transacting Categories,,9261.35,168.58
2021-02,"Telecommunication services, including local and long distance calls, credit card calls, calls through use of magnetic stripe reading telephones and faxes",4814,High Transacting Categories,,2304.93,116.93
2021-02,Health and beauty spas,7298,High Transacting Categories,,1822.14,51.28
2021-02,"Utilities electric, gas, water and sanitary",4900,High Transacting Categories,,3265.99,49.57
2021-02,Miscellaneous personal services not elsewhere classified,7299,High Transacting Categories,,3180.62,44.9
2021-02,Miscellaneous general merchandise,5399,High Transacting Categories,,1884.37,33.08
2021-02,Telecommunication equipment and telephone sales,4812,High Transacting Categories,,673.88,29.88
2021-02,Eating places and restaurants,5812,High Transacting Categories,,631.32,29.44
2021-02,Service stations (with or without ancillary services),5541,High Transacting Categories,,1759.34,28.23
2021-02,Digital Goods: Games,5816,Medium Transacting Categories,,946.7,27.51
2021-02,Business services not elsewhere classified,7399,Medium Transacting Categories,,1740.84,21.69
2021-02,Debit card to wallet credit (Wallet top up),6540,Medium Transacting Categories,,1706.4,21.68
2021-02,Debt collection agencies,7322,Medium Transacting Categories,,12645.6,19.92
2021-02,Petroleum and petroleum products,5172,Medium Transacting Categories,,1282.94,16.95
2021-02,Cable and other pay television services,4899,Medium Transacting Categories,,491.82,12.41
2021-02,Fast food restaurants,5814,Medium Transacting Categories,,340.3,10.59
2021-02,Passenger railways,4112,Medium Transacting Categories,,622.78,8.76
2021-02,Financial institutions merchandise and services,6012,Medium Transacting Categories,,2342.39,7.96
2021-02,Drug stores and pharmacies,5912,Medium Transacting Categories,,369.55,7.46
2021-02,Video game arcades and establishments,7994,All Other Categories,,181.21,7.21
2021-02,Securities brokers and dealers,6211,All Other Categories,,5641.54,6.38
2021-02,Bakeries,5462,All Other Categories,,122.95,6.36
2021-02,Mens and boys clothing and accessory shops,5611,All Other Categories,,719.84,6.06
2021-02,Department stores,5311,All Other Categories,,430.83,5.16
2021-02,Electronics shops,5732,All Other Categories,,773.59,4.38
2021-02,Tolls and bridge fees,4784,All Other Categories,,397.89,4.34
2021-02,Government services not elsewhere classified,9399,All Other Categories,,436.53,3.99
2021-02,Dairies,5451,All Other Categories,,104.45,3.99
2021-02,Others,Others,All Other Categories,,9226.71,70.03
2021-02,Total,,All Other Categories,,70243.34,1011.1
2021-03,Miscellaneous food shops convenience and speciality retail outlets,5499,High Transacting Categories,,5975.99,230.03
2021-03,Groceries and supermarkets,5411,High Transacting Categories,,11337.4,195.96
2021-03,"Telecommunication services, including local and long distance calls, credit card calls, calls through use of magnetic stripe reading telephones and faxes",4814,High Transacting Categories,,2846.3,154.86
2021-03,Miscellaneous personal services not elsewhere classified,7299,High Transacting Categories,,3979.42,58.83
2021-03,Health and beauty spas,7298,High Transacting Categories,,1929.58,55.19
2021-03,"Utilities electric, gas, water and sanitary",4900,High Transacting Categories,,3503.37,39.3
2021-03,Digital Goods: Games,5816,High Transacting Categories,,1162.05,38.59
2021-03,Business services not elsewhere classified,7399,High Transacting Categories,,2825.88,38.29
2021-03,Miscellaneous general merchandise,5399,High Transacting Categories,,1535.21,36.47
2021-03,Telecommunication equipment and telephone sales,4812,High Transacting Categories,,752.49,34.43
2021-03,Service stations (with or without ancillary services),5541,Medium Transacting Categories,,2084.79,33.66
2021-03,Eating places and restaurants,5812,Medium Transacting Categories,,681.75,32.5
2021-03,Debit card to wallet credit (Wallet top up),6540,Medium Transacting Categories,,1952.99,24.72
2021-03,Debt collection agencies,7322,Medium Transacting Categories,,15464.9,23.76
2021-03,Petroleum and petroleum products,5172,Medium Transacting Categories,,1652.06,21.34
2021-03,Cable and other pay television services,4899,Medium Transacting Categories,,590.49,15.14
2021-03,Fast food restaurants,5814,Medium Transacting Categories,,341.33,11.11
2021-03,Passenger railways,4112,Medium Transacting Categories,,660.19,9.92
2021-03,Video game arcades and establishments,7994,Medium Transacting Categories,,221.38,9.66
2021-03,Drug stores and pharmacies,5912,Medium Transacting Categories,,463.9,9.05
2021-03,Financial institutions merchandise and services,6012,All Other Categories,,2533.79,8.82
2021-03,Bakeries,5462,All Other Categories,,155.83,7.65
2021-03,Mens and boys clothing and accessory shops,5611,All Other Categories,,821.81,6.79
2021-03,Electronics shops,5732,All Other Categories,,1091.72,6.37
2021-03,Securities brokers and dealers,6211,All Other Categories,,5497.99,6.25
2021-03,Department stores,5311,All Other Categories,,488.84,6.04
2021-03,Tolls and bridge fees,4784,All Other Categories,,506.98,5.96
2021-03,Dairies,5451,All Other Categories,,125.31,5.16
2021-03,Government services not elsewhere classified,9399,All Other Categories,,545.1,4.77
2021-03,Others,Others,All Other Categories,,11347.39,85.52
2021-03,Total,,All Other Categories,,83076.25,1216.15
2021-04,Groceries and supermarkets,5411,High Transacting Categories,,11117.1,199.78
2021-04,Miscellaneous food shops convenience and speciality retail outlets,5499,High Transacting Categories,,5907.97,188.82
2021-04,"Telecommunication services, including local and long distance calls, credit card calls, calls through use of magnetic stripe reading telephones and faxes",4814,High Transacting Categories,,3010.26,165.15
2021-04,Digital Goods: Games,5816,High Transacting Categories,,1686.08,79.13
2021-04,Miscellaneous personal services not elsewhere classified,7299,High Transacting Categories,,4455.16,65.06
2021-04,Health and beauty spas,7298,High Transacting Categories,,2157.53,53.42
2021-04,Miscellaneous general merchandise,5399,High Transacting Categories,,1629.98,36.39
2021-04,Telecommunication equipment and telephone sales,4812,High Transacting Categories,,758.05,36.15
2021-04,"Utilities electric, gas, water and sanitary",4900,High Transacting Categories,,3247.14,34.67
2021-04,Service stations (with or without ancillary services),5541,High Transacting Categories,,2019.91,30.25
2021-04,Eating places and restaurants,5812,Medium Transacting Categories,,551.38,24.52
2021-04,Debit card to wallet credit (Wallet top up),6540,Medium Transacting Categories,,1964.49,24.01
2021-04,Debt collection agencies,7322,Medium Transacting Categories,,14918.4,23.02
2021-04,Business services not elsewhere classified,7399,Medium Transacting Categories,,1807.45,20.1
2021-04,Petroleum and petroleum products,5172,Medium Transacting Categories,,1643.16,19.13
2021-04,Cable and other pay television services,4899,Medium Transacting Categories,,618.63,15.84
2021-04,Drug stores and pharmacies,5912,Medium Transacting Categories,,745.7,12.63
2021-04,Video game arcades and establishments,7994,Medium Transacting Categories,,430.55,12.35
2021-04,Fast food restaurants,5814,Medium Transacting Categories,,309.06,9.66
2021-04,Financial institutions merchandise and services,6012,Medium Transacting Categories,,2508.75,8.55
2021-04,Passenger railways,4112,All Other Categories,,550.82,8.04
2021-04,Electronics shops,5732,All Other Categories,,1117.16,7.02
2021-04,Bakeries,5462,All Other Categories,,123.93,6.27
2021-04,Securities brokers and dealers,6211,All Other Categories,,5413.99,6.22
2021-04,Mens and boys clothing and accessory shops,5611,All Other Categories,,764.02,5.88
2021-04,Tolls and bridge fees,4784,All Other Categories,,469.49,5.61
2021-04,Department stores,5311,All Other Categories,,464.11,5.53
2021-04,Dairies,5451,All Other Categories,,131.82,5.15
2021-04,"Betting, including lottery tickets, casino gaming chips, off-track betting and wagers at race tracks",7995,All Other Categories,,80.7,3.93
2021-04,Others,Others,All Other Categories,,11233.66,80.26
2021-04,Total,,All Other Categories,,81836.48,1192.53
2021-05,Groceries and supermarkets,5411,High Transacting Categories,,10896.7,214.3
2021-05,"Telecommunication services, including local and long distance calls, credit card calls, calls through use of magnetic stripe reading telephones and faxes",4814,High Transacting Categories,,3591.73,196.35
2021-05,Miscellaneous food shops convenience and speciality retail outlets,5499,High Transacting Categories,,5257.54,140.09
2021-05,Miscellaneous personal services not elsewhere classified,7299,High Transacting Categories,,4743.89,68.94
2021-05,Digital Goods: Games,5816,High Transacting Categories,,1735.02,60.81
2021-05,Health and beauty spas,7298,High Transacting Categories,,2040.29,43.17
2021-05,Telecommunication equipment and telephone sales,4812,High Transacting Categories,,827.56,42.16
2021-05,Miscellaneous general merchandise,5399,High Transacting Categories,,1808.09,38.94
2021-05,"Utilities electric, gas, water and sanitary",4900,High Transacting Categories,,4009.89,35.1
2021-05,Service stations (with or without ancillary services),5541,High Transacting Categories,,2016.03,27.59
2021-05,Debt collection agencies,7322,Medium Transacting Categories,,16856.4,26.36
2021-05,Debit card to wallet credit (Wallet top up),6540,Medium Transacting Categories,,2113.13,23.88
2021-05,Cable and other pay television services,4899,Medium Transacting Categories,,685.89,17.22
2021-05,Petroleum and petroleum products,5172,Medium Transacting Categories,,1485.02,17.04
2021-05,Eating places and restaurants,5812,Medium Transacting Categories,,423.84,15.19
2021-05,Drug stores and pharmacies,5912,Medium Transacting Categories,,884.37,13.96
2021-05,Fast food restaurants,5814,Medium Transacting Categories,,349.07,9.55
2021-05,Financial institutions merchandise and services,6012,Medium Transacting Categories,,2755.54,9.49
2021-05,Video game arcades and establishments,7994,Medium Transacting Categories,,501.64,9.34
2021-05,Department stores,5311,Medium Transacting Categories,,774.17,8.75
2021-05,Securities brokers and dealers,6211,All Other Categories,,7446.65,8.68
2021-05,Business services not elsewhere classified,7399,All Other Categories,,1177.65,7.59
2021-05,Electronics shops,5732,All Other Categories,,1009.27,6.07
2021-05,Digital Goods: Large Digital Goods Merchant,5818,All Other Categories,,863.9,5.58
2021-05,Passenger railways,4112,All Other Categories,,399.88,5.13
2021-05,Dairies,5451,All Other Categories,,154.91,5.1
2021-05,Tolls and bridge fees,4784,All Other Categories,,368.92,4.29
2021-05,"Motor freight carriers and trucking local and long distance, moving and storage companies and local delivery",4214,All Other Categories,,426.73,4.18
2021-05,"Betting, including lottery tickets, casino gaming chips, off-track betting and wagers at race tracks",7995,All Other Categories,,114.61,4.09
2021-05,Others,Others,All Other Categories,,11035.73,73.67
2021-05,Total,,All Other Categories,,86754.07,1142.58
2021-06,Groceries and supermarkets,5411,High Transacting Categories,,11613.3,213.43
2021-06,Miscellaneous food shops convenience and speciality retail outlets,5499,High Transacting Categories,,6593.76,192.46
2021-06,"Telecommunication services, including local and long distance calls, credit card calls, calls through use of magnetic stripe reading telephones and faxes",4814,High Transacting Categories,,3355.23,183.8
2021-06,Miscellaneous personal services not elsewhere classified,7299,High Transacting Categories,,5213.67,76.8
2021-06,Health and beauty spas,7298,High Transacting Categories,,2580.48,56.19
2021-06,Digital Goods: Games,5816,High Transacting Categories,,1797.8,52.91
2021-06,Miscellaneous general merchandise,5399,High Transacting Categories,,2193.04,41.5
2021-06,Telecommunication equipment and telephone sales,4812,High Transacting Categories,,854.3,40.73
2021-06,"Utilities electric, gas, water and sanitary",4900,High Transacting Categories,,4674.58,37.88
2021-06,Service stations (with or without ancillary services),5541,High Transacting Categories,,2583.2,36.47
2021-06,Debt collection agencies,7322,Medium Transacting Categories,,16843.5,26.85
2021-06,Debit card to wallet credit (Wallet top up),6540,Medium Transacting Categories,,2651.97,25.31
2021-06,Petroleum and petroleum products,5172,Medium Transacting Categories,,2079.87,24.38
2021-06,Eating places and restaurants,5812,Medium Transacting Categories,,578.46,23.67
2021-06,Cable and other pay television services,4899,Medium Transacting Categories,,711.19,17.01
2021-06,Fast food restaurants,5814,Medium Transacting Categories,,399.7,11.09
2021-06,Securities brokers and dealers,6211,Medium Transacting Categories,,9537.85,10.96
2021-06,Drug stores and pharmacies,5912,Medium Transacting Categories,,612.21,10.94
2021-06,Financial institutions merchandise and services,6012,Medium Transacting Categories,,3039.37,9.76
2021-06,Department stores,5311,Medium Transacting Categories,,905.44,9.52
2021-06,Passenger railways,4112,All Other Categories,,672.43,8.65
2021-06,Video game arcades and establishments,7994,All Other Categories,,454.59,7.77
2021-06,Electronics shops,5732,All Other Categories,,1445.78,7.73
2021-06,Digital Goods: Large Digital Goods Merchant,5818,All Other Categories,,1274.06,7.18
2021-06,Tolls and bridge fees,4784,All Other Categories,,477.31,6.02
2021-06,"Motor freight carriers and trucking local and long distance, moving and storage companies and local delivery",4214,All Other Categories,,624.01,5.79
2021-06,Government services not elsewhere classified,9399,All Other Categories,,772.86,5.77
2021-06,Dairies,5451,All Other Categories,,179.2,5.49
2021-06,Mens and boys clothing and accessory shops,5611,All Other Categories,,687.73,5.45
2021-06,Others,Others,All Other Categories,,14190.7,95.92
2021-06,Total,,All Other Categories,,99597.58,1257.43
2021-07,Miscellaneous food shops convenience and speciality retail outlets,5499,High Transacting Categories,,8123.22,266.83
2021-07,Groceries and supermarkets,5411,High Transacting Categories,,12859.8,229.59
2021-07,"Telecommunication services, including local and long distance calls, credit card calls, calls through use of magnetic stripe reading telephones and faxes",4814,High Transacting Categories,,3334.3,184.08
2021-07,Miscellaneous personal services not elsewhere classified,7299,High Transacting Categories,,6581.54,105.11
2021-07,Health and beauty spas,7298,High Transacting Categories,,2624.05,65.54
2021-07,Digital Goods: Games,5816,High Transacting Categories,,1877.15,55.22
2021-07,Miscellaneous general merchandise,5399,High Transacting Categories,,2290.89,44.63
2021-07,Service stations (with or without ancillary services),5541,High Transacting Categories,,2891.8,43.43
2021-07,Telecommunication equipment and telephone sales,4812,High Transacting Categories,,919.8,41.94
2021-07,"Utilities electric, gas, water and sanitary",4900,High Transacting Categories,,4863.33,41.26
2021-07,Eating places and restaurants,5812,Medium Transacting Categories,,800.06,35.08
2021-07,Petroleum and petroleum products,5172,Medium Transacting Categories,,2556.35,30.49
2021-07,Debt collection agencies,7322,Medium Transacting Categories,,20304.5,30.02
2021-07,Debit card to wallet credit (Wallet top up),6540,Medium Transacting Categories,,2561.81,29.0
2021-07,Cable and other pay television services,4899,Medium Transacting Categories,,734.66,17.27
2021-07,Fast food restaurants,5814,Medium Transacting Categories,,450.36,13.09
2021-07,Financial institutions merchandise and services,6012,Medium Transacting Categories,,3477.91,11.73
2021-07,Drug stores and pharmacies,5912,Medium Transacting Categories,,625.16,11.72
2021-07,Securities brokers and dealers,6211,Medium Transacting Categories,,9546.56,11.21
2021-07,Passenger railways,4112,Medium Transacting Categories,,698.77,10.62
2021-07,Department stores,5311,All Other Categories,,847.42,9.67
2021-07,Video game arcades and establishments,7994,All Other Categories,,492.33,8.66
2021-07,Electronics shops,5732,All Other Categories,,1483.67,8.29
2021-07,Bakeries,5462,All Other Categories,,183.12,7.95
2021-07,Digital Goods: Large Digital Goods Merchant,5818,All Other Categories,,1399.92,7.92
2021-07,Tolls and bridge fees,4784,All Other Categories,,549.6,7.1
2021-07,Mens and boys clothing and accessory shops,5611,All Other Categories,,825.09,6.97
2021-07,Business services not elsewhere classified,7399,All Other Categories,,704.87,6.71
2021-07,"Motor freight carriers and trucking local and long distance, moving and storage companies and local delivery",4214,All Other Categories,,684.36,6.52
2021-07,Others,Others,All Other Categories,,17324.65,118.36
2021-07,Total,,All Other Categories,,112617.06,1466.03
2021-08,Miscellaneous food shops convenience and speciality retail outlets,5499,High Transacting Categories,,9110.13,314.21
2021-08,Groceries and supermarkets,5411,High Transacting Categories,,13803.6,241.49
2021-08,"Telecommunication services, including local and long distance calls, credit card calls, calls through use of magnetic stripe reading telephones and faxes",4814,High Transacting Categories,,3391.83,182.89
2021-08,Miscellaneous personal services not elsewhere classified,7299,High Transacting Categories,,8661.78,152.69
2021-08,Digital Goods: Games,5816,High Transacting Categories,,1998.39,53.38
2021-08,Service stations (with or without ancillary services),5541,High Transacting Categories,,3065.12,48.34
2021-08,Miscellaneous general merchandise,5399,High Transacting Categories,,2452.23,46.98
2021-08,Health and beauty spas,7298,High Transacting Categories,,1663.3,45.31
2021-08,Telecommunication equipment and telephone sales,4812,High Transacting Categories,,1032.14,44.26
2021-08,"Utilities electric, gas, water and sanitary",4900,High Transacting Categories,,4946.72,43.02
2021-08,Eating places and restaurants,5812,Medium Transacting Categories,,940.83,41.97
2021-08,Petroleum and petroleum products,5172,Medium Transacting Categories,,2884.52,34.48
2021-08,Debt collection agencies,7322,Medium Transacting Categories,,21812.5,31.53
2021-08,Debit card to wallet credit (Wallet top up),6540,Medium Transacting Categories,,2751.98,30.38
2021-08,Cable and other pay television services,4899,Medium Transacting Categories,,767.61,18.02
2021-08,Fast food restaurants,5814,Medium Transacting Categories,,459.1,14.26
2021-08,Drug stores and pharmacies,5912,Medium Transacting Categories,,683.99,13.31
2021-08,Financial institutions merchandise and services,6012,Medium Transacting Categories,,3684.19,13.04
2021-08,Securities brokers and dealers,6211,Medium Transacting Categories,,10721.5,12.34
2021-08,Passenger railways,4112,Medium Transacting Categories,,764.27,12.18
2021-08,Electronics shops,5732,All Other Categories,,1575.18,10.0
2021-08,Business services not elsewhere classified,7399,All Other Categories,,967.02,9.47
2021-08,Bakeries,5462,All Other Categories,,213.08,9.22
2021-08,Department stores,5311,All Other Categories,,713.97,8.75
2021-08,Mens and boys clothing and accessory shops,5611,All Other Categories,,989.81,8.18
2021-08,Government services not elsewhere classified,9399,All Other Categories,,974.11,8.04
2021-08,Digital Goods: Large Digital Goods Merchant,5818,All Other Categories,,1351.46,7.9
2021-08,Tolls and bridge fees,4784,All Other Categories,,583.24,7.77
2021-08,"Motor freight carriers and trucking local and long distance, moving and storage companies and local delivery",4214,All Other Categories,,691.11,7.12
2021-08,Others,Others,All Other Categories,,19254.82,139.22
2021-08,Total,,All Other Categories,,122909.52,1609.74
2021-09,Miscellaneous food shops convenience and speciality retail outlets,5499,High Transacting Categories,,9278.19,328.54
2021-09,Groceries and supermarkets,5411,High Transacting Categories,,14470.8,249.78
2021-09,"Telecommunication services, including local and long distance calls, credit card calls, calls through use of magnetic stripe reading telephones and faxes",4814,High Transacting Categories,,3319.5,177.23
2021-09,Miscellaneous personal services not elsewhere classified,7299,High Transacting Categories,,8498.01,152.51
2021-09,Digital Goods: Games,5816,High Transacting Categories,,1938.92,74.03
2021-09,Telecommunication equipment and telephone sales,4812,High Transacting Categories,,1054.71,48.41
2021-09,Service stations (with or without ancillary services),5541,High Transacting Categories,,2976.72,48.32
2021-09,Miscellaneous general merchandise,5399,High Transacting Categories,,2459.67,44.6
2021-09,"Utilities electric, gas, water and sanitary",4900,High Transacting Categories,,5103.95,44.6
2021-09,Eating places and restaurants,5812,High Transacting Categories,,965.99,43.79
2021-09,Health and beauty spas,7298,Medium Transacting Categories,,1533.19,42.86
2021-09,Petroleum and petroleum products,5172,Medium Transacting Categories,,2962.0,35.79
2021-09,Debit card to wallet credit (Wallet top up),6540,Medium Transacting Categories,,3215.97,32.42
2021-09,Debt collection agencies,7322,Medium Transacting Categories,,22917.4,32.05
2021-09,Business services not elsewhere classified,7399,Medium Transacting Categories,,2276.66,30.41
2021-09,Cable and other pay television services,4899,Medium Transacting Categories,,772.58,18.02
2021-09,Fast food restaurants,5814,Medium Transacting Categories,,447.25,15.07
2021-09,Financial institutions merchandise and services,6012,Medium Transacting Categories,,3944.21,13.79
2021-09,Drug stores and pharmacies,5912,Medium Transacting Categories,,708.81,13.76
2021-09,Passenger railways,4112,Medium Transacting Categories,,790.46,12.35
2021-09,Securities brokers and dealers,6211,All Other Categories,,10201.7,12.18
2021-09,Electronics shops,5732,All Other Categories,,1456.95,9.75
2021-09,Bakeries,5462,All Other Categories,,198.61,9.33
2021-09,Department stores,5311,All Other Categories,,617.77,8.35
2021-09,Government services not elsewhere classified,9399,All Other Categories,,1100.56,7.86
2021-09,Digital Goods: Large Digital Goods Merchant,5818,All Other Categories,,1308.28,7.69
2021-09,Tolls and bridge fees,4784,All Other Categories,,581.74,7.64
2021-09,"Motor freight carriers and trucking local and long distance, moving and storage companies and local delivery",4214,All Other Categories,,688.52,7.5
2021-09,Mens and boys clothing and accessory shops,5611,All Other Categories,,906.35,7.09
2021-09,Others,Others,All Other Categories,,18682.98,137.53
2021-09,Total,,All Other Categories,,125378.44,1673.26
2021-10,Groceries and supermarkets,5411,High Transacting Categories,,18334.1,272.24
2021-10,Miscellaneous personal services not elsewhere classified,7299,High Transacting Categories,,11994.0,195.42
2021-10,"Telecommunication services, including local and long distance calls, credit card calls, calls through use of magnetic stripe reading telephones and faxes",4814,High Transacting Categories,,3535.15,184.65
2021-10,Miscellaneous food shops convenience and speciality retail outlets,5499,High Transacting Categories,,6577.13,170.33
2021-10,Digital Goods: Games,5816,High Transacting Categories,,2534.65,105.53
2021-10,Service stations (with or without ancillary services),5541,High Transacting Categories,,3815.49,57.38
2021-10,Miscellaneous general merchandise,5399,High Transacting Categories,,2990.2,51.65
2021-10,Health and beauty spas,7298,High Transacting Categories,,1890.15,50.03
2021-10,Telecommunication equipment and telephone sales,4812,High Transacting Categories,,1123.92,49.34
2021-10,Eating places and restaurants,5812,High Transacting Categories,,1134.42,48.52
2021-10,"Utilities electric, gas, water and sanitary",4900,Medium Transacting Categories,,5331.61,47.07
2021-10,Petroleum and petroleum products,5172,Medium Transacting Categories,,3859.61,42.87
2021-10,Debit card to wallet credit (Wallet top up),6540,Medium Transacting Categories,,4213.28,37.49
2021-10,Debt collection agencies,7322,Medium Transacting Categories,,28400.4,37.42
2021-10,Business services not elsewhere classified,7399,Medium Transacting Categories,,2356.55,27.15
2021-10,Cable and other pay television services,4899,Medium Transacting Categories,,831.11,19.56
2021-10,Fast food restaurants,5814,Medium Transacting Categories,,498.21,16.38
2021-10,Financial institutions merchandise and services,6012,Medium Transacting Categories,,4748.97,16.13
2021-10,Securities brokers and dealers,6211,Medium Transacting Categories,,13510.0,15.58
2021-10,Drug stores and pharmacies,5912,Medium Transacting Categories,,768.36,14.95
2021-10,Passenger railways,4112,All Other Categories,,956.09,14.72
2021-10,Department stores,5311,All Other Categories,,1203.71,13.46
2021-10,"Motor freight carriers and trucking local and long distance, moving and storage companies and local delivery",4214,All Other Categories,,1158.31,12.57
2021-10,Bakeries,5462,All Other Categories,,226.31,10.04
2021-10,Mens and boys clothing and accessory shops,5611,All Other Categories,,1457.57,9.73
2021-10,Electronics shops,5732,All Other Categories,,1645.89,9.42
2021-10,Government services not elsewhere classified,9399,All Other Categories,,1231.72,8.87
2021-10,Tolls and bridge fees,4784,All Other Categories,,640.5,8.62
2021-10,Dairies,5451,All Other Categories,,254.44,7.36
2021-10,Others,Others,All Other Categories,,22822.39,157.04
2021-10,Total,,All Other Categories,,150044.24,1711.53
2021-11,Groceries and supermarkets,5411,High Transacting Categories,,16714.6,263.15
2021-11,Miscellaneous personal services not elsewhere classified,7299,High Transacting Categories,,12128.9,202.89
2021-11,"Telecommunication services, including local and long distance calls, credit card calls, calls through use of magnetic stripe reading telephones and faxes",4814,High Transacting Categories,,3832.11,185.92
2021-11,Miscellaneous food shops convenience and speciality retail outlets,5499,High Transacting Categories,,6099.75,129.81
2021-11,Digital Goods: Games,5816,High Transacting Categories,,2615.03,91.73
2021-11,Service stations (with or without ancillary services),5541,High Transacting Categories,,3949.01,57.44
2021-11,Health and beauty spas,7298,High Transacting Categories,,2009.14,51.15
2021-11,Miscellaneous general merchandise,5399,High Transacting Categories,,2778.19,48.52
2021-11,Telecommunication equipment and telephone sales,4812,High Transacting Categories,,1147.47,47.96
2021-11,Eating places and restaurants,5812,High Transacting Categories,,1185.68,47.94
2021-11,"Utilities electric, gas, water and sanitary",4900,Medium Transacting Categories,,5201.85,46.01
2021-11,Petroleum and petroleum products,5172,Medium Transacting Categories,,4010.94,42.59
2021-11,Debit card to wallet credit (Wallet top up),6540,Medium Transacting Categories,,4359.09,35.03
2021-11,Debt collection agencies,7322,Medium Transacting Categories,,27747.5,34.48
2021-11,Cable and other pay television services,4899,Medium Transacting Categories,,875.24,19.81
2021-11,Business services not elsewhere classified,7399,Medium Transacting Categories,,1977.07,18.13
2021-11,Financial institutions merchandise and services,6012,Medium Transacting Categories,,5251.15,17.3
2021-11,Securities brokers and dealers,6211,Medium Transacting Categories,,14630.4,17.15
2021-11,Fast food restaurants,5814,Medium Transacting Categories,,516.83,16.36
2021-11,Drug stores and pharmacies,5912,Medium Transacting Categories,,800.99,15.47
2021-11,Passenger railways,4112,All Other Categories,,963.76,14.47
2021-11,Mens and boys clothing and accessory shops,5611,All Other Categories,,1556.23,10.68
2021-11,Bakeries,5462,All Other Categories,,254.85,10.14
2021-11,"Motor freight carriers and trucking local and long distance, moving and storage companies and local delivery",4214,All Other Categories,,846.0,10.03
2021-11,Electronics shops,5732,All Other Categories,,1708.19,9.5
2021-11,Tolls and bridge fees,4784,All Other Categories,,632.23,8.88
2021-11,Department stores,5311,All Other Categories,,736.3,8.81
2021-11,Government services not elsewhere classified,9399,All Other Categories,,1259.69,8.06
2021-11,Professional services not elsewhere classified,8999,All Other Categories,,501.25,7.0
2021-11,Others,Others,All Other Categories,,24045.11,162.11
2021-11,Total,,All Other Categories,,150334.56,1638.54
2021-12,Groceries and supermarkets,5411,High Transacting Categories,,11455.6,236.15
2021-12,"Telecommunication services, including local and long distance calls, credit card calls, calls through use of magnetic stripe reading telephones and faxes",4814,High Transacting Categories,,4509.49,203.7
2021-12,Miscellaneous personal services not elsewhere classified,7299,High Transacting Categories,,10445.9,177.93
2021-12,Miscellaneous food shops convenience and speciality retail outlets,5499,High Transacting Categories,,6738.0,159.25
2021-12,Digital Goods: Games,5816,High Transacting Categories,,3099.82,87.74
2021-12,Service stations (with or without ancillary services),5541,High Transacting Categories,,4336.42,62.81
2021-12,Eating places and restaurants,5812,High Transacting Categories,,1390.81,59.23
2021-12,Health and beauty spas,7298,High Transacting Categories,,2055.51,56.59
2021-12,Miscellaneous general merchandise,5399,High Transacting Categories,,2804.85,51.57
2021-12,"Utilities electric, gas, water and sanitary",4900,High Transacting Categories,,5172.27,50.81
2021-12,Telecommunication equipment and telephone sales,4812,Medium Transacting Categories,,1229.16,49.26
2021-12,Petroleum and petroleum products,5172,Medium Transacting Categories,,4204.31,45.81
2021-12,Debt collection agencies,7322,Medium Transacting Categories,,30877.0,39.47
2021-12,Debit card to wallet credit (Wallet top up),6540,Medium Transacting Categories,,4001.22,35.87
2021-12,Financial institutions merchandise and services,6012,Medium Transacting Categories,,7025.81,25.19
2021-12,Business services not elsewhere classified,7399,Medium Transacting Categories,,2321.63,24.81
2021-12,Cable and other pay television services,4899,Medium Transacting Categories,,1064.48,23.93
2021-12,Fast food restaurants,5814,Medium Transacting Categories,,639.48,21.82
2021-12,Securities brokers and dealers,6211,Medium Transacting Categories,,16590.5,21.69
2021-12,Drug stores and pharmacies,5912,Medium Transacting Categories,,930.48,18.36
2021-12,Passenger railways,4112,All Other Categories,,961.51,14.48
2021-12,Department stores,5311,All Other Categories,,984.31,13.6
2021-12,Professional services not elsewhere classified,8999,All Other Categories,,804.74,12.63
2021-12,Bakeries,5462,All Other Categories,,298.68,12.48
2021-12,Caterers,5811,All Other Categories,,362.99,12.27
2021-12,"Motor freight carriers and trucking local and long distance, moving and storage companies and local delivery",4214,All Other Categories,,942.59,11.76
2021-12,Tolls and bridge fees,4784,All Other Categories,,803.96,10.85
2021-12,Electronics shops,5732,All Other Categories,,1724.3,9.92
2021-12,Government services not elsewhere classified,9399,All Other Categories,,1520.76,9.89
2021-12,Others,Others,All Other Categories,,28424.1,194.45
2021-12,Total,,All Other Categories,,157720.66,1754.3
2022-01,Groceries and supermarkets,5411,High Transacting Categories,,11621.6,248.05
2022-01,Miscellaneous food shops convenience and speciality retail outlets,5499,High Transacting Categories,,8747.68,237.76
2022-01,"Telecommunication services, including local and long distance calls, credit card calls, calls through use of magnetic stripe reading telephones and faxes",4814,High Transacting Categories,,4720.66,209.1
2022-01,Miscellaneous personal services not elsewhere classified,7299,High Transacting Categories,,6598.58,102.36
2022-01,Digital Goods: Games,5816,High Transacting Categories,,3106.36,91.71
2022-01,Eating places and restaurants,5812,High Transacting Categories,,1555.18,69.03
2022-01,Service stations (with or without ancillary services),5541,High Transacting Categories,,4575.03,65.93
2022-01,Miscellaneous general merchandise,5399,High Transacting Categories,,3211.66,56.12
2022-01,Health and beauty spas,7298,High Transacting Categories,,1981.53,54.37
2022-01,Telecommunication equipment and telephone sales,4812,High Transacting Categories,,1349.87,53.14
2022-01,Petroleum and petroleum products,5172,Medium Transacting Categories,,4307.73,49.54
2022-01,"Utilities electric, gas, water and sanitary",4900,Medium Transacting Categories,,4750.81,48.58
2022-01,Debt collection agencies,7322,Medium Transacting Categories,,30589.2,39.91
2022-01,Financial institutions merchandise and services,6012,Medium Transacting Categories,,8843.34,37.03
2022-01,Debit card to wallet credit (Wallet top up),6540,Medium Transacting Categories,,3598.43,36.19
2022-01,Business services not elsewhere classified,7399,Medium Transacting Categories,,2942.86,32.37
2022-01,Fast food restaurants,5814,Medium Transacting Categories,,662.71,28.44
2022-01,Drug stores and pharmacies,5912,Medium Transacting Categories,,1287.48,27.43
2022-01,Securities brokers and dealers,6211,Medium Transacting Categories,,20435.9,24.95
2022-01,Cable and other pay television services,4899,Medium Transacting Categories,,1107.67,24.84
2022-01,Department stores,5311,All Other Categories,,1314.02,22.93
2022-01,Miscellaneous and speciality retail outlets,5999,All Other Categories,,1060.75,13.76
2022-01,Bakeries,5462,All Other Categories,,300.66,13.48
2022-01,Passenger railways,4112,All Other Categories,,806.33,12.61
2022-01,Caterers,5811,All Other Categories,,368.74,12.29
2022-01,"Motor freight carriers and trucking local and long distance, moving and storage companies and local delivery",4214,All Other Categories,,965.33,11.92
2022-01,Government services not elsewhere classified,9399,All Other Categories,,1486.23,11.17
2022-01,Tolls and bridge fees,4784,All Other Categories,,767.47,10.11
2022-01,Electronics shops,5732,All Other Categories,,1837.67,9.76
2022-01,Others,Others,All Other Categories,,29821.02,204.65
2022-01,Total,,All Other Categories,,164722.46,1859.54
2022-02,Miscellaneous food shops convenience and speciality retail outlets,5499,High Transacting Categories,,11309.5,334.08
2022-02,Groceries and supermarkets,5411,High Transacting Categories,,11189.9,230.03
2022-02,"Telecommunication services, including local and long distance calls, credit card calls, calls through use of magnetic stripe reading telephones and faxes",4814,High Transacting Categories,,4359.3,191.92
2022-02,Miscellaneous personal services not elsewhere classified,7299,High Transacting Categories,,5971.68,96.66
2022-02,Digital Goods: Games,5816,High Transacting Categories,,2731.19,92.63
2022-02,Eating places and restaurants,5812,High Transacting Categories,,1664.7,71.36
2022-02,Service stations (with or without ancillary services),5541,High Transacting Categories,,4782.3,69.52
2022-02,Miscellaneous general merchandise,5399,High Transacting Categories,,3429.9,55.57
2022-02,Health and beauty spas,7298,High Transacting Categories,,2001.93,53.8
2022-02,Telecommunication equipment and telephone sales,4812,High Transacting Categories,,1291.95,49.87
2022-02,Petroleum and petroleum products,5172,Medium Transacting Categories,,4389.12,46.91
2022-02,"Utilities electric, gas, water and sanitary",4900,Medium Transacting Categories,,4506.4,44.51
2022-02,Debit card to wallet credit (Wallet top up),6540,Medium Transacting Categories,,3539.65,37.89
2022-02,Debt collection agencies,7322,Medium Transacting Categories,,28777.2,37.04
2022-02,Business services not elsewhere classified,7399,Medium Transacting Categories,,2810.53,33.68
2022-02,Financial institutions merchandise and services,6012,Medium Transacting Categories,,8850.57,32.28
2022-02,Fast food restaurants,5814,Medium Transacting Categories,,655.19,29.25
2022-02,Securities brokers and dealers,6211,Medium Transacting Categories,,19196.4,23.4
2022-02,Department stores,5311,Medium Transacting Categories,,1309.16,22.36
2022-02,Cable and other pay television services,4899,Medium Transacting Categories,,973.4,21.8
2022-02,Drug stores and pharmacies,5912,All Other Categories,,1103.87,21.28
2022-02,Passenger railways,4112,All Other Categories,,984.22,13.78
2022-02,Bakeries,5462,All Other Categories,,312.35,13.42
2022-02,Miscellaneous and speciality retail outlets,5999,All Other Categories,,1073.9,12.63
2022-02,"Motor freight carriers and trucking local and long distance, moving and storage companies and local delivery",4214,All Other Categories,,960.34,12.25
2022-02,Government services not elsewhere classified,9399,All Other Categories,,1437.14,10.8
2022-02,Tolls and bridge fees,4784,All Other Categories,,802.4,10.79
2022-02,Caterers,5811,All Other Categories,,316.3,10.49
2022-02,Electronics shops,5732,All Other Categories,,1897.2,9.81
2022-02,Others,Others,All Other Categories,,30373.36,206.03
2022-02,Total,,All Other Categories,,163001.03,1895.84
2022-03,Miscellaneous food shops convenience and speciality retail outlets,5499,High Transacting Categories,,14590.7,442.78
2022-03,Groceries and supermarkets,5411,High Transacting Categories,,12786.7,263.81
2022-03,"Telecommunication services, including local and long distance calls, credit card calls, calls through use of magnetic stripe reading telephones and faxes",4814,High Transacting Categories,,4794.6,221.49
2022-03,Miscellaneous personal services not elsewhere classified,7299,High Transacting Categories,,6824.35,124.24
2022-03,Digital Goods: Games,5816,High Transacting Categories,,3064.34,97.86
2022-03,Miscellaneous general merchandise,5399,High Transacting Categories,,5289.58,92.22
2022-03,Eating places and restaurants,5812,High Transacting Categories,,1735.27,73.79
2022-03,Service stations (with or without ancillary services),5541,High Transacting Categories,,5305.79,73.43
2022-03,Telecommunication equipment and telephone sales,4812,High Transacting Categories,,1444.22,57.53
2022-03,"Utilities electric, gas, water and sanitary",4900,High Transacting Categories,,5069.07,49.78
2022-03,Petroleum and petroleum products,5172,Medium Transacting Categories,,4772.82,46.27
2022-03,Debit card to wallet credit (Wallet top up),6540,Medium Transacting Categories,,4033.79,43.55
2022-03,Debt collection agencies,7322,Medium Transacting Categories,,34643.9,42.16
2022-03,Health and beauty spas,7298,Medium Transacting Categories,,1519.02,42.16
2022-03,Business services not elsewhere classified,7399,Medium Transacting Categories,,2756.99,38.3
2022-03,Fast food restaurants,5814,Medium Transacting Categories,,716.93,31.21
2022-03,Financial institutions merchandise and services,6012,Medium Transacting Categories,,9016.83,27.89
2022-03,Department stores,5311,Medium Transacting Categories,,1471.08,25.62
2022-03,Cable and other pay television services,4899,Medium Transacting Categories,,1050.82,24.02
2022-03,Drug stores and pharmacies,5912,Medium Transacting Categories,,1180.67,22.58
2022-03,Securities brokers and dealers,6211,All Other Categories,,17323.7,22.0
2022-03,Passenger railways,4112,All Other Categories,,1219.38,16.01
2022-03,"Motor freight carriers and trucking local and long distance, moving and storage companies and local delivery",4214,All Other Categories,,1064.98,14.03
2022-03,Electronics shops,5732,All Other Categories,,2474.61,13.77
2022-03,Bakeries,5462,All Other Categories,,313.19,13.16
2022-03,Government services not elsewhere classified,9399,All Other Categories,,1884.12,13.12
2022-03,Caterers,5811,All Other Categories,,405.99,12.89
2022-03,Miscellaneous and speciality retail outlets,5999,All Other Categories,,1130.02,12.08
2022-03,Tolls and bridge fees,4784,All Other Categories,,864.08,11.44
2022-03,Others,Others,All Other Categories,,34010.83,235.31
2022-03,Total,,All Other Categories,,182758.36,2204.5
2022-04,Miscellaneous food shops convenience and speciality retail outlets,5499,High Transacting Categories,,20333.31,611.03
2022-04,Groceries and supermarkets,5411,High Transacting Categories,,11891.71,240.96
2022-04,"Telecommunication services, including local and long distance calls, credit card calls, calls through use of magnetic stripe reading telephones and faxes",4814,High Transacting Categories,,4454.66,213.47
2022-04,Digital Goods: Games,5816,High Transacting Categories,,3142.9,139.9
2022-04,Miscellaneous general merchandise,5399,High Transacting Categories,,9172.09,158.62
2022-04,Miscellaneous personal services not elsewhere classified,7299,High Transacting Categories,,6845.18,130.25
2022-04,Debit card to wallet credit (Wallet top up),6540,High Transacting Categories,,4169.15,57.69
2022-04,Telecommunication equipment and telephone sales,4812,High Transacting Categories,,1369.1,57.22
2022-04,Business services not elsewhere classified,7399,High Transacting Categories,,3048.87,57.15
2022-04,Service stations (with or without ancillary services),5541,High Transacting Categories,,4427.58,54.33
2022-04,Eating places and restaurants,5812,Medium Transacting Categories,,1035.45,37.71
2022-04,Debt collection agencies,7322,Medium Transacting Categories,,32412.65,37.17
2022-04,"Utilities electric, gas, water and sanitary",4900,Medium Transacting Categories,,4380.07,36.46
2022-04,Cable and other pay television services,4899,Medium Transacting Categories,,985.56,23.76
2022-04,Financial institutions merchandise and services,6012,Medium Transacting Categories,,8387.27,20.73
2022-04,Fast food restaurants,5814,Medium Transacting Categories,,524.99,20.58
2022-04,Department stores,5311,Medium Transacting Categories,,1318.1,20.18
2022-04,Securities brokers and dealers,6211,Medium Transacting Categories,,16882.2,19.62
2022-04,Electronics shops,5732,Medium Transacting Categories,,2500.5,16.79
2022-04,Petroleum and petroleum products,5172,Medium Transacting Categories,,3763.17,25.62
2022-04,Passenger railways,4112,All Other Categories,,1170.94,14.44
2022-04,"Motor freight carriers and trucking local and long distance, moving and storage companies and local delivery",4214,All Other Categories,,1044.33,13.71
2022-04,Government services not elsewhere classified,9399,All Other Categories,,1853.76,12.37
2022-04,Caterers,5811,All Other Categories,,399.9,11.4
2022-04,Tolls and bridge fees,4784,All Other Categories,,796.88,10.93
2022-04,Courier services air and ground and freight forwarders,4215,All Other Categories,,558.79,8.71
2022-04,Taxi-cabs and limousines,4121,All Other Categories,,249.51,8.31
2022-04,Drug stores and pharmacies,5912,All Other Categories,,865.72,14.93
2022-04,"Computer programming, data processing and integrated systems design services",7372,All Other Categories,,154.11,7.12
2022-04,Others,Others,All Other Categories,,29237.93,182.04
2022-04,Total,,All Other Categories,,177376.39,2263.2
2022-05,Miscellaneous food shops convenience and speciality retail outlets,5499,High Transacting Categories,,11751.95,342.87
2022-05,Miscellaneous personal services not elsewhere classified,7299,High Transacting Categories,,9182.35,177.88
2022-05,Eating places and restaurants,5812,High Transacting Categories,,3152.13,138.08
2022-05,Miscellaneous general merchandise,5399,High Transacting Categories,,6323.49,102.46
2022-05,Groceries and supermarkets,5411,High Transacting Categories,,15692.19,333.19
2022-05,"Telecommunication services, including local and long distance calls, credit card calls, calls through use of magnetic stripe reading telephones and faxes",4814,High Transacting Categories,,5520.23,268.67
2022-05,Digital Goods: Games,5816,High Transacting Categories,,4341.06,164.84
2022-05,Service stations (with or without ancillary services),5541,High Transacting Categories,,7543.6,100.74
2022-05,Debit card to wallet credit (Wallet top up),6540,High Transacting Categories,,4287.28,62.45
2022-05,Fast food restaurants,5814,High Transacting Categories,,1005.75,48.48
2022-05,"Utilities electric, gas, water and sanitary",4900,Medium Transacting Categories,,6273.71,47.71
2022-05,Business services not elsewhere classified,7399,Medium Transacting Categories,,3577.33,47.47
2022-05,Debt collection agencies,7322,Medium Transacting Categories,,38703.45,43.03
2022-05,Petroleum and petroleum products,5172,Medium Transacting Categories,,4528.77,34.94
2022-05,Drug stores and pharmacies,5912,Medium Transacting Categories,,1592.6,34.92
2022-05,Department stores,5311,Medium Transacting Categories,,1715.74,30.65
2022-05,Bakeries,5462,Medium Transacting Categories,,531.77,27.96
2022-05,Financial institutions merchandise and services,6012,Medium Transacting Categories,,10962.39,27.85
2022-05,Telecommunication equipment and telephone sales,4812,Medium Transacting Categories,,1103.66,40.03
2022-05,Cable and other pay television services,4899,All Other Categories,,1013.58,23.57
2022-05,"Drinking places (alcoholic beverages) bars, taverns, night-clubs, cocktail lounges and discothques",5813,All Other Categories,,1015.72,22.34
2022-05,Miscellaneous and speciality retail outlets,5999,All Other Categories,,1363.32,22.3
2022-05,Dairies,5451,All Other Categories,,567,17.73
2022-05,Electronics shops,5732,All Other Categories,,2937.7,17.36
2022-05,"Motor freight carriers and trucking local and long distance, moving and storage companies and local delivery",4214,All Other Categories,,1268.37,17.21
2022-05,Securities brokers and dealers,6211,Medium Transacting Categories,,24495.57,26.01
2022-05,Caterers,5811,All Other Categories,,513.59,14.5
2022-05,Government services not elsewhere classified,9399,All Other Categories,,2223.3,16.52
2022-05,Passenger railways,4112,All Other Categories,,1352.37,14.81
2022-05,Others,Others,All Other Categories,,39826.39,280.1
2022-05,Total,,All Other Categories,,214366.39,2546.65
2022-06,"Telecommunication services, including local and long distance calls, credit card calls, calls through use of magnetic stripe reading telephones and faxes",4814,High Transacting Categories,,6419.97,305.5
2022-06,Miscellaneous personal services not elsewhere classified,7299,High Transacting Categories,,10622.44,215.79
2022-06,Groceries and supermarkets,5411,High Transacting Categories,,18310.02,392.88
2022-06,Service stations (with or without ancillary services),5541,High Transacting Categories,,10512.52,141.17
2022-06,Eating places and restaurants,5812,High Transacting Categories,,4644.24,215.45
2022-06,Digital Goods: Games,5816,High Transacting Categories,,5300.66,145.4
2022-06,Miscellaneous food shops convenience and speciality retail outlets,5499,High Transacting Categories,,2590.74,94.52
2022-06,Fast food restaurants,5814,High Transacting Categories,,1152.39,65.06
2022-06,Miscellaneous general merchandise,5399,High Transacting Categories,,4302.7,63.11
2022-06,Debit card to wallet credit (Wallet top up),6540,High Transacting Categories,,4159.78,60.85
2022-06,Drug stores and pharmacies,5912,Medium Transacting Categories,,2167.9,50.56
2022-06,"Utilities electric, gas, water and sanitary",4900,Medium Transacting Categories,,6775.18,47.65
2022-06,Bakeries,5462,Medium Transacting Categories,,773.35,44.99
2022-06,Financial institutions merchandise and services,6012,Medium Transacting Categories,,13374.4,36.59
2022-06,Miscellaneous and speciality retail outlets,5999,Medium Transacting Categories,,1596.32,36.15
2022-06,Department stores,5311,Medium Transacting Categories,,1839.17,35.7
2022-06,"Drinking places (alcoholic beverages) bars, taverns, night-clubs, cocktail lounges and discothques",5813,Medium Transacting Categories,,1491.92,33.38
2022-06,Dairies,5451,Medium Transacting Categories,,654.72,25.7
2022-06,Debt collection agencies,7322,Medium Transacting Categories,,39529.55,41.81
2022-06,Cable and other pay television services,4899,All Other Categories,,879.84,20.6
2022-06,Securities brokers and dealers,6211,All Other Categories,,15928.92,19.92
2022-06,"Motor freight carriers and trucking local and long distance, moving and storage companies and local delivery",4214,All Other Categories,,1425.56,18.75
2022-06,Government services not elsewhere classified,9399,All Other Categories,,2489.68,17.99
2022-06,Miscellaneous apparel and accessory shops,5699,All Other Categories,,2337.56,17.44
2022-06,Petroleum and petroleum products,5172,All Other Categories,,3046.06,15.04
2022-06,Electronics shops,5732,All Other Categories,,2733.0,15.02
2022-06,Business services not elsewhere classified,7399,Medium Transacting Categories,,2694.42,20.71
2022-06,Tolls and bridge fees,4784,All Other Categories,,1017.24,13.79
2022-06,Caterers,5811,All Other Categories,,469.92,14.25
2022-06,Others,Others,All Other Categories,,44731.64,334.29
2022-06,Total,,All Other Categories,,213971.81,2560.08
2022-07,Eating places and restaurants,5812,High Transacting Categories,,5347.21,274.6
2022-07,Groceries and supermarkets,5411,High Transacting Categories,,21112.57,486.65
2022-07,"Telecommunication services, including local and long distance calls, credit card calls, calls through use of magnetic stripe reading telephones and faxes",4814,High Transacting Categories,,6753.9,335.65
2022-07,Service stations (with or without ancillary services),5541,High Transacting Categories,,10298.88,148.97
2022-07,Miscellaneous personal services not elsewhere classified,7299,High Transacting Categories,,11563.22,247.74
2022-07,Digital Goods: Games,5816,High Transacting Categories,,6549.38,177.37
2022-07,Miscellaneous food shops convenience and speciality retail outlets,5499,High Transacting Categories,,2052.05,102.15
2022-07,Fast food restaurants,5814,High Transacting Categories,,1479.46,92.1
2022-07,Debit card to wallet credit (Wallet top up),6540,High Transacting Categories,,4448.81,67.27
2022-07,Drug stores and pharmacies,5912,High Transacting Categories,,2619.9,65.57
2022-07,Miscellaneous general merchandise,5399,Medium Transacting Categories,,4401.58,63.11
2022-07,Miscellaneous and speciality retail outlets,5999,Medium Transacting Categories,,1847.65,58.81
2022-07,Bakeries,5462,Medium Transacting Categories,,908.81,58.14
2022-07,Debt collection agencies,7322,Medium Transacting Categories,,44566.98,46.3
2022-07,"Utilities electric, gas, water and sanitary",4900,Medium Transacting Categories,,6271.65,41.54
2022-07,Financial institutions merchandise and services,6012,Medium Transacting Categories,,14718.78,39.09
2022-07,"Drinking places (alcoholic beverages) bars, taverns, night-clubs, cocktail lounges and discothques",5813,Medium Transacting Categories,,1701.0,38.39
2022-07,Dairies,5451,Medium Transacting Categories,,730,32.09
2022-07,Miscellaneous apparel and accessory shops,5699,Medium Transacting Categories,,2683.06,21.97
2022-07,Business services not elsewhere classified,7399,All Other Categories,,2990.01,21.88
2022-07,Cable and other pay television services,4899,All Other Categories,,899.8,21.3
2022-07,Government services not elsewhere classified,9399,All Other Categories,,2915.68,19.63
2022-07,Department stores,5311,Medium Transacting Categories,,2020.11,41.69
2022-07,Securities brokers and dealers,6211,All Other Categories,,14029.02,19.38
2022-07,Electronics shops,5732,All Other Categories,,2969.18,19.12
2022-07,Petroleum and petroleum products,5172,All Other Categories,,3271.38,18.99
2022-07,"Motor freight carriers and trucking local and long distance, moving and storage companies and local delivery",4214,All Other Categories,,1337.7,18.5
2022-07,"Stationery, office supplies and printing and writing paper",5111,All Other Categories,,1272.34,15.18
2022-07,Tolls and bridge fees,4784,All Other Categories,,990.43,13.64
2022-07,Others,Others,All Other Categories,,47975.37,392.47
2022-07,Total,,All Other Categories,,230725.92,2999.25
2022-08,"Telecommunication services, including local and long distance calls, credit card calls, calls through use of magnetic stripe reading telephones and faxes",4814,High Transacting Categories,,7209.12,363.6
2022-08,Digital Goods: Games,5816,High Transacting Categories,,7681.32,207.39
2022-08,Groceries and supermarkets,5411,High Transacting Categories,,20707.96,502.08
2022-08,Service stations (with or without ancillary services),5541,High Transacting Categories,,10675.97,161.84
2022-08,Eating places and restaurants,5812,High Transacting Categories,,5970.02,323.32
2022-08,Miscellaneous personal services not elsewhere classified,7299,High Transacting Categories,,12036.33,266.98
2022-08,Miscellaneous food shops convenience and speciality retail outlets,5499,High Transacting Categories,,2347.21,124.52
2022-08,Fast food restaurants,5814,High Transacting Categories,,1617.02,117.41
2022-08,Drug stores and pharmacies,5912,High Transacting Categories,,2912.91,74.36
2022-08,Miscellaneous and speciality retail outlets,5999,High Transacting Categories,,2001.3,69.06
2022-08,Bakeries,5462,Medium Transacting Categories,,1016.97,65.5
2022-08,Miscellaneous general merchandise,5399,Medium Transacting Categories,,4480.59,63.98
2022-08,Debit card to wallet credit (Wallet top up),6540,Medium Transacting Categories,,4302.97,62.81
2022-08,Department stores,5311,Medium Transacting Categories,,2360.82,59.32
2022-08,"Utilities electric, gas, water and sanitary",4900,Medium Transacting Categories,,6700.2,46.2
2022-08,"Drinking places (alcoholic beverages) bars, taverns, night-clubs, cocktail lounges and discothques",5813,Medium Transacting Categories,,1672.92,38.85
2022-08,Dairies,5451,Medium Transacting Categories,,837.89,37.18
2022-08,Financial institutions merchandise and services,6012,Medium Transacting Categories,,14176.26,35.15
2022-08,Miscellaneous apparel and accessory shops,5699,Medium Transacting Categories,,2966.92,24.15
2022-08,Business services not elsewhere classified,7399,All Other Categories,,3064.16,23.6
2022-08,Cable and other pay television services,4899,All Other Categories,,919.38,22.06
2022-08,Debt collection agencies,7322,Medium Transacting Categories,,44519.47,48.19
2022-08,Securities brokers and dealers,6211,All Other Categories,,17014.73,21.63
2022-08,Electronics shops,5732,All Other Categories,,2971.88,20.56
2022-08,"Motor freight carriers and trucking local and long distance, moving and storage companies and local delivery",4214,All Other Categories,,1389.64,19.19
2022-08,Government services not elsewhere classified,9399,All Other Categories,,2536.12,18.67
2022-08,Petroleum and petroleum products,5172,All Other Categories,,3306.17,17.39
2022-08,"Stationery, office supplies and printing and writing paper",5111,All Other Categories,,1241.85,14.79
2022-08,Tolls and bridge fees,4784,All Other Categories,,1050.45,14.75
2022-08,Others,Others,All Other Categories,,49733.29,425.82
2022-08,Total,,All Other Categories,,239421.82,3290.37
2022-09,Groceries and supermarkets,5411,High Transacting Categories,,17810.01,469.77
2022-09,"Telecommunication services, including local and long distance calls, credit card calls, calls through use of magnetic stripe reading telephones and faxes",4814,High Transacting Categories,,7838.9,400.77
2022-09,Eating places and restaurants,5812,High Transacting Categories,,6684.3,385.43
2022-09,Digital Goods: Games,5816,High Transacting Categories,,8036.53,217.17
2022-09,Service stations (with or without ancillary services),5541,High Transacting Categories,,10943.91,168.95
2022-09,Miscellaneous personal services not elsewhere classified,7299,High Transacting Categories,,12517.54,281.01
2022-09,Fast food restaurants,5814,High Transacting Categories,,1758.19,145.49
2022-09,Miscellaneous food shops convenience and speciality retail outlets,5499,High Transacting Categories,,1879.24,124.4
2022-09,Drug stores and pharmacies,5912,High Transacting Categories,,3155.45,81.18
2022-09,Miscellaneous and speciality retail outlets,5999,High Transacting Categories,,2229.67,81.1
2022-09,Department stores,5311,Medium Transacting Categories,,3053.0,79.81
2022-09,Bakeries,5462,Medium Transacting Categories,,1087.91,73.83
2022-09,Miscellaneous general merchandise,5399,Medium Transacting Categories,,4805.17,66.45
2022-09,"Utilities electric, gas, water and sanitary",4900,Medium Transacting Categories,,8823.07,61.67
2022-09,Debt collection agencies,7322,Medium Transacting Categories,,46042.91,49.94
2022-09,Dairies,5451,Medium Transacting Categories,,909.51,44.21
2022-09,"Drinking places (alcoholic beverages) bars, taverns, night-clubs, cocktail lounges and discothques",5813,Medium Transacting Categories,,1763.89,41.52
2022-09,Financial institutions merchandise and services,6012,Medium Transacting Categories,,15098.75,36.52
2022-09,Securities brokers and dealers,6211,Medium Transacting Categories,,21973.47,25.54
2022-09,Cable and other pay television services,4899,All Other Categories,,1030.65,24.76
2022-09,Miscellaneous apparel and accessory shops,5699,All Other Categories,,3011.63,24.54
2022-09,Business services not elsewhere classified,7399,All Other Categories,,2854.98,24.46
2022-09,Debit card to wallet credit (Wallet top up),6540,Medium Transacting Categories,,3874.8,50.67
2022-09,"Motor freight carriers and trucking local and long distance, moving and storage companies and local delivery",4214,All Other Categories,,1707.91,23.4
2022-09,Electronics shops,5732,All Other Categories,,3011.51,20.97
2022-09,Government services not elsewhere classified,9399,All Other Categories,,2473.13,20.34
2022-09,Professional services not elsewhere classified,8999,All Other Categories,,967.82,17.41
2022-09,Freezer and locker meat provisioners,5422,All Other Categories,,582.97,17.34
2022-09,Tolls and bridge fees,4784,All Other Categories,,1213.04,17.19
2022-09,Others,Others,All Other Categories,,57249.0,471.37
2022-09,Total,,All Other Categories,,254388.83,3547.19
2022-10,Groceries and supermarkets,5411,High Transacting Categories,,20151.3,491
2022-10,"Telecommunication services, including local and long distance calls, credit card calls, calls through use of magnetic stripe reading telephones and faxes",4814,High Transacting Categories,,8553.09,442.8
2022-10,Eating places and restaurants,5812,High Transacting Categories,,8178.31,419.55
2022-10,Digital Goods: Games,5816,High Transacting Categories,,7012.47,222.12
2022-10,Miscellaneous personal services not elsewhere classified,7299,High Transacting Categories,,14575.65,308.58
2022-10,Service stations (with or without ancillary services),5541,High Transacting Categories,,12432.54,184.18
2022-10,Fast food restaurants,5814,High Transacting Categories,,2009.08,159.22
2022-10,Miscellaneous food shops convenience and speciality retail outlets,5499,High Transacting Categories,,2090.9,128.04
2022-10,Department stores,5311,High Transacting Categories,,3574.97,96.94
2022-10,Drug stores and pharmacies,5912,High Transacting Categories,,3394.13,88.45
2022-10,Miscellaneous and speciality retail outlets,5999,Medium Transacting Categories,,2771.22,85.26
2022-10,Bakeries,5462,Medium Transacting Categories,,1303.11,78.03
2022-10,Miscellaneous general merchandise,5399,Medium Transacting Categories,,5195.85,71.25
2022-10,Debt collection agencies,7322,Medium Transacting Categories,,50382.92,52.66
2022-10,Debit card to wallet credit (Wallet top up),6540,Medium Transacting Categories,,4047.74,50.54
2022-10,"Drinking places (alcoholic beverages) bars, taverns, night-clubs, cocktail lounges and discothques",5813,Medium Transacting Categories,,2076.28,47.46
2022-10,Dairies,5451,Medium Transacting Categories,,1059.82,45.49
2022-10,Financial institutions merchandise and services,6012,Medium Transacting Categories,,16639.58,39.06
2022-10,Miscellaneous apparel and accessory shops,5699,Medium Transacting Categories,,4752.19,33.42
2022-10,Business services not elsewhere classified,7399,All Other Categories,,2991.39,27.13
2022-10,Cable and other pay television services,4899,All Other Categories,,1101.78,26.53
2022-10,"Utilities electric, gas, water and sanitary",4900,Medium Transacting Categories,,9060.99,66.09
2022-10,"Motor freight carriers and trucking local and long distance, moving and storage companies and local delivery",4214,All Other Categories,,2030.81,26.23
2022-10,Electronics shops,5732,All Other Categories,,3709.19,24.62
2022-10,Securities brokers and dealers,6211,All Other Categories,,19840.24,22.35
2022-10,Government services not elsewhere classified,9399,All Other Categories,,2554.72,22.23
2022-10,Professional services not elsewhere classified,8999,All Other Categories,,1286.61,21.93
2022-10,Freezer and locker meat provisioners,5422,All Other Categories,,723.53,20.58
2022-10,Beauty and barber shops,7230,All Other Categories,,683.32,19.73
2022-10,Others,Others,All Other Categories,,68526.71,547.3
2022-10,Total,,All Other Categories,,282710.45,3868.76
2022-11,"Telecommunication services, including local and long distance calls, credit card calls, calls through use of magnetic stripe reading telephones and faxes",4814,High Transacting Categories,,8301.25,422.53
2022-11,Groceries and supermarkets,5411,High Transacting Categories,,19523.28,492.49
2022-11,Service stations (with or without ancillary services),5541,High Transacting Categories,,12983.75,186.69
2022-11,Eating places and restaurants,5812,High Transacting Categories,,7661.19,445.67
2022-11,Fast food restaurants,5814,High Transacting Categories,,1850.11,173.69
2022-11,Miscellaneous personal services not elsewhere classified,7299,High Transacting Categories,,13919.57,322.95
2022-11,Digital Goods: Games,5816,High Transacting Categories,,6247.77,211.84
2022-11,Miscellaneous food shops convenience and speciality retail outlets,5499,High Transacting Categories,,2029.99,137.41
2022-11,Department stores,5311,High Transacting Categories,,3365.24,104.01
2022-11,Drug stores and pharmacies,5912,High Transacting Categories,,3534.35,91.64
2022-11,Miscellaneous and speciality retail outlets,5999,Medium Transacting Categories,,2486.17,87.14
2022-11,Bakeries,5462,Medium Transacting Categories,,1205.59,81.51
2022-11,Miscellaneous general merchandise,5399,Medium Transacting Categories,,4675.81,69.89
2022-11,"Utilities electric, gas, water and sanitary",4900,Medium Transacting Categories,,8627.05,66.67
2022-11,"Drinking places (alcoholic beverages) bars, taverns, night-clubs, cocktail lounges and discothques",5813,Medium Transacting Categories,,1985.67,47.96
2022-11,Debit card to wallet credit (Wallet top up),6540,Medium Transacting Categories,,3572.25,44.51
2022-11,Dairies,5451,Medium Transacting Categories,,990,45.28
2022-11,Financial institutions merchandise and services,6012,Medium Transacting Categories,,17638.02,42.45
2022-11,Miscellaneous apparel and accessory shops,5699,Medium Transacting Categories,,4071.52,29.66
2022-11,Cable and other pay television services,4899,All Other Categories,,1063.82,25.73
2022-11,Government services not elsewhere classified,9399,All Other Categories,,2687.57,24.71
2022-11,Professional services not elsewhere classified,8999,All Other Categories,,1248.71,23.62
2022-11,Debt collection agencies,7322,Medium Transacting Categories,,48321.8,50.58
2022-11,Business services not elsewhere classified,7399,All Other Categories,,2556.8,23.24
2022-11,"Motor freight carriers and trucking local and long distance, moving and storage companies and local delivery",4214,All Other Categories,,1673.83,23.15
2022-11,Electronics shops,5732,All Other Categories,,3180.43,23.04
2022-11,Freezer and locker meat provisioners,5422,All Other Categories,,744.73,22.7
2022-11,Securities brokers and dealers,6211,All Other Categories,,16842.77,21.42
2022-11,Tolls and bridge fees,4784,All Other Categories,,1515.83,19.96
2022-11,Others,Others,All Other Categories,,64486.72,545.83
2022-11,Total,,All Other Categories,,268991.61,3907.96
2022-12,Eating places and restaurants,5812,High Transacting Categories,,8476.81,483.27
2022-12,"Telecommunication services, including local and long distance calls, credit card calls, calls through use of magnetic stripe reading telephones and faxes",4814,High Transacting Categories,,8990.7,459.62
2022-12,Fast food restaurants,5814,High Transacting Categories,,2254.22,198.55
2022-12,Miscellaneous personal services not elsewhere classified,7299,High Transacting Categories,,15092.07,356.76
2022-12,Service stations (with or without ancillary services),5541,High Transacting Categories,,14012.57,200.18
2022-12,Groceries and supermarkets,5411,High Transacting Categories,,21469.37,533.69
2022-12,Digital Goods: Games,5816,High Transacting Categories,,6240.67,194.54
2022-12,Miscellaneous food shops convenience and speciality retail outlets,5499,High Transacting Categories,,2188.94,148.92
2022-12,Department stores,5311,High Transacting Categories,,3707.95,116.61
2022-12,Drug stores and pharmacies,5912,High Transacting Categories,,3784.9,98.73
2022-12,Miscellaneous and speciality retail outlets,5999,Medium Transacting Categories,,2617.67,94.69
2022-12,Bakeries,5462,Medium Transacting Categories,,1445.48,90.81
2022-12,Miscellaneous general merchandise,5399,Medium Transacting Categories,,5107.18,82.23
2022-12,Debt collection agencies,7322,Medium Transacting Categories,,52006.03,57
2022-12,"Drinking places (alcoholic beverages) bars, taverns, night-clubs, cocktail lounges and discothques",5813,Medium Transacting Categories,,2309.16,52.54
2022-12,Dairies,5451,Medium Transacting Categories,,1092.2,48.58
2022-12,Debit card to wallet credit (Wallet top up),6540,Medium Transacting Categories,,3998.23,47
2022-12,Financial institutions merchandise and services,6012,Medium Transacting Categories,,18208.65,42.77
2022-12,Miscellaneous apparel and accessory shops,5699,Medium Transacting Categories,,4392.69,33.12
2022-12,Professional services not elsewhere classified,8999,All Other Categories,,1418.17,27.4
2022-12,"Utilities electric, gas, water and sanitary",4900,Medium Transacting Categories,,8272.19,68.98
2022-12,Cable and other pay television services,4899,All Other Categories,,1116.35,27.09
2022-12,Government services not elsewhere classified,9399,All Other Categories,,2919.79,26.22
2022-12,Securities brokers and dealers,6211,All Other Categories,,19616.15,25.8
2022-12,Freezer and locker meat provisioners,5422,All Other Categories,,874.01,25.66
2022-12,"Motor freight carriers and trucking local and long distance, moving and storage companies and local delivery",4214,All Other Categories,,1846.85,25.62
2022-12,Electronics shops,5732,All Other Categories,,3358.7,25.39
2022-12,Business services not elsewhere classified,7399,All Other Categories,,2690.74,24.6
2022-12,Beauty and barber shops,7230,All Other Categories,,768.19,21.83
2022-12,Others,Others,All Other Categories,,70030.06,589.09
2022-12,Total,,All Other Categories,,290306.69,4227.3
2023-01,Groceries and supermarkets,5411,High Transacting Categories,,22344.42,564.02
2023-01,Miscellaneous personal services not elsewhere classified,7299,High Transacting Categories,,15308.25,368.3
2023-01,Fast food restaurants,5814,High Transacting Categories,,2762.12,220.82
2023-01,Digital Goods: Games,5816,High Transacting Categories,,7131.77,234.75
2023-01,Service stations (with or without ancillary services),5541,High Transacting Categories,,14051.71,204.78
2023-01,"Telecommunication services, including local and long distance calls, credit card calls, calls through use of magnetic stripe reading telephones and faxes",4814,High Transacting Categories,,9363.92,482.44
2023-01,Eating places and restaurants,5812,High Transacting Categories,,8375.3,491.54
2023-01,Miscellaneous food shops convenience and speciality retail outlets,5499,High Transacting Categories,,2226.71,149.34
2023-01,Department stores,5311,High Transacting Categories,,3872.16,126.9
2023-01,Drug stores and pharmacies,5912,High Transacting Categories,,3884.3,102.56
2023-01,Miscellaneous and speciality retail outlets,5999,Medium Transacting Categories,,2801.27,96.64
2023-01,Miscellaneous general merchandise,5399,Medium Transacting Categories,,5439.95,92.96
2023-01,Bakeries,5462,Medium Transacting Categories,,1373.38,90.9
2023-01,"Utilities electric, gas, water and sanitary",4900,Medium Transacting Categories,,8019.98,69.43
2023-01,Debt collection agencies,7322,Medium Transacting Categories,,56682.85,64.89
2023-01,"Drinking places (alcoholic beverages) bars, taverns, night-clubs, cocktail lounges and discothques",5813,Medium Transacting Categories,,2181.07,52.11
2023-01,Dairies,5451,Medium Transacting Categories,,1136.82,49.95
2023-01,Debit card to wallet credit (Wallet top up),6540,Medium Transacting Categories,,3864.38,45.32
2023-01,Financial institutions merchandise and services,6012,Medium Transacting Categories,,14999.0,36.38
2023-01,Miscellaneous apparel and accessory shops,5699,Medium Transacting Categories,,4462.01,32.43
2023-01,Professional services not elsewhere classified,8999,All Other Categories,,1505.95,30.3
2023-01,Securities brokers and dealers,6211,All Other Categories,,23874.16,29.28
2023-01,Freezer and locker meat provisioners,5422,All Other Categories,,947.61,28.39
2023-01,Government services not elsewhere classified,9399,All Other Categories,,3057.44,27.39
2023-01,Cable and other pay television services,4899,All Other Categories,,1125.39,27.29
2023-01,Business services not elsewhere classified,7399,All Other Categories,,2874.68,26.61
2023-01,Electronics shops,5732,All Other Categories,,3524.14,25.97
2023-01,"Motor freight carriers and trucking local and long distance, moving and storage companies and local delivery",4214,All Other Categories,,1583.58,22.7
2023-01,Beauty and barber shops,7230,All Other Categories,,754.48,22.39
2023-01,Others,Others,All Other Categories,,71416.81,594.15
2023-01,Total,,All Other Categories,,300945.6,4410.94
2023-02,Groceries and supermarkets,5411,High Transacting Categories,,24910.12,756.86
2023-02,Eating places and restaurants,5812,High Transacting Categories,,8243.93,502.38
2023-02,"Telecommunication services, including local and long distance calls, credit card calls, calls through use of magnetic stripe reading telephones and faxes",4814,High Transacting Categories,,7977.27,412.16
2023-02,Service stations (with or without ancillary services),5541,High Transacting Categories,,13745.04,198.65
2023-02,Fast food restaurants,5814,High Transacting Categories,,3153.6,249.19
2023-02,Department stores,5311,High Transacting Categories,,4107.39,184.98
2023-02,Digital Goods: Games,5816,High Transacting Categories,,6424.79,201.01
2023-02,Drug stores and pharmacies,5912,High Transacting Categories,,4047.6,108.39
2023-02,Bakeries,5462,High Transacting Categories,,1481.92,99.62
2023-02,Miscellaneous personal services not elsewhere classified,7299,High Transacting Categories,,5189.7,89.88
2023-02,Debit card to wallet credit (Wallet top up),6540,Medium Transacting Categories,,4473.96,68.22
2023-02,"Utilities electric, gas, water and sanitary",4900,Medium Transacting Categories,,7164.98,63.74
2023-02,Dairies,5451,Medium Transacting Categories,,1329.79,58.75
2023-02,"Drinking places (alcoholic beverages) bars, taverns, night-clubs, cocktail lounges and discothques",5813,Medium Transacting Categories,,2154.73,52.45
2023-02,Miscellaneous general merchandise,5399,Medium Transacting Categories,,2768.73,37.5
2023-02,Variety stores,5331,Medium Transacting Categories,,2111.95,36.09
2023-02,Financial institutions merchandise and services,6012,Medium Transacting Categories,,14083.38,34.87
2023-02,Professional services not elsewhere classified,8999,Medium Transacting Categories,,1489.55,30.59
2023-02,Miscellaneous and speciality retail outlets,5999,Medium Transacting Categories,,2218.25,30.19
2023-02,Freezer and locker meat provisioners,5422,All Other Categories,,964.33,30.12
2023-02,Securities brokers and dealers,6211,All Other Categories,,19082.24,28.9
2023-02,Miscellaneous food shops convenience and speciality retail outlets,5499,All Other Categories,,612.71,27.64
2023-02,Debt collection agencies,7322,Medium Transacting Categories,,38625.0,48.52
2023-02,Government services not elsewhere classified,9399,All Other Categories,,2608.63,26.43
2023-02,Electronics shops,5732,All Other Categories,,3714.55,26.32
2023-02,Beauty and barber shops,7230,All Other Categories,,896.91,26
2023-02,"Mens, womens and childrens uniforms and commercial clothing",5137,All Other Categories,,2980.07,25.85
2023-02,Cable and other pay television services,4899,All Other Categories,,1093.76,25.61
2023-02,"Candy, nut and confectionery shops",5441,All Other Categories,,434.62,22.39
2023-02,Others,Others,All Other Categories,,90922.7,649.87
2023-02,Total,,All Other Categories,,279012.26,4153.2
2023-03,Groceries and supermarkets,5411,High Transacting Categories,,28892.81,933.01
2023-03,Digital Goods: Games,5816,High Transacting Categories,,7613.77,237.74
2023-03,Eating places and restaurants,5812,High Transacting Categories,,9583.79,584.82
2023-03,"Telecommunication services, including local and long distance calls, credit card calls, calls through use of magnetic stripe reading telephones and faxes",4814,High Transacting Categories,,9205.96,486.58
2023-03,Service stations (with or without ancillary services),5541,High Transacting Categories,,15673.32,230.83
2023-03,Fast food restaurants,5814,High Transacting Categories,,3296.79,273.73
2023-03,Department stores,5311,High Transacting Categories,,4863.2,233.37
2023-03,Drug stores and pharmacies,5912,High Transacting Categories,,4604.47,121.2
2023-03,Bakeries,5462,High Transacting Categories,,1639.71,115.19
2023-03,Debit card to wallet credit (Wallet top up),6540,High Transacting Categories,,4773.32,75.29
2023-03,Dairies,5451,Medium Transacting Categories,,1493.22,72.54
2023-03,"Utilities electric, gas, water and sanitary",4900,Medium Transacting Categories,,8049.21,71.4
2023-03,Debt collection agencies,7322,Medium Transacting Categories,,45878.79,56.84
2023-03,Miscellaneous general merchandise,5399,Medium Transacting Categories,,4345.14,55.06
2023-03,Variety stores,5331,Medium Transacting Categories,,2807.09,46.78
2023-03,Financial institutions merchandise and services,6012,Medium Transacting Categories,,15636.77,40.11
2023-03,"Mens, womens and childrens uniforms and commercial clothing",5137,Medium Transacting Categories,,3918.47,35.33
2023-03,Freezer and locker meat provisioners,5422,Medium Transacting Categories,,1139.09,35.14
2023-03,Miscellaneous personal services not elsewhere classified,7299,Medium Transacting Categories,,2858.58,67.98
2023-03,"Drinking places (alcoholic beverages) bars, taverns, night-clubs, cocktail lounges and discothques",5813,Medium Transacting Categories,,2549.35,60.8
2023-03,Electronics shops,5732,All Other Categories,,4417.02,31.55
2023-03,Online Marketplaces,5262,All Other Categories,,2668.59,30.75
2023-03,Securities brokers and dealers,6211,All Other Categories,,20654.57,30.38
2023-03,Cable and other pay television services,4899,All Other Categories,,1169.46,28.39
2023-03,"Candy, nut and confectionery shops",5441,All Other Categories,,529.25,28.03
2023-03,Beauty and barber shops,7230,All Other Categories,,865.99,27.9
2023-03,Professional services not elsewhere classified,8999,All Other Categories,,1741.91,34.78
2023-03,Government services not elsewhere classified,9399,All Other Categories,,3550.97,26.05
2023-03,"Motor freight carriers and trucking local and long distance, moving and storage companies and local delivery",4214,All Other Categories,,1684.32,22.71
2023-03,Others,Others,All Other Categories,,106241.75,731.94
2023-03,Total,,All Other Categories,,322346.66,4826.25
2023-04,Groceries and supermarkets,5411,High Transacting Categories,,27967.29,949.92
2023-04,"Telecommunication services, including local and long distance calls, credit card calls, calls through use of magnetic stripe reading telephones and faxes",4814,High Transacting Categories,,9818.36,497.22
2023-04,Eating places and restaurants,5812,High Transacting Categories,,10208.54,619.14
2023-04,Service stations (with or without ancillary services),5541,High Transacting Categories,,16450.29,237.72
2023-04,Digital Goods: Games,5816,High Transacting Categories,,8086.72,340.88
2023-04,Department stores,5311,High Transacting Categories,,5174.8,240.7
2023-04,Fast food restaurants,5814,High Transacting Categories,,3486.52,278.07
2023-04,Drug stores and pharmacies,5912,High Transacting Categories,,4429.68,117.08
2023-04,Bakeries,5462,High Transacting Categories,,1657.14,117
2023-04,Debit card to wallet credit (Wallet top up),6540,High Transacting Categories,,4722.89,79.45
2023-04,Dairies,5451,Medium Transacting Categories,,1552.4,79.16
2023-04,"Utilities electric, gas, water and sanitary",4900,Medium Transacting Categories,,7380.44,64
2023-04,"Drinking places (alcoholic beverages) bars, taverns, night-clubs, cocktail lounges and discothques",5813,Medium Transacting Categories,,2584.51,62.87
2023-04,Miscellaneous personal services not elsewhere classified,7299,Medium Transacting Categories,,2147.52,59.64
2023-04,Miscellaneous general merchandise,5399,Medium Transacting Categories,,4964.33,52.79
2023-04,Variety stores,5331,Medium Transacting Categories,,2986.13,50.49
2023-04,"Mens, womens and childrens uniforms and commercial clothing",5137,Medium Transacting Categories,,4765.99,41.02
2023-04,Online Marketplaces,5262,Medium Transacting Categories,,3337.3,40.17
2023-04,Financial institutions merchandise and services,6012,Medium Transacting Categories,,11826.16,37.98
2023-04,Electronics shops,5732,All Other Categories,,5135.0,36.65
2023-04,Freezer and locker meat provisioners,5422,All Other Categories,,1182.8,36.38
2023-04,"Candy, nut and confectionery shops",5441,All Other Categories,,553.46,30.88
2023-04,Debt collection agencies,7322,Medium Transacting Categories,,44817.78,58.04
2023-04,Beauty and barber shops,7230,All Other Categories,,969.9,30.33
2023-04,Cable and other pay television services,4899,All Other Categories,,1175.79,28.25
2023-04,Securities brokers and dealers,6211,All Other Categories,,19613.99,27.62
2023-04,Tolls and bridge fees,4784,All Other Categories,,1858.33,24.07
2023-04,Taxi-cabs and limousines,4121,All Other Categories,,592.95,23.46
2023-04,Government services not elsewhere classified,9399,All Other Categories,,3297.0,23.46
2023-04,Others,Others,All Other Categories,,108583.65,748.76
2023-04,Total,,All Other Categories,,321327.66,5033.19
2023-05,Groceries and supermarkets,5411,High Transacting Categories,,29411.79,1003.54
2023-05,"Telecommunication services, including local and long distance calls, credit card calls, calls through use of magnetic stripe reading telephones and faxes",4814,High Transacting Categories,,10499.4,526.06
2023-05,Digital Goods: Games,5816,High Transacting Categories,,8116.78,325.68
2023-05,Eating places and restaurants,5812,High Transacting Categories,,11174.19,676.73
2023-05,Fast food restaurants,5814,High Transacting Categories,,3779.21,300.1
2023-05,Service stations (with or without ancillary services),5541,High Transacting Categories,,18012.53,263.18
2023-05,Department stores,5311,High Transacting Categories,,5799.48,268.3
2023-05,Bakeries,5462,High Transacting Categories,,1843.19,128.49
2023-05,Drug stores and pharmacies,5912,High Transacting Categories,,4644.23,119.2
2023-05,Debit card to wallet credit (Wallet top up),6540,High Transacting Categories,,5547.62,98.25
2023-05,Dairies,5451,Medium Transacting Categories,,1630.22,83.84
2023-05,"Utilities electric, gas, water and sanitary",4900,Medium Transacting Categories,,9236.43,75.76
2023-05,"Drinking places (alcoholic beverages) bars, taverns, night-clubs, cocktail lounges and discothques",5813,Medium Transacting Categories,,2848.07,68.33
2023-05,Debt collection agencies,7322,Medium Transacting Categories,,45479.77,59.85
2023-05,Variety stores,5331,Medium Transacting Categories,,3060.45,52.24
2023-05,Online Marketplaces,5262,Medium Transacting Categories,,4409.36,48.18
2023-05,Financial institutions merchandise and services,6012,Medium Transacting Categories,,12230.02,42.93
2023-05,"Mens, womens and childrens uniforms and commercial clothing",5137,Medium Transacting Categories,,4453.98,39.95
2023-05,Electronics shops,5732,Medium Transacting Categories,,5516.04,39.37
2023-05,Freezer and locker meat provisioners,5422,All Other Categories,,1236.17,37.45
2023-05,Miscellaneous personal services not elsewhere classified,7299,Medium Transacting Categories,,2390.48,65.37
2023-05,Miscellaneous general merchandise,5399,All Other Categories,,3634.42,36.01
2023-05,"Candy, nut and confectionery shops",5441,All Other Categories,,636.36,35.48
2023-05,Beauty and barber shops,7230,All Other Categories,,1014.12,31.68
2023-05,Securities brokers and dealers,6211,All Other Categories,,20345.86,29.26
2023-05,Cable and other pay television services,4899,All Other Categories,,1168.92,28.71
2023-05,Tolls and bridge fees,4784,All Other Categories,,1990.11,26.89
2023-05,Taxi-cabs and limousines,4121,All Other Categories,,655.47,25.43
2023-05,Government services not elsewhere classified,9399,All Other Categories,,3259.25,24.63
2023-05,Others,Others,All Other Categories,,120049.31,808.82
2023-05,Total,,All Other Categories,,344073.18,5369.7
2023-06,Eating places and restaurants,5812,High Transacting Categories,,11239.18,683.72
2023-06,"Telecommunication services, including local and long distance calls, credit card calls, calls through use of magnetic stripe reading telephones and faxes",4814,High Transacting Categories,,10596.07,500.42
2023-06,Groceries and supermarkets,5411,High Transacting Categories,,28977.99,1012.26
2023-06,Service stations (with or without ancillary services),5541,High Transacting Categories,,18072.85,269.75
2023-06,Fast food restaurants,5814,High Transacting Categories,,4112.76,319.27
2023-06,Digital Goods: Games,5816,High Transacting Categories,,7385.91,204.87
2023-06,Department stores,5311,High Transacting Categories,,6730.08,308.29
2023-06,Bakeries,5462,High Transacting Categories,,1855.44,131.74
2023-06,Drug stores and pharmacies,5912,High Transacting Categories,,4863.88,125.41
2023-06,Debit card to wallet credit (Wallet top up),6540,High Transacting Categories,,5780.17,94.43
2023-06,Dairies,5451,Medium Transacting Categories,,1621.76,85.29
2023-06,"Utilities electric, gas, water and sanitary",4900,Medium Transacting Categories,,10655.19,82.16
2023-06,"Drinking places (alcoholic beverages) bars, taverns, night-clubs, cocktail lounges and discothques",5813,Medium Transacting Categories,,2973.95,73.08
2023-06,Debt collection agencies,7322,Medium Transacting Categories,,48094.0,62.44
2023-06,Variety stores,5331,Medium Transacting Categories,,2882.78,51.69
2023-06,Financial institutions merchandise and services,6012,Medium Transacting Categories,,12082.96,44.87
2023-06,Freezer and locker meat provisioners,5422,Medium Transacting Categories,,1408.5,41.58
2023-06,Miscellaneous general merchandise,5399,Medium Transacting Categories,,4047.83,41.36
2023-06,Miscellaneous personal services not elsewhere classified,7299,Medium Transacting Categories,,2492.24,66.65
2023-06,Electronics shops,5732,All Other Categories,,5453.95,38.77
2023-06,"Candy, nut and confectionery shops",5441,All Other Categories,,657.61,37.75
2023-06,Securities brokers and dealers,6211,All Other Categories,,21168.67,34.17
2023-06,Beauty and barber shops,7230,All Other Categories,,991,32.58
2023-06,Online Marketplaces,5262,All Other Categories,,3067.87,31.82
2023-06,Government services not elsewhere classified,9399,All Other Categories,,3867.92,28.39
2023-06,"Mens, womens and childrens uniforms and commercial clothing",5137,Medium Transacting Categories,,4058.1,39.58
2023-06,"Stationery, office and school supply shops",5943,All Other Categories,,1030.8,26
2023-06,Taxi-cabs and limousines,4121,All Other Categories,,632.39,25.9
2023-06,Cable and other pay television services,4899,All Other Categories,,1084.41,27.18
2023-06,Others,Others,All Other Categories,,122155.75,842.22
2023-06,Total,,All Other Categories,,350042.01,5363.63
2023-07,Groceries and supermarkets,5411,High Transacting Categories,,31148.53,1105.5
2023-07,Eating places and restaurants,5812,High Transacting Categories,,11400.18,704.92
2023-07,"Telecommunication services, including local and long distance calls, credit card calls, calls through use of magnetic stripe reading telephones and faxes",4814,High Transacting Categories,,11089.9,536.89
2023-07,Department stores,5311,High Transacting Categories,,7032.92,343.67
2023-07,Fast food restaurants,5814,High Transacting Categories,,4630.31,363.02
2023-07,Service stations (with or without ancillary services),5541,High Transacting Categories,,17959.1,285.63
2023-07,Digital Goods: Games,5816,High Transacting Categories,,8160.71,212.05
2023-07,Drug stores and pharmacies,5912,High Transacting Categories,,5595.82,149.38
2023-07,Bakeries,5462,High Transacting Categories,,1902.37,131.86
2023-07,"Utilities electric, gas, water and sanitary",4900,High Transacting Categories,,12360.49,92.9
2023-07,Debit card to wallet credit (Wallet top up),6540,Medium Transacting Categories,,5944.14,91.7
2023-07,"Drinking places (alcoholic beverages) bars, taverns, night-clubs, cocktail lounges and discothques",5813,Medium Transacting Categories,,3186.6,84.32
2023-07,Dairies,5451,Medium Transacting Categories,,1568.53,80.66
2023-07,Debt collection agencies,7322,Medium Transacting Categories,,55027.89,66.41
2023-07,Miscellaneous personal services not elsewhere classified,7299,Medium Transacting Categories,,2511.96,71.06
2023-07,Financial institutions merchandise and services,6012,Medium Transacting Categories,,13232.6,48.16
2023-07,Miscellaneous general merchandise,5399,Medium Transacting Categories,,4348.47,45.14
2023-07,Securities brokers and dealers,6211,Medium Transacting Categories,,32257.63,42.1
2023-07,Electronics shops,5732,Medium Transacting Categories,,5163.26,40.3
2023-07,"Candy, nut and confectionery shops",5441,Medium Transacting Categories,,699.88,39.99
2023-07,Freezer and locker meat provisioners,5422,All Other Categories,,1263.77,39.48
2023-07,"Mens, womens and childrens uniforms and commercial clothing",5137,All Other Categories,,3727.59,39.04
2023-07,Cigar shops and stands,5993,All Other Categories,,273.65,35.7
2023-07,Beauty and barber shops,7230,All Other Categories,,1008.97,34.91
2023-07,Variety stores,5331,All Other Categories,,2030.41,33.57
2023-07,Household appliance shops,5722,All Other Categories,,3061.74,30.63
2023-07,Government services not elsewhere classified,9399,All Other Categories,,4843.81,30.17
2023-07,Online Marketplaces,5262,All Other Categories,,2948.42,29.38
2023-07,Cable and other pay television services,4899,All Other Categories,,1191.74,28.87
2023-07,Others,Others,All Other Categories,,129675.82,942.75
2023-07,Total,,All Other Categories,,385247.22,5780.19
2023-08,Eating places and restaurants,5812,High Transacting Categories,,12217.6,760.64
2023-08,Department stores,5311,High Transacting Categories,,7619.69,381.99
2023-08,Service stations (with or without ancillary services),5541,High Transacting Categories,,18309.84,303.64
2023-08,Groceries and supermarkets,5411,High Transacting Categories,,32386.44,1189.24
2023-08,Fast food restaurants,5814,High Transacting Categories,,5071.2,400.27
2023-08,"Telecommunication services, including local and long distance calls, credit card calls, calls through use of magnetic stripe reading telephones and faxes",4814,High Transacting Categories,,11579.79,541.23
2023-08,Digital Goods: Games,5816,High Transacting Categories,,8970.19,241.73
2023-08,Drug stores and pharmacies,5912,High Transacting Categories,,6104.89,165.9
2023-08,Bakeries,5462,High Transacting Categories,,2013.94,138.79
2023-08,"Utilities electric, gas, water and sanitary",4900,High Transacting Categories,,11660.11,90.8
2023-08,"Drinking places (alcoholic beverages) bars, taverns, night-clubs, cocktail lounges and discothques",5813,Medium Transacting Categories,,3235.33,88.77
2023-08,Dairies,5451,Medium Transacting Categories,,1731.81,85.97
2023-08,Debit card to wallet credit (Wallet top up),6540,Medium Transacting Categories,,5620.39,80.9
2023-08,Miscellaneous personal services not elsewhere classified,7299,Medium Transacting Categories,,2710.43,78.22
2023-08,Debt collection agencies,7322,Medium Transacting Categories,,57104.1,68.19
2023-08,Financial institutions merchandise and services,6012,Medium Transacting Categories,,14586.77,60.68
2023-08,"Mens, womens and childrens uniforms and commercial clothing",5137,Medium Transacting Categories,,4500.1,45.79
2023-08,"Candy, nut and confectionery shops",5441,Medium Transacting Categories,,838.21,45.71
2023-08,Miscellaneous general merchandise,5399,Medium Transacting Categories,,4316.64,45.22
2023-08,Cigar shops and stands,5993,Medium Transacting Categories,,331.55,43.24
2023-08,Electronics shops,5732,All Other Categories,,5246.3,42.06
2023-08,Beauty and barber shops,7230,All Other Categories,,1114.86,38.14
2023-08,Freezer and locker meat provisioners,5422,All Other Categories,,1168.37,37.21
2023-08,Securities brokers and dealers,6211,All Other Categories,,29618.61,35.36
2023-08,Household appliance shops,5722,All Other Categories,,3311.8,35.32
2023-08,Government services not elsewhere classified,9399,All Other Categories,,4213.05,34.93
2023-08,"Stationery, office and school supply shops",5943,All Other Categories,,939.13,31.43
2023-08,Taxi-cabs and limousines,4121,All Other Categories,,698.26,31.31
2023-08,Cable and other pay television services,4899,All Other Categories,,1199.46,29.19
2023-08,Others,Others,All Other Categories,,139022.04,1025.29
2023-08,Total,,All Other Categories,,397440.9,6197.18
2023-09,Department stores,5311,High Transacting Categories,,7620.06,391.83
2023-09,Service stations (with or without ancillary services),5541,High Transacting Categories,,18058.36,303.45
2023-09,Eating places and restaurants,5812,High Transacting Categories,,12013.83,758.52
2023-09,Groceries and supermarkets,5411,High Transacting Categories,,31925.3,1189.43
2023-09,Fast food restaurants,5814,High Transacting Categories,,5024.6,399.05
2023-09,"Telecommunication services, including local and long distance calls, credit card calls, calls through use of magnetic stripe reading telephones and faxes",4814,High Transacting Categories,,11858.05,536.6
2023-09,Digital Goods: Games,5816,High Transacting Categories,,9061.02,254.64
2023-09,Drug stores and pharmacies,5912,High Transacting Categories,,6236.44,164.84
2023-09,Bakeries,5462,High Transacting Categories,,1931.35,134.99
2023-09,"Utilities electric, gas, water and sanitary",4900,High Transacting Categories,,11262.2,88.93
2023-09,"Drinking places (alcoholic beverages) bars, taverns, night-clubs, cocktail lounges and discothques",5813,Medium Transacting Categories,,3255.55,88.56
2023-09,Dairies,5451,Medium Transacting Categories,,1722.63,84.11
2023-09,Miscellaneous personal services not elsewhere classified,7299,Medium Transacting Categories,,2634.03,77.95
2023-09,Debt collection agencies,7322,Medium Transacting Categories,,55046.9,67.42
2023-09,Financial institutions merchandise and services,6012,Medium Transacting Categories,,14768.79,62.5
2023-09,"Candy, nut and confectionery shops",5441,Medium Transacting Categories,,810.8,44.94
2023-09,"Mens, womens and childrens uniforms and commercial clothing",5137,Medium Transacting Categories,,4201.22,42.94
2023-09,Cigar shops and stands,5993,Medium Transacting Categories,,326.22,42.76
2023-09,Freezer and locker meat provisioners,5422,Medium Transacting Categories,,1350.52,41.86
2023-09,Electronics shops,5732,All Other Categories,,4889.66,41.01
2023-09,Debit card to wallet credit (Wallet top up),6540,Medium Transacting Categories,,5270.4,68.79
2023-09,Miscellaneous general merchandise,5399,All Other Categories,,4019.2,40.39
2023-09,Beauty and barber shops,7230,All Other Categories,,1100.37,37.73
2023-09,Securities brokers and dealers,6211,All Other Categories,,31775.43,36.51
2023-09,Government services not elsewhere classified,9399,All Other Categories,,4098.66,33.5
2023-09,Household appliance shops,5722,All Other Categories,,3109.94,33.34
2023-09,Taxi-cabs and limousines,4121,All Other Categories,,700.91,31.32
2023-09,"Stationery, office and school supply shops",5943,All Other Categories,,891.12,30.15
2023-09,Cable and other pay television services,4899,All Other Categories,,1180.96,27.86
2023-09,Others,Others,All Other Categories,,140071.71,1025.63
2023-09,Total,,All Other Categories,,396216.25,6181.57
2023-10,Fast food restaurants,5814,High Transacting Categories,,5570.6,444.47
2023-10,Department stores,5311,High Transacting Categories,,9363.45,437.65
2023-10,Groceries and supermarkets,5411,High Transacting Categories,,34201.73,1288.51
2023-10,Service stations (with or without ancillary services),5541,High Transacting Categories,,20242.04,327.17
2023-10,"Telecommunication services, including local and long distance calls, credit card calls, calls through use of magnetic stripe reading telephones and faxes",4814,High Transacting Categories,,12031.65,536.62
2023-10,Eating places and restaurants,5812,High Transacting Categories,,12897.01,818.4
2023-10,Digital Goods: Games,5816,High Transacting Categories,,8451.03,283.45
2023-10,Drug stores and pharmacies,5912,High Transacting Categories,,6618.67,178.38
2023-10,Bakeries,5462,High Transacting Categories,,2069.01,144.49
2023-10,"Utilities electric, gas, water and sanitary",4900,High Transacting Categories,,11949.3,95.76
2023-10,"Drinking places (alcoholic beverages) bars, taverns, night-clubs, cocktail lounges and discothques",5813,Medium Transacting Categories,,3392.74,92.27
2023-10,Dairies,5451,Medium Transacting Categories,,1897.5,91.81
2023-10,Miscellaneous personal services not elsewhere classified,7299,Medium Transacting Categories,,2901.13,85.89
2023-10,Financial institutions merchandise and services,6012,Medium Transacting Categories,,14937.85,66.3
2023-10,Debit card to wallet credit (Wallet top up),6540,Medium Transacting Categories,,5054.93,60.72
2023-10,"Mens, womens and childrens uniforms and commercial clothing",5137,Medium Transacting Categories,,5634.86,53.03
2023-10,"Candy, nut and confectionery shops",5441,Medium Transacting Categories,,916.94,50.11
2023-10,Electronics shops,5732,Medium Transacting Categories,,5647.12,46.97
2023-10,Freezer and locker meat provisioners,5422,Medium Transacting Categories,,1533.05,46.69
2023-10,Cigar shops and stands,5993,All Other Categories,,351.31,45.25
2023-10,Debt collection agencies,7322,Medium Transacting Categories,,58951.17,70.01
2023-10,Miscellaneous general merchandise,5399,All Other Categories,,4203.38,40.15
2023-10,Household appliance shops,5722,All Other Categories,,4208.25,40.15
2023-10,Securities brokers and dealers,6211,All Other Categories,,35766.63,37.1
2023-10,Online Marketplaces,5262,All Other Categories,,4096.47,36.8
2023-10,Government services not elsewhere classified,9399,All Other Categories,,3990.93,33.78
2023-10,Taxi-cabs and limousines,4121,All Other Categories,,752.67,33.54
2023-10,"Motor freight carriers and trucking local and long distance, moving and storage companies and local delivery",4214,All Other Categories,,3055.49,33.42
2023-10,Beauty and barber shops,7230,All Other Categories,,1291.9,42.08
2023-10,Others,Others,All Other Categories,,160201.91,1158.41
2023-10,Total,,All Other Categories,,442180.74,6719.37
2023-11,Groceries and supermarkets,5411,High Transacting Categories,,36180.22,1267.0
2023-11,Eating places and restaurants,5812,High Transacting Categories,,11832.39,647.84
2023-11,"Telecommunication services, including local and long distance calls, credit card calls, calls through use of magnetic stripe reading telephones and faxes",4814,High Transacting Categories,,12456.25,549.29
2023-11,Department stores,5311,High Transacting Categories,,8755.82,380.46
2023-11,Fast food restaurants,5814,High Transacting Categories,,7222.9,564.41
2023-11,Service stations (with or without ancillary services),5541,High Transacting Categories,,20710.18,326.19
2023-11,Digital Goods: Games,5816,High Transacting Categories,,8486.2,289.47
2023-11,Drug stores and pharmacies,5912,High Transacting Categories,,6397.46,166.91
2023-11,Bakeries,5462,High Transacting Categories,,2199.23,139.54
2023-11,"Utilities electric, gas, water and sanitary",4900,High Transacting Categories,,11143.81,94.2
2023-11,"Drinking places (alcoholic beverages) bars, taverns, night-clubs, cocktail lounges and discothques",5813,Medium Transacting Categories,,3443.69,92.1
2023-11,Miscellaneous personal services not elsewhere classified,7299,Medium Transacting Categories,,3026.75,82.85
2023-11,Dairies,5451,Medium Transacting Categories,,1934.91,79.99
2023-11,Debit card to wallet credit (Wallet top up),6540,Medium Transacting Categories,,5217.95,68.05
2023-11,Financial institutions merchandise and services,6012,Medium Transacting Categories,,14744.9,64.87
2023-11,"Mens, womens and childrens uniforms and commercial clothing",5137,Medium Transacting Categories,,7348.08,63.26
2023-11,"Candy, nut and confectionery shops",5441,Medium Transacting Categories,,1129.79,48.36
2023-11,Electronics shops,5732,Medium Transacting Categories,,6224.73,48.17
2023-11,Freezer and locker meat provisioners,5422,Medium Transacting Categories,,1490.06,46.66
2023-11,Cigar shops and stands,5993,All Other Categories,,351.69,43.35
2023-11,Debt collection agencies,7322,Medium Transacting Categories,,58929.16,69.22
2023-11,Beauty and barber shops,7230,All Other Categories,,1365.75,42.26
2023-11,Miscellaneous general merchandise,5399,All Other Categories,,4199.51,38.07
2023-11,Mens and womens clothing shops,5691,All Other Categories,,4914.66,35.47
2023-11,Government services not elsewhere classified,9399,All Other Categories,,4016.81,34.79
2023-11,Securities brokers and dealers,6211,All Other Categories,,30154.85,34.76
2023-11,Household appliance shops,5722,All Other Categories,,3653.18,33.67
2023-11,Family clothing shops,5651,All Other Categories,,2926.5,33.33
2023-11,"Package shops beer, wine and liquor",5921,All Other Categories,,1355.61,32.33
2023-11,Others,Others,All Other Categories,,165060.76,1168.93
2023-11,Total,,All Other Categories,,446873.8,6585.81
2023-12,Groceries and supermarkets,5411,High Transacting Categories,,37752.0,1424.63
2023-12,Eating places and restaurants,5812,High Transacting Categories,,12030.42,698.13
2023-12,"Telecommunication services, including local and long distance calls, credit card calls, calls through use of magnetic stripe reading telephones and faxes",4814,High Transacting Categories,,14268.65,600.93
2023-12,Department stores,5311,High Transacting Categories,,7046.58,326.53
2023-12,Fast food restaurants,5814,High Transacting Categories,,8127.68,653.35
2023-12,Service stations (with or without ancillary services),5541,High Transacting Categories,,22251.43,344.29
2023-12,Digital Goods: Games,5816,High Transacting Categories,,9193.3,287
2023-12,Drug stores and pharmacies,5912,High Transacting Categories,,6703.23,177.32
2023-12,Bakeries,5462,High Transacting Categories,,2385.9,154.9
2023-12,"Utilities electric, gas, water and sanitary",4900,High Transacting Categories,,10077.12,96.24
2023-12,Debit card to wallet credit (Wallet top up),6540,Medium Transacting Categories,,5931.84,90.97
2023-12,Dairies,5451,Medium Transacting Categories,,1972.87,86.85
2023-12,Miscellaneous personal services not elsewhere classified,7299,Medium Transacting Categories,,2764.63,85.48
2023-12,"Drinking places (alcoholic beverages) bars, taverns, night-clubs, cocktail lounges and discothques",5813,Medium Transacting Categories,,3303.45,85.22
2023-12,Debt collection agencies,7322,Medium Transacting Categories,,59869.88,71.57
2023-12,"Mens, womens and childrens uniforms and commercial clothing",5137,Medium Transacting Categories,,5963.7,58.1
2023-12,Financial institutions merchandise and services,6012,Medium Transacting Categories,,16412.51,58.04
2023-12,Freezer and locker meat provisioners,5422,Medium Transacting Categories,,1806.09,56.92
2023-12,"Candy, nut and confectionery shops",5441,Medium Transacting Categories,,1035.22,50.8
2023-12,Electronics shops,5732,Medium Transacting Categories,,5559.82,49.16
2023-12,Miscellaneous food shops convenience and speciality retail outlets,5499,All Other Categories,,1926.47,46.87
2023-12,Beauty and barber shops,7230,All Other Categories,,1435.11,45.64
2023-12,Government services not elsewhere classified,9399,All Other Categories,,4983.27,43.82
2023-12,Securities brokers and dealers,6211,All Other Categories,,38997.04,42.68
2023-12,"Package shops beer, wine and liquor",5921,All Other Categories,,1772.32,41.24
2023-12,Miscellaneous general merchandise,5399,All Other Categories,,3892.49,38.08
2023-12,Business services not elsewhere classified,7399,All Other Categories,,4399.86,36.74
2023-12,Mens and womens clothing shops,5691,All Other Categories,,4706.87,36.63
2023-12,"Stationery, office and school supply shops",5943,All Other Categories,,960.13,34.07
2023-12,Others,Others,All Other Categories,,177723.4,1443.24
2023-12,Total,,All Other Categories,,475253.29,7265.44
2024-01,Fast food restaurants,5814,High Transacting Categories,,8761.88,701.14
2024-01,Service stations (with or without ancillary services),5541,High Transacting Categories,,21988.27,337.69
2024-01,Groceries and supermarkets,5411,High Transacting Categories,,38445.3,1480.21
2024-01,Department stores,5311,High Transacting Categories,,7136.98,335.56
2024-01,Eating places and restaurants,5812,High Transacting Categories,,11761.04,694.81
2024-01,"Telecommunication services, including local and long distance calls, credit card calls, calls through use of magnetic stripe reading telephones and faxes",4814,High Transacting Categories,,14435.34,613.87
2024-01,Digital Goods: Games,5816,High Transacting Categories,,9634.28,294.54
2024-01,Drug stores and pharmacies,5912,High Transacting Categories,,6648.95,176.21
2024-01,Bakeries,5462,High Transacting Categories,,2220.59,152.35
2024-01,"Utilities electric, gas, water and sanitary",4900,High Transacting Categories,,10140.11,106.31
2024-01,Dairies,5451,Medium Transacting Categories,,2030.76,88.7
2024-01,Debit card to wallet credit (Wallet top up),6540,Medium Transacting Categories,,5622.9,85.79
2024-01,Miscellaneous personal services not elsewhere classified,7299,Medium Transacting Categories,,2677.88,83.3
2024-01,Miscellaneous food shops convenience and speciality retail outlets,5499,Medium Transacting Categories,,3173.55,78.96
2024-01,"Drinking places (alcoholic beverages) bars, taverns, night-clubs, cocktail lounges and discothques",5813,Medium Transacting Categories,,2903.74,76.62
2024-01,Debt collection agencies,7322,Medium Transacting Categories,,60916.27,74.28
2024-01,Securities brokers and dealers,6211,Medium Transacting Categories,,62812.48,58.64
2024-01,Freezer and locker meat provisioners,5422,Medium Transacting Categories,,1808.7,57.38
2024-01,"Mens, womens and childrens uniforms and commercial clothing",5137,Medium Transacting Categories,,5782.09,56.59
2024-01,"Candy, nut and confectionery shops",5441,Medium Transacting Categories,,1010.06,53.41
2024-01,Electronics shops,5732,All Other Categories,,5711.27,50.02
2024-01,Government services not elsewhere classified,9399,All Other Categories,,5162.98,46.84
2024-01,Beauty and barber shops,7230,All Other Categories,,1343.9,44.87
2024-01,Miscellaneous general merchandise,5399,All Other Categories,,4228.39,43.43
2024-01,"Package shops beer, wine and liquor",5921,All Other Categories,,1853.47,43.28
2024-01,Passenger railways,4112,All Other Categories,,2126.07,37.13
2024-01,Mens and womens clothing shops,5691,All Other Categories,,4380.93,34.84
2024-01,"Stationery, office and school supply shops",5943,All Other Categories,,942.15,34.24
2024-01,Financial institutions merchandise and services,6012,All Other Categories,,16448.32,49.76
2024-01,Others,Others,All Other Categories,,178651.72,1459.16
2024-01,Total,,All Other Categories,,500760.37,7449.92
2024-02,Groceries and supermarkets,5411,High Transacting Categories,,36600.03,1440.35
2024-02,Eating places and restaurants,5812,High Transacting Categories,,11156.54,691.44
2024-02,Fast food restaurants,5814,High Transacting Categories,,8939.06,743.17
2024-02,Department stores,5311,High Transacting Categories,,7205.34,330.55
2024-02,"Telecommunication services, including local and long distance calls, credit card calls, calls through use of magnetic stripe reading telephones and faxes",4814,High Transacting Categories,,13423.86,582.26
2024-02,Service stations (with or without ancillary services),5541,High Transacting Categories,,22160.43,347.94
2024-02,Digital Goods: Games,5816,High Transacting Categories,,9341.91,259.61
2024-02,Drug stores and pharmacies,5912,High Transacting Categories,,6723.39,180.55
2024-02,Bakeries,5462,High Transacting Categories,,2201.03,156.75
2024-02,"Utilities electric, gas, water and sanitary",4900,High Transacting Categories,,10481.38,109.52
2024-02,Dairies,5451,Medium Transacting Categories,,2200.87,95.15
2024-02,Debit card to wallet credit (Wallet top up),6540,Medium Transacting Categories,,4618.7,76.99
2024-02,"Drinking places (alcoholic beverages) bars, taverns, night-clubs, cocktail lounges and discothques",5813,Medium Transacting Categories,,2845.3,76.15
2024-02,Electronics repair shops,7622,Medium Transacting Categories,,1917.23,63.3
2024-02,"Candy, nut and confectionery shops",5441,Medium Transacting Categories,,1050.99,58.27
2024-02,Freezer and locker meat provisioners,5422,Medium Transacting Categories,,1768.2,56.1
2024-02,Securities brokers and dealers,6211,Medium Transacting Categories,,50384.11,54.73
2024-02,Cigar shops and stands,5993,Medium Transacting Categories,,383.97,52.14
2024-02,Electronics shops,5732,Medium Transacting Categories,,5866.02,49.44
2024-02,"Package shops beer, wine and liquor",5921,All Other Categories,,2030.94,48.57
2024-02,Beauty and barber shops,7230,All Other Categories,,1466.61,47.96
2024-02,Debt collection agencies,7322,Medium Transacting Categories,,60929.84,74.44
2024-02,"Mens, womens and childrens uniforms and commercial clothing",5137,All Other Categories,,4895.21,47.93
2024-02,Miscellaneous general merchandise,5399,All Other Categories,,4422.29,46.74
2024-02,Government services not elsewhere classified,9399,All Other Categories,,4940.9,45.51
2024-02,Financial institutions merchandise and services,6012,All Other Categories,,16688.53,42.44
2024-02,Passenger railways,4112,All Other Categories,,2370.86,42.15
2024-02,Telecommunication equipment and telephone sales,4812,All Other Categories,,2791.45,38.62
2024-02,Variety stores,5331,All Other Categories,,1952.01,33.75
2024-02,Others,Others,All Other Categories,,177589.31,1467.49
2024-02,Total,,All Other Categories,,479346.31,7359.98
2024-03,Groceries and supermarkets,5411,High Transacting Categories,,44040.04,1799.43
2024-03,Fast food restaurants,5814,High Transacting Categories,,10186.11,820.41
2024-03,"Telecommunication services, including local and long distance calls, credit card calls, calls through use of magnetic stripe reading telephones and faxes",4814,High Transacting Categories,,16198.22,673.68
2024-03,Eating places and restaurants,5812,High Transacting Categories,,12171.3,737.41
2024-03,Digital Goods: Games,5816,High Transacting Categories,,11151.01,364.59
2024-03,Department stores,5311,High Transacting Categories,,5527.52,242.81
2024-03,Service stations (with or without ancillary services),5541,High Transacting Categories,,24405.35,388.32
2024-03,Drug stores and pharmacies,5912,High Transacting Categories,,7254.61,189.75
2024-03,Bakeries,5462,High Transacting Categories,,2490.28,175.93
2024-03,"Utilities electric, gas, water and sanitary",4900,High Transacting Categories,,11084.55,117
2024-03,Dairies,5451,Medium Transacting Categories,,2579.54,116.55
2024-03,Debt collection agencies,7322,Medium Transacting Categories,,67179.02,85.87
2024-03,Electronics repair shops,7622,Medium Transacting Categories,,2068.78,66.17
2024-03,Freezer and locker meat provisioners,5422,Medium Transacting Categories,,2091.93,64.88
2024-03,"Package shops beer, wine and liquor",5921,Medium Transacting Categories,,2554.26,59.77
2024-03,Cigar shops and stands,5993,Medium Transacting Categories,,440.55,59.03
2024-03,"Mens, womens and childrens uniforms and commercial clothing",5137,Medium Transacting Categories,,5576.78,53.66
2024-03,Electronics shops,5732,Medium Transacting Categories,,6857.05,53.12
2024-03,"Drinking places (alcoholic beverages) bars, taverns, night-clubs, cocktail lounges and discothques",5813,Medium Transacting Categories,,3268.55,84.06
2024-03,"Candy, nut and confectionery shops",5441,Medium Transacting Categories,,1237.81,71.52
2024-03,Beauty and barber shops,7230,All Other Categories,,1506.84,51.37
2024-03,Financial institutions merchandise and services,6012,All Other Categories,,18843.85,50.65
2024-03,Government services not elsewhere classified,9399,All Other Categories,,6064.45,49.59
2024-03,Passenger railways,4112,All Other Categories,,2642.35,46.83
2024-03,Securities brokers and dealers,6211,All Other Categories,,38703.88,45.58
2024-03,Variety stores,5331,All Other Categories,,2321.55,41.03
2024-03,Mens and womens clothing shops,5691,All Other Categories,,5382.39,40.58
2024-03,Miscellaneous general merchandise,5399,All Other Categories,,4601.65,52.11
2024-03,Telecommunication equipment and telephone sales,4812,All Other Categories,,2984.11,40.46
2024-03,Others,Others,All Other Categories,,196812.94,1653.81
2024-03,Total,,All Other Categories,,518227.29,8295.98
2024-04,Groceries and supermarkets,5411,High Transacting Categories,,46114.78,1880.41
2024-04,Fast food restaurants,5814,High Transacting Categories,,10437.2,814.23
2024-04,"Telecommunication services, including local and long distance calls, credit card calls, calls through use of magnetic stripe reading telephones and faxes",4814,High Transacting Categories,,15115.8,659.26
2024-04,Eating places and restaurants,5812,High Transacting Categories,,11861.15,730.27
2024-04,Drug stores and pharmacies,5912,High Transacting Categories,,6972.03,179.1
2024-04,Digital Goods: Games,5816,High Transacting Categories,,12641.19,464.1
2024-04,Service stations (with or without ancillary services),5541,High Transacting Categories,,24997.65,391.99
2024-04,Bakeries,5462,High Transacting Categories,,2463.67,175.43
2024-04,Department stores,5311,High Transacting Categories,,4077.42,164.5
2024-04,Cigar shops and stands,5993,High Transacting Categories,,449,58.26
2024-04,Dairies,5451,Medium Transacting Categories,,2712.32,122.01
2024-04,"Utilities electric, gas, water and sanitary",4900,Medium Transacting Categories,,11861.27,114.33
2024-04,Debt collection agencies,7322,Medium Transacting Categories,,64239.88,88.05
2024-04,"Drinking places (alcoholic beverages) bars, taverns, night-clubs, cocktail lounges and discothques",5813,Medium Transacting Categories,,2939.38,75.55
2024-04,"Package shops beer, wine and liquor",5921,Medium Transacting Categories,,2424.71,57.55
2024-04,Freezer and locker meat provisioners,5422,Medium Transacting Categories,,1969.32,56.72
2024-04,Government services not elsewhere classified,9399,Medium Transacting Categories,,5626.48,47.88
2024-04,Online Marketplaces,5262,Medium Transacting Categories,,4350.36,47.45
2024-04,Purchase of digital gold,5412,Medium Transacting Categories,,550.12,20.92
2024-04,Electronics repair shops,7622,All Other Categories,,2092.05,62.98
2024-04,"Candy, nut and confectionery shops",5441,Medium Transacting Categories,,1209.99,73.39
2024-04,Electronics shops,5732,All Other Categories,,8100.83,52.66
2024-04,Beauty and barber shops,7230,All Other Categories,,1553.36,51.03
2024-04,Passenger railways,4112,All Other Categories,,2682.0,46.58
2024-04,Mens and womens clothing shops,5691,All Other Categories,,5810.0,44.66
2024-04,Variety stores,5331,All Other Categories,,2435.99,41.15
2024-04,Family clothing shops,5651,All Other Categories,,3611.32,40.19
2024-04,Taxi-cabs and limousines,4121,All Other Categories,,765.41,29.49
2024-04,"Mens, womens and childrens uniforms and commercial clothing",5137,All Other Categories,,6115.12,58.46
2024-04,Others,Others,All Other Categories,,264763.92,1658.87
2024-04,Total,,All Other Categories,,530943.73,8307.47
2024-05,Fast food restaurants,5814,High Transacting Categories,,11510.31,903.65
2024-05,Digital Goods: Games,5816,High Transacting Categories,,12727.25,379.21
2024-05,Service stations (with or without ancillary services),5541,High Transacting Categories,,26596.96,415.07
2024-05,Groceries and supermarkets,5411,High Transacting Categories,,47666.52,2023.71
2024-05,Bakeries,5462,High Transacting Categories,,2711.74,190.12
2024-05,Eating places and restaurants,5812,High Transacting Categories,,13900.27,814.99
2024-05,"Telecommunication services, including local and long distance calls, credit card calls, calls through use of magnetic stripe reading telephones and faxes",4814,High Transacting Categories,,15212.72,636.31
2024-05,Drug stores and pharmacies,5912,High Transacting Categories,,7569.49,188.12
2024-05,Department stores,5311,High Transacting Categories,,4028.13,174.11
2024-05,"Utilities electric, gas, water and sanitary",4900,High Transacting Categories,,15981.3,133.7
2024-05,Dairies,5451,Medium Transacting Categories,,2890.45,133.57
2024-05,Debt collection agencies,7322,Medium Transacting Categories,,66071.5,95.29
2024-05,"Drinking places (alcoholic beverages) bars, taverns, night-clubs, cocktail lounges and discothques",5813,Medium Transacting Categories,,3270.98,83.12
2024-05,"Candy, nut and confectionery shops",5441,Medium Transacting Categories,,1294.48,80.56
2024-05,Electronics repair shops,7622,Medium Transacting Categories,,2213.79,66.96
2024-05,Telecommunication equipment and telephone sales,4812,Medium Transacting Categories,,3716.29,65.56
2024-05,"Package shops beer, wine and liquor",5921,Medium Transacting Categories,,2821.94,64.47
2024-05,Cable and other pay television services,4899,Medium Transacting Categories,,1622.35,63.8
2024-05,Cigar shops and stands,5993,Medium Transacting Categories,,471.7,62.57
2024-05,Online Marketplaces,5262,All Other Categories,,5262.53,58.37
2024-05,Electronics shops,5732,All Other Categories,,9123.39,57.98
2024-05,"Mens, womens and childrens uniforms and commercial clothing",5137,All Other Categories,,5086.56,55.43
2024-05,Freezer and locker meat provisioners,5422,Medium Transacting Categories,,2288.59,67.11
2024-05,Securities brokers and dealers,6211,All Other Categories,,53248.5,54.54
2024-05,Beauty and barber shops,7230,All Other Categories,,1570.15,53.61
2024-05,Government services not elsewhere classified,9399,All Other Categories,,5532.61,51.88
2024-05,Passenger railways,4112,All Other Categories,,2941.98,49.23
2024-05,Variety stores,5331,All Other Categories,,2630.95,45.74
2024-05,Financial institutions merchandise and services,6012,All Other Categories,,17618.46,44.29
2024-05,Others,Others,All Other Categories,,209119.79,1691.77
2024-05,Total,,All Other Categories,,556701.66,8804.83
2024-06,Fast food restaurants,5814,High Transacting Categories,,11306.93,896.28
2024-06,"Telecommunication services, including local and long distance calls, credit card calls, calls through use of magnetic stripe reading telephones and faxes",4814,High Transacting Categories,,15298.13,749.31
2024-06,Groceries and supermarkets,5411,High Transacting Categories,,46060.73,1909.32
2024-06,Drug stores and pharmacies,5912,High Transacting Categories,,7531.52,190.91
2024-06,Eating places and restaurants,5812,High Transacting Categories,,13059.11,786.33
2024-06,Service stations (with or without ancillary services),5541,High Transacting Categories,,26727.97,427.7
2024-06,Digital Goods: Games,5816,High Transacting Categories,,12540.62,352.07
2024-06,Bakeries,5462,High Transacting Categories,,2711.38,189.54
2024-06,Department stores,5311,High Transacting Categories,,3964.18,171.39
2024-06,"Utilities electric, gas, water and sanitary",4900,High Transacting Categories,,19381.05,147.89
2024-06,Dairies,5451,Medium Transacting Categories,,2791.75,127.97
2024-06,Debt collection agencies,7322,Medium Transacting Categories,,68244.64,97.03
2024-06,"Drinking places (alcoholic beverages) bars, taverns, night-clubs, cocktail lounges and discothques",5813,Medium Transacting Categories,,3256.26,84.09
2024-06,Freezer and locker meat provisioners,5422,Medium Transacting Categories,,2385.38,70.28
2024-06,"Package shops beer, wine and liquor",5921,Medium Transacting Categories,,2892.88,67.38
2024-06,Electronics repair shops,7622,Medium Transacting Categories,,2111.92,64.62
2024-06,Cigar shops and stands,5993,Medium Transacting Categories,,475.57,63.21
2024-06,Securities brokers and dealers,6211,Medium Transacting Categories,,61064.27,60.15
2024-06,Online Marketplaces,5262,Medium Transacting Categories,,5167.03,57.23
2024-06,"Mens, womens and childrens uniforms and commercial clothing",5137,All Other Categories,,5063.2,57.23
2024-06,"Candy, nut and confectionery shops",5441,Medium Transacting Categories,,1306.73,78.15
2024-06,Electronics shops,5732,All Other Categories,,8009.8,55.52
2024-06,Beauty and barber shops,7230,All Other Categories,,1565.27,54.63
2024-06,Passenger railways,4112,All Other Categories,,2955.02,49.72
2024-06,Government services not elsewhere classified,9399,All Other Categories,,5653.35,49.31
2024-06,Variety stores,5331,All Other Categories,,2649.79,47.36
2024-06,Taxi-cabs and limousines,4121,All Other Categories,,994.54,42.09
2024-06,Financial institutions merchandise and services,6012,All Other Categories,,17064.97,41.31
2024-06,Mens and womens clothing shops,5691,All Other Categories,,4819.0,40.97
2024-06,Others,Others,All Other Categories,,202885.99,1691.76
2024-06,Total,,All Other Categories,,559938.98,8720.75
2024-07,Fast food restaurants,5814,High Transacting Categories,,11237.77,927.39
2024-07,Groceries and supermarkets,5411,High Transacting Categories,,45998.27,1957.33
2024-07,Eating places and restaurants,5812,High Transacting Categories,,13050.8,816.06
2024-07,"Telecommunication services, including local and long distance calls, credit card calls, calls through use of magnetic stripe reading telephones and faxes",4814,High Transacting Categories,,17373.49,769.28
2024-07,Digital Goods: Games,5816,High Transacting Categories,,13693.28,363.28
2024-07,Service stations (with or without ancillary services),5541,High Transacting Categories,,26389.25,447.69
2024-07,Drug stores and pharmacies,5912,High Transacting Categories,,8380.91,215.93
2024-07,Bakeries,5462,High Transacting Categories,,2776.43,196.34
2024-07,Department stores,5311,High Transacting Categories,,3941.66,181.52
2024-07,"Utilities electric, gas, water and sanitary",4900,High Transacting Categories,,20875.43,152.03
2024-07,Dairies,5451,Medium Transacting Categories,,2996.73,126.64
2024-07,Debt collection agencies,7322,Medium Transacting Categories,,76285.03,106.87
2024-07,"Drinking places (alcoholic beverages) bars, taverns, night-clubs, cocktail lounges and discothques",5813,Medium Transacting Categories,,3167.07,84.36
2024-07,Securities brokers and dealers,6211,Medium Transacting Categories,,73841.65,70.83
2024-07,Freezer and locker meat provisioners,5422,Medium Transacting Categories,,2216.4,69.27
2024-07,"Package shops beer, wine and liquor",5921,Medium Transacting Categories,,2843.87,68.48
2024-07,Cigar shops and stands,5993,Medium Transacting Categories,,493.56,66.38
2024-07,Online Marketplaces,5262,Medium Transacting Categories,,6326.63,65.63
2024-07,Electronics repair shops,7622,Medium Transacting Categories,,2060.64,64.7
2024-07,Government services not elsewhere classified,9399,All Other Categories,,8595.49,61.21
2024-07,"Candy, nut and confectionery shops",5441,Medium Transacting Categories,,1328.03,76.69
2024-07,Electronics shops,5732,All Other Categories,,7664.93,57.34
2024-07,Beauty and barber shops,7230,All Other Categories,,1644.13,55.5
2024-07,"Mens, womens and childrens uniforms and commercial clothing",5137,All Other Categories,,4749.98,54.34
2024-07,Passenger railways,4112,All Other Categories,,3343.85,53.97
2024-07,Variety stores,5331,All Other Categories,,2572.62,47.96
2024-07,Taxi-cabs and limousines,4121,All Other Categories,,985.09,44.65
2024-07,Mens and womens clothing shops,5691,All Other Categories,,4898.23,41.66
2024-07,Telecommunication equipment and telephone sales,4812,All Other Categories,,3222.98,40.22
2024-07,Others,Others,All Other Categories,,219968.22,1716.03
2024-07,Total,,All Other Categories,,592922.41,8999.59
2024-08,Service stations (with or without ancillary services),5541,High Transacting Categories,,26071.81,465.56
2024-08,Drug stores and pharmacies,5912,High Transacting Categories,,8988.46,233.63
2024-08,Groceries and supermarkets,5411,High Transacting Categories,,48087.96,2092.74
2024-08,Fast food restaurants,5814,High Transacting Categories,,11828.04,978.45
2024-08,Digital Goods: Games,5816,High Transacting Categories,,11615.28,303.43
2024-08,Eating places and restaurants,5812,High Transacting Categories,,14335.67,876.87
2024-08,"Telecommunication services, including local and long distance calls, credit card calls, calls through use of magnetic stripe reading telephones and faxes",4814,High Transacting Categories,,17227.51,789.16
2024-08,Bakeries,5462,High Transacting Categories,,3040.91,210.41
2024-08,Department stores,5311,High Transacting Categories,,4280.34,193.63
2024-08,"Utilities electric, gas, water and sanitary",4900,High Transacting Categories,,19755.59,157.55
2024-08,Dairies,5451,Medium Transacting Categories,,3397.57,134.37
2024-08,Debt collection agencies,7322,Medium Transacting Categories,,69345.64,104.67
2024-08,"Drinking places (alcoholic beverages) bars, taverns, night-clubs, cocktail lounges and discothques",5813,Medium Transacting Categories,,3211.66,85.81
2024-08,Cigar shops and stands,5993,Medium Transacting Categories,,519.06,70.3
2024-08,"Package shops beer, wine and liquor",5921,Medium Transacting Categories,,2943.19,70.28
2024-08,Securities brokers and dealers,6211,Medium Transacting Categories,,58716.46,66.98
2024-08,Electronics repair shops,7622,Medium Transacting Categories,,2006.51,65.57
2024-08,Freezer and locker meat provisioners,5422,Medium Transacting Categories,,2025.67,65.01
2024-08,Electronics shops,5732,Medium Transacting Categories,,7990.94,63.3
2024-08,"Mens, womens and childrens uniforms and commercial clothing",5137,All Other Categories,,5433.08,61.97
2024-08,"Candy, nut and confectionery shops",5441,Medium Transacting Categories,,1570.31,83.68
2024-08,Online Marketplaces,5262,All Other Categories,,5060.58,60.2
2024-08,Beauty and barber shops,7230,All Other Categories,,1766.33,59.38
2024-08,Government services not elsewhere classified,9399,All Other Categories,,6273.05,58.92
2024-08,Passenger railways,4112,All Other Categories,,3164.91,58.74
2024-08,Variety stores,5331,All Other Categories,,2570.9,49.52
2024-08,Mens and womens clothing shops,5691,All Other Categories,,5806.14,47.59
2024-08,Taxi-cabs and limousines,4121,All Other Categories,,1041.79,47.25
2024-08,"Lodging hotels, motels and resorts",7011,All Other Categories,,3110.02,42.02
2024-08,Others,Others,All Other Categories,,224959.1,1740.28
2024-08,Total,,All Other Categories,,576144.48,9337.27
2024-09,Groceries and supermarkets,5411,High Transacting Categories,,48518.73,2132.28
2024-09,Fast food restaurants,5814,High Transacting Categories,,11636.71,991.4
2024-09,Service stations (with or without ancillary services),5541,High Transacting Categories,,25724.69,461.46
2024-09,Drug stores and pharmacies,5912,High Transacting Categories,,9065.51,235.82
2024-09,Digital Goods: Games,5816,High Transacting Categories,,9245.22,264.47
2024-09,Eating places and restaurants,5812,High Transacting Categories,,14244.65,886.69
2024-09,"Telecommunication services, including local and long distance calls, credit card calls, calls through use of magnetic stripe reading telephones and faxes",4814,High Transacting Categories,,17282.79,760.54
2024-09,Bakeries,5462,High Transacting Categories,,2975.85,207.96
2024-09,"Utilities electric, gas, water and sanitary",4900,High Transacting Categories,,19466.3,162.57
2024-09,Cigar shops and stands,5993,High Transacting Categories,,860.02,134.64
2024-09,Dairies,5451,Medium Transacting Categories,,3303.52,134.47
2024-09,Department stores,5311,Medium Transacting Categories,,3834.56,133.73
2024-09,Debt collection agencies,7322,Medium Transacting Categories,,66775.7,103.64
2024-09,"Candy, nut and confectionery shops",5441,Medium Transacting Categories,,1444.78,80.97
2024-09,Freezer and locker meat provisioners,5422,Medium Transacting Categories,,2353.11,75
2024-09,"Package shops beer, wine and liquor",5921,Medium Transacting Categories,,3070.56,73.79
2024-09,Online Marketplaces,5262,Medium Transacting Categories,,6127.5,67.03
2024-09,Securities brokers and dealers,6211,Medium Transacting Categories,,57662.8,66.47
2024-09,Electronics repair shops,7622,Medium Transacting Categories,,1953.2,64.39
2024-09,Electronics shops,5732,All Other Categories,,7937.08,62.21
2024-09,"Drinking places (alcoholic beverages) bars, taverns, night-clubs, cocktail lounges and discothques",5813,Medium Transacting Categories,,3295.43,87.8
2024-09,Government services not elsewhere classified,9399,All Other Categories,,6307.81,61.08
2024-09,Beauty and barber shops,7230,All Other Categories,,1706.8,60.41
2024-09,"Mens, womens and childrens uniforms and commercial clothing",5137,All Other Categories,,5181.19,59.16
2024-09,Passenger railways,4112,All Other Categories,,3063.22,58.99
2024-09,Variety stores,5331,All Other Categories,,2669.84,51.42
2024-09,Mens and womens clothing shops,5691,All Other Categories,,6384.23,50.68
2024-09,Taxi-cabs and limousines,4121,All Other Categories,,1066.9,50.04
2024-09,"Lodging hotels, motels and resorts",7011,All Other Categories,,3149.55,43
2024-09,Others,Others,All Other Categories,,219745.04,1730.76
2024-09,Total,,All Other Categories,,566053.3,9352.88
2024-10,Groceries and supermarkets,5411,High Transacting Categories,,58098.95,2366.12
2024-10,Fast food restaurants,5814,High Transacting Categories,,13450.52,1075.16
2024-10,Service stations (with or without ancillary services),5541,High Transacting Categories,,29699.46,509.39
2024-10,"Telecommunication services, including local and long distance calls, credit card calls, calls through use of magnetic stripe reading telephones and faxes",4814,High Transacting Categories,,17955.4,774.98
2024-10,Drug stores and pharmacies,5912,High Transacting Categories,,9422.72,244.7
2024-10,Eating places and restaurants,5812,High Transacting Categories,,16392.86,968.95
2024-10,Digital Goods: Games,5816,High Transacting Categories,,9768.65,289.82
2024-10,Cigar shops and stands,5993,High Transacting Categories,,1546.57,244.04
2024-10,Bakeries,5462,High Transacting Categories,,3508.9,221.89
2024-10,"Utilities electric, gas, water and sanitary",4900,High Transacting Categories,,20277.45,172.12
2024-10,Dairies,5451,Medium Transacting Categories,,3766.47,145.96
2024-10,Debt collection agencies,7322,Medium Transacting Categories,,73783.87,112.55
2024-10,"Candy, nut and confectionery shops",5441,Medium Transacting Categories,,1942.28,91.99
2024-10,"Drinking places (alcoholic beverages) bars, taverns, night-clubs, cocktail lounges and discothques",5813,Medium Transacting Categories,,3390.21,88.83
2024-10,"Package shops beer, wine and liquor",5921,Medium Transacting Categories,,3420.09,79.52
2024-10,Online Marketplaces,5262,Medium Transacting Categories,,6563.69,78.15
2024-10,Securities brokers and dealers,6211,Medium Transacting Categories,,79010.69,76.88
2024-10,Freezer and locker meat provisioners,5422,Medium Transacting Categories,,2517.1,75.84
2024-10,Electronics repair shops,7622,Medium Transacting Categories,,2308.65,71.59
2024-10,Electronics shops,5732,All Other Categories,,9720.1,71.42
2024-10,Government services not elsewhere classified,9399,All Other Categories,,6799.26,70.72
2024-10,Mens and womens clothing shops,5691,All Other Categories,,9410.68,70.56
2024-10,"Mens, womens and childrens uniforms and commercial clothing",5137,Medium Transacting Categories,,8489.14,82.89
2024-10,Beauty and barber shops,7230,All Other Categories,,2114.97,68.95
2024-10,Passenger railways,4112,All Other Categories,,3329.04,64.45
2024-10,Department stores,5311,All Other Categories,,4272.42,57.4
2024-10,Variety stores,5331,All Other Categories,,3221.42,56.5
2024-10,Taxi-cabs and limousines,4121,All Other Categories,,1173.04,54.29
2024-10,Family clothing shops,5651,All Other Categories,,4809.43,49.29
2024-10,Others,Others,All Other Categories,,257783.69,1968.22
2024-10,Total,,All Other Categories,,667947.73,10303.18
2024-11,Groceries and supermarkets,5411,High Transacting Categories,,51777.65,2184.81
2024-11,Fast food restaurants,5814,High Transacting Categories,,12425.19,1014.92
2024-11,Eating places and restaurants,5812,High Transacting Categories,,15303.29,911.05
2024-11,"Telecommunication services, including local and long distance calls, credit card calls, calls through use of magnetic stripe reading telephones and faxes",4814,High Transacting Categories,,17493.22,751.68
2024-11,Service stations (with or without ancillary services),5541,High Transacting Categories,,29856.68,489.9
2024-11,Digital Goods: Games,5816,High Transacting Categories,,8883.18,279.25
2024-11,Drug stores and pharmacies,5912,High Transacting Categories,,9269.28,237.27
2024-11,Cigar shops and stands,5993,High Transacting Categories,,1417.14,227.59
2024-11,Bakeries,5462,High Transacting Categories,,3135.49,209.03
2024-11,"Utilities electric, gas, water and sanitary",4900,High Transacting Categories,,19397.02,155.35
2024-11,Dairies,5451,Medium Transacting Categories,,3466.95,126.75
2024-11,Debt collection agencies,7322,Medium Transacting Categories,,68979.14,107.95
2024-11,"Drinking places (alcoholic beverages) bars, taverns, night-clubs, cocktail lounges and discothques",5813,Medium Transacting Categories,,3241.0,85.15
2024-11,Freezer and locker meat provisioners,5422,Medium Transacting Categories,,2530.09,78.56
2024-11,"Candy, nut and confectionery shops",5441,Medium Transacting Categories,,1569.08,76.93
2024-11,"Mens, womens and childrens uniforms and commercial clothing",5137,Medium Transacting Categories,,7343.25,72.91
2024-11,Mens and womens clothing shops,5691,Medium Transacting Categories,,8743.58,66.02
2024-11,Passenger railways,4112,Medium Transacting Categories,,3343.03,64.8
2024-11,Electronics repair shops,7622,Medium Transacting Categories,,2053.9,64.54
2024-11,Securities brokers and dealers,6211,All Other Categories,,51931.4,63.94
2024-11,"Package shops beer, wine and liquor",5921,Medium Transacting Categories,,3471.46,81.79
2024-11,Government services not elsewhere classified,9399,All Other Categories,,6623.67,62.6
2024-11,Electronics shops,5732,All Other Categories,,8090.52,61.49
2024-11,Beauty and barber shops,7230,All Other Categories,,1928.54,61.42
2024-11,Online Marketplaces,5262,All Other Categories,,4372.54,56.12
2024-11,Department stores,5311,All Other Categories,,3925.5,53.54
2024-11,Taxi-cabs and limousines,4121,All Other Categories,,1159.77,53.43
2024-11,Variety stores,5331,All Other Categories,,3138.28,52.55
2024-11,"Lodging hotels, motels and resorts",7011,All Other Categories,,3536.64,45.23
2024-11,Others,Others,All Other Categories,,240770.2,1852.31
2024-11,Total,,All Other Categories,,599176.63,9648.87
2024-12,Fast food restaurants,5814,High Transacting Categories,,13664.52,1118.7
2024-12,Service stations (with or without ancillary services),5541,High Transacting Categories,,30717.58,506.46
2024-12,Groceries and supermarkets,5411,High Transacting Categories,,56221.19,2382.6
2024-12,Eating places and restaurants,5812,High Transacting Categories,,16592.06,992.78
2024-12,Cigar shops and stands,5993,High Transacting Categories,,1561.39,252
2024-12,"Telecommunication services, including local and long distance calls, credit card calls, calls through use of magnetic stripe reading telephones and faxes",4814,High Transacting Categories,,19110.23,800.77
2024-12,Digital Goods: Games,5816,High Transacting Categories,,9272.84,282.52
2024-12,Drug stores and pharmacies,5912,High Transacting Categories,,9573.5,241.63
2024-12,Bakeries,5462,High Transacting Categories,,3646.54,234.15
2024-12,"Utilities electric, gas, water and sanitary",4900,High Transacting Categories,,18156.71,151.34
2024-12,Dairies,5451,Medium Transacting Categories,,3616.78,136.72
2024-12,Debt collection agencies,7322,Medium Transacting Categories,,72498.72,119.33
2024-12,"Package shops beer, wine and liquor",5921,Medium Transacting Categories,,4044.77,92.74
2024-12,"Drinking places (alcoholic beverages) bars, taverns, night-clubs, cocktail lounges and discothques",5813,Medium Transacting Categories,,3584.59,92.39
2024-12,"Candy, nut and confectionery shops",5441,Medium Transacting Categories,,1606.04,81.77
2024-12,Mens and womens clothing shops,5691,Medium Transacting Categories,,9385.21,73.56
2024-12,"Mens, womens and childrens uniforms and commercial clothing",5137,Medium Transacting Categories,,7013.51,72.91
2024-12,Government services not elsewhere classified,9399,Medium Transacting Categories,,7717.59,71.05
2024-12,Electronics repair shops,7622,Medium Transacting Categories,,2106.12,68.45
2024-12,Passenger railways,4112,All Other Categories,,3313.16,67.77
2024-12,Freezer and locker meat provisioners,5422,Medium Transacting Categories,,2995.46,92.44
2024-12,Beauty and barber shops,7230,All Other Categories,,2042.32,67.7
2024-12,Electronics shops,5732,All Other Categories,,8083.42,66.31
2024-12,Securities brokers and dealers,6211,All Other Categories,,54436.45,66
2024-12,Online Marketplaces,5262,All Other Categories,,4848.69,62.42
2024-12,Taxi-cabs and limousines,4121,All Other Categories,,1255.48,57.81
2024-12,Department stores,5311,All Other Categories,,3985.59,56.98
2024-12,Variety stores,5331,All Other Categories,,3261.84,55.45
2024-12,"Lodging hotels, motels and resorts",7011,All Other Categories,,3901.93,49.11
2024-12,Others,Others,All Other Categories,,253853.13,1980.52
2024-12,Total,,All Other Categories,,632067.37,10394.38
2025-01,Fast food restaurants,5814,High Transacting Categories,,13324.51,1116.13
2025-01,Groceries and supermarkets,5411,High Transacting Categories,,56040.86,2421.74
2025-01,Eating places and restaurants,5812,High Transacting Categories,,16271.84,1004.01
2025-01,Cigar shops and stands,5993,High Transacting Categories,,1600.98,258.97
2025-01,"Telecommunication services, including local and long distance calls, credit card calls, calls through use of magnetic stripe reading telephones and faxes",4814,High Transacting Categories,,19568.1,827.32
2025-01,Service stations (with or without ancillary services),5541,High Transacting Categories,,30520.41,510.96
2025-01,Digital Goods: Games,5816,High Transacting Categories,,10138.84,321.59
2025-01,Drug stores and pharmacies,5912,High Transacting Categories,,9634.51,246.13
2025-01,Bakeries,5462,High Transacting Categories,,3439.06,231.41
2025-01,"Utilities electric, gas, water and sanitary",4900,High Transacting Categories,,17723.22,161.92
2025-01,Dairies,5451,Medium Transacting Categories,,3662.14,139.33
2025-01,Debt collection agencies,7322,Medium Transacting Categories,,75855.43,128.18
2025-01,Freezer and locker meat provisioners,5422,Medium Transacting Categories,,3027.02,93.36
2025-01,"Package shops beer, wine and liquor",5921,Medium Transacting Categories,,3928.91,91.97
2025-01,"Drinking places (alcoholic beverages) bars, taverns, night-clubs, cocktail lounges and discothques",5813,Medium Transacting Categories,,3323.28,88.33
2025-01,"Candy, nut and confectionery shops",5441,Medium Transacting Categories,,1622.92,82.42
2025-01,Government services not elsewhere classified,9399,Medium Transacting Categories,,8306.26,78.26
2025-01,Mens and womens clothing shops,5691,Medium Transacting Categories,,9055.62,70.7
2025-01,"Mens, womens and childrens uniforms and commercial clothing",5137,Medium Transacting Categories,,6771.85,70.44
2025-01,Passenger railways,4112,Medium Transacting Categories,,3523.29,70.4
2025-01,Securities brokers and dealers,6211,All Other Categories,,63749.83,69.67
2025-01,Beauty and barber shops,7230,All Other Categories,,1964.33,67.94
2025-01,Electronics repair shops,7622,All Other Categories,,2041.08,67.57
2025-01,Electronics shops,5732,All Other Categories,,8401.88,67.55
2025-01,Online Marketplaces,5262,All Other Categories,,4964.6,64.84
2025-01,Department stores,5311,All Other Categories,,4044.3,61.74
2025-01,Taxi-cabs and limousines,4121,All Other Categories,,1184.44,58.94
2025-01,Variety stores,5331,All Other Categories,,3359.23,57.42
2025-01,Purchase of digital gold,5412,All Other Categories,,761.6,50.93
2025-01,Others,Others,All Other Categories,,256893.73,1989.57
2025-01,Total,,All Other Categories,,644704.1,10569.75
2025-02,Groceries and supermarkets,5411,High Transacting Categories,,53191.68,2337.3
2025-02,Eating places and restaurants,5812,High Transacting Categories,,14811.62,950.1
2025-02,"Telecommunication services, including local and long distance calls, credit card calls, calls through use of magnetic stripe reading telephones and faxes",4814,High Transacting Categories,,17922.78,774.88
2025-02,Service stations (with or without ancillary services),5541,High Transacting Categories,,29937.81,494.38
2025-02,Cigar shops and stands,5993,High Transacting Categories,,1509.33,244.61
2025-02,Digital Goods: Games,5816,High Transacting Categories,,9819.53,329.18
2025-02,Fast food restaurants,5814,High Transacting Categories,,12706.77,1048.77
2025-02,Drug stores and pharmacies,5912,High Transacting Categories,,9137.81,235.26
2025-02,Bakeries,5462,High Transacting Categories,,3183.22,219.33
2025-02,"Utilities electric, gas, water and sanitary",4900,High Transacting Categories,,16368.03,153.13
2025-02,Dairies,5451,Medium Transacting Categories,,3593.66,137.96
2025-02,Debt collection agencies,7322,Medium Transacting Categories,,76001.18,123.78
2025-02,"Package shops beer, wine and liquor",5921,Medium Transacting Categories,,3887.16,91.13
2025-02,"Drinking places (alcoholic beverages) bars, taverns, night-clubs, cocktail lounges and discothques",5813,Medium Transacting Categories,,3222.43,84.99
2025-02,"Candy, nut and confectionery shops",5441,Medium Transacting Categories,,1583.89,81.34
2025-02,Freezer and locker meat provisioners,5422,Medium Transacting Categories,,2610.0,80.67
2025-02,Government services not elsewhere classified,9399,Medium Transacting Categories,,7907.32,76.08
2025-02,Beauty and barber shops,7230,Medium Transacting Categories,,1987.42,66.56
2025-02,Passenger railways,4112,Medium Transacting Categories,,3460.95,65.82
2025-02,Online Marketplaces,5262,Medium Transacting Categories,,4526.55,63.81
2025-02,Electronics repair shops,7622,All Other Categories,,1927.79,63.66
2025-02,Electronics shops,5732,All Other Categories,,8001.32,61.64
2025-02,Mens and womens clothing shops,5691,All Other Categories,,8076.66,60.92
2025-02,"Mens, womens and childrens uniforms and commercial clothing",5137,All Other Categories,,5889.72,59.42
2025-02,Variety stores,5331,All Other Categories,,3266.88,58.51
2025-02,Taxi-cabs and limousines,4121,All Other Categories,,1099.61,56.22
2025-02,Securities brokers and dealers,6211,All Other Categories,,44593.96,55.96
2025-02,Department stores,5311,All Other Categories,,3673.15,55.02
2025-02,Purchase of digital gold,5412,All Other Categories,,813.93,53.13
2025-02,Others,Others,All Other Categories,,235371.55,1883.17
2025-02,Total,,All Other Categories,,590083.74,10066.74
2025-03,Groceries and supermarkets,5411,High Transacting Categories,,61999.7,2730.18
2025-03,Fast food restaurants,5814,High Transacting Categories,,13740.91,1127.01
2025-03,"Telecommunication services, including local and long distance calls, credit card calls, calls through use of magnetic stripe reading telephones and faxes",4814,High Transacting Categories,,20150.23,896.41
2025-03,Eating places and restaurants,5812,High Transacting Categories,,17014.22,1059.15
2025-03,Service stations (with or without ancillary services),5541,High Transacting Categories,,32535.12,551.45
2025-03,Cigar shops and stands,5993,High Transacting Categories,,1725.09,268.96
2025-03,Digital Goods: Games,5816,High Transacting Categories,,11202.93,425.95
2025-03,Drug stores and pharmacies,5912,High Transacting Categories,,10265.19,254.87
2025-03,Bakeries,5462,High Transacting Categories,,3568.38,244.59
2025-03,Dairies,5451,High Transacting Categories,,4298.47,169.52
2025-03,"Utilities electric, gas, water and sanitary",4900,Medium Transacting Categories,,18590.12,166.31
2025-03,Debt collection agencies,7322,Medium Transacting Categories,,88856.37,139.49
2025-03,"Package shops beer, wine and liquor",5921,Medium Transacting Categories,,4877.55,108.72
2025-03,"Candy, nut and confectionery shops",5441,Medium Transacting Categories,,1851.47,97.95
2025-03,"Drinking places (alcoholic beverages) bars, taverns, night-clubs, cocktail lounges and discothques",5813,Medium Transacting Categories,,3823.52,95.69
2025-03,Government services not elsewhere classified,9399,Medium Transacting Categories,,10134.63,91.89
2025-03,Online Marketplaces,5262,Medium Transacting Categories,,5321.63,80.73
2025-03,Mens and womens clothing shops,5691,Medium Transacting Categories,,10443.54,78.82
2025-03,Electronics shops,5732,Medium Transacting Categories,,10028.83,76.1
2025-03,"Mens, womens and childrens uniforms and commercial clothing",5137,All Other Categories,,7628.34,73.8
2025-03,Freezer and locker meat provisioners,5422,Medium Transacting Categories,,3305.09,98.46
2025-03,Beauty and barber shops,7230,All Other Categories,,2063.09,73.33
2025-03,Electronics repair shops,7622,All Other Categories,,2219.9,72.59
2025-03,Passenger railways,4112,All Other Categories,,3797.87,69.01
2025-03,Department stores,5311,All Other Categories,,4532.07,68.34
2025-03,Purchase of digital gold,5412,All Other Categories,,866.43,64.96
2025-03,Variety stores,5331,All Other Categories,,3640.12,63.83
2025-03,Taxi-cabs and limousines,4121,All Other Categories,,1216.14,62.12
2025-03,Family clothing shops,5651,All Other Categories,,4906.57,52.7
2025-03,Others,Others,All Other Categories,,305807.04,2098.12
2025-03,Total,,All Other Categories,,670410.55,11461.06
2025-04,Groceries And Supermarkets,5411,High Transacting Categories,,60073.81,2699.03
2025-04,Digital Goods: Games,5816,High Transacting Categories,,10530.66,505.37
2025-04,Fast Food Restaurants,5814,High Transacting Categories,,13153.73,1104.47
2025-04,Eating Places And Restaurants,5812,High Transacting Categories,,17279.32,1072.96
2025-04,"Telecommunication Services, Including Local And Long Distance Calls, Credit Card Calls,Callsthrough Use Of Magnetic Stripe Reading Telephones And Faxes",4814,High Transacting Categories,,19323.48,857.14
2025-04,Service Stations (With Or Without Ancillary Services),5541,High Transacting Categories,,33921.33,552.2
2025-04,Cigar Shops And Stands,5993,High Transacting Categories,,1750.68,270.99
2025-04,Bakeries,5462,High Transacting Categories,,3540.67,240.61
2025-04,Drug Stores And Pharmacies,5912,High Transacting Categories,,9654.27,239.03
2025-04,Dairies,5451,High Transacting Categories,,4354.63,172.16
2025-04,"Utilities Electric, Gas, Water And Sanitary",4900,Medium Transacting Categories,,18060.74,162.21
2025-04,Debt Collection Agencies,7322,Medium Transacting Categories,,80788.65,135.74
2025-04,"Package Shops Beer, Wine And Liquor",5921,Medium Transacting Categories,,4681.52,109.02
2025-04,"Candy, Nut And Confectionery Shops",5441,Medium Transacting Categories,,1814.7,100.88
2025-04,Government Services Not Elsewhere Classified,9399,Medium Transacting Categories,,8932.49,89.5
2025-04,"Drinking Places (Alcoholic Beverages) Bars, Taverns, Night-Clubs, Cocktail Lounges And Discothques",5813,Medium Transacting Categories,,3446.07,88.04
2025-04,Freezer And Locker Meat Provisioners,5422,Medium Transacting Categories,,2892.29,87.58
2025-04,Electronics Shops,5732,Medium Transacting Categories,,11034.98,78.35
2025-04,Mens And Womens Clothing Shops,5691,Medium Transacting Categories,,10400.23,77.9
2025-04,Online Marketplaces,5262,Medium Transacting Categories,,5170.52,75.76
2025-04,Electronics Repair Shops,7622,All Other Categories,,2212.6,71.92
2025-04,Beauty And Barber Shops,7230,All Other Categories,,2122.1,71.68
2025-04,"Mens, Womens And Childrens Uniforms And Commercial Clothing",5137,All Other Categories,,7402.0,70.21
2025-04,Passenger Railways,4112,All Other Categories,,3807.0,68.46
2025-04,Purchase Of Digital Gold,5412,All Other Categories,,978.24,68.4
2025-04,Department Stores,5311,All Other Categories,,4306.86,64.1
2025-04,Taxi-Cabs And Limousines,4121,All Other Categories,,1173.21,61.5
2025-04,Variety Stores,5331,All Other Categories,,3435.06,60.5
2025-04,Securities Brokers And Dealers,6211,All Other Categories,,48902.82,53.65
2025-04,Others,Others,All Other Categories,,268417.13,2044.24
2025-04,Total,,All Other Categories,,663561.79,11353.6
2025-05,Fast Food Restaurants,5814,High Transacting Categories,,14132.0,1160.3
2025-05,Groceries And Supermarkets,5411,High Transacting Categories,,64483.81,2826.09
2025-05,Eating Places And Restaurants,5812,High Transacting Categories,,18755.38,1133.93
2025-05,Service Stations (With Or Without Ancillary Services),5541,High Transacting Categories,,36592.74,590.57
2025-05,"Telecommunication Services, Including Local And Long Distance Calls, Credit Card Calls,Callsthrough Use Of Magnetic Stripe Reading Telephones And Faxes",4814,High Transacting Categories,,19907.48,879.66
2025-05,Digital Goods: Games,5816,High Transacting Categories,,10634.88,420.82
2025-05,Cigar Shops And Stands,5993,High Transacting Categories,,1888.9,290.88
2025-05,Bakeries,5462,High Transacting Categories,,3865.32,257.12
2025-05,Drug Stores And Pharmacies,5912,High Transacting Categories,,10306.01,251.91
2025-05,"Utilities Electric, Gas, Water And Sanitary",4900,High Transacting Categories,,21702.0,176.13
2025-05,Dairies,5451,Medium Transacting Categories,,4452.53,172.62
2025-05,Debt Collection Agencies,7322,Medium Transacting Categories,,90133.03,145.47
2025-05,"Package Shops Beer, Wine And Liquor",5921,Medium Transacting Categories,,6035.54,141.16
2025-05,"Candy, Nut And Confectionery Shops",5441,Medium Transacting Categories,,1925.94,104.43
2025-05,Freezer And Locker Meat Provisioners,5422,Medium Transacting Categories,,3360.59,100.89
2025-05,Government Services Not Elsewhere Classified,9399,Medium Transacting Categories,,8821.95,98.24
2025-05,Online Marketplaces,5262,Medium Transacting Categories,,6342.46,90.97
2025-05,"Drinking Places (Alcoholic Beverages) Bars, Taverns, Night-Clubs, Cocktail Lounges And Discothques",5813,Medium Transacting Categories,,3409.77,86.39
2025-05,Mens And Womens Clothing Shops,5691,Medium Transacting Categories,,11092.78,82.55
2025-05,Purchase Of Digital Gold,5412,Medium Transacting Categories,,983.24,79.43
2025-05,Electronics Shops,5732,All Other Categories,,11012.13,78.81
2025-05,Beauty And Barber Shops,7230,All Other Categories,,2202.25,74.89
2025-05,Electronics Repair Shops,7622,All Other Categories,,2313.5,74.82
2025-05,Passenger Railways,4112,All Other Categories,,3731.24,71.39
2025-05,"Mens, Womens And Childrens Uniforms And Commercial Clothing",5137,All Other Categories,,7176.69,71.34
2025-05,Department Stores,5311,All Other Categories,,4525.5,67.96
2025-05,Taxi-Cabs And Limousines,4121,All Other Categories,,1226.37,64.09
2025-05,Variety Stores,5331,All Other Categories,,3562.05,61.0
2025-05,Family Clothing Shops,5651,All Other Categories,,4900.77,54.93
2025-05,Others,Others,All Other Categories,,317148.14,2144.87
2025-05,Total,,All Other Categories,,696624.99,11853.66
2025-06,Fast Food Restaurants,5814,High Transacting Categories,,13511.21,1144.14
2025-06,Eating Places And Restaurants,5812,High Transacting Categories,,18217.2,1102.1
2025-06,Cigar Shops And Stands,5993,High Transacting Categories,,1830.37,294.96
2025-06,Groceries And Supermarkets,5411,High Transacting Categories,,63307.98,2848.11
2025-06,"Telecommunication Services, Including Local And Long Distance Calls, Credit Card Calls,Callsthrough Use Of Magnetic Stripe Reading Telephones And Faxes",4814,High Transacting Categories,,19946.5,843.97
2025-06,Service Stations (With Or Without Ancillary Services),5541,High Transacting Categories,,35909.85,591.24
2025-06,Digital Goods: Games,5816,High Transacting Categories,,9749.96,332.94
2025-06,Bakeries,5462,High Transacting Categories,,3882.89,260.34
2025-06,Drug Stores And Pharmacies,5912,High Transacting Categories,,10355.33,255.66
2025-06,"Utilities Electric, Gas, Water And Sanitary",4900,High Transacting Categories,,22670.85,171.01
2025-06,Dairies,5451,Medium Transacting Categories,,4214.89,169.18
2025-06,"Package Shops Beer, Wine And Liquor",5921,Medium Transacting Categories,,6087.56,147.16
2025-06,Debt Collection Agencies,7322,Medium Transacting Categories,,86698.33,146.45
2025-06,"Candy, Nut And Confectionery Shops",5441,Medium Transacting Categories,,1862.47,103.3
2025-06,Freezer And Locker Meat Provisioners,5422,Medium Transacting Categories,,3330.13,101.02
2025-06,Online Marketplaces,5262,Medium Transacting Categories,,6558.75,93.89
2025-06,"Drinking Places (Alcoholic Beverages) Bars, Taverns, Night-Clubs, Cocktail Lounges And Discothques",5813,Medium Transacting Categories,,3378.32,86.82
2025-06,Purchase Of Digital Gold,5412,Medium Transacting Categories,,948.05,85.46
2025-06,Mens And Womens Clothing Shops,5691,Medium Transacting Categories,,10383.52,84.31
2025-06,Electronics Shops,5732,All Other Categories,,10436.88,78.51
2025-06,Beauty And Barber Shops,7230,All Other Categories,,2061.71,74.5
2025-06,Government Services Not Elsewhere Classified,9399,Medium Transacting Categories,,9204.87,102.81
2025-06,Electronics Repair Shops,7622,All Other Categories,,2188.37,73.64
2025-06,Passenger Railways,4112,All Other Categories,,3832.89,73.27
2025-06,"Mens, Womens And Childrens Uniforms And Commercial Clothing",5137,All Other Categories,,6192.06,67.06
2025-06,Taxi-Cabs And Limousines,4121,All Other Categories,,1202.33,64.53
2025-06,Department Stores,5311,All Other Categories,,4084.54,64.1
2025-06,Variety Stores,5331,All Other Categories,,3216.41,59.18
2025-06,Securities Brokers And Dealers,6211,All Other Categories,,43986.51,56.31
2025-06,Others,Others,All Other Categories,,273621.49,2133.41
2025-06,Total,,All Other Categories,,682872.22,11709.38
2025-07,Fast Food Restaurants,5814,High Transacting Categories,,13794.22,1221.46
2025-07,Eating Places And Restaurants,5812,High Transacting Categories,,18212.77,1153.4
2025-07,Service Stations (With Or Without Ancillary Services),5541,High Transacting Categories,,35188.88,612.49
2025-07,Groceries And Supermarkets,5411,High Transacting Categories,,64881.98,3032.59
2025-07,"Telecommunication Services, Including Local And Long Distance Calls, Credit Card Calls,Callsthrough Use Of Magnetic Stripe Reading Telephones And Faxes",4814,High Transacting Categories,,21628.8,871.88
2025-07,Digital Goods: Games,5816,High Transacting Categories,,10076.56,351.24
2025-07,Cigar Shops And Stands,5993,High Transacting Categories,,1900.46,321.84
2025-07,Drug Stores And Pharmacies,5912,High Transacting Categories,,11824.93,297.41
2025-07,Bakeries,5462,High Transacting Categories,,3778.91,261.93
2025-07,Dairies,5451,High Transacting Categories,,4372.84,178.32
2025-07,"Utilities Electric, Gas, Water And Sanitary",4900,Medium Transacting Categories,,23497.63,174.72
2025-07,Debt Collection Agencies,7322,Medium Transacting Categories,,93857.47,161.36
2025-07,"Package Shops Beer, Wine And Liquor",5921,Medium Transacting Categories,,5920.43,145.64
2025-07,Online Marketplaces,5262,Medium Transacting Categories,,8053.72,122.01
2025-07,Government Services Not Elsewhere Classified,9399,Medium Transacting Categories,,11298.32,109.96
2025-07,"Candy, Nut And Confectionery Shops",5441,Medium Transacting Categories,,1945.81,107.37
2025-07,Freezer And Locker Meat Provisioners,5422,Medium Transacting Categories,,3140.46,98.64
2025-07,Purchase Of Digital Gold,5412,Medium Transacting Categories,,1020.24,95.72
2025-07,Mens And Womens Clothing Shops,5691,Medium Transacting Categories,,10874.31,92.54
2025-07,Electronics Shops,5732,Medium Transacting Categories,,10067.66,92.13
2025-07,"Drinking Places (Alcoholic Beverages) Bars, Taverns, Night-Clubs, Cocktail Lounges And Discothques",5813,All Other Categories,,3314.04,86.44
2025-07,Electronics Repair Shops,7622,All Other Categories,,2202.87,77.3
2025-07,Passenger Railways,4112,All Other Categories,,3657.91,73.85
2025-07,Beauty And Barber Shops,7230,All Other Categories,,2061.03,73.66
2025-07,Taxi-Cabs And Limousines,4121,All Other Categories,,1186.07,67.65
2025-07,Department Stores,5311,All Other Categories,,4095.4,65.88
2025-07,Securities Brokers And Dealers,6211,All Other Categories,,61080.49,65.71
2025-07,"Mens, Womens And Childrens Uniforms And Commercial Clothing",5137,All Other Categories,,5968.52,65.64
2025-07,Variety Stores,5331,All Other Categories,,3146.05,60.23
2025-07,Others,Others,All Other Categories,,291963.58,2249.1
2025-07,Total,,All Other Categories,,734012.36,12388.11
2025-08,Groceries And Supermarkets,5411,High Transacting Categories,,68115.89,3129.4
2025-08,"Telecommunication Services, Including Local And Long Distance Calls, Credit Card Calls,Callsthrough Use Of Magnetic Stripe Reading Telephones And Faxes",4814,High Transacting Categories,,21218.15,865.65
2025-08,Fast Food Restaurants,5814,High Transacting Categories,,14542.0,1263.07
2025-08,Eating Places And Restaurants,5812,High Transacting Categories,,19432.25,1182.83
2025-08,Service Stations (With Or Without Ancillary Services),5541,High Transacting Categories,,34546.82,626.95
2025-08,Cigar Shops And Stands,5993,High Transacting Categories,,1946.5,330.07
2025-08,Drug Stores And Pharmacies,5912,High Transacting Categories,,12580.6,322.46
2025-08,Bakeries,5462,High Transacting Categories,,4092.27,271.22
2025-08,Digital Goods: Games,5816,High Transacting Categories,,7441.14,270.7
2025-08,Dairies,5451,High Transacting Categories,,4532.91,179.1
2025-08,"Utilities Electric, Gas, Water And Sanitary",4900,Medium Transacting Categories,,22368.15,170.91
2025-08,Debt Collection Agencies,7322,Medium Transacting Categories,,77007.05,151.49
2025-08,"Package Shops Beer, Wine And Liquor",5921,Medium Transacting Categories,,6116.17,149.2
2025-08,Online Marketplaces,5262,Medium Transacting Categories,,7821.54,122.6
2025-08,"Candy, Nut And Confectionery Shops",5441,Medium Transacting Categories,,2227.2,115.11
2025-08,Government Services Not Elsewhere Classified,9399,Medium Transacting Categories,,10589.67,107.75
2025-08,Freezer And Locker Meat Provisioners,5422,Medium Transacting Categories,,3207.17,102.15
2025-08,Mens And Womens Clothing Shops,5691,Medium Transacting Categories,,11811.01,101.85
2025-08,Purchase Of Digital Gold,5412,Medium Transacting Categories,,1183.73,99.77
2025-08,Electronics Shops,5732,Medium Transacting Categories,,10208.97,93.34
2025-08,"Drinking Places (Alcoholic Beverages) Bars, Taverns, Night-Clubs, Cocktail Lounges And Discothques",5813,All Other Categories,,3413.72,88.17
2025-08,Beauty And Barber Shops,7230,All Other Categories,,2316.82,81.72
2025-08,Passenger Railways,4112,All Other Categories,,4142.51,80.93
2025-08,"Mens, Womens And Childrens Uniforms And Commercial Clothing",5137,All Other Categories,,7087.98,75.87
2025-08,Department Stores,5311,All Other Categories,,4143.22,69.99
2025-08,Taxi-Cabs And Limousines,4121,All Other Categories,,1204.41,69.96
2025-08,Variety Stores,5331,All Other Categories,,3392.94,67.18
2025-08,Securities Brokers And Dealers,6211,All Other Categories,,45687.06,57.81
2025-08,Electronics Repair Shops,7622,All Other Categories,,2202.89,78.02
2025-08,Others,Others,All Other Categories,,309216.68,2379.89
2025-08,Total,,All Other Categories,,723797.42,12705.16
2025-09,Groceries and supermarkets,5411,High Transacting Categories,,66408.93,3126.25
2025-09,Fast food restaurants,5814,High Transacting Categories,,14377.65,1294.94
2025-09,Eating places and restaurants,5812,High Transacting Categories,,18004.68,1164.23
2025-09,"Telecommunication services, including local and long distance calls, credit card calls, calls through use of magnetic stripe reading telephones and faxes",4814,High Transacting Categories,,20882.02,829.0
2025-09,Service stations (with or without ancillary services),5541,High Transacting Categories,,34040.2,619.5
2025-09,Cigar shops and stands,5993,High Transacting Categories,,1976.68,340.61
2025-09,Drug stores and pharmacies,5912,High Transacting Categories,,12624.22,321.38
2025-09,Bakeries,5462,High Transacting Categories,,3839.26,264.46
2025-09,Dairies,5451,High Transacting Categories,,4473.01,179.85
2025-09,"Utilities electric, gas, water and sanitary",4900,High Transacting Categories,,22296.99,160.55
2025-09,"Package shops beer, wine and liquor",5921,Medium Transacting Categories,,6104.8,147.67
2025-09,Online Marketplaces,5262,Medium Transacting Categories,,10049.11,141.21
2025-09,Debt collection agencies,7322,Medium Transacting Categories,,48457.21,133.51
2025-09,"Candy, nut and confectionery shops",5441,Medium Transacting Categories,,2059.83,111.94
2025-09,Government services not elsewhere classified,9399,Medium Transacting Categories,,11254.57,105.93
2025-09,Purchase of digital gold,5412,Medium Transacting Categories,,1410.18,103.19
2025-09,Freezer and locker meat provisioners,5422,Medium Transacting Categories,,3168.57,98.26
2025-09,Mens and womens clothing shops,5691,Medium Transacting Categories,,10756.6,86.51
2025-09,"Drinking places (alcoholic beverages) bars, taverns, night-clubs, cocktail lounges and discothques",5813,Medium Transacting Categories,,3230.68,83.56
2025-09,Electronics shops,5732,Medium Transacting Categories,,9589.96,78.81
2025-09,Beauty and barber shops,7230,All Other Categories,,2228.32,77.8
2025-09,Passenger railways,4112,All Other Categories,,3807.56,77.6
2025-09,Electronics repair shops,7622,All Other Categories,,2151.57,77.07
2025-09,Taxi-cabs and limousines,4121,All Other Categories,,1127.4,70.0
2025-09,Department stores,5311,All Other Categories,,4160.92,68.82
2025-09,"Mens, womens and childrens uniforms and commercial clothing",5137,All Other Categories,,6641.92,67.25
2025-09,Variety stores,5331,All Other Categories,,3546.9,66.38
2025-09,Securities brokers and dealers,6211,All Other Categories,,49486.58,61.41
2025-09,Family clothing shops,5651,All Other Categories,,4835.0,57.12
2025-09,Others,Others,All Other Categories,,336575.97,2352.16
2025-09,Total,,All Other Categories,,719567.29,12366.97
2025-10,Groceries and supermarkets,5411,High Transacting Categories,,76073.21,3273.16
2025-10,Fast food restaurants,5814,High Transacting Categories,,16798.24,1357.89
2025-10,Eating places and restaurants,5812,High Transacting Categories,,20842.26,1190.63
2025-10,"Telecommunication services, including local and long distance calls, credit card calls, calls through use of magnetic stripe reading telephones and faxes",4814,High Transacting Categories,,22168.74,867.86
2025-10,Service stations (with or without ancillary services),5541,High Transacting Categories,,38072.43,657.36
2025-10,Cigar shops and stands,5993,High Transacting Categories,,2158.47,349.42
2025-10,Drug stores and pharmacies,5912,High Transacting Categories,,12661.02,324.97
2025-10,Bakeries,5462,High Transacting Categories,,4460.15,272.1
2025-10,Dairies,5451,High Transacting Categories,,5062.23,180.58
2025-10,"Package shops beer, wine and liquor",5921,High Transacting Categories,,7177.96,167.02
2025-10,"Utilities electric, gas, water and sanitary",4900,Medium Transacting Categories,,22905.11,157.41
2025-10,Debt collection agencies,7322,Medium Transacting Categories,,50614.85,142.02
2025-10,Online Marketplaces,5262,Medium Transacting Categories,,8350.3,126.23
2025-10,"Candy, nut and confectionery shops",5441,Medium Transacting Categories,,2777.26,121.43
2025-10,Purchase of digital gold,5412,Medium Transacting Categories,,2290.36,115.95
2025-10,Freezer and locker meat provisioners,5422,Medium Transacting Categories,,3791.83,114.27
2025-10,Government services not elsewhere classified,9399,Medium Transacting Categories,,9653.39,105.85
2025-10,Mens and womens clothing shops,5691,Medium Transacting Categories,,13418.87,105.38
2025-10,"Drinking places (alcoholic beverages) bars, taverns, night-clubs, cocktail lounges and discothques",5813,Medium Transacting Categories,,3703.55,90.99
2025-10,"Mens, womens and childrens uniforms and commercial clothing",5137,Medium Transacting Categories,,10082.93,89.07
2025-10,Beauty and barber shops,7230,All Other Categories,,2598.25,86.6
2025-10,Electronics shops,5732,All Other Categories,,12175.87,86.29
2025-10,Passenger railways,4112,All Other Categories,,4160.15,81.24
2025-10,Electronics repair shops,7622,All Other Categories,,2456.83,80.41
2025-10,Department stores,5311,All Other Categories,,5155.82,77.12
2025-10,Family clothing shops,5651,All Other Categories,,6713.91,72.7
2025-10,Variety stores,5331,All Other Categories,,4055.7,71.73
2025-10,Securities brokers and dealers,6211,All Other Categories,,66095.52,70.24
2025-10,Taxi-cabs and limousines,4121,All Other Categories,,1174.46,68.9
2025-10,Others,Others,All Other Categories,,388092.53,2522.74
2025-10,Total,,All Other Categories,,825742.2,13027.56
2025-11,Groceries and supermarkets,5411,High Transacting Categories,,71129.56,3222.99
2025-11,Fast food restaurants,5814,High Transacting Categories,,16149.43,1406.7
2025-11,Eating places and restaurants,5812,High Transacting Categories,,19547.09,1202.63
2025-11,"Telecommunication services, including local and long distance calls, credit card calls, calls through use of magnetic stripe reading telephones and faxes",4814,High Transacting Categories,,21399.7,817.83
2025-11,Service stations (with or without ancillary services),5541,High Transacting Categories,,40320.95,657.73
2025-11,Cigar shops and stands,5993,High Transacting Categories,,2116.67,354.07
2025-11,Drug stores and pharmacies,5912,High Transacting Categories,,12583.01,322.7
2025-11,Bakeries,5462,High Transacting Categories,,4070.97,272.05
2025-11,Dairies,5451,High Transacting Categories,,4681.42,170.47
2025-11,"Package shops beer, wine and liquor",5921,High Transacting Categories,,6873.85,165.25
2025-11,"Utilities electric, gas, water and sanitary",4900,Medium Transacting Categories,,22449.16,156.34
2025-11,Debt collection agencies,7322,Medium Transacting Categories,,51892.29,145.93
2025-11,Purchase of digital gold,5412,Medium Transacting Categories,,1215.36,123.42
2025-11,Freezer and locker meat provisioners,5422,Medium Transacting Categories,,3905.63,120.83
2025-11,Online Marketplaces,5262,Medium Transacting Categories,,7205.27,109.61
2025-11,"Candy, nut and confectionery shops",5441,Medium Transacting Categories,,2184.47,109.4
2025-11,Government services not elsewhere classified,9399,Medium Transacting Categories,,9017.18,108.89
2025-11,"Drinking places (alcoholic beverages) bars, taverns, night-clubs, cocktail lounges and discothques",5813,Medium Transacting Categories,,3575.7,88.73
2025-11,Beauty and barber shops,7230,Medium Transacting Categories,,2718.65,86.29
2025-11,"Mens, womens and childrens uniforms and commercial clothing",5137,Medium Transacting Categories,,8856.67,83.58
2025-11,Passenger railways,4112,All Other Categories,,4224.26,81.54
2025-11,Electronics shops,5732,All Other Categories,,9681.18,77.95
2025-11,Electronics repair shops,7622,All Other Categories,,2291.91,77.65
2025-11,Department stores,5311,All Other Categories,,4989.45,74.51
2025-11,Taxi-cabs and limousines,4121,All Other Categories,,1170.53,72.52
2025-11,Family clothing shops,5651,All Other Categories,,6289.44,72.24
2025-11,Variety stores,5331,All Other Categories,,3693.49,68.98
2025-11,Securities brokers and dealers,6211,All Other Categories,,49218.88,61.99
2025-11,Credit Card Bill Payments,5413,All Other Categories,,86990.51,58.15
2025-11,Others,Others,All Other Categories,,284109.38,2469.52
2025-11,Total,,All Other Categories,,764552.06,12840.49
2025-12,Groceries and supermarkets,5411,High Transacting Categories,,74921.67,3358.74
2025-12,Fast food restaurants,5814,High Transacting Categories,,17570.77,1508.67
2025-12,Eating places and restaurants,5812,High Transacting Categories,,21100.7,1262.24
2025-12,"Telecommunication services, including local and long distance calls, credit card calls, calls through use of magnetic stripe reading telephones and faxes",4814,High Transacting Categories,,22744.78,863.19
2025-12,Service stations (with or without ancillary services),5541,High Transacting Categories,,40884.7,661.28
2025-12,Cigar shops and stands,5993,High Transacting Categories,,2267.97,373.94
2025-12,Drug stores and pharmacies,5912,High Transacting Categories,,13106.4,333.25
2025-12,Bakeries,5462,High Transacting Categories,,4638.98,292.95
2025-12,Purchase of digital gold,5412,High Transacting Categories,,2079.31,183.32
2025-12,Debt collection agencies,7322,High Transacting Categories,,56756.95,176.04
2025-12,Dairies,5451,Medium Transacting Categories,,4731.5,175.75
2025-12,"Package shops beer, wine and liquor",5921,Medium Transacting Categories,,7762.04,175.41
2025-12,"Utilities electric, gas, water and sanitary",4900,Medium Transacting Categories,,20810.88,160.65
2025-12,Freezer and locker meat provisioners,5422,Medium Transacting Categories,,4468.63,129.85
2025-12,Mens and womens clothing shops,5691,Medium Transacting Categories,,13149.98,122.82
2025-12,Government services not elsewhere classified,9399,Medium Transacting Categories,,10957.56,120.85
2025-12,"Candy, nut and confectionery shops",5441,Medium Transacting Categories,,2343.73,115.42
2025-12,Online Marketplaces,5262,Medium Transacting Categories,,7051.77,113.75
2025-12,"Drinking places (alcoholic beverages) bars, taverns, night-clubs, cocktail lounges and discothques",5813,Medium Transacting Categories,,3767.26,90.88
2025-12,Beauty and barber shops,7230,Medium Transacting Categories,,2542.32,84.59
2025-12,"Mens, womens and childrens uniforms and commercial clothing",5137,All Other Categories,,8298.3,84.27
2025-12,Electronics shops,5732,All Other Categories,,10433.92,83.15
2025-12,Passenger railways,4112,All Other Categories,,4681.82,81.93
2025-12,Electronics repair shops,7622,All Other Categories,,2348.54,79.92
2025-12,Department stores,5311,All Other Categories,,5221.22,78.09
2025-12,Taxi-cabs and limousines,4121,All Other Categories,,1281.81,76.69
2025-12,Family clothing shops,5651,All Other Categories,,6364.49,74.33
2025-12,Securities brokers and dealers,6211,All Other Categories,,59097.26,70.41
2025-12,Variety stores,5331,All Other Categories,,3557.7,68.82
2025-12,Others,Others,All Other Categories,,372630.03,2481.18
2025-12,Total,,All Other Categories,,807572.99,13482.38
2026-01,"Grocery Stores, Supermarkets",5411,High Transacting Categories,,76833.09,3419.81
2026-01,Fast food restaurants,5814,High Transacting Categories,,17483.76,1502.57
2026-01,Eating places and restaurants,5812,High Transacting Categories,,21184.95,1258.98
2026-01,"Telecommunication services, including local and long distance calls, credit card calls, calls through use of magnetic stripe reading telephones and faxes",4814,High Transacting Categories,,22840.64,878.66
2026-01,Service stations (with or without ancillary services),5541,High Transacting Categories,,40053.68,658.84
2026-01,Cigar shops and stands,5993,High Transacting Categories,,2329.34,380.86
2026-01,Drug stores and pharmacies,5912,High Transacting Categories,,12886.1,324.06
2026-01,Bakeries,5462,High Transacting Categories,,4404.69,286.87
2026-01,Purchase of digital gold,5412,High Transacting Categories,,3926.47,219.63
2026-01,Debt collection agencies,7322,High Transacting Categories,,60373.41,189.95
2026-01,Dairies,5451,Medium Transacting Categories,,4857.85,179.31
2026-01,"Package shops beer, wine and liquor",5921,Medium Transacting Categories,,7626.08,173.1
2026-01,"Utilities electric, gas, water and sanitary",4900,Medium Transacting Categories,,19774.93,161.56
2026-01,Freezer and locker meat provisioners,5422,Medium Transacting Categories,,4597.06,130.09
2026-01,Government services not elsewhere classified,9399,Medium Transacting Categories,,10192.71,122.73
2026-01,"Candy, nut and confectionery shops",5441,Medium Transacting Categories,,2488.16,120.87
2026-01,Mens and womens clothing shops,5691,Medium Transacting Categories,,13206.0,119.38
2026-01,Online Marketplaces,5262,Medium Transacting Categories,,7009.66,116.51
2026-01,Family clothing shops,5651,Medium Transacting Categories,,6808.89,87.51
2026-01,"Drinking places (alcoholic beverages) bars, taverns, night-clubs, cocktail lounges and discothques",5813,Medium Transacting Categories,,3542.61,87.41
2026-01,Electronics shops,5732,All Other Categories,,10923.26,86.03
2026-01,Beauty and barber shops,7230,All Other Categories,,2502.48,85.44
2026-01,Passenger railways,4112,All Other Categories,,4588.67,80.41
2026-01,Securities brokers and dealers,6211,All Other Categories,,81039.5,80.4
2026-01,Electronics repair shops,7622,All Other Categories,,2341.77,78.96
2026-01,"Mens, womens and childrens uniforms and commercial clothing",5137,All Other Categories,,8099.34,78.59
2026-01,Department stores,5311,All Other Categories,,5058.4,76.96
2026-01,Taxi-cabs and limousines,4121,All Other Categories,,1315.32,75.89
2026-01,Variety stores,5331,All Other Categories,,3555.65,67.82
2026-01,Others,Others,All Other Categories,,378981.36,2478.9
2026-01,Total,,All Other Categories,,840825.83,13608.1
2026-02,Groceries and supermarkets,5411,High Transacting Categories,,74127.95,3283.85
2026-02,Fast food restaurants,5814,High Transacting Categories,,15639.68,1382.81
2026-02,Eating places and restaurants,5812,High Transacting Categories,,19070.54,1165.56
2026-02,"Telecommunication services, including local and long distance calls, credit card calls, calls through use of magnetic stripe reading telephones and faxes",4814,High Transacting Categories,,20715.85,794.75
2026-02,Service stations (with or without ancillary services),5541,High Transacting Categories,,38811.08,633.99
2026-02,Cigar shops and stands,5993,High Transacting Categories,,2253.23,362.23
2026-02,Drug stores and pharmacies,5912,High Transacting Categories,,11921.67,294.66
2026-02,Bakeries,5462,High Transacting Categories,,3927.7,264.89
2026-02,Purchase of digital gold,5412,High Transacting Categories,,3032.41,222.83
2026-02,Dairies,5451,High Transacting Categories,,4721.54,176.34
2026-02,Debt collection agencies,7322,Medium Transacting Categories,,58678.29,168.58
2026-02,"Package shops beer, wine and liquor",5921,Medium Transacting Categories,,7135.22,163.87
2026-02,"Utilities electric, gas, water and sanitary",4900,Medium Transacting Categories,,19139.07,155.91
2026-02,Government services not elsewhere classified,9399,Medium Transacting Categories,,9573.58,119.0
2026-02,Freezer and locker meat provisioners,5422,Medium Transacting Categories,,3970.9,117.32
2026-02,"Candy, nut and confectionery shops",5441,Medium Transacting Categories,,2379.66,116.48
2026-02,Online Marketplaces,5262,Medium Transacting Categories,,6461.56,114.52
2026-02,Mens and womens clothing shops,5691,Medium Transacting Categories,,11804.33,100.2
2026-02,Beauty and barber shops,7230,Medium Transacting Categories,,2540.71,83.73
2026-02,"Drinking places (alcoholic beverages) bars, taverns, night-clubs, cocktail lounges and discothques",5813,Medium Transacting Categories,,3372.67,82.94
2026-02,Electronics shops,5732,All Other Categories,,10322.74,81.95
2026-02,Family clothing shops,5651,All Other Categories,,6605.23,75.04
2026-02,Electronics repair shops,7622,All Other Categories,,2208.02,74.07
2026-02,Passenger railways,4112,All Other Categories,,4599.72,72.71
2026-02,Taxi-cabs and limousines,4121,All Other Categories,,1203.03,72.34
2026-02,Securities brokers and dealers,6211,All Other Categories,,58625.78,70.97
2026-02,Department stores,5311,All Other Categories,,4600.62,69.35
2026-02,"Mens, womens and childrens uniforms and commercial clothing",5137,All Other Categories,,7408.05,68.2
2026-02,Variety stores,5331,All Other Categories,,3225.38,60.77
2026-02,Others,,All Other Categories,,354340.73,2345.92
2026-02,Total,,All Other Categories,,772416.94,12795.78
2026-03,Groceries and supermarkets,5411,High Transacting Categories,,81879.85,3751.09
2026-03,Fast food restaurants,5814,High Transacting Categories,,17237.27,1474.74
2026-03,Eating places and restaurants,5812,High Transacting Categories,,20784.67,1250.99
2026-03,"Telecommunication services, including local and long distance calls, credit card calls, calls through use of magnetic stripe reading telephones and faxes",4814,High Transacting Categories,,23723.04,914.48
2026-03,Service stations (with or without ancillary services),5541,High Transacting Categories,,44180.28,674.46
2026-03,Cigar shops and stands,5993,High Transacting Categories,,2503.45,395.07
2026-03,Drug stores and pharmacies,5912,High Transacting Categories,,12315.9,302.5
2026-03,Bakeries,5462,High Transacting Categories,,4258.89,294.7
2026-03,Purchase of digital gold,5412,High Transacting Categories,,3171.96,254.44
2026-03,Dairies,5451,High Transacting Categories,,5353.95,213.46
2026-03,"Package shops beer, wine and liquor",5921,Medium Transacting Categories,,8559.21,191.22
2026-03,Debt collection agencies,7322,Medium Transacting Categories,,63138.32,181.74
2026-03,"Utilities electric, gas, water and sanitary",4900,Medium Transacting Categories,,19933.04,153.78
2026-03,Online Marketplaces,5262,Medium Transacting Categories,,7903.2,141.71
2026-03,"Candy, nut and confectionery shops",5441,Medium Transacting Categories,,2664.89,141.17
2026-03,Government services not elsewhere classified,9399,Medium Transacting Categories,,11098.65,135.16
2026-03,Freezer and locker meat provisioners,5422,Medium Transacting Categories,,4715.38,128.95
2026-03,Mens and womens clothing shops,5691,Medium Transacting Categories,,12956.31,105.38
2026-03,"Drinking places (alcoholic beverages) bars, taverns, night-clubs, cocktail lounges and discothques",5813,Medium Transacting Categories,,3846.6,94.08
2026-03,Family clothing shops,5651,Medium Transacting Categories,,8152.91,88.49
2026-03,Beauty and barber shops,7230,All Other Categories,,2435.67,87.68
2026-03,Electronics shops,5732,All Other Categories,,12194.61,87.65
2026-03,"Mens, womens and childrens uniforms and commercial clothing",5137,All Other Categories,,8719.87,82.17
2026-03,Electronics repair shops,7622,All Other Categories,,2382.92,81.72
2026-03,Department stores,5311,All Other Categories,,5062.72,78.95
2026-03,Securities brokers and dealers,6211,All Other Categories,,71503.33,77.19
2026-03,Taxi-cabs and limousines,4121,All Other Categories,,1218.87,74.17
2026-03,Passenger railways,4112,All Other Categories,,5073.38,71.68
2026-03,Variety stores,5331,All Other Categories,,3425.6,67.04
2026-03,Others,Others,All Other Categories,,391088.31,2584.6
2026-03,Total,,All Other Categories,,861483.05,14180.46
2026-04,Groceries and supermarkets,5411,High Transacting Categories,,80449.2,3722.2
2026-04,Fast food restaurants,5814,High Transacting Categories,,17597.17,1474.47
2026-04,Eating places and restaurants,5812,High Transacting Categories,,21202.58,1252.31
2026-04,"Telecommunication services, including local and long distance calls, credit card calls, calls through use of magnetic stripe reading telephones and faxes",4814,High Transacting Categories,,23098.97,869.99
2026-04,Service stations (with or without ancillary services),5541,High Transacting Categories,,42571.65,658.64
2026-04,Cigar shops and stands,5993,High Transacting Categories,,2587.77,401.47
2026-04,Bakeries,5462,High Transacting Categories,,4617.38,322.4
2026-04,Drug stores and pharmacies,5912,High Transacting Categories,,11811.37,287.1
2026-04,Purchase of digital gold,5412,High Transacting Categories,,2499.02,245.22
2026-04,Dairies,5451,High Transacting Categories,,5720.09,234.71
2026-04,"Package shops beer, wine and liquor",5921,Medium Transacting Categories,,8605.27,195.47
2026-04,Debt collection agencies,7322,Medium Transacting Categories,,61746.39,181.52
2026-04,"Candy, nut and confectionery shops",5441,Medium Transacting Categories,,2697.89,146.33
2026-04,"Utilities electric, gas, water and sanitary",4900,Medium Transacting Categories,,19145.19,140.56
2026-04,Online Marketplaces,5262,Medium Transacting Categories,,7740.27,137.69
2026-04,Government services not elsewhere classified,9399,Medium Transacting Categories,,10666.53,135.39
2026-04,Freezer and locker meat provisioners,5422,Medium Transacting Categories,,4267.68,122.55
2026-04,Mens and womens clothing shops,5691,Medium Transacting Categories,,12515.34,98.86
2026-04,"Drinking places (alcoholic beverages) bars, taverns, night-clubs, cocktail lounges and discothques",5813,Medium Transacting Categories,,3772.01,90.68
2026-04,Beauty and barber shops,7230,Medium Transacting Categories,,2594.3,89.1
2026-04,Family clothing shops,5651,All Other Categories,,8281.63,86.69
2026-04,Electronics shops,5732,All Other Categories,,13595.44,86.54
2026-04,Electronics repair shops,7622,All Other Categories,,2524.84,82.61
2026-04,"Mens, womens and childrens uniforms and commercial clothing",5137,All Other Categories,,8774.92,82.22
2026-04,Department stores,5311,All Other Categories,,5109.14,81.08
2026-04,Taxi-cabs and limousines,4121,All Other Categories,,1225.63,73.09
2026-04,Securities brokers and dealers,6211,All Other Categories,,70266.74,71.3
2026-04,Passenger railways,4112,All Other Categories,,5060.94,70.97
2026-04,Variety stores,5331,All Other Categories,,3569.38,70.94
2026-04,Others,,All Other Categories,,387287.16,2598.120000000001
2026-04,Total,,All Other Categories,,851601.89,14110.22
2026-05,Groceries and supermarkets,5411,High Transacting Categories,,85243.71,3872.78
2026-05,Fast food restaurants,5814,High Transacting Categories,,18705.24,1503.82
2026-05,Eating places and restaurants,5812,High Transacting Categories,,22860.66,1291.12
2026-05,"Telecommunication services, including local and long distance calls, credit card calls, calls through use of magnetic stripe reading telephones and faxes",4814,High Transacting Categories,,23996.44,885.33
2026-05,Service stations (with or without ancillary services),5541,High Transacting Categories,,48547.39,708.67
2026-05,Cigar shops and stands,5993,High Transacting Categories,,2764.33,418.54
2026-05,Bakeries,5462,High Transacting Categories,,5354.13,372.25
2026-05,Drug stores and pharmacies,5912,High Transacting Categories,,12378.02,295.93
2026-05,Dairies,5451,High Transacting Categories,,6157.64,265.48
2026-05,Purchase of digital gold,5412,High Transacting Categories,,2450.63,249.08
2026-05,"Package shops beer, wine and liquor",5921,Medium Transacting Categories,,9745.4,221.75
2026-05,Debt collection agencies,7322,Medium Transacting Categories,,66317.06,192.35
2026-05,"Candy, nut and confectionery shops",5441,Medium Transacting Categories,,2843.08,155.52
2026-05,Online Marketplaces,5262,Medium Transacting Categories,,8763.11,150.09
2026-05,"Utilities electric, gas, water and sanitary",4900,Medium Transacting Categories,,22195.86,145.69
2026-05,Government services not elsewhere classified,9399,Medium Transacting Categories,,9955.95,141.98
2026-05,Freezer and locker meat provisioners,5422,Medium Transacting Categories,,4754.44,131.5
2026-05,Mens and womens clothing shops,5691,Medium Transacting Categories,,13151.28,128.61
2026-05,"Drinking places (alcoholic beverages) bars, taverns, night-clubs, cocktail lounges and discothques",5813,Medium Transacting Categories,,4094.7,97.04
2026-05,Beauty and barber shops,7230,Medium Transacting Categories,,2624.64,90.73
2026-05,Electronics shops,5732,All Other Categories,,13823.09,88.43
2026-05,Department stores,5311,All Other Categories,,5432.48,86.46
2026-05,Electronics repair shops,7622,All Other Categories,,2642.02,85.63
2026-05,Family clothing shops,5651,All Other Categories,,7674.15,84.62
2026-05,"Mens, womens and childrens uniforms and commercial clothing",5137,All Other Categories,,7881.57,79.61
2026-05,Variety stores,5331,All Other Categories,,3738.98,77.4
2026-05,Taxi-cabs and limousines,4121,All Other Categories,,1288.02,75.69
2026-05,Passenger railways,4112,All Other Categories,,5086.03,72.16
2026-05,Securities brokers and dealers,6211,All Other Categories,,56640.33,69.85
2026-05,Others,,All Other Categories,,395347.66999999987,2683.189999999997
2026-05,Total,,All Other Categories,,872458.05,14721.3
2026-06,Groceries and supermarkets,5411,High Transacting Categories,,79705.02,3739.59
2026-06,Fast food restaurants,5814,High Transacting Categories,,17418.12,1449.1
2026-06,Eating places and restaurants,5812,High Transacting Categories,,21485.16,1242.19
2026-06,"Telecommunication services, including local and long distance calls, credit card calls, calls through use of magnetic stripe reading telephones and faxes",4814,High Transacting Categories,,22964.97,824.26
2026-06,Service stations (with or without ancillary services),5541,High Transacting Categories,,47183.84,716.87
2026-06,Cigar shops and stands,5993,High Transacting Categories,,2723.91,416.69
2026-06,Bakeries,5462,High Transacting Categories,,5432,396.69
2026-06,Drug stores and pharmacies,5912,High Transacting Categories,,12428.84,294.16
2026-06,Dairies,5451,High Transacting Categories,,5925.48,268.25
2026-06,Purchase of digital gold,5412,High Transacting Categories,,2552.53,232.94
2026-06,"Package shops beer, wine and liquor",5921,Medium Transacting Categories,,9164.63,216.69
2026-06,Debt collection agencies,7322,Medium Transacting Categories,,69032.6,196.66
2026-06,Online Marketplaces,5262,Medium Transacting Categories,,9046.32,158.01
2026-06,"Candy, nut and confectionery shops",5441,Medium Transacting Categories,,2800.95,148.88
2026-06,Government services not elsewhere classified,9399,Medium Transacting Categories,,10370.66,144.57
2026-06,"Utilities electric, gas, water and sanitary",4900,Medium Transacting Categories,,23911.27,143.97
2026-06,Freezer and locker meat provisioners,5422,Medium Transacting Categories,,4312.09,125.67
2026-06,Mens and womens clothing shops,5691,Medium Transacting Categories,,11792.93,119.23
2026-06,"Drinking places (alcoholic beverages) bars, taverns, night-clubs, cocktail lounges and discothques",5813,Medium Transacting Categories,,3779.25,93.11
2026-06,Department stores,5311,Medium Transacting Categories,,5394.07,89.24
2026-06,Electronics shops,5732,All Other Categories,,12052.04,88.14
2026-06,Variety stores,5331,All Other Categories,,3885.75,86.9
2026-06,Beauty and barber shops,7230,All Other Categories,,2403.16,85.96
2026-06,Electronics repair shops,7622,All Other Categories,,2486.61,83.57
2026-06,Family clothing shops,5651,All Other Categories,,7059.78,80.35
2026-06,Taxi-cabs and limousines,4121,All Other Categories,,1227.59,77.55
2026-06,Securities brokers and dealers,6211,All Other Categories,,60945.24,74.22
2026-06,"Mens, womens and childrens uniforms and commercial clothing",5137,All Other Categories,,6955.47,73.57
2026-06,Passenger railways,4112,All Other Categories,,4771.27,69.41
2026-06,Others,,All Other Categories,,391785.58999999997,2691.4400000000023
2026-06,Total,,All Other Categories,,860997.14,14427.88
2026-07,Groceries and supermarkets,5411,High Transacting Categories,,82144.98,3845.91
2026-07,Fast food restaurants,5814,High Transacting Categories,,17561.96,1478.4
2026-07,Eating places and restaurants,5812,High Transacting Categories,,21741.86,1269.06
2026-07,"Telecommunication services, including local and long distance calls, credit card calls, calls through use of magnetic stripe reading telephones and faxes",4814,High Transacting Categories,,23640.71,837.7
2026-07,Service stations (with or without ancillary services),5541,High Transacting Categories,,45057.75,742.84
2026-07,Bakeries,5462,High Transacting Categories,,6282.8,475.84
2026-07,Cigar shops and stands,5993,High Transacting Categories,,2894.05,443.76
2026-07,Drug stores and pharmacies,5912,High Transacting Categories,,13157.06,311.94
2026-07,Dairies,5451,High Transacting Categories,,6024.42,277.52
2026-07,Purchase of digital gold,5412,High Transacting Categories,,2465.14,242.5
2026-07,"Package shops beer, wine and liquor",5921,Medium Transacting Categories,,9093.99,219.97
2026-07,Debt collection agencies,7322,Medium Transacting Categories,,70718.17,207.99
2026-07,Online Marketplaces,5262,Medium Transacting Categories,,10224.28,180.72
2026-07,Government services not elsewhere classified,9399,Medium Transacting Categories,,12346.59,154.23
2026-07,"Utilities electric, gas, water and sanitary",4900,Medium Transacting Categories,,25341.09,146.3
2026-07,Freezer and locker meat provisioners,5422,Medium Transacting Categories,,4791.63,137.37
2026-07,"Candy, nut and confectionery shops",5441,Medium Transacting Categories,,2404,117.51
2026-07,Mens and womens clothing shops,5691,Medium Transacting Categories,,11062.99,105.72
2026-07,Variety stores,5331,Medium Transacting Categories,,3903.76,94.63
2026-07,"Drinking places (alcoholic beverages) bars, taverns, night-clubs, cocktail lounges and discothques",5813,Medium Transacting Categories,,3730.2,93.43
2026-07,"Digital Goods: Media, Books, Movies, Music",5815,All Other Categories,,1974.45,91.36
2026-07,Department stores,5311,All Other Categories,,5380.32,88.25
2026-07,Beauty and barber shops,7230,All Other Categories,,2459.9,88.12
2026-07,Electronics repair shops,7622,All Other Categories,,2471.92,86.05
2026-07,Electronics shops,5732,All Other Categories,,11321.72,82.8
2026-07,Securities brokers and dealers,6211,All Other Categories,,73752.37,82.72
2026-07,Family clothing shops,5651,All Other Categories,,6789.75,80.24
2026-07,Taxi-cabs and limousines,4121,All Other Categories,,1197.12,79.65
2026-07,"Mens, womens and childrens uniforms and commercial clothing",5137,All Other Categories,,6220.13,69.58
2026-07,Others,,All Other Categories,,420458.07999999984,2839.7400000000052
2026-07,Total,,All Other Categories,,906613.19,14971.85
2026-08,Groceries and supermarkets,5411,High Transacting Categories,,86881.84,3995.82
2026-08,Fast food restaurants,5814,High Transacting Categories,,18506.83,1517.37
2026-08,Eating places and restaurants,5812,High Transacting Categories,,22662.96,1300.07
2026-08,"Telecommunication services, including local and long distance calls, credit card calls, calls through use of magnetic stripe reading telephones and faxes",4814,High Transacting Categories,,23261.73,817.79
2026-08,Service stations (with or without ancillary services),5541,High Transacting Categories,,44193.12,772.9
2026-08,Bakeries,5462,High Transacting Categories,,7231.42,515.4
2026-08,Cigar shops and stands,5993,High Transacting Categories,,3057.94,470.47
2026-08,Drug stores and pharmacies,5912,High Transacting Categories,,13865.97,335.88
2026-08,Dairies,5451,High Transacting Categories,,6525.84,298.19
2026-08,Purchase of digital gold,5412,High Transacting Categories,,2488.52,249.21
2026-08,Debt collection agencies,7322,Medium Transacting Categories,,73983.41,214.98
2026-08,"Package shops beer, wine and liquor",5921,Medium Transacting Categories,,8881.02,214.96
2026-08,Online Marketplaces,5262,Medium Transacting Categories,,9961.23,185.96
2026-08,Government services not elsewhere classified,9399,Medium Transacting Categories,,11031.82,152.58
2026-08,"Utilities electric, gas, water and sanitary",4900,Medium Transacting Categories,,24636.11,149.57
2026-08,"Candy, nut and confectionery shops",5441,Medium Transacting Categories,,2816.53,136.29
2026-08,Freezer and locker meat provisioners,5422,Medium Transacting Categories,,4217.27,121.51
2026-08,Variety stores,5331,Medium Transacting Categories,,4368.47,108.6
2026-08,Family clothing shops,5651,Medium Transacting Categories,,8724.28,98.45
2026-08,Beauty and barber shops,7230,Medium Transacting Categories,,2634.74,94.03
2026-08,"Drinking places (alcoholic beverages) bars, taverns, night-clubs, cocktail lounges and discothques",5813,All Other Categories,,3690.22,93.02
2026-08,Mens and womens clothing shops,5691,All Other Categories,,11084.56,92.72
2026-08,"Digital Goods: Media, Books, Movies, Music",5815,All Other Categories,,2071.78,91.03
2026-08,Electronics repair shops,7622,All Other Categories,,2431.55,87.64
2026-08,Department stores,5311,All Other Categories,,5191.44,84.8
2026-08,Securities brokers and dealers,6211,All Other Categories,,63667.21,84.12
2026-08,Taxi-cabs and limousines,4121,All Other Categories,,1204.95,82.86
2026-08,Electronics shops,5732,All Other Categories,,11112.68,82.18
2026-08,"Mens, womens and childrens uniforms and commercial clothing",5137,All Other Categories,,7338.6,79.04
2026-08,Others,,All Other Categories,,407596.64,2982.5699999999997
2026-08,Total,,All Other Categories,,895320.68,15510.01
