period,approved_percent,bd_percent,deemed_approved_percent,td_percent,total_volume_in_mn,type_name,upi_beneficiary_banks
2020-01,98.39,0.2,0.11,1.41,14.48,beneficiary,Airtel Payments Bank
2020-01,95.24,1.13,1.32,3.64,7.4,beneficiary,Allahabad Bank
2020-01,99.09,0.62,0.11,0.28,25.14,beneficiary,Andhra Bank
2020-01,99.45,0.52,0.05,0.03,93.91,beneficiary,Axis Bank Ltd.
2020-01,98.97,0.87,0.38,0.16,30.81,beneficiary,Bank of Baroda
2020-01,97.57,1.12,0.9,1.31,24.32,beneficiary,Bank of India
2020-01,98.89,0.46,0.64,0.65,9.78,beneficiary,Bank of Maharashtra
2020-01,99.93,0.07,0.03,0.0,9.93,beneficiary,CITI
2020-01,98.5,0.83,0.56,0.68,27.43,beneficiary,Canara Bank
2020-01,98.38,1.6,0.41,0.02,16.08,beneficiary,Central Bank Of India
2020-01,94.74,1.1,1.47,4.16,9.1,beneficiary,Corporation Bank
2020-01,99.51,0.45,0.09,0.03,8.9,beneficiary,Federal Bank
2020-01,98.06,1.92,0.34,0.01,83.28,beneficiary,HDFC BANK LTD
2020-01,99.48,0.52,0.0,0.01,151.65,beneficiary,ICICI Bank
2020-01,96.63,3.2,0.18,0.17,12.51,beneficiary,IDBI Bank Limited
2020-01,97.07,1.93,0.56,1.01,5.16,beneficiary,INDUSIND BANK
2020-01,99.24,0.7,1.48,0.07,15.83,beneficiary,Indian Bank
2020-01,99.02,0.83,1.41,0.15,8.89,beneficiary,Indian Overseas Bank
2020-01,95.64,1.46,0.62,2.9,10.42,beneficiary,Karnataka Bank
2020-01,97.99,1.85,0.17,0.16,5.99,beneficiary,Karur Vysya Bank
2020-01,97.62,2.24,0.2,0.13,25.42,beneficiary,Kotak Mahindra Bank
2020-01,99.07,0.8,0.06,0.13,7.26,beneficiary,Oriental Bank of Commerce
2020-01,99.76,0.23,0.0,0.01,216.0,beneficiary,Paytm Payments Bank
2020-01,97.15,1.23,0.48,1.62,29.92,beneficiary,Punjab National Bank
2020-01,98.68,0.73,0.39,0.59,202.34,beneficiary,State Bank Of India
2020-01,97.97,0.42,0.19,1.61,12.47,beneficiary,Syndicate Bank
2020-01,95.29,3.34,2.44,1.36,7.05,beneficiary,UCO Bank
2020-01,98.74,0.76,0.11,0.49,21.49,beneficiary,Union Bank of India
2020-01,99.07,0.7,0.17,0.24,9.13,beneficiary,Vijaya Bank
2020-01,99.85,0.13,0.53,0.02,160.85,beneficiary,Yes Bank Ltd
2020-02,98.35,0.24,0.05,1.41,15.05,beneficiary,Airtel Payments Bank
2020-02,97.52,1.48,0.43,1.01,7.52,beneficiary,Allahabad Bank
2020-02,98.94,0.61,0.17,0.45,25.61,beneficiary,Andhra Bank
2020-02,99.38,0.58,0.16,0.04,88.7,beneficiary,Axis Bank Ltd.
2020-02,99.09,0.82,0.43,0.09,31.49,beneficiary,Bank of Baroda
2020-02,98.54,1.1,0.5,0.36,26.03,beneficiary,Bank of India
2020-02,99.34,0.52,0.21,0.14,9.8,beneficiary,Bank of Maharashtra
2020-02,98.69,0.91,0.75,0.4,27.84,beneficiary,Canara Bank
2020-02,98.41,1.4,0.38,0.18,16.32,beneficiary,Central Bank Of India
2020-02,99.92,0.08,0.01,0.0,10.54,beneficiary,CITI
2020-02,93.88,1.09,1.4,5.04,9.21,beneficiary,Corporation Bank
2020-02,99.48,0.45,0.18,0.07,8.81,beneficiary,Federal Bank
2020-02,98.26,1.73,0.32,0.01,80.99,beneficiary,HDFC BANK LTD
2020-02,99.32,0.66,0.02,0.02,152.23,beneficiary,ICICI Bank
2020-02,96.5,3.47,0.1,0.03,12.75,beneficiary,IDBI Bank Limited
2020-02,99.17,0.65,1.29,0.18,16.5,beneficiary,Indian Bank
2020-02,93.73,0.75,5.77,5.51,8.81,beneficiary,Indian Overseas Bank
2020-02,97.79,2.06,0.37,0.15,5.38,beneficiary,INDUSIND BANK
2020-02,97.66,1.62,0.17,0.72,10.47,beneficiary,Karnataka Bank
2020-02,98.02,1.74,0.79,0.24,6.24,beneficiary,Karur Vysya Bank
2020-02,97.3,2.19,0.46,0.5,25.56,beneficiary,Kotak Mahindra Bank
2020-02,99.19,0.78,0.02,0.03,7.46,beneficiary,Oriental Bank of Commerce
2020-02,99.76,0.24,0.0,0.0,230.84,beneficiary,Paytm Payments Bank
2020-02,97.73,1.2,0.21,1.07,29.72,beneficiary,Punjab National Bank
2020-02,98.93,0.73,0.32,0.34,200.71,beneficiary,State Bank Of India
2020-02,97.37,0.57,0.31,2.06,12.69,beneficiary,Syndicate Bank
2020-02,95.08,4.11,0.18,0.8,7.42,beneficiary,UCO Bank
2020-02,97.3,0.75,0.04,1.96,21.87,beneficiary,Union Bank of India
2020-02,99.12,0.63,0.27,0.25,9.22,beneficiary,Vijaya Bank
2020-02,99.77,0.16,0.58,0.06,165.83,beneficiary,Yes Bank Ltd
2020-03,98.71,0.96,0.02,0.3,15.35,beneficiary,Airtel Payments Bank
2020-03,97.34,1.63,0.39,0.64,6.77,beneficiary,Allahabad Bank
2020-03,99.15,0.61,0.09,0.15,24.02,beneficiary,Andhra Bank
2020-03,99.13,0.56,0.27,0.04,84.75,beneficiary,Axis Bank Ltd.
2020-03,98.79,0.99,0.19,0.03,28.81,beneficiary,Bank of Baroda
2020-03,97.76,1.09,0.43,0.72,24.22,beneficiary,Bank of India
2020-03,98.2,0.62,0.38,0.8,8.53,beneficiary,Bank of Maharashtra
2020-03,97.11,1.01,1.59,0.29,24.53,beneficiary,Canara Bank
2020-03,97.87,1.53,0.3,0.29,15.05,beneficiary,Central Bank Of India
2020-03,99.92,0.08,0.0,0.0,11.46,beneficiary,CITI
2020-03,94.58,1.38,0.81,3.23,8.3,beneficiary,Corporation Bank
2020-03,99.26,0.54,0.11,0.09,7.9,beneficiary,Federal Bank
2020-03,97.05,2.23,0.72,0.01,78.38,beneficiary,HDFC BANK LTD
2020-03,99.3,0.59,0.06,0.06,169.97,beneficiary,ICICI Bank
2020-03,96.51,3.3,0.14,0.05,11.5,beneficiary,IDBI Bank Limited
2020-03,98.08,0.6,1.17,0.15,15.39,beneficiary,Indian Bank
2020-03,94.17,0.9,4.79,0.14,8.01,beneficiary,Indian Overseas Bank
2020-03,98.07,1.74,0.05,0.14,9.25,beneficiary,Karnataka Bank
2020-03,97.36,1.81,0.46,0.37,5.68,beneficiary,Karur Vysya Bank
2020-03,97.64,2.01,0.35,0.0,23.31,beneficiary,Kotak Mahindra Bank
2020-03,97.84,0.77,0.21,1.17,6.76,beneficiary,Oriental Bank of Commerce
2020-03,99.71,0.28,0.0,0.0,204.07,beneficiary,Paytm Payments Bank
2020-03,99.98,0.01,0.0,0.0,62.28,beneficiary,Phone Pe ICICI
2020-03,98.25,1.23,0.08,0.44,28.06,beneficiary,Punjab National Bank
2020-03,97.51,0.75,0.7,1.04,186.69,beneficiary,State Bank Of India
2020-03,98.26,1.17,0.2,0.37,11.5,beneficiary,Syndicate Bank
2020-03,94.6,4.02,0.42,0.96,6.87,beneficiary,UCO Bank
2020-03,97.85,0.81,0.06,1.28,19.96,beneficiary,Union Bank of India
2020-03,98.05,0.68,0.11,1.17,8.11,beneficiary,Vijaya Bank
2020-03,99.71,0.14,0.13,0.01,85.75,beneficiary,Yes Bank Ltd
2020-04,97.23,2.46,0.06,0.25,8.04,beneficiary,Airtel Payments Bank
2020-04,91.31,2.01,0.61,6.07,5.28,beneficiary,Allahabad Bank
2020-04,98.51,0.78,0.47,0.24,17.94,beneficiary,Andhra Bank
2020-04,99.2,0.51,0.29,0.01,60.99,beneficiary,Axis Bank Ltd.
2020-04,98.26,1.62,0.1,0.03,22.18,beneficiary,Bank of Baroda
2020-04,97.88,1.51,0.41,0.2,19.3,beneficiary,Bank of India
2020-04,98.95,0.86,0.14,0.05,6.43,beneficiary,Bank of Maharashtra
2020-04,98.34,1.48,0.12,0.06,18.0,beneficiary,Canara Bank
2020-04,96.89,2.6,0.5,0.01,11.98,beneficiary,Central Bank Of India
2020-04,99.92,0.08,0.0,0.0,10.83,beneficiary,CITI
2020-04,95.09,1.88,0.74,2.29,6.13,beneficiary,Corporation Bank
2020-04,99.34,0.64,0.01,0.0,5.15,beneficiary,Federal Bank
2020-04,97.31,2.29,0.39,0.01,54.78,beneficiary,HDFC BANK LTD
2020-04,99.58,0.39,0.0,0.03,158.37,beneficiary,ICICI Bank
2020-04,96.83,2.86,0.27,0.04,8.3,beneficiary,IDBI Bank Limited
2020-04,98.2,0.9,0.86,0.04,10.85,beneficiary,Indian Bank
2020-04,97.64,1.13,0.94,0.29,6.14,beneficiary,Indian Overseas Bank
2020-04,97.11,2.61,0.17,0.11,3.57,beneficiary,INDUSIND BANK
2020-04,97.59,1.76,0.09,0.57,6.0,beneficiary,Karnataka Bank
2020-04,97.47,1.86,0.64,0.03,3.55,beneficiary,Karur Vysya Bank
2020-04,97.48,2.46,0.05,0.0,16.1,beneficiary,Kotak Mahindra Bank
2020-04,98.97,0.92,0.02,0.09,5.13,beneficiary,Oriental Bank of Commerce
2020-04,99.57,0.43,0.0,0.0,133.85,beneficiary,Paytm Payments Bank
2020-04,95.88,2.14,0.34,1.64,21.6,beneficiary,Punjab National Bank
2020-04,98.69,0.85,0.11,0.35,152.2,beneficiary,State Bank Of India
2020-04,97.54,1.35,0.17,0.95,8.3,beneficiary,Syndicate Bank
2020-04,94.55,4.36,0.16,0.94,5.63,beneficiary,UCO Bank
2020-04,98.87,1.01,0.07,0.05,15.34,beneficiary,Union Bank of India
2020-04,97.87,0.9,0.11,1.12,5.52,beneficiary,Vijaya Bank
2020-04,99.91,0.09,0.0,0.0,160.34,beneficiary,Yes Bank Ltd
2020-05,99.06,0.64,0.16,0.14,204.35,beneficiary,State Bank Of India
2020-05,99.51,0.48,0.0,0.0,177.86,beneficiary,ICICI Bank
2020-05,99.91,0.09,0.0,0.0,169.03,beneficiary,Yes Bank Ltd
2020-05,99.57,0.43,0.0,0.0,155.65,beneficiary,Paytm Payments Bank
2020-05,98.1,0.56,1.03,0.31,81.14,beneficiary,Axis Bank Ltd.
2020-05,97.05,1.94,0.93,0.07,69.47,beneficiary,HDFC BANK LTD
2020-05,98.13,1.52,0.3,0.06,30.1,beneficiary,Bank of Baroda
2020-05,98.29,1.29,0.05,0.37,29.7,beneficiary,Punjab National Bank
2020-05,98.5,1.17,0.25,0.09,26.66,beneficiary,Bank of India
2020-05,98.0,1.51,0.39,0.11,24.73,beneficiary,Canara Bank
2020-05,99.16,0.6,0.08,0.16,24.38,beneficiary,Andhra Bank
2020-05,97.14,2.46,0.22,0.17,21.4,beneficiary,Kotak Mahindra Bank
2020-05,98.62,0.84,0.09,0.44,20.79,beneficiary,Union Bank of India
2020-05,97.78,2.02,0.17,0.04,16.07,beneficiary,Central Bank Of India
2020-05,98.28,0.64,1.03,0.05,14.62,beneficiary,Indian Bank
2020-05,96.89,2.46,0.47,0.19,11.43,beneficiary,IDBI Bank Limited
2020-05,97.81,1.73,0.03,0.44,11.39,beneficiary,Syndicate Bank
2020-05,99.92,0.08,0.0,0.0,10.93,beneficiary,CITI
2020-05,97.03,2.8,0.05,0.12,9.8,beneficiary,Airtel Payments Bank
2020-05,99.02,0.77,0.17,0.05,8.63,beneficiary,Bank of Maharashtra
2020-05,93.28,1.51,1.07,4.13,8.41,beneficiary,Corporation Bank
2020-05,97.24,0.99,1.36,0.41,8.39,beneficiary,Indian Overseas Bank
2020-05,95.37,1.29,0.88,2.46,8.14,beneficiary,Karnataka Bank
2020-05,95.62,3.71,0.09,0.58,7.71,beneficiary,UCO Bank
2020-05,96.48,0.81,0.5,2.21,7.68,beneficiary,Vijaya Bank
2020-05,99.3,0.59,0.06,0.06,7.36,beneficiary,Federal Bank
2020-05,97.89,0.74,0.11,1.27,6.92,beneficiary,Oriental Bank of Commerce
2020-05,94.49,2.46,1.63,1.42,6.67,beneficiary,Allahabad Bank
2020-05,96.95,2.89,0.1,0.05,5.3,beneficiary,INDUSIND BANK
2020-05,97.75,1.95,0.09,0.2,5.26,beneficiary,Karur Vysya Bank
2020-06,97.68,0.57,0.49,1.26,220.07,beneficiary,State Bank Of India
2020-06,99.12,0.53,0.33,0.02,182.4,beneficiary,ICICI Bank
2020-06,99.28,0.63,0.0,0.09,174.79,beneficiary,Paytm Payments Bank
2020-06,99.73,0.15,0.12,0.01,167.76,beneficiary,Yes Bank Ltd
2020-06,99.24,0.54,0.2,0.01,92.97,beneficiary,Axis Bank Ltd.
2020-06,97.41,2.44,0.13,0.01,82.62,beneficiary,HDFC BANK LTD
2020-06,98.21,1.35,0.36,0.07,33.3,beneficiary,Bank of Baroda
2020-06,98.1,1.12,0.07,0.71,32.95,beneficiary,Punjab National Bank
2020-06,98.02,1.05,0.22,0.71,29.34,beneficiary,Bank of India
2020-06,98.58,1.22,0.17,0.03,28.53,beneficiary,Canara Bank
2020-06,99.14,0.5,0.11,0.24,27.6,beneficiary,Andhra Bank
2020-06,97.35,2.27,0.27,0.1,24.29,beneficiary,Kotak Mahindra Bank
2020-06,97.95,0.76,0.1,1.18,22.83,beneficiary,Union Bank of India
2020-06,97.8,1.54,0.58,0.09,17.32,beneficiary,Central Bank Of India
2020-06,97.94,0.57,1.26,0.24,16.15,beneficiary,Indian Bank
2020-06,96.74,2.96,0.19,0.11,13.13,beneficiary,IDBI Bank Limited
2020-06,96.6,1.2,0.31,1.89,13.0,beneficiary,Syndicate Bank
2020-06,97.76,1.99,0.15,0.1,11.2,beneficiary,Airtel Payments Bank
2020-06,97.57,1.65,0.52,0.27,9.94,beneficiary,Karnataka Bank
2020-06,90.32,1.54,0.8,7.33,9.85,beneficiary,Corporation Bank
2020-06,99.18,0.53,0.29,0.01,9.33,beneficiary,Bank of Maharashtra
2020-06,95.73,0.83,2.91,0.53,9.12,beneficiary,Indian Overseas Bank
2020-06,99.38,0.52,0.01,0.09,9.0,beneficiary,Federal Bank
2020-06,94.07,0.85,0.24,4.85,8.8,beneficiary,Vijaya Bank
2020-06,94.01,3.65,0.66,1.68,8.42,beneficiary,UCO Bank
2020-06,99.07,0.68,0.02,0.24,7.67,beneficiary,Oriental Bank of Commerce
2020-06,96.4,1.77,0.58,1.25,7.55,beneficiary,Allahabad Bank
2020-06,99.9,0.1,0.0,0.0,7.41,beneficiary,CITI
2020-06,97.9,2.01,0.03,0.06,7.01,beneficiary,INDUSIND BANK
2020-06,97.87,1.76,0.34,0.02,6.19,beneficiary,Karur Vysya Bank
2020-07,98.4,0.67,0.2,0.72,248.68,beneficiary,State Bank Of India
2020-07,98.91,0.77,0.11,0.21,197.3,beneficiary,ICICI Bank
2020-07,98.94,1.04,0.01,0.01,196.74,beneficiary,Paytm Payments Bank
2020-07,99.65,0.15,0.19,0.01,189.76,beneficiary,Yes Bank Ltd
2020-07,97.41,0.57,2.02,0.0,105.29,beneficiary,Axis Bank Ltd.
2020-07,97.17,2.56,0.25,0.03,96.73,beneficiary,HDFC BANK LTD
2020-07,97.2,1.59,0.55,0.67,38.15,beneficiary,Bank of Baroda
2020-07,98.27,1.47,0.06,0.19,37.34,beneficiary,Punjab National Bank
2020-07,96.77,2.01,0.97,0.26,32.41,beneficiary,Bank of India
2020-07,96.58,1.81,1.09,0.52,31.11,beneficiary,Canara Bank
2020-07,98.81,0.5,0.46,0.23,29.96,beneficiary,Andhra Bank
2020-07,95.25,2.71,1.08,0.95,26.95,beneficiary,Kotak Mahindra Bank
2020-07,97.28,0.79,0.11,1.83,25.71,beneficiary,Union Bank of India
2020-07,98.12,1.35,0.29,0.24,19.49,beneficiary,Central Bank Of India
2020-07,97.78,0.57,1.5,0.16,18.36,beneficiary,Indian Bank
2020-07,95.79,3.94,0.17,0.09,14.79,beneficiary,IDBI Bank Limited
2020-07,97.27,1.3,0.31,1.12,14.42,beneficiary,Syndicate Bank
2020-07,97.87,1.87,0.11,0.15,14.22,beneficiary,Airtel Payments Bank
2020-07,96.97,1.51,1.28,0.25,10.68,beneficiary,Indian Overseas Bank
2020-07,96.45,1.27,0.46,1.83,10.55,beneficiary,Corporation Bank
2020-07,99.07,0.53,0.16,0.23,10.47,beneficiary,Bank of Maharashtra
2020-07,94.57,2.12,1.02,2.28,10.46,beneficiary,Karnataka Bank
2020-07,99.3,0.63,0.02,0.05,10.3,beneficiary,Federal Bank
2020-07,95.14,3.99,0.21,0.66,9.78,beneficiary,UCO Bank
2020-07,93.29,0.98,0.23,5.5,9.51,beneficiary,Vijaya Bank
2020-07,98.78,0.69,0.03,0.5,8.63,beneficiary,Oriental Bank of Commerce
2020-07,93.95,1.98,1.28,2.8,8.46,beneficiary,Allahabad Bank
2020-07,97.15,2.42,0.18,0.25,8.26,beneficiary,INDUSIND BANK
2020-07,96.88,1.63,0.84,0.65,6.8,beneficiary,Karur Vysya Bank
2020-07,99.88,0.12,0.0,0.0,5.2,beneficiary,CITI
2020-08,97.86,0.66,0.42,1.06,247.82,beneficiary,State Bank Of India
2020-08,98.99,1.0,0.01,0.0,216.18,beneficiary,Paytm Payments Bank
2020-08,99.28,0.69,0.0,0.03,206.65,beneficiary,ICICI Bank
2020-08,99.88,0.11,0.01,0.0,199.87,beneficiary,Yes Bank Ltd
2020-08,99.16,0.49,0.35,0.0,131.96,beneficiary,Axis Bank Ltd.
2020-08,97.71,2.21,0.07,0.02,101.59,beneficiary,HDFC BANK LTD
2020-08,97.37,1.4,0.96,0.27,42.39,beneficiary,Bank of Baroda
2020-08,97.14,1.7,0.13,1.03,41.06,beneficiary,Punjab National Bank
2020-08,97.68,1.8,0.44,0.07,37.1,beneficiary,Bank of India
2020-08,95.42,1.52,1.49,1.57,33.05,beneficiary,Canara Bank
2020-08,98.53,0.47,0.26,0.74,32.15,beneficiary,Andhra Bank
2020-08,96.14,2.46,0.57,0.84,30.31,beneficiary,Kotak Mahindra Bank
2020-08,97.75,0.89,0.37,1.0,28.94,beneficiary,Union Bank of India
2020-08,97.88,1.28,0.51,0.33,21.71,beneficiary,Central Bank Of India
2020-08,97.87,0.52,1.48,0.13,20.62,beneficiary,Indian Bank
2020-08,97.6,1.31,0.07,1.02,16.35,beneficiary,Syndicate Bank
2020-08,97.96,1.61,0.08,0.35,16.24,beneficiary,Airtel Payments Bank
2020-08,97.58,2.22,0.11,0.09,16.2,beneficiary,IDBI Bank Limited
2020-08,99.28,0.56,0.0,0.16,12.2,beneficiary,Federal Bank
2020-08,97.76,1.78,0.2,0.26,12.11,beneficiary,Karnataka Bank
2020-08,98.31,1.4,0.12,0.17,12.05,beneficiary,Indian Overseas Bank
2020-08,99.22,0.48,0.17,0.12,11.9,beneficiary,Bank of Maharashtra
2020-08,92.87,1.05,0.63,5.45,11.63,beneficiary,Corporation Bank
2020-08,95.62,3.55,0.23,0.59,10.97,beneficiary,UCO Bank
2020-08,74.99,1.29,0.27,23.45,10.03,beneficiary,Vijaya Bank
2020-08,99.22,0.63,0.04,0.11,9.31,beneficiary,Oriental Bank of Commerce
2020-08,95.41,1.84,0.94,1.81,9.18,beneficiary,Allahabad Bank
2020-08,97.26,2.34,0.17,0.24,9.1,beneficiary,INDUSIND BANK
2020-08,97.41,2.0,0.54,0.05,7.61,beneficiary,Karur Vysya Bank
2020-08,92.39,5.07,1.09,1.45,5.43,beneficiary,United Bank of India
2020-09,95.12,0.58,0.19,4.12,292.22,beneficiary,State Bank Of India
2020-09,98.66,1.12,0.02,0.21,254.71,beneficiary,Paytm Payments Bank
2020-09,99.72,0.14,0.02,0.13,222.98,beneficiary,Yes Bank Ltd
2020-09,98.91,0.61,0.06,0.42,206.99,beneficiary,ICICI Bank
2020-09,98.48,0.41,0.74,0.37,149.29,beneficiary,Axis Bank Ltd.
2020-09,97.54,1.75,0.32,0.38,110.76,beneficiary,HDFC BANK LTD
2020-09,97.69,1.48,0.46,0.37,51.58,beneficiary,Bank of Baroda
2020-09,98.01,1.28,0.09,0.62,44.65,beneficiary,Punjab National Bank
2020-09,96.96,1.47,0.83,0.74,40.3,beneficiary,Bank of India
2020-09,97.16,1.89,0.79,0.16,37.08,beneficiary,Kotak Mahindra Bank
2020-09,95.75,1.35,1.1,1.8,36.57,beneficiary,Canara Bank
2020-09,98.87,0.42,0.29,0.42,35.32,beneficiary,Andhra Bank
2020-09,96.88,0.76,0.19,2.17,32.34,beneficiary,Union Bank of India
2020-09,98.11,1.17,0.55,0.18,23.89,beneficiary,Central Bank Of India
2020-09,98.41,1.27,0.12,0.2,22.34,beneficiary,Airtel Payments Bank
2020-09,97.4,0.44,1.86,0.3,21.98,beneficiary,Indian Bank
2020-09,98.06,1.19,0.04,0.72,18.16,beneficiary,Syndicate Bank
2020-09,97.32,1.5,0.4,0.78,17.58,beneficiary,IDBI Bank Limited
2020-09,99.37,0.4,0.02,0.2,16.75,beneficiary,Federal Bank
2020-09,99.28,0.48,0.19,0.05,13.19,beneficiary,Bank of Maharashtra
2020-09,97.93,1.3,0.21,0.55,13.26,beneficiary,Karnataka Bank
2020-09,98.41,1.25,0.17,0.17,13.17,beneficiary,Indian Overseas Bank
2020-09,91.92,1.03,0.42,6.64,13.01,beneficiary,Corporation Bank
2020-09,93.75,3.28,0.4,2.56,11.96,beneficiary,UCO Bank
2020-09,97.24,1.67,0.11,0.98,10.72,beneficiary,INDUSIND BANK
2020-09,99.19,0.66,0.02,0.13,10.08,beneficiary,Oriental Bank of Commerce
2020-09,95.14,2.1,0.73,2.02,10.17,beneficiary,Allahabad Bank
2020-09,96.81,1.69,0.64,0.86,8.2,beneficiary,Karur Vysya Bank
2020-09,99.16,0.56,0.15,0.13,5.7,beneficiary,IDFC FIRST Bank
2020-09,95.46,2.49,0.63,1.42,5.64,beneficiary,Dena Bank
2020-10,96.61,0.59,0.3,2.8,340.69,beneficiary,State Bank Of India
2020-10,98.7,1.25,0.0,0.04,297.27,beneficiary,Paytm Payments Bank
2020-10,99.72,0.1,0.01,0.18,267.1,beneficiary,Yes Bank Ltd
2020-10,99.26,0.55,0.19,0.19,216.88,beneficiary,ICICI Bank
2020-10,99.6,0.38,0.07,0.02,175.26,beneficiary,Axis Bank Ltd.
2020-10,98.31,1.46,0.26,0.23,129.8,beneficiary,HDFC BANK LTD
2020-10,97.85,1.22,0.03,0.93,61.29,beneficiary,Bank of Baroda
2020-10,97.15,1.16,0.11,1.68,49.25,beneficiary,Punjab National Bank
2020-10,97.95,1.43,0.57,0.62,46.57,beneficiary,Kotak Mahindra Bank
2020-10,97.74,1.34,1.01,0.92,43.93,beneficiary,Bank of India
2020-10,91.23,4.8,1.93,3.97,40.04,beneficiary,Canara Bank
2020-10,98.94,0.38,0.7,0.68,39.37,beneficiary,Andhra Bank
2020-10,95.71,1.38,0.17,2.91,37.04,beneficiary,Union Bank of India
2020-10,98.73,1.19,0.32,0.09,27.0,beneficiary,Central Bank Of India
2020-10,99.23,0.29,0.03,0.48,25.06,beneficiary,Federal Bank
2020-10,98.79,0.53,1.7,0.68,25.05,beneficiary,Indian Bank
2020-10,97.6,1.08,0.05,1.32,20.97,beneficiary,Syndicate Bank
2020-10,98.01,1.82,0.07,0.17,20.29,beneficiary,IDBI Bank Limited
2020-10,98.66,1.16,0.19,0.19,18.92,beneficiary,Airtel Payments Bank
2020-10,98.9,1.08,0.07,0.02,18.28,beneficiary,INDUSIND BANK
2020-10,97.8,1.38,0.23,0.82,15.4,beneficiary,Karnataka Bank
2020-10,98.65,1.12,0.29,0.23,15.09,beneficiary,Indian Overseas Bank
2020-10,99.46,0.44,0.13,0.11,15.07,beneficiary,Bank of Maharashtra
2020-10,80.22,4.19,0.95,15.58,13.23,beneficiary,Corporation Bank
2020-10,97.89,1.68,0.18,0.43,13.04,beneficiary,UCO Bank
2020-10,87.89,1.78,0.27,10.32,12.3,beneficiary,Allahabad Bank
2020-10,99.11,0.87,0.01,0.02,11.06,beneficiary,Oriental Bank of Commerce
2020-10,97.45,1.63,0.34,0.92,9.37,beneficiary,Karur Vysya Bank
2020-10,98.79,1.14,0.16,0.07,6.55,beneficiary,IDFC FIRST Bank
2020-10,93.26,5.57,0.31,1.17,6.55,beneficiary,United Bank of India
2020-11,95.91,0.75,0.29,3.06,363.23,beneficiary,State Bank Of India
2020-11,97.63,2.29,0.02,0.06,329.04,beneficiary,Paytm Payments Bank
2020-11,99.76,0.11,0.03,0.1,255.73,beneficiary,Yes Bank Ltd
2020-11,99.22,0.59,0.06,0.12,249.17,beneficiary,ICICI Bank
2020-11,99.12,0.53,0.15,0.2,198.14,beneficiary,Axis Bank Ltd.
2020-11,96.69,1.45,0.94,0.92,126.45,beneficiary,HDFC BANK LTD
2020-11,98.53,0.91,0.24,0.32,66.75,beneficiary,Bank of Baroda
2020-11,97.42,1.08,0.31,1.19,51.97,beneficiary,Punjab National Bank
2020-11,94.11,1.21,1.08,3.6,47.35,beneficiary,Bank of India
2020-11,97.06,2.71,0.22,0.01,46.78,beneficiary,Kotak Mahindra Bank
2020-11,98.32,1.08,0.26,0.34,43.88,beneficiary,Canara Bank
2020-11,95.97,1.24,1.03,1.76,41.45,beneficiary,Union Bank of India
2020-11,96.88,0.3,0.74,2.07,41.38,beneficiary,Andhra Bank
2020-11,99.66,0.19,0.03,0.13,34.14,beneficiary,Federal Bank
2020-11,98.37,1.06,0.39,0.18,28.99,beneficiary,Central Bank Of India
2020-11,96.76,0.6,1.83,0.81,26.92,beneficiary,Indian Bank
2020-11,97.82,2.01,0.07,0.11,23.26,beneficiary,Airtel Payments Bank
2020-11,97.81,0.77,0.1,1.32,21.9,beneficiary,Syndicate Bank
2020-11,98.23,1.54,0.13,0.1,21.03,beneficiary,IDBI Bank Limited
2020-11,98.18,1.54,0.22,0.07,18.13,beneficiary,INDUSIND BANK
2020-11,99.43,0.37,0.13,0.07,16.35,beneficiary,Bank of Maharashtra
2020-11,98.4,1.11,0.27,0.23,16.28,beneficiary,Indian Overseas Bank
2020-11,97.9,1.39,0.18,0.52,15.43,beneficiary,Karnataka Bank
2020-11,97.91,1.48,0.13,0.47,14.57,beneficiary,UCO Bank
2020-11,95.32,2.99,0.43,1.27,12.49,beneficiary,Allahabad Bank
2020-11,62.98,15.2,1.11,20.72,11.98,beneficiary,Corporation Bank
2020-11,95.68,3.51,0.02,0.79,11.2,beneficiary,Oriental Bank of Commerce
2020-11,98.15,1.11,0.36,0.39,9.91,beneficiary,Karur Vysya Bank
2020-11,94.02,5.16,0.22,0.6,7.54,beneficiary,United Bank of India
2020-11,97.93,1.75,0.19,0.12,6.92,beneficiary,IDFC FIRST Bank
2020-12,89.74,0.6,0.58,9.08,350.44,beneficiary,State Bank Of India
2020-12,99.16,0.81,0.0,0.03,338.64,beneficiary,Paytm Payments Bank
2020-12,99.78,0.12,0.04,0.06,259.38,beneficiary,Yes Bank Ltd
2020-12,98.52,0.51,0.16,0.8,255.64,beneficiary,ICICI Bank
2020-12,99.34,0.38,0.17,0.11,201.99,beneficiary,Axis Bank Ltd.
2020-12,97.77,1.74,0.1,0.4,133.06,beneficiary,HDFC BANK LTD
2020-12,98.52,0.79,0.43,0.26,69.37,beneficiary,Bank of Baroda
2020-12,97.78,1.43,0.07,0.72,60.92,beneficiary,Punjab National Bank
2020-12,97.7,1.93,0.17,0.2,49.01,beneficiary,Kotak Mahindra Bank
2020-12,97.75,0.95,0.8,0.5,47.54,beneficiary,Bank of India
2020-12,91.92,1.66,1.59,4.83,46.29,beneficiary,Union Bank of India
2020-12,98.57,1.1,0.14,0.19,46.14,beneficiary,Canara Bank
2020-12,99.57,0.15,0.05,0.23,44.61,beneficiary,Federal Bank
2020-12,98.61,0.55,0.39,0.45,41.92,beneficiary,Andhra Bank
2020-12,98.4,1.07,0.43,0.1,29.16,beneficiary,Central Bank Of India
2020-12,97.55,0.56,1.33,0.56,27.67,beneficiary,Indian Bank
2020-12,98.93,0.78,0.26,0.02,22.61,beneficiary,INDUSIND BANK
2020-12,96.88,0.91,0.13,2.08,22.24,beneficiary,Syndicate Bank
2020-12,97.39,2.38,0.09,0.15,21.85,beneficiary,IDBI Bank Limited
2020-12,97.36,2.49,0.05,0.1,21.68,beneficiary,Airtel Payments Bank
2020-12,98.28,0.96,0.49,0.27,16.61,beneficiary,Indian Overseas Bank
2020-12,98.7,0.44,0.19,0.67,16.38,beneficiary,Bank of Maharashtra
2020-12,97.38,1.48,0.34,0.8,15.92,beneficiary,Karnataka Bank
2020-12,97.31,1.52,0.28,0.89,14.48,beneficiary,UCO Bank
2020-12,93.23,1.96,0.58,4.23,12.48,beneficiary,Allahabad Bank
2020-12,97.44,1.23,0.34,0.99,10.57,beneficiary,Karur Vysya Bank
2020-12,97.7,2.03,0.07,0.2,7.51,beneficiary,IDFC FIRST Bank
2020-12,99.9,0.1,0.0,0.0,7.2,beneficiary,CITI
2020-12,97.73,1.94,0.08,0.24,6.67,beneficiary,South Indian Bank
2020-12,90.4,7.51,0.45,1.63,6.06,beneficiary,United Bank of India
2021-01,99.19,0.78,0.01,0.03,368.9,beneficiary,Paytm Payments Bank
2021-01,97.59,0.82,0.07,1.52,354.61,beneficiary,State Bank Of India
2021-01,99.84,0.14,0.01,0.01,273.95,beneficiary,Yes Bank Ltd
2021-01,97.93,0.83,0.38,0.86,237.59,beneficiary,ICICI Bank
2021-01,99.44,0.48,0.07,0.01,207.61,beneficiary,Axis Bank Ltd.
2021-01,95.69,2.78,0.1,1.43,138.37,beneficiary,HDFC BANK LTD
2021-01,98.94,0.77,0.2,0.1,73.53,beneficiary,Bank of Baroda
2021-01,98.13,1.08,0.13,0.65,66.17,beneficiary,Punjab National Bank
2021-01,99.42,0.14,0.08,0.37,54.05,beneficiary,Federal Bank
2021-01,97.8,1.8,0.36,0.04,49.77,beneficiary,Kotak Mahindra Bank
2021-01,98.27,1.08,0.21,0.45,49.62,beneficiary,Bank of India
2021-01,96.38,1.37,1.13,1.11,49.52,beneficiary,Canara Bank
2021-01,92.21,1.87,2.84,3.08,45.35,beneficiary,Union Bank of India
2021-01,85.1,9.63,2.6,2.67,33.6,beneficiary,Andhra Bank
2021-01,98.29,1.16,0.51,0.04,29.89,beneficiary,Central Bank Of India
2021-01,92.06,0.79,1.65,5.5,26.98,beneficiary,Indian Bank
2021-01,97.32,1.09,1.55,0.05,26.52,beneficiary,INDUSIND BANK
2021-01,95.69,4.21,0.05,0.05,22.79,beneficiary,IDBI Bank Limited
2021-01,96.72,2.83,0.1,0.35,21.52,beneficiary,Airtel Payments Bank
2021-01,97.9,1.05,0.56,0.48,16.81,beneficiary,Indian Overseas Bank
2021-01,98.96,0.5,0.12,0.42,16.62,beneficiary,Bank of Maharashtra
2021-01,81.65,9.57,0.14,8.65,16.58,beneficiary,Syndicate Bank
2021-01,94.21,2.1,0.51,3.18,16.03,beneficiary,Karnataka Bank
2021-01,97.86,1.62,0.12,0.4,14.8,beneficiary,UCO Bank
2021-01,96.8,2.08,0.26,0.86,12.73,beneficiary,Allahabad Bank
2021-01,98.11,1.24,0.25,0.41,10.6,beneficiary,Karur Vysya Bank
2021-01,97.39,1.76,0.59,0.26,7.47,beneficiary,IDFC FIRST Bank
2021-01,97.27,2.38,0.04,0.31,6.77,beneficiary,South Indian Bank
2021-01,97.48,1.34,0.16,1.02,6.22,beneficiary,Bandhan Bank
2021-01,99.9,0.1,0.0,0.0,5.94,beneficiary,CITI
2021-02,99.22,0.73,0.01,0.04,389.24,beneficiary,Paytm Payments Bank
2021-02,98.19,0.88,0.09,0.83,352.24,beneficiary,State Bank Of India
2021-02,99.78,0.18,0.02,0.02,272.55,beneficiary,Yes Bank Ltd
2021-02,98.55,1.13,0.05,0.27,211.14,beneficiary,ICICI Bank
2021-02,98.15,0.55,0.76,0.54,204.37,beneficiary,Axis Bank Ltd.
2021-02,96.74,3.15,0.06,0.05,138.82,beneficiary,HDFC BANK LTD
2021-02,98.94,0.74,0.08,0.24,77.11,beneficiary,Bank of Baroda
2021-02,98.86,0.91,0.01,0.22,67.34,beneficiary,Punjab National Bank
2021-02,98.21,1.11,0.36,0.32,59.8,beneficiary,Canara Bank
2021-02,99.69,0.12,0.05,0.15,58.25,beneficiary,Federal Bank
2021-02,96.14,1.1,0.27,2.48,50.88,beneficiary,Bank of India
2021-02,95.64,2.21,1.26,0.88,50.63,beneficiary,Union Bank of India
2021-02,97.33,1.96,0.46,0.25,48.54,beneficiary,Kotak Mahindra Bank
2021-02,96.37,1.05,2.4,0.17,30.13,beneficiary,INDUSIND BANK
2021-02,98.39,1.14,0.25,0.22,30.1,beneficiary,Central Bank Of India
2021-02,87.69,0.54,2.8,8.96,28.62,beneficiary,Indian Bank
2021-02,93.24,6.43,0.15,0.18,23.26,beneficiary,IDBI Bank Limited
2021-02,96.57,2.69,0.28,0.46,22.21,beneficiary,Airtel Payments Bank
2021-02,86.89,0.38,6.7,6.04,20.68,beneficiary,Andhra Bank
2021-02,97.92,1.35,0.42,0.32,17.24,beneficiary,Indian Overseas Bank
2021-02,96.03,0.51,0.38,3.07,16.77,beneficiary,Bank of Maharashtra
2021-02,96.3,2.1,0.38,1.22,15.82,beneficiary,Karnataka Bank
2021-02,95.97,1.83,0.16,2.04,15.25,beneficiary,UCO Bank
2021-02,98.09,1.25,0.23,0.43,10.75,beneficiary,Karur Vysya Bank
2021-02,96.74,2.52,0.28,0.47,7.89,beneficiary,IDFC FIRST Bank
2021-02,93.27,2.42,0.08,4.23,6.96,beneficiary,South Indian Bank
2021-02,95.56,1.31,0.54,2.59,6.39,beneficiary,Bandhan Bank
2021-02,77.76,1.68,1.25,19.31,6.36,beneficiary,Allahabad Bank
2021-02,97.09,2.45,0.09,0.37,5.29,beneficiary,City Union Bank
2021-02,95.1,4.25,0.41,0.24,4.97,beneficiary,DBS Bank India Limited
2021-03,99.22,0.74,0.01,0.03,469.84,beneficiary,Paytm Payments Bank
2021-03,98.5,0.82,0.2,0.48,413.33,beneficiary,State Bank Of India
2021-03,99.86,0.09,0.02,0.03,334.87,beneficiary,Yes Bank Ltd
2021-03,98.54,0.95,0.11,0.41,245.42,beneficiary,ICICI Bank
2021-03,99.03,0.46,0.2,0.31,232.53,beneficiary,Axis Bank Ltd.
2021-03,98.02,1.94,0.03,0.01,160.75,beneficiary,HDFC BANK LTD
2021-03,99.1,0.62,0.17,0.11,91.6,beneficiary,Bank of Baroda
2021-03,98.37,0.87,0.11,0.66,79.6,beneficiary,Punjab National Bank
2021-03,98.65,1.05,0.18,0.12,72.88,beneficiary,Canara Bank
2021-03,99.86,0.11,0.02,0.01,68.28,beneficiary,Federal Bank
2021-03,97.85,1.11,0.34,0.7,65.04,beneficiary,Union Bank of India
2021-03,98.36,0.94,0.2,0.51,59.27,beneficiary,Bank of India
2021-03,97.61,1.83,0.35,0.21,57.6,beneficiary,Kotak Mahindra Bank
2021-03,95.64,0.57,2.57,1.22,38.38,beneficiary,Indian Bank
2021-03,98.4,0.96,0.5,0.15,37.4,beneficiary,INDUSIND BANK
2021-03,98.22,0.94,0.5,0.34,34.83,beneficiary,Central Bank Of India
2021-03,97.27,1.54,0.36,0.82,26.42,beneficiary,Airtel Payments Bank
2021-03,97.74,1.99,0.11,0.17,26.04,beneficiary,IDBI Bank Limited
2021-03,95.95,0.38,2.49,1.18,25.8,beneficiary,Andhra Bank
2021-03,96.52,1.09,0.28,2.11,20.6,beneficiary,Indian Overseas Bank
2021-03,99.13,0.41,0.16,0.3,19.08,beneficiary,Bank of Maharashtra
2021-03,97.87,1.4,0.33,0.39,18.4,beneficiary,Karnataka Bank
2021-03,96.32,1.53,0.25,1.91,17.65,beneficiary,UCO Bank
2021-03,95.74,1.1,0.44,2.72,12.76,beneficiary,Karur Vysya Bank
2021-03,97.38,2.22,0.2,0.2,9.46,beneficiary,IDFC FIRST Bank
2021-03,97.57,2.35,0.02,0.06,7.99,beneficiary,South Indian Bank
2021-03,94.81,1.21,0.31,3.67,7.67,beneficiary,Bandhan Bank
2021-03,97.17,2.33,0.09,0.42,6.2,beneficiary,City Union Bank
2021-03,94.38,4.14,0.86,0.63,5.49,beneficiary,DBS Bank India Limited
2021-03,98.17,1.44,0.11,0.28,5.38,beneficiary,India Post Payment Bank
2021-04,98.94,1.05,0.0,0.01,430.04,beneficiary,Paytm Payments Bank
2021-04,98.51,0.74,0.21,0.54,396.3,beneficiary,State Bank Of India
2021-04,99.82,0.09,0.02,0.06,359.78,beneficiary,Yes Bank Ltd
2021-04,98.92,0.99,0.03,0.07,248.84,beneficiary,ICICI Bank
2021-04,99.05,0.54,0.32,0.09,221.81,beneficiary,Axis Bank Ltd.
2021-04,97.44,2.47,0.05,0.05,151.35,beneficiary,HDFC BANK LTD
2021-04,98.95,0.69,0.11,0.25,85.87,beneficiary,Bank of Baroda
2021-04,96.35,0.91,0.13,2.62,75.07,beneficiary,Punjab National Bank
2021-04,98.72,1.09,0.11,0.07,69.89,beneficiary,Canara Bank
2021-04,98.05,1.58,0.16,0.21,65.68,beneficiary,Union Bank of India
2021-04,97.47,1.91,0.47,0.16,56.41,beneficiary,Kotak Mahindra Bank
2021-04,98.65,0.83,0.19,0.32,56.07,beneficiary,Bank of India
2021-04,99.88,0.11,0.0,0.01,55.94,beneficiary,Federal Bank
2021-04,98.71,0.97,0.31,0.02,34.84,beneficiary,INDUSIND BANK
2021-04,97.76,1.17,0.31,0.77,32.66,beneficiary,Central Bank Of India
2021-04,91.34,0.58,5.74,2.34,31.54,beneficiary,Indian Bank
2021-04,97.59,0.58,0.24,1.6,27.48,beneficiary,Airtel Payments Bank
2021-04,99.04,0.33,0.58,0.06,26.68,beneficiary,Andhra Bank
2021-04,96.48,3.21,0.11,0.2,24.63,beneficiary,IDBI Bank Limited
2021-04,98.58,1.07,0.23,0.12,19.76,beneficiary,Indian Overseas Bank
2021-04,97.55,1.59,0.22,0.65,17.36,beneficiary,Karnataka Bank
2021-04,99.34,0.51,0.06,0.09,17.23,beneficiary,Bank of Maharashtra
2021-04,97.94,1.54,0.1,0.41,16.73,beneficiary,UCO Bank
2021-04,95.77,1.14,1.39,1.71,11.6,beneficiary,Karur Vysya Bank
2021-04,96.69,2.74,0.23,0.33,9.18,beneficiary,IDFC FIRST Bank
2021-04,96.89,1.16,0.09,1.86,7.49,beneficiary,Bandhan Bank
2021-04,97.61,2.3,0.01,0.08,7.46,beneficiary,South Indian Bank
2021-04,97.25,2.18,0.07,0.5,5.71,beneficiary,City Union Bank
2021-04,98.89,1.01,0.05,0.05,5.69,beneficiary,India Post Payment Bank
2021-04,94.7,4.85,0.11,0.34,5.33,beneficiary,DBS Bank India Limited
2021-05,98.29,0.76,0.07,0.88,391.51,beneficiary,State Bank Of India
2021-05,98.67,1.26,0.0,0.06,371.15,beneficiary,Paytm Payments Bank
2021-05,99.87,0.12,0.0,0.01,363.73,beneficiary,Yes Bank Ltd
2021-05,99.06,0.91,0.01,0.03,280.54,beneficiary,ICICI Bank
2021-05,99.2,0.71,0.06,0.04,204.81,beneficiary,Axis Bank Ltd.
2021-05,96.7,3.24,0.03,0.03,143.07,beneficiary,HDFC BANK LTD
2021-05,99.08,0.76,0.14,0.01,82.78,beneficiary,Bank of Baroda
2021-05,97.56,1.24,0.1,1.11,72.16,beneficiary,Punjab National Bank
2021-05,97.85,1.9,0.15,0.1,66.32,beneficiary,Union Bank of India
2021-05,98.16,1.48,0.27,0.09,64.52,beneficiary,Canara Bank
2021-05,99.02,0.83,0.08,0.07,55.34,beneficiary,Bank of India
2021-05,96.68,2.33,0.78,0.21,50.02,beneficiary,Kotak Mahindra Bank
2021-05,99.8,0.19,0.0,0.01,40.97,beneficiary,Federal Bank
2021-05,98.48,1.18,0.32,0.02,35.09,beneficiary,INDUSIND BANK
2021-05,95.67,0.53,1.99,1.81,32.53,beneficiary,Indian Bank
2021-05,98.52,1.21,0.22,0.06,32.06,beneficiary,Central Bank Of India
2021-05,97.18,0.67,0.11,2.04,27.21,beneficiary,Airtel Payments Bank
2021-05,99.21,0.35,0.34,0.09,26.28,beneficiary,Andhra Bank
2021-05,95.79,4.01,0.05,0.15,23.59,beneficiary,IDBI Bank Limited
2021-05,98.08,1.19,0.67,0.06,18.27,beneficiary,Indian Overseas Bank
2021-05,99.24,0.55,0.05,0.16,17.89,beneficiary,Bank of Maharashtra
2021-05,97.66,1.86,0.07,0.41,16.03,beneficiary,UCO Bank
2021-05,97.18,2.17,0.2,0.45,14.95,beneficiary,Karnataka Bank
2021-05,98.19,1.3,0.23,0.28,10.45,beneficiary,Karur Vysya Bank
2021-05,96.84,3.0,0.09,0.07,8.65,beneficiary,IDFC FIRST Bank
2021-05,95.97,1.26,0.71,2.05,7.05,beneficiary,Bandhan Bank
2021-05,98.79,0.92,0.11,0.19,6.44,beneficiary,India Post Payment Bank
2021-05,96.73,3.14,0.01,0.12,6.31,beneficiary,South Indian Bank
2021-05,99.77,0.17,0.06,0.0,6.19,beneficiary,CITI
2021-05,96.86,2.87,0.06,0.21,5.07,beneficiary,City Union Bank
2021-06,99.06,0.89,0.0,0.05,442.46,beneficiary,Paytm Payments Bank
2021-06,98.59,0.66,0.05,0.71,431.64,beneficiary,State Bank Of India
2021-06,99.89,0.09,0.01,0.0,378.7,beneficiary,Yes Bank Ltd
2021-06,99.1,0.8,0.08,0.02,288.31,beneficiary,ICICI Bank
2021-06,99.02,0.59,0.21,0.18,227.53,beneficiary,Axis Bank Ltd.
2021-06,97.54,2.41,0.02,0.03,161.82,beneficiary,HDFC BANK LTD
2021-06,98.95,0.64,0.21,0.2,94.42,beneficiary,Bank of Baroda
2021-06,93.39,2.05,0.63,3.93,78.08,beneficiary,Punjab National Bank
2021-06,98.37,0.87,0.46,0.3,75.48,beneficiary,Union Bank of India
2021-06,98.52,1.28,0.13,0.07,73.17,beneficiary,Canara Bank
2021-06,98.84,0.67,0.11,0.38,61.92,beneficiary,Bank of India
2021-06,97.43,2.32,0.11,0.14,55.82,beneficiary,Kotak Mahindra Bank
2021-06,99.81,0.17,0.0,0.02,50.28,beneficiary,Federal Bank
2021-06,98.16,0.56,0.9,0.39,37.88,beneficiary,Indian Bank
2021-06,98.4,1.13,0.22,0.25,36.38,beneficiary,INDUSIND BANK
2021-06,98.73,1.03,0.21,0.03,35.73,beneficiary,Central Bank Of India
2021-06,97.42,2.14,0.08,0.36,30.95,beneficiary,Airtel Payments Bank
2021-06,97.65,1.51,0.07,0.77,26.29,beneficiary,IDBI Bank Limited
2021-06,98.93,0.88,0.14,0.05,20.4,beneficiary,Indian Overseas Bank
2021-06,98.68,0.42,0.1,0.8,19.96,beneficiary,Bank of Maharashtra
2021-06,96.3,1.46,0.27,1.97,18.06,beneficiary,UCO Bank
2021-06,93.24,2.85,0.79,3.12,15.94,beneficiary,Karnataka Bank
2021-06,98.53,1.05,0.11,0.31,11.96,beneficiary,Karur Vysya Bank
2021-06,97.6,1.34,0.59,0.47,9.58,beneficiary,IDFC FIRST Bank
2021-06,95.75,1.11,0.71,2.43,8.15,beneficiary,Bandhan Bank
2021-06,97.28,2.68,0.0,0.05,7.47,beneficiary,South Indian Bank
2021-06,98.92,0.83,0.13,0.13,7.42,beneficiary,India Post Payment Bank
2021-06,99.79,0.2,0.01,0.0,5.82,beneficiary,CITI
2021-06,96.93,2.67,0.06,0.34,5.7,beneficiary,City Union Bank
2021-06,94.56,5.36,0.04,0.04,5.18,beneficiary,DBS Bank India Limited
2021-07,99.16,0.51,0.28,0.06,564.55,beneficiary,Paytm Payments Bank
2021-07,95.77,0.57,1.46,2.2,487.46,beneficiary,State Bank Of India
2021-07,99.7,0.08,0.19,0.03,419.86,beneficiary,Yes Bank Ltd
2021-07,97.96,0.8,1.23,0.01,311.0,beneficiary,ICICI Bank
2021-07,99.25,0.52,0.18,0.04,269.13,beneficiary,Axis Bank Ltd.
2021-07,97.74,1.98,0.28,0.0,188.41,beneficiary,HDFC BANK LTD
2021-07,99.2,0.53,0.13,0.13,111.24,beneficiary,Bank of Baroda
2021-07,98.49,1.13,0.08,0.3,87.39,beneficiary,Canara Bank
2021-07,98.7,0.72,0.31,0.28,86.4,beneficiary,Union Bank of India
2021-07,98.34,0.94,0.08,0.64,86.17,beneficiary,Punjab National Bank
2021-07,98.07,0.56,0.12,1.25,70.46,beneficiary,Bank of India
2021-07,97.9,1.81,0.18,0.11,69.14,beneficiary,Kotak Mahindra Bank
2021-07,99.88,0.12,0.0,0.0,65.46,beneficiary,Federal Bank
2021-07,98.94,0.9,0.03,0.13,40.84,beneficiary,Central Bank Of India
2021-07,97.47,2.11,0.02,0.4,38.68,beneficiary,Airtel Payments Bank
2021-07,96.79,0.53,0.06,2.62,38.52,beneficiary,Indian Bank
2021-07,97.45,1.16,0.24,1.15,31.01,beneficiary,INDUSIND BANK
2021-07,98.81,0.9,0.12,0.17,29.77,beneficiary,IDBI Bank Limited
2021-07,98.47,0.67,0.28,0.58,24.06,beneficiary,Indian Overseas Bank
2021-07,98.58,0.4,0.33,0.68,22.06,beneficiary,Bank of Maharashtra
2021-07,95.57,1.27,0.86,2.3,20.61,beneficiary,UCO Bank
2021-07,94.24,3.27,0.41,2.08,17.74,beneficiary,Karnataka Bank
2021-07,98.42,0.83,0.1,0.65,14.55,beneficiary,Karur Vysya Bank
2021-07,98.54,1.21,0.03,0.22,11.12,beneficiary,IDFC FIRST Bank
2021-07,96.63,0.79,0.67,1.92,9.5,beneficiary,India Post Payment Bank
2021-07,96.01,0.97,0.02,3.0,9.25,beneficiary,Bandhan Bank
2021-07,97.27,2.3,0.2,0.23,9.24,beneficiary,South Indian Bank
2021-07,96.94,2.05,0.73,0.28,7.07,beneficiary,City Union Bank
2021-07,99.33,0.1,0.56,0.01,6.69,beneficiary,CITI
2021-07,95.02,4.88,0.02,0.08,5.71,beneficiary,DBS Bank India Limited
2021-08,99.53,0.42,0.03,0.03,642.43,beneficiary,Paytm Payments Bank
2021-08,96.3,0.47,0.14,3.09,535.44,beneficiary,State Bank Of India
2021-08,99.9,0.06,0.03,0.02,450.54,beneficiary,Yes Bank Ltd
2021-08,99.1,0.83,0.05,0.01,323.98,beneficiary,ICICI Bank
2021-08,98.86,0.38,0.5,0.26,292.54,beneficiary,Axis Bank Ltd.
2021-08,97.9,1.89,0.12,0.08,199.42,beneficiary,HDFC BANK LTD
2021-08,99.35,0.49,0.09,0.07,124.5,beneficiary,Bank of Baroda
2021-08,98.41,0.73,0.55,0.31,96.44,beneficiary,Union Bank of India
2021-08,98.21,1.07,0.18,0.55,95.0,beneficiary,Canara Bank
2021-08,93.05,0.66,1.94,4.35,93.26,beneficiary,Punjab National Bank
2021-08,98.99,0.52,0.19,0.3,77.82,beneficiary,Bank of India
2021-08,98.08,1.57,0.21,0.15,76.74,beneficiary,Kotak Mahindra Bank
2021-08,99.86,0.12,0.01,0.01,70.29,beneficiary,Federal Bank
2021-08,97.2,0.51,1.79,0.5,44.94,beneficiary,Indian Bank
2021-08,98.61,0.85,0.44,0.1,44.43,beneficiary,Central Bank Of India
2021-08,98.01,1.41,0.2,0.37,43.1,beneficiary,Airtel Payments Bank
2021-08,98.49,0.8,0.69,0.02,38.56,beneficiary,INDUSIND BANK
2021-08,98.88,0.84,0.07,0.21,32.24,beneficiary,IDBI Bank Limited
2021-08,99.22,0.56,0.08,0.14,26.27,beneficiary,Indian Overseas Bank
2021-08,99.3,0.41,0.1,0.19,24.2,beneficiary,Bank of Maharashtra
2021-08,91.06,2.34,1.41,5.19,22.96,beneficiary,UCO Bank
2021-08,94.6,1.22,1.34,2.84,20.02,beneficiary,Karnataka Bank
2021-08,99.0,0.8,0.07,0.12,15.74,beneficiary,Karur Vysya Bank
2021-08,98.67,1.09,0.12,0.12,12.36,beneficiary,IDFC FIRST Bank
2021-08,98.91,0.59,0.16,0.33,11.85,beneficiary,India Post Payment Bank
2021-08,98.19,1.76,0.0,0.06,10.62,beneficiary,South Indian Bank
2021-08,93.91,0.92,0.31,4.86,10.26,beneficiary,Bandhan Bank
2021-08,97.91,1.88,0.03,0.19,7.68,beneficiary,City Union Bank
2021-08,98.99,0.69,0.16,0.16,6.3,beneficiary,AU small Finance Bank
2021-08,99.85,0.0,0.15,0.0,6.28,beneficiary,CITI
2021-08,87.02,1.09,1.17,10.72,5.88,beneficiary,Tamilnad Mercantile Bank
2021-08,95.19,4.5,0.19,0.11,5.84,beneficiary,DBS Bank India Limited
2021-08,98.62,0.72,0.31,0.36,5.62,beneficiary,Ujjivan Small Finance Bank
2021-08,94.35,4.27,0.02,1.37,5.32,beneficiary,Fino Payments Bank
2021-08,97.02,0.26,0.75,1.98,5.13,beneficiary,Andhra Pradesh Grameena Vikas Bank
2021-08,98.97,0.42,0.47,0.14,4.57,beneficiary,Pragathi Krishna Gramin Bank
2021-08,98.65,1.04,0.19,0.11,4.44,beneficiary,Equitas Bank
2021-08,98.58,0.87,0.07,0.48,4.26,beneficiary,Saraswat Bank
2021-08,96.92,0.61,0.61,1.86,4.22,beneficiary,Punjab and Sind Bank
2021-08,97.59,0.69,0.28,1.45,3.74,beneficiary,Maharashtra Gramin Bank
2021-08,95.56,4.06,0.04,0.35,3.5,beneficiary,RBL
2021-08,83.25,14.9,0.75,1.1,3.46,beneficiary,Andhra Pragathi Grameena Bank
2021-08,98.96,0.54,0.27,0.23,3.22,beneficiary,Kerala Gramin Bank
2021-08,98.04,0.42,0.64,0.91,3.07,beneficiary,Rajasthan Marudhara Gramin Bank
2021-08,98.29,1.45,0.06,0.21,2.99,beneficiary,Standard Chartered
2021-08,94.71,1.84,0.29,3.16,2.86,beneficiary,Jammu and Kashmir Bank
2021-08,98.65,0.56,0.15,0.65,2.66,beneficiary,ESAF Small Finance Bank Ltd.
2021-08,92.82,2.39,1.96,2.83,2.62,beneficiary,Baroda Rajasthan Kshetriya Gramin Bank
2021-08,89.92,1.03,0.37,8.67,2.6,beneficiary,Sarva Haryana Gramin Bank
2021-08,98.89,0.73,0.19,0.19,2.6,beneficiary,Lakshmi Vilas Bank
2021-09,99.5,0.38,0.01,0.11,666.34,beneficiary,Paytm Payments Bank
2021-09,96.25,0.44,0.1,3.21,527.0,beneficiary,State Bank Of India
2021-09,99.68,0.07,0.1,0.15,476.0,beneficiary,Yes Bank Ltd
2021-09,98.93,0.63,0.4,0.04,333.14,beneficiary,ICICI Bank
2021-09,99.15,0.41,0.29,0.15,291.08,beneficiary,Axis Bank Ltd.
2021-09,98.35,1.61,0.02,0.02,202.31,beneficiary,HDFC BANK LTD
2021-09,99.39,0.45,0.09,0.07,128.63,beneficiary,Bank of Baroda
2021-09,98.33,1.26,0.22,0.19,107.01,beneficiary,Union Bank of India
2021-09,98.69,1.01,0.2,0.1,98.7,beneficiary,Canara Bank
2021-09,98.41,0.68,0.52,0.39,96.96,beneficiary,Punjab National Bank
2021-09,98.84,0.52,0.29,0.35,79.8,beneficiary,Bank of India
2021-09,97.65,1.48,0.79,0.08,79.24,beneficiary,Kotak Mahindra Bank
2021-09,99.82,0.13,0.02,0.03,69.14,beneficiary,Federal Bank
2021-09,96.97,0.61,1.86,0.56,47.91,beneficiary,Indian Bank
2021-09,98.59,0.86,0.4,0.15,45.3,beneficiary,Central Bank Of India
2021-09,96.53,2.76,0.16,0.55,41.4,beneficiary,Airtel Payments Bank
2021-09,98.22,0.82,0.57,0.39,37.29,beneficiary,INDUSIND BANK
2021-09,99.0,0.79,0.06,0.15,32.88,beneficiary,IDBI Bank Limited
2021-09,97.97,0.53,0.38,1.12,27.06,beneficiary,Indian Overseas Bank
2021-09,97.12,0.67,0.31,1.9,24.56,beneficiary,Bank of Maharashtra
2021-09,95.73,1.04,0.9,2.33,22.69,beneficiary,UCO Bank
2021-09,92.17,0.89,2.5,4.44,20.0,beneficiary,Karnataka Bank
2021-09,98.82,0.74,0.14,0.3,16.07,beneficiary,Karur Vysya Bank
2021-09,97.51,0.55,0.38,1.56,13.46,beneficiary,India Post Payment Bank
2021-09,98.38,1.17,0.19,0.26,13.41,beneficiary,IDFC FIRST Bank
2021-09,88.0,0.82,0.49,10.69,11.01,beneficiary,Bandhan Bank
2021-09,98.28,1.53,0.02,0.17,10.84,beneficiary,South Indian Bank
2021-09,97.88,1.8,0.07,0.25,7.87,beneficiary,City Union Bank
2021-09,99.06,0.7,0.11,0.13,6.82,beneficiary,AU small Finance Bank
2021-09,96.52,0.0,3.4,0.08,6.45,beneficiary,CitiBank
2021-09,92.72,1.38,0.85,5.05,5.91,beneficiary,Tamilnad Mercantile Bank
2021-09,94.7,4.2,0.04,1.06,5.9,beneficiary,Fino Payments Bank
2021-09,97.87,0.69,0.6,0.84,5.83,beneficiary,Ujjivan Small Finance Bank
2021-09,95.21,4.5,0.16,0.13,5.71,beneficiary,DBS Bank India Limited
2021-09,98.38,0.25,0.5,0.87,5.1,beneficiary,Andhra Pradesh Grameena Vikas Bank
2021-09,97.25,0.43,0.82,1.5,5.04,beneficiary,Pragathi Krishna Gramin Bank
2021-09,97.0,1.34,0.61,1.05,4.98,beneficiary,Equitas Bank
2021-09,98.52,0.83,0.18,0.47,4.22,beneficiary,Saraswat Bank
2021-09,91.2,0.56,4.06,4.18,4.0,beneficiary,Punjab and Sind Bank
2021-09,98.76,0.54,0.28,0.42,3.9,beneficiary,Maharashtra Gramin Bank
2021-09,90.67,8.48,0.41,0.44,3.66,beneficiary,RBL
2021-09,97.13,0.43,0.4,2.04,3.52,beneficiary,Kerala Gramin Bank
2021-09,97.11,0.6,1.17,1.12,3.14,beneficiary,Andhra Pragathi Grameena Bank
2021-09,98.24,0.38,0.79,0.59,3.09,beneficiary,Rajasthan Marudhara Gramin Bank
2021-09,97.33,0.53,0.15,1.99,3.0,beneficiary,ESAF Small Finance Bank Ltd.
2021-09,95.75,1.82,0.12,2.31,2.92,beneficiary,Standard Chartered
2021-09,96.03,2.36,0.11,1.5,2.85,beneficiary,Jammu and Kashmir Bank
2021-09,91.43,0.74,0.49,7.34,2.66,beneficiary,Sarva Haryana Gramin Bank
2021-09,97.54,1.32,0.42,0.72,2.66,beneficiary,Lakshmi Vilas Bank
2021-09,94.29,2.1,1.46,2.15,2.63,beneficiary,Baroda Rajasthan Kshetriya Gramin Bank
2021-10,99.52,0.41,0.01,0.06,783.61,beneficiary,Paytm Payments Bank
2021-10,99.06,0.43,0.18,0.33,596.38,beneficiary,State Bank Of India
2021-10,99.89,0.06,0.01,0.04,511.29,beneficiary,Yes Bank Ltd
2021-10,99.22,0.69,0.05,0.04,374.23,beneficiary,ICICI Bank
2021-10,99.07,0.32,0.37,0.24,333.11,beneficiary,Axis Bank Ltd
2021-10,98.26,1.48,0.06,0.2,241.54,beneficiary,HDFC BANK LTD
2021-10,98.61,0.48,0.37,0.54,147.47,beneficiary,Bank of Baroda
2021-10,99.01,0.53,0.37,0.09,140.8,beneficiary,Union Bank of India
2021-10,93.52,0.61,0.94,4.93,111.94,beneficiary,Punjab National Bank
2021-10,98.74,1.06,0.14,0.06,110.73,beneficiary,Canara Bank
2021-10,97.93,1.27,0.74,0.06,97.01,beneficiary,Kotak Mahindra Bank
2021-10,97.46,0.82,0.72,1.0,90.08,beneficiary,Bank of India
2021-10,99.83,0.15,0.0,0.02,79.81,beneficiary,Federal Bank
2021-10,94.24,0.54,3.55,1.67,52.95,beneficiary,Indian Bank
2021-10,97.88,0.88,0.74,0.5,51.2,beneficiary,Central Bank Of India
2021-10,89.63,4.07,0.22,6.08,48.24,beneficiary,Airtel Payments Bank
2021-10,97.81,0.64,0.89,0.66,41.26,beneficiary,INDUSIND BANK
2021-10,97.16,0.74,0.14,1.96,37.36,beneficiary,IDBI Bank Limited
2021-10,97.95,0.47,0.52,1.06,30.4,beneficiary,Indian Overseas Bank
2021-10,98.51,0.45,0.18,0.86,27.97,beneficiary,Bank of Maharashtra
2021-10,94.53,1.07,0.69,3.71,26.36,beneficiary,UCO Bank
2021-10,96.03,0.94,1.29,1.74,22.39,beneficiary,Karnataka Bank
2021-10,98.8,0.67,0.17,0.36,17.79,beneficiary,Karur Vysya Bank
2021-10,98.6,1.05,0.19,0.16,15.9,beneficiary,IDFC FIRST Bank
2021-10,94.78,0.67,1.6,2.95,15.23,beneficiary,India Post Payment Bank
2021-10,98.74,1.22,0.01,0.03,12.17,beneficiary,South Indian Bank
2021-10,90.46,0.76,0.1,8.68,12.05,beneficiary,Bandhan Bank
2021-10,94.42,3.95,0.17,1.46,9.4,beneficiary,Citibank
2021-10,98.0,1.68,0.04,0.28,8.8,beneficiary,City Union Bank
2021-10,98.9,0.64,0.33,0.13,8.13,beneficiary,AU small Finance Bank
2021-10,94.28,3.6,0.05,2.07,7.03,beneficiary,Fino Payments Bank
2021-10,80.4,1.54,2.98,15.08,6.62,beneficiary,Tamilnad Mercantile Bank
2021-10,98.39,0.64,0.47,0.5,6.44,beneficiary,Ujjivan Small Finance Bank
2021-10,95.55,4.23,0.1,0.12,6.17,beneficiary,DBS Bank India Limited
2021-10,92.72,4.66,0.74,1.88,6.13,beneficiary,Equitas Bank
2021-10,96.93,0.23,0.79,2.05,5.79,beneficiary,Andhra Pradesh Grameena Vikas Bank
2021-10,93.71,0.32,2.06,3.91,5.53,beneficiary,Pragathi Krishna Gramin Bank
2021-10,98.68,0.69,0.04,0.59,4.86,beneficiary,Saraswat Bank
2021-10,99.07,0.32,0.26,0.35,4.53,beneficiary,Maharashtra Gramin Bank
2021-10,94.68,0.53,2.63,2.16,4.48,beneficiary,Punjab and Sind Bank
2021-10,89.33,10.64,0.02,0.01,4.21,beneficiary,RBL
2021-10,97.78,0.36,0.88,0.98,3.95,beneficiary,Kerala Gramin Bank
2021-10,98.0,0.36,1.05,0.59,3.54,beneficiary,Andhra Pragathi Grameena Bank
2021-10,93.74,3.09,0.09,3.08,3.53,beneficiary,Jammu and Kashmir Bank
2021-10,97.86,0.29,0.82,1.03,3.52,beneficiary,Rajasthan Marudhara Gramin Bank
2021-10,96.92,0.41,0.1,2.57,3.51,beneficiary,ESAF Small Finance Bank Ltd.
2021-10,97.47,1.5,0.22,0.81,3.24,beneficiary,Standard Chartered
2021-10,89.69,0.58,0.25,9.48,3.15,beneficiary,Sarva Haryana Gramin Bank
2021-10,90.7,1.94,1.92,5.44,3.02,beneficiary,Baroda Rajasthan Kshetriya Gramin Bank
2021-10,98.43,0.64,0.27,0.66,2.84,beneficiary,Lakshmi Vilas Bank
2021-11,99.44,0.39,0.01,0.17,797.69,beneficiary,PAYTM PAYMENTS BANK
2021-11,98.46,0.36,0.03,1.15,595.02,beneficiary,STATE BANK OF INDIA
2021-11,99.81,0.08,0.02,0.09,471.38,beneficiary,YES BANK LTD
2021-11,99.09,0.67,0.05,0.19,366.71,beneficiary,ICICI BANK
2021-11,99.49,0.36,0.15,0.0,331.52,beneficiary,AXIS BANK LTD
2021-11,98.61,1.34,0.02,0.03,227.66,beneficiary,HDFC BANK LTD
2021-11,98.64,0.51,0.42,0.43,144.71,beneficiary,BANK OF BARODA
2021-11,99.08,0.56,0.17,0.18,142.58,beneficiary,UNION BANK OF INDIA
2021-11,98.78,1.01,0.09,0.12,111.26,beneficiary,CANARA BANK
2021-11,98.0,0.59,0.43,0.98,109.33,beneficiary,PUNJAB NATIONAL BANK
2021-11,98.18,1.22,0.36,0.24,93.07,beneficiary,KOTAK MAHINDRA BANK
2021-11,99.2,0.42,0.15,0.22,90.05,beneficiary,BANK OF INDIA
2021-11,99.76,0.21,0.01,0.02,82.59,beneficiary,FEDERAL BANK
2021-11,96.96,0.45,1.53,1.06,53.84,beneficiary,INDIAN BANK
2021-11,88.39,2.42,0.11,9.09,50.47,beneficiary,AIRTEL PAYMENTS BANK
2021-11,98.67,0.67,0.41,0.26,49.94,beneficiary,CENTRAL BANK OF INDIA
2021-11,98.81,0.6,0.55,0.04,41.88,beneficiary,INDUSIND BANK
2021-11,98.61,1.15,0.07,0.17,36.41,beneficiary,IDBI BANK LIMITED
2021-11,98.79,0.44,0.13,0.64,29.98,beneficiary,INDIAN OVERSEAS BANK
2021-11,98.77,0.41,0.15,0.68,27.61,beneficiary,BANK OF MAHARASHTRA
2021-11,96.9,0.74,0.34,2.02,26.57,beneficiary,UCO BANK
2021-11,96.85,0.83,1.69,0.63,22.21,beneficiary,KARNATAKA BANK
2021-11,98.99,0.64,0.09,0.28,17.37,beneficiary,KARUR VYSYA BANK
2021-11,97.05,0.7,0.86,1.4,15.59,beneficiary,INDIA POST PAYMENT BANK
2021-11,98.55,1.19,0.11,0.14,15.58,beneficiary,IDFC FIRST BANK
2021-11,98.95,1.02,0.01,0.02,12.63,beneficiary,SOUTH INDIAN BANK
2021-11,96.16,0.75,0.08,3.0,11.89,beneficiary,BANDHAN BANK
2021-11,98.95,0.89,0.1,0.06,9.54,beneficiary,CITIBANK
2021-11,97.76,1.54,0.13,0.57,8.49,beneficiary,CITY UNION BANK
2021-11,99.23,0.64,0.06,0.07,8.27,beneficiary,AU SMALL FINANCE BANK
2021-11,94.07,4.28,0.03,1.63,7.36,beneficiary,FINO PAYMENTS BANK
2021-11,98.75,0.57,0.29,0.39,6.46,beneficiary,UJJIVAN SMALL FINANCE BANK
2021-11,93.68,4.8,0.74,0.78,6.32,beneficiary,EQUITAS BANK
2021-11,92.99,4.22,0.71,2.08,6.08,beneficiary,TAMILNAD MERCANTILE BANK
2021-11,96.72,0.18,0.9,2.2,5.73,beneficiary,ANDHRA PRADESH GRAMEENA VIKAS BANK
2021-11,95.71,3.82,0.17,0.3,5.73,beneficiary,DBS BANK INDIA LIMITED
2021-11,98.48,0.36,0.5,0.67,5.44,beneficiary,PRAGATHI KRISHNA GRAMIN BANK
2021-11,97.9,0.29,0.47,1.35,4.73,beneficiary,MAHARASHTRA GRAMIN BANK
2021-11,98.15,0.68,0.18,0.99,4.55,beneficiary,SARASWAT BANK
2021-11,99.22,0.34,0.26,0.19,4.23,beneficiary,KERALA GRAMIN BANK
2021-11,86.82,0.46,5.24,7.48,4.13,beneficiary,PUNJAB AND SIND BANK
2021-11,93.74,4.75,0.28,1.22,4.04,beneficiary,RBL
2021-11,96.92,0.39,0.12,2.57,3.7,beneficiary,ESAF SMALL FINANCE BANK LTD.
2021-11,96.3,1.73,0.15,1.82,3.67,beneficiary,JAMMU AND KASHMIR BANK
2021-11,95.44,0.31,1.13,3.12,3.66,beneficiary,RAJASTHAN MARUDHARA GRAMIN BANK
2021-11,96.83,0.31,1.3,1.56,3.52,beneficiary,ANDHRA PRAGATHI GRAMEENA BANK
2021-11,78.7,0.46,0.6,20.24,3.41,beneficiary,SARVA HARYANA GRAMIN BANK
2021-11,98.07,1.75,0.04,0.14,3.05,beneficiary,STANDARD CHARTERED
2021-11,93.78,2.25,1.14,2.83,2.96,beneficiary,BARODA RAJASTHAN KSHETRIYA GRAMIN BANK
2021-11,94.45,1.17,1.57,2.8,2.91,beneficiary,PURVANCHAL BANK
2021-12,98.79,0.51,0.09,0.61,926.17,beneficiary,Paytm Payments Bank
2021-12,92.8,0.47,0.23,6.5,664.89,beneficiary,State Bank Of India
2021-12,99.8,0.09,0.02,0.09,486.44,beneficiary,Yes Bank Ltd
2021-12,99.19,0.73,0.03,0.05,389.47,beneficiary,ICICI Bank
2021-12,99.49,0.49,0.02,0.0,366.14,beneficiary,Axis Bank Ltd.
2021-12,98.49,1.35,0.07,0.09,247.03,beneficiary,HDFC Bank Ltd
2021-12,99.4,0.46,0.1,0.04,160.55,beneficiary,Bank of Baroda
2021-12,99.28,0.54,0.12,0.06,158.92,beneficiary,Union Bank of India
2021-12,98.94,0.97,0.05,0.04,124.53,beneficiary,Canara Bank
2021-12,95.01,0.78,0.69,3.52,117.29,beneficiary,Punjab National Bank
2021-12,98.76,0.38,0.23,0.63,98.96,beneficiary,Bank of India
2021-12,98.24,1.13,0.49,0.14,94.93,beneficiary,Kotak Mahindra Bank
2021-12,99.46,0.23,0.07,0.24,92.35,beneficiary,Federal Bank
2021-12,97.59,0.42,1.33,0.66,62.21,beneficiary,Indian Bank
2021-12,98.46,0.76,0.61,0.17,53.85,beneficiary,Central Bank Of India
2021-12,98.3,1.09,0.18,0.43,48.99,beneficiary,Airtel Payments Bank
2021-12,99.06,0.57,0.17,0.2,47.74,beneficiary,IndusInd Bank
2021-12,98.63,0.95,0.17,0.25,39.49,beneficiary,IDBI Bank Limited
2021-12,98.96,0.65,0.24,0.15,33.95,beneficiary,Indian Overseas Bank
2021-12,98.92,0.38,0.2,0.5,30.44,beneficiary,Bank of Maharashtra
2021-12,96.91,0.95,0.47,1.67,28.68,beneficiary,UCO Bank
2021-12,96.25,0.81,1.84,1.1,24.71,beneficiary,Karnataka Bank
2021-12,98.52,0.48,0.21,0.79,19.76,beneficiary,India Post Payment Bank
2021-12,98.26,0.59,0.26,0.89,19.39,beneficiary,Karur Vysya Bank
2021-12,98.01,1.64,0.17,0.18,17.74,beneficiary,IDFC First Bank
2021-12,99.16,0.72,0.04,0.08,14.11,beneficiary,South Indian Bank
2021-12,98.53,0.8,0.03,0.64,12.91,beneficiary,Bandhan Bank
2021-12,97.86,1.44,0.11,0.59,9.74,beneficiary,City Union Bank
2021-12,97.77,1.04,0.64,0.55,9.09,beneficiary,AU small Finance Bank
2021-12,99.84,0.15,0.0,0.01,8.49,beneficiary,CITI Bank
2021-12,94.54,3.89,0.03,1.54,8.47,beneficiary,Fino Payments Bank
2021-12,97.55,0.55,0.92,0.98,7.1,beneficiary,Ujjivan Small Finance Bank
2021-12,94.71,2.26,0.9,2.13,7.07,beneficiary,Tamilnad Mercantile Bank
2021-12,97.47,1.75,0.13,0.65,6.81,beneficiary,Equitas Bank
2021-12,93.7,5.92,0.14,0.24,6.25,beneficiary,DBS Bank India Limited
2021-12,93.93,0.15,2.14,3.78,6.24,beneficiary,Andhra Pradesh Grameena Vikas Bank
2021-12,99.32,0.33,0.26,0.09,6.16,beneficiary,Pragathi Krishna Gramin Bank
2021-12,98.25,0.41,0.38,0.96,5.2,beneficiary,Maharashtra Gramin Bank
2021-12,98.96,0.84,0.05,0.15,5.01,beneficiary,Saraswat Bank
2021-12,95.3,0.68,1.55,2.47,4.8,beneficiary,Punjab and Sind Bank
2021-12,99.39,0.33,0.19,0.09,4.79,beneficiary,Kerala Gramin Bank
2021-12,95.89,3.54,0.22,0.35,4.53,beneficiary,RBL Bank
2021-12,97.03,0.35,0.12,2.5,4.2,beneficiary,ESAF Small Finance Bank Ltd.
2021-12,96.96,2.26,0.09,0.69,4.18,beneficiary,Jammu and Kashmir Bank
2021-12,94.63,0.76,1.84,2.77,4.12,beneficiary,Andhra Pragathi Grameena Bank
2021-12,93.18,2.27,1.76,2.79,4.03,beneficiary,Rajasthan Marudhara Gramin Bank
2021-12,85.42,2.56,0.36,11.66,3.39,beneficiary,Sarva Haryana Gramin Bank
2021-12,90.93,1.98,1.67,5.42,3.36,beneficiary,Baroda Rajasthan Kshetriya Gramin Bank
2021-12,96.86,2.97,0.08,0.09,3.3,beneficiary,Standard Chartered
2021-12,97.5,0.72,0.71,1.07,3.03,beneficiary,Karnataka Vikas Grameena Bank
2022-01,99.27,0.69,0.01,0.04,957.39,beneficiary,Paytm Payments Bank
2022-01,98.59,0.5,0.14,0.77,647.8,beneficiary,State Bank Of India
2022-01,99.91,0.06,0.01,0.02,593.69,beneficiary,Yes Bank Ltd
2022-01,99.07,0.78,0.12,0.04,378.39,beneficiary,ICICI Bank
2022-01,99.51,0.44,0.05,0.0,353.13,beneficiary,Axis Bank Ltd
2022-01,98.41,1.35,0.17,0.06,246.23,beneficiary,HDFC Bank Ltd
2022-01,99.2,0.47,0.2,0.13,161.69,beneficiary,Bank of Baroda
2022-01,98.87,0.63,0.35,0.16,157.03,beneficiary,Union Bank of India
2022-01,98.63,0.97,0.14,0.25,122.3,beneficiary,Canara Bank
2022-01,98.3,0.71,0.37,0.63,114.09,beneficiary,Punjab National Bank
2022-01,97.88,0.67,0.37,1.08,99.09,beneficiary,Bank of India
2022-01,98.61,1.22,0.14,0.03,94.65,beneficiary,Kotak Mahindra Bank
2022-01,98.89,0.26,0.16,0.69,90.94,beneficiary,Federal Bank
2022-01,92.59,3.98,1.75,1.67,62.69,beneficiary,Indian Bank
2022-01,97.24,0.78,1.29,0.7,52.47,beneficiary,Central Bank Of India
2022-01,97.93,0.79,0.33,0.95,50.67,beneficiary,Airtel Payments Bank
2022-01,98.24,0.71,0.82,0.22,41.99,beneficiary,IndusInd Bank
2022-01,98.84,0.76,0.18,0.22,38.58,beneficiary,IDBI Bank Limited
2022-01,99.21,0.58,0.13,0.09,33.42,beneficiary,Indian Overseas Bank
2022-01,99.0,0.37,0.18,0.45,30.65,beneficiary,Bank of Maharashtra
2022-01,97.52,1.27,0.47,0.74,28.06,beneficiary,UCO Bank
2022-01,98.2,1.02,0.49,0.29,24.19,beneficiary,IDFC First Bank
2022-01,97.13,0.79,0.67,1.41,23.95,beneficiary,Karnataka Bank
2022-01,97.61,0.5,0.9,0.99,22.84,beneficiary,India Post Payment Bank
2022-01,98.84,0.58,0.22,0.36,18.68,beneficiary,Karur Vysya Bank
2022-01,99.03,0.72,0.02,0.22,13.71,beneficiary,South Indian Bank
2022-01,98.07,0.78,0.15,1.0,13.17,beneficiary,Bandhan Bank
2022-01,98.54,1.43,0.0,0.02,12.15,beneficiary,Citibank
2022-01,98.61,0.88,0.28,0.23,9.54,beneficiary,AU small Finance Bank
2022-01,94.59,3.54,0.06,1.81,9.41,beneficiary,Fino Payments Bank
2022-01,96.0,1.33,0.26,2.41,9.21,beneficiary,City Union Bank
2022-01,95.63,3.44,0.27,0.65,8.68,beneficiary,DBS Bank India Limited
2022-01,97.83,1.38,0.12,0.67,7.12,beneficiary,Equitas Small Finance Bank
2022-01,97.29,0.51,0.98,1.22,7.12,beneficiary,Ujjivan Small Finance Bank
2022-01,98.59,0.64,0.39,0.38,7.03,beneficiary,Tamilnad Mercantile Bank
2022-01,99.09,0.31,0.41,0.19,6.4,beneficiary,Pragathi Krishna Gramin Bank
2022-01,90.63,0.16,2.96,6.25,6.04,beneficiary,Andhra Pradesh Grameena Vikas Bank
2022-01,97.32,0.36,0.97,1.35,5.52,beneficiary,Maharashtra Gramin Bank
2022-01,99.05,0.59,0.08,0.29,5.22,beneficiary,Punjab and Sind Bank
2022-01,98.97,0.68,0.11,0.24,4.93,beneficiary,Saraswat Bank
2022-01,99.37,0.36,0.15,0.12,4.88,beneficiary,Kerala Gramin Bank
2022-01,96.76,3.15,0.05,0.05,4.34,beneficiary,RBL Bank
2022-01,92.64,0.36,2.83,4.16,4.27,beneficiary,Rajasthan Marudhara Gramin Bank
2022-01,96.17,0.38,0.2,3.26,4.22,beneficiary,ESAF Small Finance Bank Ltd.
2022-01,94.82,0.29,2.31,2.57,4.12,beneficiary,Andhra Pragathi Grameena Bank
2022-01,97.07,1.73,0.11,1.1,4.05,beneficiary,Jammu and Kashmir Bank
2022-01,87.71,1.02,0.25,11.02,3.47,beneficiary,Sarva Haryana Gramin Bank
2022-01,96.13,2.1,0.77,1.0,3.43,beneficiary,Baroda Rajasthan Kshetriya Gramin Bank
2022-01,97.09,0.88,0.99,1.04,3.14,beneficiary,Karnataka Vikas Grameena Bank
2022-01,95.83,2.67,0.28,1.23,3.05,beneficiary,Standard Chartered
2022-02,99.71,0.27,0.01,0.01,980.72,beneficiary,Paytm Payments Bank
2022-02,97.84,0.37,0.47,1.32,618.15,beneficiary,State Bank Of India
2022-02,99.89,0.09,0.01,0.01,583.5,beneficiary,Yes Bank Ltd
2022-02,99.64,0.23,0.1,0.03,338.97,beneficiary,Axis Bank Ltd
2022-02,98.84,0.93,0.07,0.17,291.95,beneficiary,ICICI Bank
2022-02,98.75,1.12,0.08,0.06,238.45,beneficiary,HDFC Bank Ltd
2022-02,98.94,0.39,0.28,0.39,160.4,beneficiary,Bank of Baroda
2022-02,98.96,0.47,0.34,0.22,154.66,beneficiary,Union Bank of India
2022-02,99.09,0.79,0.07,0.06,121.04,beneficiary,Canara Bank
2022-02,98.26,0.58,0.29,0.87,112.52,beneficiary,Punjab National Bank
2022-02,98.27,0.44,0.48,0.82,95.11,beneficiary,Bank of India
2022-02,99.56,0.23,0.06,0.15,93.08,beneficiary,Federal Bank
2022-02,98.27,0.75,0.85,0.12,92.4,beneficiary,Kotak Mahindra Bank
2022-02,90.27,4.47,1.75,3.51,62.84,beneficiary,Indian Bank
2022-02,98.59,0.74,0.27,0.4,51.15,beneficiary,Airtel Payments Bank
2022-02,98.18,0.69,0.77,0.36,51.07,beneficiary,Central Bank Of India
2022-02,98.97,0.45,0.33,0.24,43.7,beneficiary,IndusInd Bank
2022-02,99.28,0.57,0.05,0.1,37.88,beneficiary,IDBI Bank Limited
2022-02,98.98,0.44,0.37,0.21,33.13,beneficiary,Indian Overseas Bank
2022-02,98.87,0.3,0.17,0.66,29.8,beneficiary,Bank of Maharashtra
2022-02,98.72,0.5,0.37,0.4,28.27,beneficiary,UCO Bank
2022-02,98.27,0.71,0.35,0.67,24.19,beneficiary,Karnataka Bank
2022-02,98.17,0.4,0.38,1.05,23.37,beneficiary,India Post Payment Bank
2022-02,99.19,0.46,0.13,0.22,18.61,beneficiary,Karur Vysya Bank
2022-02,98.42,0.88,0.16,0.55,18.0,beneficiary,IDFC FIRST Bank
2022-02,99.39,0.44,0.01,0.15,13.61,beneficiary,South Indian Bank
2022-02,98.44,0.65,0.09,0.82,13.22,beneficiary,Bandhan Bank
2022-02,99.34,0.64,0.0,0.02,11.19,beneficiary,Citibank
2022-02,95.14,2.65,0.07,2.14,9.9,beneficiary,Fino Payments Bank
2022-02,97.76,2.06,0.12,0.06,9.8,beneficiary,AU small Finance Bank
2022-02,98.17,1.17,0.11,0.56,9.09,beneficiary,City Union Bank
2022-02,98.23,1.52,0.09,0.16,8.21,beneficiary,DBS Bank India Limited
2022-02,97.87,1.01,0.24,0.87,7.27,beneficiary,Equitas Small Finance Bank
2022-02,98.68,0.67,0.39,0.25,7.2,beneficiary,Tamilnad Mercantile Bank
2022-02,96.68,0.42,1.36,1.54,7.03,beneficiary,Ujjivan Small Finance Bank
2022-02,97.58,0.31,0.85,1.27,6.42,beneficiary,Pragathi Krishna Gramin Bank
2022-02,97.15,0.2,0.63,2.03,5.9,beneficiary,Andhra Pradesh Grameena Vikas Bank
2022-02,91.33,0.22,0.53,7.92,5.49,beneficiary,Maharashtra Gramin Bank
2022-02,94.8,0.4,0.73,4.07,5.26,beneficiary,Punjab and Sind Bank
2022-02,98.85,0.29,0.3,0.56,4.83,beneficiary,Kerala Gramin Bank
2022-02,98.47,0.33,0.4,0.81,4.66,beneficiary,Saraswat Bank
2022-02,96.33,0.27,1.76,1.64,4.2,beneficiary,Rajasthan Marudhara Gramin Bank
2022-02,95.53,1.72,0.48,2.27,4.13,beneficiary,Jammu and Kashmir Bank
2022-02,97.54,2.01,0.2,0.25,4.11,beneficiary,RBL Bank
2022-02,98.03,0.33,0.11,1.52,4.11,beneficiary,ESAF Small Finance Bank Ltd.
2022-02,94.63,1.43,1.79,2.15,4.04,beneficiary,Andhra Pragathi Grameena Bank
2022-02,89.65,1.92,2.81,5.63,3.53,beneficiary,Baroda Rajasthan Kshetriya Gramin Bank
2022-02,87.6,1.14,0.53,10.72,3.44,beneficiary,Sarva Haryana Gramin Bank
2022-02,87.81,6.05,1.48,4.66,3.2,beneficiary,Baroda UP Gramin Bank
2022-02,96.71,0.23,0.89,2.16,3.03,beneficiary,Karnataka Vikas Grameena Bank
2022-03,99.74,0.25,0.0,0.0,1210.84,beneficiary,Paytm Payments Bank
2022-03,99.03,0.35,0.18,0.44,737.53,beneficiary,State Bank Of India
2022-03,99.71,0.22,0.03,0.05,678.13,beneficiary,Yes Bank Ltd
2022-03,99.18,0.57,0.23,0.02,413.31,beneficiary,Axis Bank Ltd
2022-03,98.98,0.69,0.06,0.26,291.67,beneficiary,ICICI Bank
2022-03,98.91,0.92,0.14,0.03,275.06,beneficiary,HDFC Bank Ltd
2022-03,99.0,0.48,0.12,0.4,191.67,beneficiary,Bank of Baroda
2022-03,98.65,0.34,0.18,0.83,179.59,beneficiary,Union Bank of India
2022-03,98.06,0.69,0.52,0.73,142.52,beneficiary,Canara Bank
2022-03,98.42,0.55,0.21,0.82,133.47,beneficiary,Punjab National Bank
2022-03,98.18,0.67,0.92,0.22,115.13,beneficiary,Kotak Mahindra Bank
2022-03,99.36,0.32,0.14,0.18,112.56,beneficiary,Bank of India
2022-03,99.74,0.24,0.0,0.02,112.07,beneficiary,Federal Bank
2022-03,94.25,3.18,1.3,1.27,69.66,beneficiary,Indian Bank
2022-03,98.52,0.48,0.2,0.79,60.14,beneficiary,Airtel Payments Bank
2022-03,97.87,0.64,0.9,0.58,59.12,beneficiary,Central Bank Of India
2022-03,98.51,0.9,0.24,0.35,51.42,beneficiary,IndusInd Bank
2022-03,99.27,0.53,0.11,0.08,43.89,beneficiary,IDBI Bank Limited
2022-03,98.75,0.37,0.26,0.62,39.2,beneficiary,Indian Overseas Bank
2022-03,99.1,0.28,0.19,0.43,34.89,beneficiary,Bank of Maharashtra
2022-03,97.77,0.43,0.46,1.34,33.57,beneficiary,UCO Bank
2022-03,99.17,0.38,0.22,0.23,29.42,beneficiary,India Post Payment Bank
2022-03,98.41,0.92,0.29,0.38,28.48,beneficiary,Karnataka Bank
2022-03,99.08,0.44,0.18,0.3,21.84,beneficiary,Karur Vysya Bank
2022-03,98.31,0.91,0.56,0.22,20.88,beneficiary,IDFC FIRST Bank
2022-03,99.32,0.41,0.03,0.25,16.17,beneficiary,South Indian Bank
2022-03,96.7,0.6,0.3,2.4,15.71,beneficiary,Bandhan Bank
2022-03,93.74,2.28,0.15,3.84,12.2,beneficiary,Fino Payments Bank
2022-03,99.17,0.68,0.12,0.03,12.09,beneficiary,Citibank
2022-03,97.89,1.91,0.12,0.08,11.83,beneficiary,AU small Finance Bank
2022-03,97.91,1.07,0.15,0.88,10.64,beneficiary,City Union Bank
2022-03,94.91,1.29,0.1,3.69,9.56,beneficiary,DBS Bank Ltd
2022-03,99.12,0.42,0.19,0.27,8.68,beneficiary,Tamilnad Mercantile Bank
2022-03,94.2,1.71,0.54,3.55,8.53,beneficiary,Equitas Small Finance Bank
2022-03,98.84,0.38,0.46,0.32,8.47,beneficiary,Ujjivan Small Finance Bank
2022-03,98.51,0.3,0.69,0.5,7.55,beneficiary,Pragathi Krishna Gramin Bank
2022-03,95.59,0.12,1.38,2.91,6.99,beneficiary,Andhra Pradesh Grameena Vikas Bank
2022-03,99.21,0.36,0.15,0.28,6.67,beneficiary,Punjab and Sind Bank
2022-03,99.12,0.25,0.22,0.41,6.28,beneficiary,Maharashtra Gramin Bank
2022-03,99.52,0.28,0.17,0.04,5.65,beneficiary,Kerala Gramin Bank
2022-03,99.42,0.27,0.05,0.26,5.43,beneficiary,Saraswat Bank
2022-03,94.71,2.18,0.24,2.87,5.29,beneficiary,Jammu and Kashmir Bank
2022-03,83.18,2.5,3.5,10.83,5.15,beneficiary,Rajasthan Marudhara Gramin Bank
2022-03,96.18,3.65,0.08,0.09,5.13,beneficiary,RBL Bank
2022-03,98.77,0.32,0.09,0.82,4.83,beneficiary,ESAF Small Finance Bank Ltd.
2022-03,92.16,1.37,3.3,3.17,4.78,beneficiary,Andhra Pragathi Grameena Bank
2022-03,71.53,4.96,1.62,21.88,4.3,beneficiary,Baroda UP Gramin Bank
2022-03,86.91,0.61,0.53,11.95,4.14,beneficiary,Sarva Haryana Gramin Bank
2022-03,84.39,1.78,2.37,11.47,4.0,beneficiary,Baroda Rajasthan Kshetriya Gramin Bank
2022-03,94.24,1.56,2.09,2.11,3.56,beneficiary,Karnataka Vikas Grameena Bank
2022-04,99.73,0.27,0.0,0.01,1265.52,beneficiary,Paytm Payments Bank
2022-04,99.78,0.05,0.09,0.08,745.77,beneficiary,Yes Bank Ltd
2022-04,98.05,0.3,0.42,1.22,741.1,beneficiary,State Bank Of India
2022-04,98.28,1.25,0.41,0.06,408.62,beneficiary,Axis Bank Ltd
2022-04,98.68,0.42,0.34,0.56,406.5,beneficiary,ICICI Bank
2022-04,98.65,0.8,0.16,0.39,278.39,beneficiary,HDFC Bank Ltd
2022-04,99.45,0.34,0.11,0.1,194.47,beneficiary,Bank of Baroda
2022-04,99.53,0.29,0.12,0.07,187.25,beneficiary,Union Bank of India
2022-04,98.15,0.54,0.77,0.54,142.04,beneficiary,Canara Bank
2022-04,98.99,0.53,0.12,0.36,137.97,beneficiary,Punjab National Bank
2022-04,97.71,0.6,0.97,0.72,133.77,beneficiary,Kotak Mahindra Bank
2022-04,99.37,0.3,0.18,0.15,113.71,beneficiary,Bank of India
2022-04,99.74,0.14,0.03,0.08,110.35,beneficiary,Federal Bank
2022-04,97.37,1.53,0.6,0.5,73.01,beneficiary,Indian Bank
2022-04,98.09,0.58,0.72,0.61,59.29,beneficiary,Central Bank Of India
2022-04,98.96,0.52,0.18,0.34,58.17,beneficiary,Airtel Payments Bank
2022-04,98.93,0.47,0.49,0.11,56.25,beneficiary,IndusInd Bank
2022-04,98.78,0.73,0.18,0.32,44.19,beneficiary,IDBI Bank Limited
2022-04,99.03,0.36,0.4,0.2,40.13,beneficiary,Indian Overseas Bank
2022-04,99.0,0.26,0.32,0.42,35.08,beneficiary,Bank of Maharashtra
2022-04,99.07,0.4,0.28,0.24,34.95,beneficiary,UCO Bank
2022-04,98.4,0.59,0.2,0.82,31.26,beneficiary,India Post Payment Bank
2022-04,97.52,0.79,0.58,1.11,28.15,beneficiary,Karnataka Bank
2022-04,99.57,0.36,0.03,0.03,22.17,beneficiary,Karur Vysya Bank
2022-04,98.31,0.88,0.32,0.5,21.27,beneficiary,IDFC FIRST Bank
2022-04,99.44,0.32,0.03,0.2,16.25,beneficiary,South Indian Bank
2022-04,95.84,0.55,0.15,3.45,16.07,beneficiary,Bandhan Bank
2022-04,94.24,2.54,0.13,3.08,12.77,beneficiary,Fino Payments Bank
2022-04,99.35,0.54,0.01,0.11,12.75,beneficiary,Citibank
2022-04,97.65,2.23,0.09,0.04,12.43,beneficiary,AU small Finance Bank
2022-04,98.85,0.79,0.04,0.31,10.72,beneficiary,City Union Bank
2022-04,98.46,1.25,0.09,0.19,9.27,beneficiary,DBS Bank Ltd
2022-04,99.33,0.37,0.09,0.21,8.99,beneficiary,Tamilnad Mercantile Bank
2022-04,97.24,0.32,0.35,2.08,8.75,beneficiary,Ujjivan Small Finance Bank
2022-04,98.69,0.98,0.03,0.3,8.53,beneficiary,Equitas Small Finance Bank
2022-04,98.55,0.26,0.82,0.36,7.73,beneficiary,Pragathi Krishna Gramin Bank
2022-04,97.41,0.18,0.7,1.71,7.2,beneficiary,Andhra Pradesh Grameena Vikas Bank
2022-04,98.72,0.34,0.27,0.67,6.93,beneficiary,Punjab and Sind Bank
2022-04,95.37,0.36,0.69,3.58,6.41,beneficiary,Maharashtra Gramin Bank
2022-04,99.38,0.29,0.21,0.12,5.6,beneficiary,Kerala Gramin Bank
2022-04,95.2,1.69,0.19,2.93,5.59,beneficiary,Jammu and Kashmir Bank
2022-04,99.13,0.21,0.07,0.59,5.46,beneficiary,Saraswat Bank
2022-04,95.21,4.28,0.17,0.34,5.02,beneficiary,RBL Bank
2022-04,90.92,0.45,2.53,6.09,4.83,beneficiary,Andhra Pragathi Grameena Bank
2022-04,98.9,0.28,0.03,0.78,4.82,beneficiary,ESAF Small Finance Bank Ltd.
2022-04,86.28,3.02,3.16,7.54,4.72,beneficiary,Rajasthan Marudhara Gramin Bank
2022-04,86.06,0.44,1.53,11.97,4.16,beneficiary,Sarva Haryana Gramin Bank
2022-04,81.43,7.14,0.23,11.2,4.03,beneficiary,Baroda UP Gramin Bank
2022-04,94.38,2.2,0.34,3.09,3.73,beneficiary,Baroda Rajasthan Kshetriya Gramin Bank
2022-04,92.76,2.54,0.83,3.87,3.55,beneficiary,Karnataka Vikas Grameena Bank
2022-05,99.65,0.35,0.0,0.01,1363.19,beneficiary,Paytm Payments Bank
2022-05,99.92,0.04,0.01,0.03,811.13,beneficiary,Yes Bank Ltd
2022-05,98.35,0.29,0.23,1.13,771.93,beneficiary,State Bank Of India
2022-05,99.75,0.17,0.03,0.05,450.07,beneficiary,Axis Bank Ltd
2022-05,99.42,0.41,0.08,0.09,432.0,beneficiary,ICICI Bank
2022-05,99.1,0.79,0.04,0.07,299.84,beneficiary,HDFC Bank Ltd
2022-05,99.32,0.34,0.19,0.16,204.05,beneficiary,Bank of Baroda
2022-05,99.46,0.35,0.06,0.13,197.66,beneficiary,Union Bank of India
2022-05,96.56,0.5,0.45,2.48,146.64,beneficiary,Canara Bank
2022-05,98.62,0.49,0.24,0.64,144.15,beneficiary,Punjab National Bank
2022-05,98.22,0.53,0.49,0.76,127.46,beneficiary,Kotak Mahindra Bank
2022-05,99.53,0.28,0.04,0.15,118.62,beneficiary,Bank of India
2022-05,99.15,0.19,0.05,0.62,118.0,beneficiary,Federal Bank
2022-05,99.05,0.31,0.22,0.42,77.67,beneficiary,Indian Bank
2022-05,99.01,0.37,0.14,0.48,65.03,beneficiary,IndusInd Bank
2022-05,98.64,0.37,0.21,0.78,64.05,beneficiary,Airtel Payments Bank
2022-05,97.81,0.58,0.44,1.17,61.92,beneficiary,Central Bank Of India
2022-05,98.63,1.16,0.04,0.17,46.38,beneficiary,IDBI Bank Limited
2022-05,99.56,0.35,0.07,0.02,42.9,beneficiary,Indian Overseas Bank
2022-05,98.3,0.52,0.3,0.88,37.05,beneficiary,UCO Bank
2022-05,99.02,0.26,0.3,0.42,36.7,beneficiary,Bank of Maharashtra
2022-05,98.29,0.59,0.2,0.92,34.53,beneficiary,India Post Payment Bank
2022-05,94.52,0.68,1.02,3.78,29.4,beneficiary,Karnataka Bank
2022-05,99.34,0.35,0.04,0.27,23.22,beneficiary,Karur Vysya Bank
2022-05,96.67,1.05,0.54,1.74,22.98,beneficiary,IDFC FIRST Bank
2022-05,97.21,0.4,0.06,2.33,17.22,beneficiary,South Indian Bank
2022-05,97.46,0.52,0.14,1.88,16.78,beneficiary,Bandhan Bank
2022-05,95.24,2.39,0.18,2.19,13.92,beneficiary,Fino Payments Bank
2022-05,97.46,1.88,0.19,0.48,13.0,beneficiary,AU small Finance Bank
2022-05,99.24,0.57,0.0,0.2,12.03,beneficiary,Citibank
2022-05,98.62,0.77,0.07,0.54,11.37,beneficiary,City Union Bank
2022-05,98.72,0.26,0.29,0.72,9.61,beneficiary,Tamilnad Mercantile Bank
2022-05,97.94,1.29,0.13,0.64,9.41,beneficiary,Equitas Small Finance Bank
2022-05,94.32,0.31,0.83,4.54,9.4,beneficiary,Ujjivan Small Finance Bank
2022-05,95.7,0.31,1.07,2.92,8.2,beneficiary,Pragathi Krishna Gramin Bank
2022-05,93.36,0.17,1.01,5.46,7.55,beneficiary,Andhra Pradesh Grameena Vikas Bank
2022-05,99.38,0.31,0.07,0.24,7.54,beneficiary,Punjab and Sind Bank
2022-05,94.21,0.87,0.18,4.74,6.84,beneficiary,Maharashtra Gramin Bank
2022-05,98.38,1.52,0.07,0.04,6.59,beneficiary,DBS Bank Ltd
2022-05,95.12,2.0,0.08,2.8,6.46,beneficiary,Jammu and Kashmir Bank
2022-05,97.64,0.34,0.57,1.46,5.92,beneficiary,Kerala Gramin Bank
2022-05,98.57,0.19,0.1,1.14,5.58,beneficiary,Saraswat Bank
2022-05,96.72,1.34,0.09,1.85,5.39,beneficiary,RBL Bank
2022-05,99.13,0.25,0.06,0.56,5.17,beneficiary,ESAF Small Finance Bank Ltd.
2022-05,91.04,2.2,1.12,5.64,5.07,beneficiary,Rajasthan Marudhara Gramin Bank
2022-05,91.38,0.2,2.24,6.18,5.03,beneficiary,Andhra Pragathi Grameena Bank
2022-05,86.49,0.56,2.25,10.7,4.42,beneficiary,Sarva Haryana Gramin Bank
2022-05,84.27,1.94,1.67,12.12,4.23,beneficiary,Baroda Rajasthan Kshetriya Gramin Bank
2022-05,91.79,3.61,0.23,4.36,4.13,beneficiary,Baroda UP Gramin Bank
2022-05,99.34,0.37,0.01,0.29,3.61,beneficiary,Standard Chartered
2022-06,99.66,0.32,0.0,0.03,1370.06,beneficiary,Paytm Payments Bank
2022-06,95.87,0.29,0.21,3.64,764.66,beneficiary,State Bank Of India
2022-06,99.9,0.04,0.03,0.03,731.88,beneficiary,Yes Bank Ltd
2022-06,99.2,0.15,0.11,0.54,483.14,beneficiary,Axis Bank Ltd
2022-06,99.46,0.41,0.03,0.1,414.15,beneficiary,ICICI Bank
2022-06,99.28,0.66,0.02,0.04,302.98,beneficiary,HDFC Bank Ltd
2022-06,98.92,0.37,0.44,0.27,202.6,beneficiary,Bank of Baroda
2022-06,98.57,0.28,0.24,0.91,197.7,beneficiary,Union Bank of India
2022-06,98.97,0.52,0.1,0.41,148.36,beneficiary,Canara Bank
2022-06,98.66,0.52,0.21,0.61,142.4,beneficiary,Punjab National Bank
2022-06,99.29,0.28,0.01,0.42,122.19,beneficiary,Federal Bank
2022-06,99.02,0.6,0.15,0.23,120.07,beneficiary,Kotak Mahindra Bank
2022-06,99.52,0.27,0.03,0.18,116.98,beneficiary,Bank of India
2022-06,99.23,0.23,0.05,0.5,79.66,beneficiary,Indian Bank
2022-06,98.66,0.37,0.29,0.68,66.91,beneficiary,Airtel Payments Bank
2022-06,98.64,0.68,0.21,0.47,63.0,beneficiary,IndusInd Bank
2022-06,95.05,0.68,0.9,3.37,59.63,beneficiary,Central Bank Of India
2022-06,98.91,0.64,0.08,0.38,45.27,beneficiary,IDBI Bank Limited
2022-06,99.02,0.3,0.34,0.33,43.21,beneficiary,Indian Overseas Bank
2022-06,98.92,0.48,0.2,0.4,37.03,beneficiary,UCO Bank
2022-06,98.55,0.25,0.27,0.93,35.99,beneficiary,Bank of Maharashtra
2022-06,92.43,0.59,0.41,6.57,34.23,beneficiary,India Post Payment Bank
2022-06,91.84,0.59,1.48,6.09,28.66,beneficiary,Karnataka Bank
2022-06,95.44,1.43,0.51,2.61,25.28,beneficiary,IDFC FIRST Bank
2022-06,98.33,0.34,0.04,1.29,23.1,beneficiary,Karur Vysya Bank
2022-06,98.61,0.41,0.02,0.95,17.51,beneficiary,South Indian Bank
2022-06,98.24,0.51,0.12,1.12,16.73,beneficiary,Bandhan Bank
2022-06,93.98,2.35,0.28,3.39,13.59,beneficiary,Fino Payments Bank
2022-06,97.85,1.58,0.13,0.44,12.92,beneficiary,AU small Finance Bank
2022-06,99.28,0.5,0.0,0.22,12.15,beneficiary,Citibank
2022-06,98.36,0.73,0.02,0.89,11.47,beneficiary,City Union Bank
2022-06,92.75,3.1,0.36,3.79,9.94,beneficiary,Equitas Small Finance Bank
2022-06,99.51,0.24,0.1,0.15,9.88,beneficiary,Tamilnad Mercantile Bank
2022-06,88.59,0.29,1.43,9.69,9.41,beneficiary,Ujjivan Small Finance Bank
2022-06,97.73,0.32,0.6,1.35,8.27,beneficiary,Pragathi Krishna Gramin Bank
2022-06,80.24,9.19,1.95,8.62,7.71,beneficiary,Andhra Pradesh Grameena Vikas Bank
2022-06,97.81,0.3,0.14,1.75,7.62,beneficiary,Punjab and Sind Bank
2022-06,85.1,9.54,0.3,5.06,6.99,beneficiary,Maharashtra Gramin Bank
2022-06,98.1,1.73,0.06,0.11,6.61,beneficiary,DBS Bank Ltd
2022-06,91.75,2.56,0.29,5.4,6.36,beneficiary,Jammu and Kashmir Bank
2022-06,98.67,0.42,0.29,0.62,6.12,beneficiary,Kerala Gramin Bank
2022-06,98.76,0.18,0.07,0.99,5.52,beneficiary,Saraswat Bank
2022-06,97.79,0.25,0.34,1.62,5.32,beneficiary,ESAF Small Finance Bank Ltd.
2022-06,97.67,1.44,0.06,0.83,5.22,beneficiary,RBL Bank
2022-06,85.56,4.92,1.68,7.83,5.21,beneficiary,Rajasthan Marudhara Gramin Bank
2022-06,88.19,5.0,1.53,5.27,5.17,beneficiary,Andhra Pragathi Grameena Bank
2022-06,78.69,0.47,1.07,19.77,4.66,beneficiary,Sarva Haryana Gramin Bank
2022-06,88.2,3.24,1.08,7.48,4.29,beneficiary,Baroda UP Gramin Bank
2022-06,88.74,2.01,1.2,8.05,4.0,beneficiary,Baroda Rajasthan Kshetriya Gramin Bank
2022-06,94.99,2.99,0.04,1.98,3.65,beneficiary,Karnataka Vikas Grameena Bank
2022-07,99.49,0.49,0.0,0.02,1469.6,beneficiary,Paytm Payments Bank
2022-07,99.93,0.03,0.02,0.02,813.04,beneficiary,Yes Bank Ltd
2022-07,99.3,0.28,0.11,0.31,802.56,beneficiary,State Bank Of India
2022-07,97.68,1.07,0.25,0.99,498.78,beneficiary,Axis Bank Ltd
2022-07,99.41,0.39,0.07,0.13,449.31,beneficiary,ICICI Bank
2022-07,99.3,0.62,0.02,0.06,328.73,beneficiary,HDFC Bank Ltd
2022-07,98.62,0.35,0.13,0.91,214.14,beneficiary,Bank of Baroda
2022-07,99.57,0.29,0.04,0.1,206.94,beneficiary,Union Bank of India
2022-07,98.42,0.51,0.36,0.71,156.6,beneficiary,Canara Bank
2022-07,98.23,0.52,0.43,0.81,147.86,beneficiary,Punjab National Bank
2022-07,99.68,0.24,0.0,0.07,137.96,beneficiary,Federal Bank
2022-07,97.89,0.6,0.49,1.02,131.98,beneficiary,Kotak Mahindra Bank
2022-07,98.63,0.25,0.15,0.97,121.89,beneficiary,Bank of India
2022-07,99.03,0.23,0.14,0.6,84.27,beneficiary,Indian Bank
2022-07,98.0,0.42,0.5,1.08,75.84,beneficiary,Airtel Payments Bank
2022-07,99.06,0.56,0.12,0.26,64.82,beneficiary,IndusInd Bank
2022-07,91.07,0.96,1.78,6.19,58.88,beneficiary,Central Bank Of India
2022-07,98.97,0.52,0.06,0.44,47.4,beneficiary,IDBI Bank Limited
2022-07,99.02,0.29,0.27,0.43,45.41,beneficiary,Indian Overseas Bank
2022-07,98.18,0.7,0.25,0.87,39.36,beneficiary,UCO Bank
2022-07,97.27,0.52,0.28,1.93,39.12,beneficiary,India Post Payment Bank
2022-07,98.29,0.24,0.45,1.02,37.57,beneficiary,Bank of Maharashtra
2022-07,96.11,1.96,0.28,1.65,30.46,beneficiary,IDFC FIRST Bank
2022-07,90.6,0.84,1.95,6.62,29.07,beneficiary,Karnataka Bank
2022-07,98.69,0.44,0.06,0.81,24.19,beneficiary,Karur Vysya Bank
2022-07,98.66,0.58,0.05,0.72,18.5,beneficiary,South Indian Bank
2022-07,97.07,0.47,0.14,2.31,18.16,beneficiary,Bandhan Bank
2022-07,94.89,2.35,0.48,2.28,15.3,beneficiary,Fino Payments Bank
2022-07,97.86,1.87,0.13,0.14,14.0,beneficiary,AU small Finance Bank
2022-07,99.42,0.43,0.08,0.07,13.54,beneficiary,Citibank
2022-07,98.39,0.76,0.1,0.75,11.88,beneficiary,City Union Bank
2022-07,97.26,0.33,0.28,2.13,10.64,beneficiary,Tamilnad Mercantile Bank
2022-07,96.37,2.1,0.17,1.35,10.33,beneficiary,Equitas Small Finance Bank
2022-07,96.06,0.31,0.32,3.31,9.71,beneficiary,Ujjivan Small Finance Bank
2022-07,97.83,0.33,0.61,1.23,8.73,beneficiary,Pragathi Krishna Gramin Bank
2022-07,99.59,0.25,0.03,0.12,8.19,beneficiary,Punjab and Sind Bank
2022-07,85.71,7.43,2.67,4.19,7.2,beneficiary,Andhra Pradesh Grameena Vikas Bank
2022-07,97.66,2.12,0.04,0.18,6.85,beneficiary,DBS Bank Ltd
2022-07,77.95,10.74,1.96,9.35,6.74,beneficiary,Maharashtra Gramin Bank
2022-07,97.77,0.79,0.06,1.37,6.67,beneficiary,Jammu and Kashmir Bank
2022-07,98.37,0.55,0.43,0.65,6.41,beneficiary,Kerala Gramin Bank
2022-07,99.4,0.2,0.03,0.37,5.8,beneficiary,Saraswat Bank
2022-07,98.52,0.21,0.25,1.02,5.62,beneficiary,ESAF Small Finance Bank Ltd.
2022-07,83.06,8.62,1.97,6.35,5.53,beneficiary,Rajasthan Marudhara Gramin Bank
2022-07,97.36,1.5,0.13,1.01,5.39,beneficiary,RBL Bank
2022-07,96.28,0.66,1.09,1.98,5.07,beneficiary,Andhra Pragathi Grameena Bank
2022-07,82.68,0.6,0.57,16.15,4.85,beneficiary,Sarva Haryana Gramin Bank
2022-07,93.01,2.87,0.68,3.44,4.47,beneficiary,Baroda UP Gramin Bank
2022-07,92.51,2.09,0.56,4.84,4.01,beneficiary,Baroda Rajasthan Kshetriya Gramin Bank
2022-07,97.79,1.91,0.09,0.21,3.79,beneficiary,HSBC Bank
2022-08,99.79,0.21,0.0,0.0,1504.63,beneficiary,Paytm Payments Bank
2022-08,99.94,0.03,0.01,0.01,947.28,beneficiary,Yes Bank Ltd
2022-08,98.99,0.27,0.24,0.73,818.72,beneficiary,State Bank Of India
2022-08,98.29,1.14,0.31,0.57,489.54,beneficiary,Axis Bank Ltd
2022-08,99.52,0.37,0.26,0.11,456.96,beneficiary,ICICI Bank
2022-08,98.79,0.65,0.16,0.57,339.5,beneficiary,HDFC Bank Ltd
2022-08,99.63,0.32,0.06,0.05,221.98,beneficiary,Bank of Baroda
2022-08,98.96,0.29,0.13,0.74,212.56,beneficiary,Union Bank of India
2022-08,99.06,0.45,0.19,0.49,160.51,beneficiary,Canara Bank
2022-08,98.42,0.47,0.29,1.11,155.25,beneficiary,Punjab National Bank
2022-08,99.63,0.25,0.01,0.11,152.1,beneficiary,Federal Bank
2022-08,98.63,0.58,0.54,0.79,138.54,beneficiary,Kotak Mahindra Bank
2022-08,99.37,0.27,0.08,0.36,124.89,beneficiary,Bank of India
2022-08,98.57,0.4,0.43,1.03,89.48,beneficiary,Airtel Payments Bank
2022-08,99.16,0.21,0.34,0.63,86.3,beneficiary,Indian Bank
2022-08,99.39,0.48,0.09,0.13,68.81,beneficiary,IndusInd Bank
2022-08,95.01,0.86,1.19,4.13,57.79,beneficiary,Central Bank Of India
2022-08,99.05,0.51,0.15,0.43,47.98,beneficiary,IDBI Bank Limited
2022-08,99.57,0.27,0.19,0.16,46.79,beneficiary,Indian Overseas Bank
2022-08,98.37,0.63,0.14,1.0,45.06,beneficiary,India Post Payment Bank
2022-08,98.32,0.74,0.15,0.94,41.37,beneficiary,UCO Bank
2022-08,97.96,0.28,0.44,1.77,38.12,beneficiary,Bank of Maharashtra
2022-08,95.57,2.8,0.21,1.64,33.5,beneficiary,IDFC FIRST Bank
2022-08,95.43,0.59,1.35,3.98,29.14,beneficiary,Karnataka Bank
2022-08,98.63,0.31,0.16,1.05,24.55,beneficiary,Karur Vysya Bank
2022-08,99.24,0.54,0.02,0.22,19.29,beneficiary,South Indian Bank
2022-08,94.23,0.43,0.35,5.34,19.07,beneficiary,Bandhan Bank
2022-08,93.55,2.52,0.89,3.93,17.03,beneficiary,Fino Payments Bank
2022-08,97.77,1.33,0.56,0.9,15.1,beneficiary,AU small Finance Bank
2022-08,96.92,1.98,0.21,1.1,2.46,beneficiary,Citibank
2022-08,98.64,0.68,0.11,0.68,12.26,beneficiary,City Union Bank
2022-08,96.6,0.57,0.29,2.83,11.07,beneficiary,Tamilnad Mercantile Bank
2022-08,95.66,2.06,0.29,2.28,10.53,beneficiary,Equitas Small Finance Bank
2022-08,97.46,0.3,0.27,2.24,10.29,beneficiary,Ujjivan Small Finance Bank
2022-08,98.31,0.39,0.63,1.3,8.71,beneficiary,Pragathi Krishna Gramin Bank
2022-08,98.91,0.24,0.18,0.84,8.67,beneficiary,Punjab and Sind Bank
2022-08,90.54,4.6,2.64,4.87,7.38,beneficiary,Andhra Pradesh Grameena Vikas Bank
2022-08,95.67,0.73,0.17,3.6,7.09,beneficiary,Jammu and Kashmir Bank
2022-08,91.76,1.52,1.56,6.72,6.93,beneficiary,Maharashtra Gramin Bank
2022-08,98.79,0.63,0.31,0.58,6.83,beneficiary,Kerala Gramin Bank
2022-08,98.0,1.9,0.04,0.1,6.76,beneficiary,DBS Bank Ltd
2022-08,98.52,0.2,0.21,1.28,5.98,beneficiary,ESAF Small Finance Bank Ltd.
2022-08,99.37,0.2,0.03,0.43,5.88,beneficiary,Saraswat Bank
2022-08,95.79,0.69,0.81,3.52,5.76,beneficiary,Rajasthan Marudhara Gramin Bank
2022-08,97.38,1.46,0.16,1.16,5.52,beneficiary,RBL Bank
2022-08,96.8,0.16,1.23,3.03,5.2,beneficiary,Andhra Pragathi Grameena Bank
2022-08,85.92,2.28,2.72,11.8,5.19,beneficiary,Baroda UP Gramin Bank
2022-08,86.36,0.49,0.12,13.16,4.99,beneficiary,Sarva Haryana Gramin Bank
2022-08,88.2,1.85,1.88,9.95,4.5,beneficiary,Baroda Rajasthan Kshetriya Gramin Bank
2022-08,98.1,0.21,0.85,1.69,3.74,beneficiary,Karnataka Vikas Grameena Bank
2022-09,99.73,0.26,0.0,0.01,1536.46,beneficiary,Paytm Payments Bank
2022-09,99.92,0.06,0.03,0.01,1067.95,beneficiary,Yes Bank Ltd
2022-09,97.87,0.26,0.11,1.87,841.59,beneficiary,State Bank Of India
2022-09,99.76,0.19,0.03,0.05,504.89,beneficiary,Axis Bank Ltd
2022-09,99.32,0.4,0.15,0.28,455.34,beneficiary,ICICI Bank
2022-09,98.98,0.97,0.05,0.05,350.77,beneficiary,HDFC Bank Ltd
2022-09,99.63,0.3,0.13,0.07,225.52,beneficiary,Bank of Baroda
2022-09,98.81,0.29,0.22,0.89,213.97,beneficiary,Union Bank of India
2022-09,98.11,0.41,0.39,1.48,162.67,beneficiary,Canara Bank
2022-09,97.64,0.66,0.35,1.7,158.47,beneficiary,Punjab National Bank
2022-09,99.5,0.26,0.06,0.24,154.93,beneficiary,Federal Bank
2022-09,99.02,0.6,0.32,0.38,141.75,beneficiary,Kotak Mahindra Bank
2022-09,99.06,0.29,0.14,0.65,126.11,beneficiary,Bank of India
2022-09,97.35,0.59,0.73,2.06,89.35,beneficiary,Airtel Payments Bank
2022-09,98.14,0.3,0.43,1.56,88.2,beneficiary,Indian Bank
2022-09,96.79,0.69,0.91,2.51,58.34,beneficiary,Central Bank Of India
2022-09,98.55,1.09,0.21,0.36,57.36,beneficiary,IndusInd Bank
2022-09,98.49,0.46,0.21,1.05,48.17,beneficiary,IDBI Bank Limited
2022-09,99.43,0.27,0.24,0.3,47.38,beneficiary,Indian Overseas Bank
2022-09,95.95,1.09,0.23,2.96,47.08,beneficiary,India Post Payment Bank
2022-09,97.31,0.75,0.56,1.94,42.56,beneficiary,UCO Bank
2022-09,96.63,0.26,0.87,3.11,37.56,beneficiary,Bank of Maharashtra
2022-09,92.55,2.66,0.71,4.79,34.23,beneficiary,IDFC FIRST Bank
2022-09,95.17,0.6,0.99,4.22,29.06,beneficiary,Karnataka Bank
2022-09,99.28,0.33,0.1,0.38,24.14,beneficiary,Karur Vysya Bank
2022-09,99.35,0.58,0.03,0.07,19.51,beneficiary,South Indian Bank
2022-09,95.56,0.43,0.31,4.01,18.89,beneficiary,Bandhan Bank
2022-09,92.59,2.45,1.15,4.96,17.75,beneficiary,Fino Payments Bank
2022-09,96.76,1.6,0.58,1.64,15.13,beneficiary,AU small Finance Bank
2022-09,99.92,0.0,0.24,0.08,10.48,beneficiary,Citibank
2022-09,98.49,0.85,0.07,0.66,12.28,beneficiary,City Union Bank
2022-09,99.67,0.26,0.03,0.07,11.0,beneficiary,Tamilnad Mercantile Bank
2022-09,92.7,1.76,0.61,5.55,10.75,beneficiary,Equitas Small Finance Bank
2022-09,93.31,0.29,0.5,6.4,10.74,beneficiary,Ujjivan Small Finance Bank
2022-09,98.9,0.24,0.22,0.86,8.91,beneficiary,Punjab and Sind Bank
2022-09,98.38,0.4,0.57,1.22,8.58,beneficiary,Pragathi Krishna Gramin Bank
2022-09,96.94,0.71,0.14,2.35,7.44,beneficiary,Jammu and Kashmir Bank
2022-09,86.95,4.6,2.93,8.45,7.32,beneficiary,Andhra Pradesh Grameena Vikas Bank
2022-09,82.94,1.73,3.15,15.33,7.26,beneficiary,Maharashtra Gramin Bank
2022-09,98.43,0.7,0.51,0.87,7.01,beneficiary,Kerala Gramin Bank
2022-09,96.97,1.7,0.09,1.33,6.66,beneficiary,DBS Bank Ltd
2022-09,93.65,0.43,1.93,5.92,6.04,beneficiary,Rajasthan Marudhara Gramin Bank
2022-09,99.08,0.21,0.07,0.71,5.92,beneficiary,ESAF Small Finance Bank Ltd.
2022-09,97.13,1.83,0.17,1.04,5.7,beneficiary,RBL Bank
2022-09,99.53,0.2,0.02,0.27,5.67,beneficiary,Saraswat Bank
2022-09,82.65,2.22,0.72,15.13,5.46,beneficiary,Baroda UP Gramin Bank
2022-09,93.77,0.2,2.4,6.03,5.25,beneficiary,Andhra Pragathi Grameena Bank
2022-09,84.17,0.47,0.38,15.36,4.9,beneficiary,Sarva Haryana Gramin Bank
2022-09,95.09,2.05,0.32,2.86,4.31,beneficiary,Baroda Rajasthan Kshetriya Gramin Bank
2022-09,93.53,0.68,1.26,4.53,3.83,beneficiary,Karnataka Vikas Grameena Bank
2022-10,99.67,0.33,0.0,0.01,1614.03,beneficiary,Paytm Payments Bank
2022-10,99.79,0.03,0.05,0.13,1219.77,beneficiary,Yes Bank Ltd
2022-10,98.9,0.23,0.05,0.81,889.56,beneficiary,State Bank Of India
2022-10,99.89,0.09,0.01,0.01,542.37,beneficiary,Axis Bank Ltd
2022-10,99.32,0.34,0.08,0.26,492.94,beneficiary,ICICI Bank
2022-10,99.2,0.66,0.04,0.1,373.7,beneficiary,HDFC Bank Ltd
2022-10,99.39,0.26,0.07,0.28,240.33,beneficiary,Bank of Baroda
2022-10,98.72,0.28,0.18,0.82,227.13,beneficiary,Union Bank of India
2022-10,99.48,0.4,0.05,0.06,172.3,beneficiary,Canara Bank
2022-10,98.57,0.57,0.34,0.52,167.71,beneficiary,Punjab National Bank
2022-10,99.61,0.3,0.01,0.08,165.64,beneficiary,Federal Bank
2022-10,99.26,0.62,0.05,0.07,154.56,beneficiary,Kotak Mahindra Bank
2022-10,98.83,0.26,0.15,0.76,134.01,beneficiary,Bank of India
2022-10,98.59,0.37,0.25,0.79,92.72,beneficiary,Indian Bank
2022-10,94.81,0.47,1.17,3.55,83.12,beneficiary,Airtel Payments Bank
2022-10,99.09,0.45,0.17,0.29,63.42,beneficiary,IndusInd Bank
2022-10,95.82,0.62,0.94,2.62,62.34,beneficiary,Central Bank Of India
2022-10,96.43,0.98,0.22,2.37,54.32,beneficiary,India Post Payment Bank
2022-10,98.82,0.43,0.26,0.49,50.52,beneficiary,IDBI Bank Limited
2022-10,99.04,0.28,0.26,0.42,49.89,beneficiary,Indian Overseas Bank
2022-10,97.88,0.7,0.37,1.05,44.71,beneficiary,UCO Bank
2022-10,98.36,0.29,0.18,1.17,39.9,beneficiary,Bank of Maharashtra
2022-10,93.33,1.04,0.62,5.01,36.93,beneficiary,IDFC FIRST Bank
2022-10,94.35,0.7,0.82,4.14,30.03,beneficiary,Karnataka Bank
2022-10,99.21,0.6,0.04,0.15,25.04,beneficiary,Karur Vysya Bank
2022-10,99.25,0.65,0.01,0.09,20.8,beneficiary,South Indian Bank
2022-10,96.79,0.39,0.08,2.74,19.75,beneficiary,Bandhan Bank
2022-10,96.03,2.29,0.38,1.3,19.5,beneficiary,Fino Payments Bank
2022-10,97.86,1.7,0.19,0.25,16.05,beneficiary,AU small Finance Bank
2022-10,97.38,1.97,0.23,0.42,2.54,beneficiary,Citibank
2022-10,98.45,0.89,0.09,0.57,12.82,beneficiary,City Union Bank
2022-10,99.39,0.27,0.04,0.3,11.7,beneficiary,Tamilnad Mercantile Bank
2022-10,94.52,0.28,0.29,4.91,11.2,beneficiary,Ujjivan Small Finance Bank
2022-10,94.69,1.71,0.67,2.93,10.73,beneficiary,Equitas Small Finance Bank
2022-10,98.92,0.46,0.28,0.34,8.76,beneficiary,Pragathi Krishna Gramin Bank
2022-10,92.64,0.23,1.4,5.73,8.71,beneficiary,Punjab and Sind Bank
2022-10,100.0,0.0,0.0,0.0,7.97,beneficiary,YES Bank - Amazon pay
2022-10,96.36,0.62,0.13,2.89,8.13,beneficiary,Jammu and Kashmir Bank
2022-10,99.06,0.67,0.16,0.11,7.72,beneficiary,Kerala Gramin Bank
2022-10,93.0,2.66,1.32,3.02,7.59,beneficiary,Andhra Pradesh Grameena Vikas Bank
2022-10,97.4,1.37,0.25,0.97,6.82,beneficiary,DBS Bank Ltd
2022-10,86.96,4.39,1.53,7.12,7.43,beneficiary,Maharashtra Gramin Bank
2022-10,99.13,0.22,0.07,0.58,6.42,beneficiary,ESAF Small Finance Bank Ltd.
2022-10,99.25,0.2,0.05,0.5,6.2,beneficiary,Saraswat Bank
2022-10,89.36,0.39,1.82,8.43,6.42,beneficiary,Rajasthan Marudhara Gramin Bank
2022-10,98.14,1.33,0.07,0.46,5.95,beneficiary,RBL Bank
2022-10,92.88,2.36,0.58,4.19,5.63,beneficiary,Baroda UP Gramin Bank
2022-10,89.78,1.62,1.52,7.08,5.56,beneficiary,Andhra Pragathi Grameena Bank
2022-10,84.5,0.42,0.14,14.93,5.15,beneficiary,Sarva Haryana Gramin Bank
2022-10,90.68,2.05,0.82,6.45,4.6,beneficiary,Baroda Rajasthan Kshetriya Gramin Bank
2022-11,99.63,0.27,0.02,0.08,1617.99,beneficiary,Paytm Payments Bank
2022-11,99.87,0.12,0.0,0.01,1261.66,beneficiary,Yes Bank Ltd
2022-11,99.07,0.22,0.08,0.63,877.76,beneficiary,State Bank Of India
2022-11,99.82,0.11,0.03,0.04,541.43,beneficiary,Axis Bank Ltd
2022-11,99.3,0.36,0.07,0.28,493.34,beneficiary,ICICI Bank
2022-11,99.22,0.66,0.04,0.08,361.21,beneficiary,HDFC Bank Ltd
2022-11,99.59,0.26,0.05,0.1,233.63,beneficiary,Bank of Baroda
2022-11,99.35,0.28,0.08,0.29,226.28,beneficiary,Union Bank of India
2022-11,98.62,0.43,0.24,0.72,173.68,beneficiary,Canara Bank
2022-11,99.22,0.34,0.03,0.41,166.71,beneficiary,Federal Bank
2022-11,96.87,0.58,0.71,1.84,163.42,beneficiary,Punjab National Bank
2022-11,99.05,0.59,0.09,0.27,150.77,beneficiary,Kotak Mahindra Bank
2022-11,99.12,0.25,0.13,0.5,129.98,beneficiary,Bank of India
2022-11,98.69,0.33,0.16,0.82,94.58,beneficiary,Indian Bank
2022-11,94.82,0.43,1.37,3.37,84.21,beneficiary,Airtel Payments Bank
2022-11,98.9,0.46,0.28,0.36,62.72,beneficiary,IndusInd Bank
2022-11,96.54,0.63,0.95,1.88,60.87,beneficiary,Central Bank Of India
2022-11,96.45,0.73,0.2,2.62,56.87,beneficiary,India Post Payment Bank
2022-11,98.92,0.28,0.21,0.59,50.3,beneficiary,Indian Overseas Bank
2022-11,98.14,0.47,0.2,1.19,48.77,beneficiary,IDBI Bank Limited
2022-11,97.31,0.68,0.45,1.56,44.71,beneficiary,UCO Bank
2022-11,98.02,0.31,0.16,1.51,38.54,beneficiary,Bank of Maharashtra
2022-11,91.59,1.43,0.5,6.48,37.91,beneficiary,IDFC FIRST Bank
2022-11,93.52,0.64,0.94,4.91,29.87,beneficiary,Karnataka Bank
2022-11,98.56,0.53,0.09,0.82,24.8,beneficiary,Karur Vysya Bank
2022-11,99.21,0.65,0.01,0.13,21.4,beneficiary,South Indian Bank
2022-11,96.34,0.37,0.18,3.11,20.13,beneficiary,Bandhan Bank
2022-11,95.99,2.08,0.45,1.48,19.4,beneficiary,Fino Payments Bank
2022-11,97.57,2.07,0.15,0.21,15.63,beneficiary,AU small Finance Bank
2022-11,98.44,0.85,0.08,0.63,12.88,beneficiary,City Union Bank
2022-11,98.77,0.26,0.16,0.81,11.78,beneficiary,Tamilnad Mercantile Bank
2022-11,99.62,0.0,0.3,0.08,11.3,beneficiary,Citibank
2022-11,95.8,0.29,0.29,3.62,11.14,beneficiary,Ujjivan Small Finance Bank
2022-11,97.64,1.88,0.02,0.46,10.67,beneficiary,Equitas Small Finance Bank
2022-11,98.27,0.22,0.31,1.2,8.84,beneficiary,Punjab and Sind Bank
2022-11,99.14,0.43,0.23,0.2,8.58,beneficiary,Pragathi Krishna Gramin Bank
2022-11,98.99,0.71,0.18,0.11,8.36,beneficiary,Kerala Gramin Bank
2022-11,95.56,0.61,0.25,3.57,8.27,beneficiary,Jammu and Kashmir Bank
2022-11,98.46,0.26,0.39,0.89,7.64,beneficiary,Andhra Pradesh Grameena Vikas Bank
2022-11,98.51,1.41,0.02,0.06,6.87,beneficiary,DBS Bank India Limited
2022-11,91.06,4.57,0.76,3.62,6.62,beneficiary,Maharashtra Gramin Bank
2022-11,99.05,0.24,0.11,0.61,6.56,beneficiary,ESAF Small Finance Bank Ltd.
2022-11,96.96,1.55,0.36,1.13,6.0,beneficiary,RBL
2022-11,95.14,0.45,0.92,3.49,5.97,beneficiary,Rajasthan Marudhara Gramin Bank
2022-11,99.18,0.22,0.06,0.54,5.87,beneficiary,Saraswat Bank
2022-11,93.56,2.43,0.64,3.37,5.41,beneficiary,Baroda UP Gramin Bank
2022-11,94.46,1.55,0.41,3.58,5.39,beneficiary,Andhra Pragathi Grameena Bank
2022-11,89.96,1.93,0.16,7.94,4.67,beneficiary,Sarva Haryana Gramin Bank
2022-11,92.85,2.34,0.48,4.33,4.21,beneficiary,Baroda Rajasthan Kshetriya Gramin Bank
2022-11,96.13,1.19,0.25,2.43,3.83,beneficiary,Karnataka Vikas Grameena Bank
2022-12,99.71,0.22,0.02,0.06,1726.94,beneficiary,Paytm Payments Bank
2022-12,99.82,0.06,0.01,0.11,1309.96,beneficiary,Yes Bank Ltd
2022-12,97.92,0.21,0.16,1.71,938.15,beneficiary,State Bank Of India
2022-12,99.77,0.12,0.06,0.05,562.51,beneficiary,Axis Bank Ltd.
2022-12,98.88,0.38,0.04,0.71,543.27,beneficiary,ICICI Bank
2022-12,98.72,0.61,0.17,0.51,384.38,beneficiary,HDFC Bank Ltd
2022-12,94.55,0.38,0.48,4.59,249.01,beneficiary,Bank of Baroda
2022-12,98.96,0.27,0.19,0.58,242.13,beneficiary,Union Bank of India
2022-12,99.21,0.43,0.12,0.24,185.71,beneficiary,Canara Bank
2022-12,99.69,0.29,0.0,0.02,175.68,beneficiary,Federal Bank
2022-12,98.27,0.83,0.19,0.71,174.36,beneficiary,Punjab National Bank
2022-12,97.61,0.51,0.25,1.63,157.66,beneficiary,Kotak Mahindra Bank
2022-12,99.59,0.25,0.05,0.11,137.98,beneficiary,Bank of India
2022-12,98.92,0.27,0.23,0.57,101.77,beneficiary,Indian Bank
2022-12,98.79,0.53,0.3,0.37,93.38,beneficiary,Airtel Payments Bank
2022-12,98.59,0.43,0.17,0.8,66.04,beneficiary,IndusInd Bank
2022-12,98.05,0.59,0.57,0.78,65.03,beneficiary,Central Bank Of India
2022-12,87.39,1.92,0.61,10.08,64.48,beneficiary,India Post Payment Bank
2022-12,97.11,0.23,0.7,1.96,53.54,beneficiary,Indian Overseas Bank
2022-12,98.65,0.41,0.29,0.65,51.55,beneficiary,IDBI Bank Limited
2022-12,98.64,0.68,0.09,0.59,47.42,beneficiary,UCO Bank
2022-12,96.75,1.39,0.25,1.62,42.48,beneficiary,IDFC FIRST Bank
2022-12,97.13,0.3,0.53,2.03,40.68,beneficiary,Bank of Maharashtra
2022-12,98.33,0.8,0.06,0.82,32.03,beneficiary,Karnataka Bank
2022-12,98.56,0.5,0.1,0.84,26.4,beneficiary,Karur Vysya Bank
2022-12,98.69,0.65,0.04,0.62,22.97,beneficiary,South Indian Bank
2022-12,97.22,0.37,0.12,2.28,21.26,beneficiary,Bandhan Bank
2022-12,96.94,2.12,0.24,0.7,20.73,beneficiary,Fino Payments Bank
2022-12,97.82,1.48,0.12,0.58,16.42,beneficiary,AU small Finance Bank
2022-12,97.5,0.0,0.14,0.06,12.51,beneficiary,Citibank
2022-12,98.57,0.71,0.1,0.61,13.7,beneficiary,City Union Bank
2022-12,99.56,0.26,0.02,0.16,12.84,beneficiary,Tamilnad Mercantile Bank
2022-12,94.27,0.29,0.6,4.84,12.02,beneficiary,Ujjivan Small Finance Bank
2022-12,97.34,1.83,0.11,0.72,11.67,beneficiary,Equitas Small Finance Bank
2022-12,94.6,0.21,0.34,4.85,9.67,beneficiary,Punjab and Sind Bank
2022-12,98.06,0.44,0.55,0.95,9.1,beneficiary,Pragathi Krishna Gramin Bank
2022-12,98.38,0.76,0.37,0.49,8.99,beneficiary,Kerala Gramin Bank
2022-12,96.99,0.59,0.21,2.21,8.83,beneficiary,Jammu and Kashmir Bank
2022-12,97.46,0.33,0.39,1.81,8.72,beneficiary,Andhra Pradesh Grameena Vikas Bank
2022-12,95.01,1.34,0.17,3.48,8.49,beneficiary,DBS Bank Ltd
2022-12,98.28,0.23,0.09,1.41,7.11,beneficiary,ESAF Small Finance Bank Ltd.
2022-12,97.08,0.76,0.36,1.8,7.11,beneficiary,Maharashtra Gramin Bank
2022-12,96.0,0.31,0.49,3.2,6.52,beneficiary,Rajasthan Marudhara Gramin Bank
2022-12,95.22,1.4,0.9,2.48,6.32,beneficiary,RBL Bank
2022-12,99.18,0.23,0.15,0.44,6.23,beneficiary,Saraswat Bank
2022-12,93.76,0.99,0.28,4.97,5.94,beneficiary,Andhra Pragathi Grameena Bank
2022-12,93.84,2.39,0.35,3.42,5.87,beneficiary,Baroda UP Gramin Bank
2022-12,92.62,0.49,0.29,6.61,5.01,beneficiary,Sarva Haryana Gramin Bank
2022-12,95.13,2.39,0.22,2.26,4.41,beneficiary,Baroda Rajasthan Kshetriya Gramin Bank
2022-12,97.4,0.0,0.23,2.19,4.01,beneficiary,Karnataka Vikas Grameena Bank
2023-01,99.73,0.24,0.01,0.02,1765.87,beneficiary,Paytm Payments Bank
2023-01,99.81,0.08,0.02,0.11,1463.71,beneficiary,Yes Bank Ltd
2023-01,98.52,0.22,0.17,1.09,931.08,beneficiary,State Bank Of India
2023-01,99.82,0.11,0.02,0.05,557.09,beneficiary,Axis Bank Ltd.
2023-01,98.92,0.34,0.05,0.68,554.66,beneficiary,ICICI Bank
2023-01,99.15,0.59,0.06,0.2,401.11,beneficiary,HDFC BANK LTD
2023-01,98.89,0.28,0.37,0.45,247.34,beneficiary,Bank of Baroda
2023-01,99.47,0.24,0.09,0.2,241.58,beneficiary,Union Bank of India
2023-01,99.37,0.32,0.09,0.22,186.89,beneficiary,Canara Bank
2023-01,99.72,0.27,0.0,0.01,178.23,beneficiary,Federal Bank
2023-01,98.41,0.47,0.2,0.93,176.63,beneficiary,Punjab National Bank
2023-01,98.84,0.5,0.3,0.36,170.88,beneficiary,Kotak Mahindra Bank
2023-01,99.22,0.25,0.11,0.41,138.67,beneficiary,Bank of India
2023-01,98.8,0.45,0.3,0.45,108.8,beneficiary,Airtel Payments Bank
2023-01,99.1,0.29,0.17,0.45,104.4,beneficiary,Indian Bank
2023-01,99.21,0.31,0.06,0.42,69.86,beneficiary,INDUSIND BANK
2023-01,88.28,1.39,0.4,9.93,67.23,beneficiary,India Post Payment Bank
2023-01,98.48,0.59,0.45,0.48,65.86,beneficiary,Central Bank Of India
2023-01,99.27,0.24,0.21,0.28,53.55,beneficiary,Indian Overseas Bank
2023-01,98.37,0.39,0.27,0.98,50.98,beneficiary,IDBI Bank Limited
2023-01,97.5,1.28,0.27,0.95,49.12,beneficiary,IDFC FIRST Bank
2023-01,98.37,0.76,0.15,0.72,47.69,beneficiary,UCO Bank
2023-01,97.54,0.31,0.19,1.96,40.78,beneficiary,Bank of Maharashtra
2023-01,97.12,0.72,0.07,2.09,32.13,beneficiary,Karnataka Bank
2023-01,99.0,0.47,0.1,0.43,25.9,beneficiary,Karur Vysya Bank
2023-01,93.7,1.96,0.92,3.42,23.15,beneficiary,Fino Payments Bank
2023-01,99.31,0.47,0.03,0.19,22.95,beneficiary,South Indian Bank
2023-01,94.22,0.48,0.33,4.97,21.74,beneficiary,Bandhan Bank
2023-01,98.23,1.67,0.01,0.1,16.74,beneficiary,AU small Finance Bank
2023-01,98.68,0.72,0.08,0.52,13.81,beneficiary,City Union Bank
2023-01,97.42,0.84,0.18,1.56,13.05,beneficiary,Tamilnad Mercantile Bank
2023-01,99.8,0.0,0.14,0.06,12.32,beneficiary,CITI
2023-01,95.24,0.3,0.45,4.01,12.16,beneficiary,Ujjivan Small Finance Bank
2023-01,95.43,2.4,0.2,1.97,11.81,beneficiary,Equitas Bank
2023-01,99.06,0.21,0.16,0.57,9.2,beneficiary,Punjab and Sind Bank
2023-01,98.94,0.47,0.28,0.3,9.19,beneficiary,Kerala Gramin Bank
2023-01,99.04,0.4,0.28,0.29,9.08,beneficiary,Pragathi Krishna Gramin Bank
2023-01,98.78,0.52,0.04,0.66,8.93,beneficiary,Jammu and Kashmir Bank
2023-01,98.35,1.49,0.13,0.03,8.93,beneficiary,DBS Bank India Limited
2023-01,97.47,0.12,0.43,1.97,8.77,beneficiary,Andhra Pradesh Grameena Vikas Bank
2023-01,97.16,0.64,0.4,1.79,7.54,beneficiary,Maharashtra Gramin Bank
2023-01,99.08,0.19,0.04,0.69,7.13,beneficiary,ESAF Small Finance Bank Ltd.
2023-01,97.73,1.33,0.16,0.78,6.98,beneficiary,RBL
2023-01,95.99,0.39,0.4,3.23,6.82,beneficiary,Rajasthan Marudhara Gramin Bank
2023-01,88.73,2.25,0.84,8.17,6.53,beneficiary,Baroda UP Gramin Bank
2023-01,99.31,0.23,0.08,0.39,6.22,beneficiary,Saraswat Bank
2023-01,97.24,0.56,0.08,2.12,5.78,beneficiary,Andhra Pragathi Grameena Bank
2023-01,90.27,0.67,0.27,8.79,5.07,beneficiary,Sarva Haryana Gramin Bank
2023-01,90.05,2.3,0.81,6.84,4.64,beneficiary,Baroda Rajasthan Kshetriya Gramin Bank
2023-01,98.5,0.24,0.15,1.1,3.98,beneficiary,Karnataka Vikas Grameena Bank
2023-02,99.76,0.21,0.01,0.02,1657.41,beneficiary,Paytm Payments Bank
2023-02,99.85,0.11,0.01,0.03,1186.1,beneficiary,Yes Bank Ltd
2023-02,96.01,0.26,0.33,3.4,855.15,beneficiary,State Bank Of India
2023-02,99.55,0.3,0.04,0.11,528.24,beneficiary,ICICI Bank
2023-02,99.83,0.14,0.02,0.01,516.94,beneficiary,Axis Bank Ltd.
2023-02,99.19,0.63,0.09,0.09,379.92,beneficiary,HDFC BANK LTD
2023-02,98.48,0.41,0.16,0.95,236.71,beneficiary,Bank of Baroda
2023-02,98.78,0.23,0.33,0.66,227.08,beneficiary,Union Bank of India
2023-02,99.31,0.0,0.12,0.57,176.74,beneficiary,Canara Bank
2023-02,99.19,0.44,0.18,0.18,171.55,beneficiary,Punjab National Bank
2023-02,99.44,0.31,0.02,0.23,168.8,beneficiary,Federal Bank
2023-02,98.34,0.57,0.6,0.49,162.23,beneficiary,Kotak Mahindra Bank
2023-02,99.45,0.29,0.08,0.18,129.73,beneficiary,Bank of India
2023-02,98.73,0.27,0.25,0.76,100.18,beneficiary,Airtel Payments Bank
2023-02,98.27,0.39,0.28,1.06,99.83,beneficiary,Indian Bank
2023-02,99.5,0.25,0.11,0.15,69.51,beneficiary,INDUSIND BANK
2023-02,98.27,0.72,0.39,0.62,62.78,beneficiary,Central Bank Of India
2023-02,84.59,1.48,2.11,11.82,58.5,beneficiary,India Post Payment Bank
2023-02,99.49,0.25,0.16,0.1,50.96,beneficiary,Indian Overseas Bank
2023-02,98.37,0.45,0.14,1.04,47.42,beneficiary,IDBI Bank Limited
2023-02,93.43,1.8,0.7,4.07,45.95,beneficiary,IDFC FIRST Bank
2023-02,98.61,0.71,0.08,0.59,44.98,beneficiary,UCO Bank
2023-02,98.86,0.3,0.2,0.65,37.78,beneficiary,Bank of Maharashtra
2023-02,96.64,0.88,0.21,2.27,29.54,beneficiary,Karnataka Bank
2023-02,98.57,0.55,0.17,0.72,24.17,beneficiary,Karur Vysya Bank
2023-02,92.06,1.98,1.47,4.49,21.97,beneficiary,Fino Payments Bank
2023-02,99.06,0.26,0.12,0.56,21.6,beneficiary,South Indian Bank
2023-02,96.53,0.5,0.31,2.66,20.09,beneficiary,Bandhan Bank
2023-02,98.24,1.71,0.01,0.05,15.82,beneficiary,AU small Finance Bank
2023-02,98.56,0.82,0.09,0.53,13.11,beneficiary,City Union Bank
2023-02,98.29,0.36,0.1,1.24,12.46,beneficiary,Tamilnad Mercantile Bank
2023-02,98.64,0.4,0.23,0.74,11.51,beneficiary,Ujjivan Small Finance Bank
2023-02,97.15,2.64,0.02,0.19,11.17,beneficiary,Equitas Bank
2023-02,99.67,0.0,0.18,0.15,11.09,beneficiary,CITI
2023-02,96.05,0.53,0.23,3.19,9.04,beneficiary,Jammu and Kashmir Bank
2023-02,99.18,0.23,0.1,0.5,9.03,beneficiary,Punjab and Sind Bank
2023-02,99.42,0.19,0.22,0.18,8.73,beneficiary,Kerala Gramin Bank
2023-02,98.7,0.34,0.34,0.62,8.39,beneficiary,Pragathi Krishna Gramin Bank
2023-02,98.1,1.49,0.16,0.26,8.3,beneficiary,DBS Bank India Limited
2023-02,95.05,0.3,0.88,3.77,8.06,beneficiary,Andhra Pradesh Grameena Vikas Bank
2023-02,98.78,1.12,0.02,0.09,7.24,beneficiary,RBL
2023-02,97.62,1.03,0.27,1.09,7.17,beneficiary,Maharashtra Gramin Bank
2023-02,99.15,0.18,0.11,0.56,6.66,beneficiary,ESAF Small Finance Bank Ltd.
2023-02,93.33,0.43,0.29,5.95,6.66,beneficiary,Rajasthan Marudhara Gramin Bank
2023-02,94.98,2.4,0.2,2.42,6.22,beneficiary,Baroda UP Gramin Bank
2023-02,97.57,0.29,0.05,2.09,5.83,beneficiary,Saraswat Bank
2023-02,91.88,0.81,0.19,7.12,5.66,beneficiary,Andhra Pragathi Grameena Bank
2023-02,92.46,0.67,1.06,5.81,4.75,beneficiary,Sarva Haryana Gramin Bank
2023-02,92.3,2.45,0.45,4.8,4.29,beneficiary,Baroda Rajasthan Kshetriya Gramin Bank
2023-02,93.6,0.24,0.46,5.7,3.73,beneficiary,Karnataka Vikas Grameena Bank
2023-03,99.68,0.24,0.02,0.06,1921.46,beneficiary,Paytm Payments Bank
2023-03,99.88,0.0,0.03,0.0,1590.23,beneficiary,Yes Bank Ltd
2023-03,98.22,0.21,0.17,1.41,972.24,beneficiary,State Bank Of India
2023-03,98.26,0.24,0.44,1.06,601.02,beneficiary,ICICI Bank
2023-03,99.42,0.23,0.12,0.23,599.56,beneficiary,Axis Bank Ltd
2023-03,98.86,0.53,0.19,0.42,443.88,beneficiary,HDFC BANK LTD
2023-03,99.48,0.17,0.1,0.26,267.27,beneficiary,Bank of Baroda
2023-03,99.41,0.17,0.11,0.3,258.29,beneficiary,Union Bank of India
2023-03,99.57,0.0,0.1,0.33,201.82,beneficiary,Canara Bank
2023-03,99.36,0.36,0.21,0.07,199.08,beneficiary,Punjab National Bank
2023-03,99.5,0.31,0.01,0.18,198.1,beneficiary,Federal Bank
2023-03,98.32,0.43,0.37,0.88,186.19,beneficiary,Kotak Mahindra Bank
2023-03,99.25,0.23,0.1,0.42,146.91,beneficiary,Bank of India
2023-03,97.9,0.21,0.73,1.16,114.41,beneficiary,Indian Bank
2023-03,99.03,0.23,0.11,0.63,114.0,beneficiary,Airtel Payments Bank
2023-03,99.51,0.21,0.08,0.21,84.66,beneficiary,INDUSIND BANK
2023-03,98.58,0.59,0.4,0.43,71.42,beneficiary,Central Bank Of India
2023-03,97.67,0.6,0.09,1.64,66.53,beneficiary,India Post Payment Bank
2023-03,99.15,0.51,0.2,0.14,57.99,beneficiary,Indian Overseas Bank
2023-03,92.67,0.36,0.74,6.24,54.35,beneficiary,IDBI Bank Limited
2023-03,98.95,0.67,0.03,0.35,51.56,beneficiary,UCO Bank
2023-03,94.93,0.23,0.39,4.45,42.71,beneficiary,Bank of Maharashtra
2023-03,97.07,1.51,0.14,1.27,40.8,beneficiary,IDFC FIRST Bank
2023-03,98.0,0.63,0.06,1.31,33.67,beneficiary,Karnataka Bank
2023-03,99.23,0.39,0.09,0.29,26.9,beneficiary,Karur Vysya Bank
2023-03,99.45,0.37,0.02,0.17,24.73,beneficiary,South Indian Bank
2023-03,97.27,1.32,0.24,1.41,24.05,beneficiary,Fino Payments Bank
2023-03,96.04,0.37,0.17,3.42,23.1,beneficiary,Bandhan Bank
2023-03,98.65,1.07,0.06,0.22,18.01,beneficiary,AU small Finance Bank
2023-03,98.25,1.05,0.11,0.59,14.84,beneficiary,City Union Bank
2023-03,99.54,0.25,0.04,0.17,14.13,beneficiary,Tamilnad Mercantile Bank
2023-03,99.75,0.0,0.15,0.1,13.9,beneficiary,CITI
2023-03,99.29,0.31,0.18,0.22,13.29,beneficiary,Ujjivan Small Finance Bank
2023-03,96.03,3.45,0.08,0.45,12.24,beneficiary,Equitas Bank
2023-03,97.08,0.45,0.2,2.27,10.84,beneficiary,Jammu and Kashmir Bank
2023-03,99.09,0.2,0.08,0.63,10.28,beneficiary,Punjab and Sind Bank
2023-03,98.85,0.19,0.26,0.71,9.92,beneficiary,Kerala Gramin Bank
2023-03,96.93,0.26,0.42,2.39,9.75,beneficiary,Pragathi Krishna Gramin Bank
2023-03,98.16,1.34,0.13,0.37,9.25,beneficiary,DBS Bank India Limited
2023-03,96.08,0.11,0.3,3.51,9.2,beneficiary,Andhra Pradesh Grameena Vikas Bank
2023-03,98.8,0.75,0.09,0.36,8.54,beneficiary,RBL
2023-03,95.06,1.38,0.32,3.24,8.42,beneficiary,Maharashtra Gramin Bank
2023-03,99.23,0.13,0.06,0.58,7.54,beneficiary,ESAF Small Finance Bank Ltd.
2023-03,95.85,0.38,0.32,3.45,7.39,beneficiary,Rajasthan Marudhara Gramin Bank
2023-03,95.28,2.33,0.7,1.68,7.1,beneficiary,Baroda UP Gramin Bank
2023-03,99.59,0.22,0.06,0.13,6.45,beneficiary,Saraswat Bank
2023-03,95.45,0.71,0.06,3.78,6.39,beneficiary,Andhra Pragathi Grameena Bank
2023-03,99.17,0.26,0.17,0.4,5.85,beneficiary,Cosmos Bank
2023-03,97.65,0.62,0.28,1.45,5.36,beneficiary,Sarva Haryana Gramin Bank
2023-03,94.68,2.49,0.5,2.33,4.82,beneficiary,Baroda Rajasthan Kshetriya Gramin Bank
2023-04,99.73,0.23,0.0,0.04,1973.67,beneficiary,Paytm Payments Bank
2023-04,99.98,0.03,0.01,0.04,1914.76,beneficiary,Yes Bank Ltd
2023-04,98.07,0.21,0.23,1.48,966.28,beneficiary,State Bank of India
2023-04,99.87,0.09,0.03,0.01,636.48,beneficiary,Axis Bank Ltd
2023-04,99.57,0.24,0.08,0.1,590.66,beneficiary,ICICI Bank
2023-04,99.23,0.5,0.04,0.23,443.16,beneficiary,HDFC BANK LTD
2023-04,99.5,0.14,0.19,0.16,269.46,beneficiary,Bank of Baroda
2023-04,99.04,0.16,0.06,0.74,260.41,beneficiary,Union Bank of India
2023-04,99.04,0.34,0.24,0.39,203.59,beneficiary,Punjab National Bank
2023-04,99.7,0.21,0.05,0.05,202.49,beneficiary,Federal Bank
2023-04,99.14,0.11,0.45,0.3,202.15,beneficiary,Canara Bank
2023-04,97.46,0.39,0.49,1.65,198.71,beneficiary,Kotak Mahindra Bank
2023-04,99.25,0.23,0.04,0.48,147.23,beneficiary,Bank of India
2023-04,99.18,0.18,0.22,0.41,119.18,beneficiary,Indian Bank
2023-04,99.23,0.39,0.21,0.17,113.09,beneficiary,Airtel Payments Bank
2023-04,99.2,0.2,0.14,0.46,85.37,beneficiary,INDUSIND BANK
2023-04,98.29,0.58,0.44,0.69,71.27,beneficiary,Central Bank Of India
2023-04,92.6,0.94,0.2,6.26,67.58,beneficiary,India Post Payment Bank
2023-04,97.84,0.75,0.07,1.34,57.66,beneficiary,Indian Overseas Bank
2023-04,98.25,0.69,0.3,0.77,52.37,beneficiary,UCO Bank
2023-04,98.23,0.38,0.04,1.35,51.34,beneficiary,IDBI Bank Limited
2023-04,97.52,0.93,0.54,1.01,44.42,beneficiary,IDFC FIRST Bank
2023-04,96.54,0.21,0.3,2.95,42.01,beneficiary,Bank of Maharashtra
2023-04,96.15,0.69,1.02,2.13,33.81,beneficiary,Karnataka Bank
2023-04,99.28,0.42,0.04,0.26,26.37,beneficiary,Karur Vysya Bank
2023-04,99.65,0.6,0.09,0.23,35.25,beneficiary,RBL
2023-04,97.0,0.84,0.18,1.99,25.5,beneficiary,Fino Payments Bank Limited
2023-04,99.54,0.2,0.06,0.19,24.07,beneficiary,South Indian Bank
2023-04,93.77,0.33,0.14,5.76,23.65,beneficiary,Bandhan Bank
2023-04,98.39,1.34,0.19,0.08,18.18,beneficiary,AU small Finance Bank
2023-04,98.36,1.08,0.07,0.49,14.52,beneficiary,City Union Bank
2023-04,99.17,0.26,0.29,0.29,14.05,beneficiary,Tamilnad Mercantile Bank
2023-04,98.55,0.29,0.83,0.33,13.58,beneficiary,Ujjivan Small Finance Bank
2023-04,99.31,0.0,0.34,0.34,12.49,beneficiary,CITI
2023-04,97.49,1.98,0.13,0.4,11.69,beneficiary,Equitas Bank
2023-04,94.25,0.43,0.08,5.24,11.47,beneficiary,Jammu and Kashmir Bank
2023-04,87.57,0.17,0.07,12.19,10.98,beneficiary,Punjab and Sind Bank
2023-04,98.38,0.27,1.07,0.29,9.78,beneficiary,Pragathi Krishna Gramin Bank
2023-04,99.03,0.2,0.57,0.2,9.29,beneficiary,Kerala Gramin Bank
2023-04,95.46,0.91,1.01,2.61,9.21,beneficiary,Andhra Pradesh Grameena Vikas Bank
2023-04,97.78,1.26,0.47,0.49,9.13,beneficiary,DBS Bank India Limited
2023-04,98.97,0.27,0.32,0.44,8.23,beneficiary,Cosmos Bank
2023-04,96.55,0.65,0.18,2.61,8.21,beneficiary,Maharashtra Gramin Bank
2023-04,99.05,0.12,0.06,0.77,7.27,beneficiary,ESAF Small Finance Bank Ltd.
2023-04,95.43,2.29,0.23,2.06,7.15,beneficiary,Baroda UP Gramin Bank
2023-04,96.52,0.31,1.12,2.06,7.13,beneficiary,Rajasthan Marudhara Gramin Bank
2023-04,98.39,0.21,0.1,1.29,6.39,beneficiary,Saraswat Bank
2023-04,86.81,0.34,2.24,10.61,5.96,beneficiary,Andhra Pragathi Grameena Bank
2023-04,96.49,0.47,2.25,0.79,5.53,beneficiary,Sarva Haryana Gramin Bank
2023-04,94.55,2.61,1.67,1.17,4.81,beneficiary,Baroda Rajasthan Kshetriya Gramin Bank
2023-05,99.79,0.2,0.01,0.0,2122.5,beneficiary,Paytm Payments Bank
2023-05,99.93,0.02,0.01,0.04,1776.21,beneficiary,Yes Bank Ltd
2023-05,99.36,0.24,0.06,0.33,1021.12,beneficiary,State Bank of India
2023-05,99.9,0.09,0.0,0.01,664.41,beneficiary,Axis Bank Ltd
2023-05,98.76,0.63,0.22,0.39,624.05,beneficiary,ICICI Bank
2023-05,99.31,0.57,0.07,0.06,475.3,beneficiary,HDFC BANK LTD
2023-05,99.1,0.22,0.07,0.61,278.65,beneficiary,Bank of Baroda
2023-05,99.54,0.18,0.11,0.17,271.63,beneficiary,Union Bank of India
2023-05,99.75,0.23,0.0,0.02,216.25,beneficiary,Federal Bank
2023-05,99.15,0.37,0.25,0.22,212.79,beneficiary,Punjab National Bank
2023-05,99.13,0.19,0.19,0.48,210.04,beneficiary,Canara Bank
2023-05,97.77,0.47,0.72,1.04,203.15,beneficiary,Kotak Mahindra Bank
2023-05,98.35,0.24,0.09,1.32,151.38,beneficiary,Bank of India
2023-05,98.91,0.3,0.48,0.32,132.71,beneficiary,Indian Bank
2023-05,98.56,0.46,0.26,0.71,116.47,beneficiary,Airtel Payments Bank
2023-05,98.89,0.2,0.41,0.5,93.0,beneficiary,INDUSIND BANK
2023-05,98.34,0.66,0.47,0.53,74.5,beneficiary,Central Bank Of India
2023-05,96.82,0.48,0.21,2.49,72.15,beneficiary,India Post Payment Bank
2023-05,99.06,0.61,0.19,0.14,59.63,beneficiary,Indian Overseas Bank
2023-05,98.72,0.68,0.08,0.52,55.1,beneficiary,UCO Bank
2023-05,98.81,0.42,0.17,0.6,53.37,beneficiary,IDBI Bank Limited
2023-05,97.88,1.17,0.18,0.77,43.3,beneficiary,IDFC FIRST Bank
2023-05,97.16,0.34,0.31,2.2,42.41,beneficiary,Bank of Maharashtra
2023-05,96.45,1.11,0.05,2.39,34.08,beneficiary,Karnataka Bank
2023-05,99.89,0.0,0.11,0.0,33.53,beneficiary,RBL
2023-05,98.91,0.43,0.06,0.61,27.2,beneficiary,Karur Vysya Bank
2023-05,97.4,1.04,0.07,1.49,27.08,beneficiary,Fino Payments Bank Limited
2023-05,99.75,0.21,0.0,0.04,25.43,beneficiary,South Indian Bank
2023-05,96.37,0.15,0.56,2.92,24.14,beneficiary,Bandhan Bank
2023-05,97.46,1.41,0.37,0.76,19.21,beneficiary,AU small Finance Bank
2023-05,98.54,0.92,0.1,0.44,15.13,beneficiary,City Union Bank
2023-05,99.35,0.23,0.02,0.39,14.8,beneficiary,Tamilnad Mercantile Bank
2023-05,99.11,0.34,0.15,0.41,14.27,beneficiary,Ujjivan Small Finance Bank
2023-05,97.86,0.39,0.08,1.67,12.63,beneficiary,Jammu and Kashmir Bank
2023-05,96.7,3.08,0.01,0.21,11.91,beneficiary,Equitas Bank
2023-05,93.48,0.19,0.86,5.47,10.91,beneficiary,Punjab and Sind Bank
2023-05,99.27,0.19,0.22,0.33,10.06,beneficiary,Kerala Gramin Bank
2023-05,95.22,0.53,0.29,3.96,9.92,beneficiary,Andhra Pradesh Grameena Vikas Bank
2023-05,99.25,0.39,0.2,0.16,9.74,beneficiary,Pragathi Krishna Gramin Bank
2023-05,98.06,1.54,0.1,0.3,9.41,beneficiary,DBS Bank India Limited
2023-05,92.53,0.87,0.67,5.93,8.86,beneficiary,Maharashtra Gramin Bank
2023-05,86.32,2.0,1.31,10.37,8.3,beneficiary,Baroda UP Gramin Bank
2023-05,91.18,1.92,0.46,6.45,7.82,beneficiary,Rajasthan Marudhara Gramin Bank
2023-05,98.86,0.13,0.12,0.89,7.62,beneficiary,ESAF Small Finance Bank Ltd.
2023-05,91.14,8.66,0.01,0.19,7.04,beneficiary,Tri O Tech Solutions Private Limited
2023-05,98.71,0.26,0.32,0.71,6.44,beneficiary,Saraswat Bank
2023-05,89.76,0.33,0.35,9.56,6.13,beneficiary,Andhra Pragathi Grameena Bank
2023-05,94.4,0.46,0.8,4.34,5.94,beneficiary,Sarva Haryana Gramin Bank
2023-05,99.39,0.46,0.04,0.1,5.24,beneficiary,Jio Payments Bank
2023-05,92.63,2.65,0.48,4.24,5.18,beneficiary,Baroda Rajasthan Kshetriya Gramin Bank
2023-06,99.79,0.2,0.0,0.01,2177.68,beneficiary,Paytm Payments Bank
2023-06,99.96,0.02,0.0,0.02,1735.59,beneficiary,Yes Bank Ltd
2023-06,99.66,0.19,0.02,0.13,1017.11,beneficiary,State Bank Of India
2023-06,99.76,0.11,0.04,0.08,644.25,beneficiary,Axis Bank Ltd
2023-06,98.72,0.25,0.27,0.76,591.75,beneficiary,ICICI Bank
2023-06,99.41,0.48,0.04,0.07,479.17,beneficiary,HDFC BANK LTD
2023-06,99.64,0.16,0.08,0.12,274.76,beneficiary,Bank of Baroda
2023-06,99.77,0.16,0.02,0.06,267.39,beneficiary,Union Bank of India
2023-06,99.12,0.23,0.05,0.6,213.89,beneficiary,Federal Bank
2023-06,99.14,0.39,0.19,0.28,211.61,beneficiary,Punjab National Bank
2023-06,98.64,0.43,0.29,0.64,209.8,beneficiary,Canara Bank
2023-06,97.12,0.41,1.0,1.47,187.61,beneficiary,Kotak Mahindra Bank
2023-06,99.6,0.24,0.05,0.11,148.54,beneficiary,Bank of India
2023-06,99.46,0.24,0.0,0.29,131.25,beneficiary,Indian Bank
2023-06,98.12,0.41,0.34,1.13,116.09,beneficiary,Airtel Payments Bank
2023-06,99.06,0.21,0.24,0.5,94.66,beneficiary,INDUSIND BANK
2023-06,96.15,0.61,0.81,2.43,73.76,beneficiary,Central Bank Of India
2023-06,90.31,0.55,0.68,8.45,74.36,beneficiary,India Post Payment Bank
2023-06,98.95,0.37,0.3,0.39,59.1,beneficiary,Indian Overseas Bank
2023-06,95.38,0.7,0.49,3.43,54.91,beneficiary,UCO Bank
2023-06,99.0,0.4,0.17,0.42,52.3,beneficiary,IDBI Bank Limited
2023-06,98.48,0.99,0.14,0.39,41.95,beneficiary,IDFC FIRST Bank
2023-06,98.91,0.24,0.19,0.66,41.63,beneficiary,Bank of Maharashtra
2023-06,97.41,1.02,0.01,1.56,34.46,beneficiary,Karnataka Bank
2023-06,98.31,0.59,0.04,1.06,29.84,beneficiary,Fino Payments Bank Limited
2023-06,99.47,0.47,0.0,0.06,26.95,beneficiary,Karur Vysya Bank
2023-06,99.79,0.2,0.0,0.01,24.87,beneficiary,South Indian Bank
2023-06,97.62,0.48,0.39,1.51,23.77,beneficiary,Bandhan Bank
2023-06,97.84,1.03,0.42,0.71,18.9,beneficiary,AU small Finance Bank
2023-06,99.74,0.17,0.02,0.07,15.01,beneficiary,Tamilnad Mercantile Bank
2023-06,98.58,0.78,0.08,0.56,15.13,beneficiary,City Union Bank
2023-06,99.25,0.31,0.13,0.31,14.42,beneficiary,Ujjivan Small Finance Bank
2023-06,97.11,0.34,0.31,2.25,13.75,beneficiary,Jammu and Kashmir Bank
2023-06,97.57,2.21,0.01,0.21,11.38,beneficiary,Equitas Bank
2023-06,97.58,0.19,0.34,1.9,10.97,beneficiary,Punjab and Sind Bank
2023-06,98.69,0.56,0.06,0.69,19.83,beneficiary,RBL Bank
2023-06,98.62,0.2,0.38,0.8,10.3,beneficiary,Kerala Gramin Bank
2023-06,97.81,0.38,0.7,1.11,10.09,beneficiary,Pragathi Krishna Gramin Bank
2023-06,99.76,0.0,0.1,0.14,11.91,beneficiary,Citibank
2023-06,93.82,0.29,0.49,5.4,9.79,beneficiary,Andhra Pradesh Grameena Vikas Bank
2023-06,98.36,1.4,0.12,0.12,9.16,beneficiary,DBS Bank India Limited
2023-06,94.04,0.38,0.44,5.15,8.58,beneficiary,Maharashtra Gramin Bank
2023-06,98.26,0.12,0.15,1.47,7.75,beneficiary,ESAF Small Finance Bank Ltd.
2023-06,94.84,1.03,0.87,3.26,7.56,beneficiary,Baroda UP Gramin Bank
2023-06,96.52,0.36,0.63,2.49,7.36,beneficiary,Rajasthan Marudhara Gramin Bank
2023-06,93.15,6.6,0.03,0.23,7.47,beneficiary,Tri O Tech Solutions Private Limited PPI
2023-06,99.17,0.43,0.25,0.15,6.5,beneficiary,Jio Payments Bank
2023-06,98.28,0.19,0.46,1.07,6.35,beneficiary,Saraswat Bank
2023-06,96.97,0.45,0.34,2.24,5.86,beneficiary,Sarva Haryana Gramin Bank
2023-06,92.97,2.7,0.23,4.1,6.09,beneficiary,Andhra Pragathi Grameena Bank
2023-07,99.82,0.17,0.0,0.01,2331.83,beneficiary,Paytm Payments Bank
2023-07,99.87,0.02,0.03,0.11,1865.76,beneficiary,Yes Bank Ltd
2023-07,99.24,0.18,0.06,0.58,1070.51,beneficiary,State Bank Of India
2023-07,99.89,0.09,0.04,0.02,688.05,beneficiary,Axis Bank Ltd.
2023-07,99.79,0.1,0.05,0.12,627.95,beneficiary,ICICI Bank
2023-07,99.27,0.65,0.03,0.08,510.54,beneficiary,HDFC BANK LTD
2023-07,99.58,0.25,0.14,0.17,290.12,beneficiary,Bank of Baroda
2023-07,99.76,0.15,0.03,0.08,279.02,beneficiary,Union Bank of India
2023-07,99.66,0.23,0.01,0.11,229.06,beneficiary,Federal Bank
2023-07,98.89,0.43,0.23,0.68,223.29,beneficiary,Canara Bank
2023-07,99.37,0.42,0.19,0.2,222.99,beneficiary,Punjab National Bank
2023-07,98.3,1.48,0.06,0.22,200.84,beneficiary,Kotak Mahindra Bank
2023-07,99.7,0.22,0.03,0.08,155.21,beneficiary,Bank of India
2023-07,98.54,0.36,0.44,1.1,149.29,beneficiary,Indian Bank
2023-07,98.89,0.38,0.46,0.73,124.06,beneficiary,Airtel Payments Bank
2023-07,99.32,0.19,0.14,0.49,96.57,beneficiary,INDUSIND BANK
2023-07,97.79,0.43,0.35,1.78,78.07,beneficiary,India Post Payment Bank
2023-07,98.38,0.57,0.48,1.06,76.44,beneficiary,Central Bank Of India
2023-07,97.51,0.31,0.83,2.17,63.85,beneficiary,Indian Overseas Bank
2023-07,98.86,0.68,0.12,0.47,57.89,beneficiary,UCO Bank
2023-07,99.09,0.39,0.1,0.52,54.7,beneficiary,IDBI Bank Limited
2023-07,98.41,1.0,0.21,0.59,49.55,beneficiary,IDFC FIRST Bank
2023-07,98.21,0.21,0.27,1.58,44.04,beneficiary,Bank of Maharashtra
2023-07,95.42,1.11,0.28,3.47,41.98,beneficiary,Fino Payments Bank Limited FIP
2023-07,97.5,0.72,0.17,1.78,36.16,beneficiary,Karnataka Bank
2023-07,98.69,0.43,0.14,0.88,28.69,beneficiary,Karur Vysya Bank
2023-07,99.71,0.22,0.01,0.06,26.01,beneficiary,South Indian Bank
2023-07,99.41,0.09,0.05,0.49,24.42,beneficiary,Bandhan Bank
2023-07,99.56,0.3,0.08,0.14,22.99,beneficiary,RBL Bank
2023-07,98.32,1.6,0.02,0.08,20.3,beneficiary,AU small Finance Bank
2023-07,99.76,0.15,0.02,0.09,16.44,beneficiary,Tamilnad Mercantile Bank
2023-07,98.67,0.9,0.1,0.43,16.17,beneficiary,City Union Bank
2023-07,99.34,0.3,0.16,0.36,15.43,beneficiary,Ujjivan Small Finance Bank
2023-07,98.52,0.32,0.11,1.16,14.39,beneficiary,Jammu and Kashmir Bank
2023-07,97.2,2.08,0.08,0.72,11.99,beneficiary,Equitas Small Finance Bank
2023-07,97.74,0.18,0.24,2.08,11.66,beneficiary,Punjab and Sind Bank
2023-07,99.48,0.2,0.26,0.32,10.91,beneficiary,Kerala Gramin Bank
2023-07,99.85,0.0,0.12,0.15,10.78,beneficiary,CITI Bank
2023-07,97.33,0.35,0.62,2.32,10.7,beneficiary,Pragathi Krishna Gramin Bank
2023-07,97.69,0.25,0.36,2.05,9.66,beneficiary,Andhra Pradesh Grameena Vikas Bank
2023-07,98.38,1.25,0.15,0.37,9.44,beneficiary,DBS Bank India Limited
2023-07,93.62,0.46,0.49,5.92,8.96,beneficiary,Maharashtra Gramin Bank
2023-07,93.56,6.12,0.04,0.32,8.46,beneficiary,Tri O Tech Solutions Private Limited
2023-07,93.3,0.74,1.6,5.97,8.28,beneficiary,Baroda UP Gramin Bank
2023-07,96.29,0.45,0.29,3.27,8.2,beneficiary,Rajasthan Marudhara Gramin Bank
2023-07,99.27,0.04,0.3,0.69,8.14,beneficiary,ESAF Small Finance Bank Ltd.
2023-07,88.2,0.43,0.31,11.38,6.71,beneficiary,Andhra Pragathi Grameena Bank
2023-07,98.11,0.18,0.2,1.72,6.64,beneficiary,Saraswat Bank
2023-07,98.26,0.48,0.19,1.26,6.08,beneficiary,Sarva Haryana Gramin Bank
2023-07,92.9,2.4,0.84,4.7,5.45,beneficiary,Baroda Rajasthan Kshetriya Gramin Bank
2023-08,99.82,0.13,0.0,0.05,2505.7,beneficiary,Paytm Payments Bank
2023-08,99.91,0.02,0.01,0.07,1789.49,beneficiary,Yes Bank Ltd
2023-08,99.09,0.18,0.25,0.73,1114.59,beneficiary,State Bank Of India
2023-08,99.81,0.13,0.07,0.06,733.96,beneficiary,Axis Bank Ltd.
2023-08,99.33,0.31,0.16,0.36,630.09,beneficiary,ICICI Bank
2023-08,99.33,0.59,0.07,0.08,530.64,beneficiary,HDFC BANK LTD
2023-08,98.24,0.17,0.17,1.59,308.67,beneficiary,Bank of Baroda
2023-08,99.3,0.16,0.21,0.54,295.91,beneficiary,Union Bank of India
2023-08,99.62,0.25,0.01,0.13,246.28,beneficiary,Federal Bank
2023-08,98.38,0.46,0.23,1.16,234.84,beneficiary,Punjab National Bank
2023-08,99.22,0.42,0.15,0.36,235.33,beneficiary,Canara Bank
2023-08,99.53,0.43,0.03,0.03,215.21,beneficiary,Kotak Mahindra Bank
2023-08,99.36,0.26,0.1,0.38,164.1,beneficiary,Bank of India
2023-08,99.51,0.42,0.09,0.07,162.0,beneficiary,Indian Bank
2023-08,99.0,0.4,0.24,0.6,135.79,beneficiary,Airtel Payments Bank
2023-08,97.34,0.21,0.67,2.45,102.79,beneficiary,INDUSIND BANK
2023-08,98.52,0.43,0.29,1.05,85.7,beneficiary,India Post Payment Bank
2023-08,98.45,0.58,0.5,0.96,80.15,beneficiary,Central Bank Of India
2023-08,98.56,0.34,0.48,1.1,66.68,beneficiary,Indian Overseas Bank
2023-08,98.75,0.77,0.11,0.49,61.82,beneficiary,UCO Bank
2023-08,97.73,0.43,0.23,1.84,57.26,beneficiary,IDBI Bank Limited
2023-08,99.26,0.23,0.14,0.51,46.19,beneficiary,Bank of Maharashtra
2023-08,97.86,1.27,0.07,0.87,47.49,beneficiary,Fino Payments Bank Limited FIP
2023-08,98.54,0.56,0.04,0.9,37.71,beneficiary,Karnataka Bank
2023-08,98.71,0.7,0.22,0.59,54.42,beneficiary,IDFC FIRST Bank
2023-08,99.38,0.4,0.08,0.22,29.53,beneficiary,Karur Vysya Bank
2023-08,99.71,0.22,0.01,0.07,27.99,beneficiary,South Indian Bank
2023-08,98.68,0.1,0.18,1.22,26.0,beneficiary,Bandhan Bank
2023-08,98.71,1.2,0.02,0.08,21.75,beneficiary,AU small Finance Bank
2023-08,99.52,0.19,0.01,0.29,17.43,beneficiary,Tamilnad Mercantile Bank
2023-08,98.87,0.77,0.08,0.36,16.91,beneficiary,City Union Bank
2023-08,98.41,0.39,0.25,1.2,26.86,beneficiary,RBL Bank
2023-08,99.16,0.31,0.21,0.53,16.59,beneficiary,Ujjivan Small Finance Bank
2023-08,98.56,0.33,0.16,1.11,16.76,beneficiary,Jammu and Kashmir Bank
2023-08,97.48,2.08,0.01,0.45,12.42,beneficiary,Equitas Small Finance Bank
2023-08,96.48,0.18,0.67,3.33,12.65,beneficiary,Punjab and Sind Bank
2023-08,96.61,0.2,1.41,3.19,12.41,beneficiary,Kerala Gramin Bank
2023-08,99.04,0.34,0.47,0.61,10.9,beneficiary,Pragathi Krishna Gramin Bank
2023-08,99.83,0.0,0.13,0.17,10.05,beneficiary,CITIBank
2023-08,98.47,0.62,0.11,0.91,10.26,beneficiary,Andhra Pradesh Grameena Vikas Bank
2023-08,98.22,1.22,0.29,0.56,9.69,beneficiary,DBS Bank India Limited
2023-08,98.64,0.27,0.17,1.09,9.26,beneficiary,Maharashtra Gramin Bank
2023-08,93.95,5.82,0.06,0.23,9.92,beneficiary,Tri O Tech Solutions Private Limited
2023-08,97.8,0.5,0.21,1.7,8.71,beneficiary,Rajasthan Marudhara Gramin Bank
2023-08,88.47,0.81,2.73,10.73,9.26,beneficiary,Baroda UP Gramin Bank
2023-08,98.73,0.03,0.39,1.24,8.84,beneficiary,ESAF Small Finance Bank Ltd.
2023-08,97.89,0.36,0.03,1.74,6.49,beneficiary,Andhra Pragathi Grameena Bank
2023-08,99.11,0.2,0.18,0.69,7.12,beneficiary,Saraswat Bank
2023-08,97.17,0.48,0.38,2.34,5.95,beneficiary,Sarva Haryana Gramin Bank
2023-08,95.32,2.63,0.53,2.05,5.64,beneficiary,Baroda Rajasthan Kshetriya Gramin Bank
2023-09,99.87,0.12,0.01,0.01,2482.89,beneficiary,Paytm Payments Bank
2023-09,99.98,0.02,0.0,0.0,2018.4,beneficiary,Yes Bank Ltd
2023-09,99.62,0.18,0.04,0.2,1118.01,beneficiary,State Bank Of India
2023-09,99.35,0.35,0.12,0.3,731.82,beneficiary,Axis Bank Ltd.
2023-09,99.49,0.4,0.03,0.11,625.87,beneficiary,ICICI Bank
2023-09,99.04,0.56,0.15,0.4,508.57,beneficiary,HDFC BANK LTD
2023-09,99.36,0.34,0.07,0.3,301.81,beneficiary,Bank of Baroda
2023-09,99.21,0.18,0.13,0.61,292.91,beneficiary,Union Bank of India
2023-09,99.75,0.25,0.0,0.0,248.34,beneficiary,Federal Bank
2023-09,99.44,0.42,0.06,0.14,236.23,beneficiary,Punjab National Bank
2023-09,99.35,0.43,0.12,0.22,234.42,beneficiary,Canara Bank
2023-09,99.38,0.45,0.13,0.16,215.88,beneficiary,Kotak Mahindra Bank
2023-09,99.58,0.23,0.08,0.19,162.61,beneficiary,Bank of India
2023-09,95.86,0.71,0.62,3.43,159.64,beneficiary,Indian Bank
2023-09,99.18,0.63,0.12,0.19,141.03,beneficiary,Airtel Payments Bank
2023-09,98.14,0.26,0.88,1.6,102.49,beneficiary,INDUSIND BANK
2023-09,98.04,0.42,0.16,1.55,87.55,beneficiary,India Post Payment Bank
2023-09,97.57,0.55,0.61,1.88,78.85,beneficiary,Central Bank Of India
2023-09,97.73,0.42,0.39,1.85,66.65,beneficiary,Indian Overseas Bank
2023-09,95.99,0.8,0.51,3.2,63.35,beneficiary,UCO Bank
2023-09,99.11,0.82,0.0,0.07,57.22,beneficiary,IDFC FIRST Bank
2023-09,99.3,0.45,0.13,0.26,56.22,beneficiary,IDBI Bank Limited
2023-09,98.01,0.64,0.07,1.35,50.15,beneficiary,Fino Payments Bank Limited FIP
2023-09,98.1,0.3,0.28,1.6,45.61,beneficiary,Bank of Maharashtra
2023-09,98.79,0.6,0.01,0.62,37.09,beneficiary,Karnataka Bank
2023-09,98.28,0.3,0.37,1.42,30.68,beneficiary,RBL bank
2023-09,99.3,0.44,0.06,0.26,29.51,beneficiary,Karur Vysya Bank
2023-09,99.35,0.21,0.13,0.44,27.4,beneficiary,South Indian Bank
2023-09,98.66,0.09,0.16,1.25,26.6,beneficiary,Bandhan Bank
2023-09,98.8,1.08,0.08,0.13,21.31,beneficiary,AU small Finance Bank
2023-09,97.78,0.23,0.21,1.98,17.86,beneficiary,Tamilnad Mercantile Bank
2023-09,97.87,0.32,0.24,1.8,17.29,beneficiary,Jammu and Kashmir Bank
2023-09,98.64,1.01,0.06,0.35,16.95,beneficiary,City Union Bank
2023-09,99.24,0.33,0.15,0.42,16.46,beneficiary,Ujjivan Small Finance Bank
2023-09,99.39,0.18,0.07,0.42,12.67,beneficiary,Punjab and Sind Bank
2023-09,97.65,2.02,0.02,0.32,12.19,beneficiary,Equitas Small Finance Bank
2023-09,99.15,0.23,0.33,0.62,11.77,beneficiary,Kerala Gramin Bank
2023-09,94.21,5.5,0.11,0.29,11.15,beneficiary,Tri O Tech Solutions Private Limited
2023-09,98.97,0.41,0.48,0.62,10.87,beneficiary,Pragathi Krishna Gramin Bank
2023-09,97.88,1.11,0.28,1.01,10.36,beneficiary,Andhra Pradesh Grameena Vikas Bank
2023-09,99.83,0.0,0.16,0.17,9.77,beneficiary,CITIBank
2023-09,96.1,0.26,0.17,3.64,9.4,beneficiary,Maharashtra Gramin Bank
2023-09,98.63,1.27,0.08,0.1,9.38,beneficiary,DBS Bank India Limited
2023-09,89.4,0.83,2.84,9.77,9.1,beneficiary,Baroda UP Gramin Bank
2023-09,99.4,0.03,0.42,0.57,8.66,beneficiary,ESAF Small Finance Bank Ltd.
2023-09,97.95,0.81,0.18,1.24,8.47,beneficiary,Rajasthan Marudhara Gramin Bank
2023-09,99.62,0.22,0.1,0.17,6.9,beneficiary,Saraswat Bank
2023-09,96.0,0.55,0.09,3.45,6.67,beneficiary,Andhra Pragathi Grameena Bank
2023-09,94.85,3.45,0.42,1.7,6.23,beneficiary,Fincare Small Finance Bank Ltd
2023-09,99.13,0.42,0.01,0.45,6.22,beneficiary,Sarva Haryana Gramin Bank
2023-10,99.87,0.11,0.0,0.02,2709.07,beneficiary,Paytm Payments Bank
2023-10,99.94,0.02,0.0,0.03,2224.58,beneficiary,Yes Bank Ltd
2023-10,97.26,0.28,0.41,2.46,1183.73,beneficiary,State Bank Of India
2023-10,99.73,0.22,0.03,0.05,798.18,beneficiary,Axis Bank Ltd.
2023-10,99.28,0.49,0.08,0.23,651.16,beneficiary,ICICI Bank
2023-10,99.39,0.5,0.06,0.11,535.56,beneficiary,HDFC BANK LTD
2023-10,98.09,0.84,0.16,1.07,326.93,beneficiary,Bank of Baroda
2023-10,98.97,0.24,0.22,0.8,314.34,beneficiary,Union Bank of India
2023-10,99.65,0.3,0.0,0.04,271.01,beneficiary,Federal Bank
2023-10,99.04,0.45,0.22,0.52,256.32,beneficiary,Punjab National Bank
2023-10,99.24,0.51,0.15,0.25,252.42,beneficiary,Canara Bank
2023-10,98.74,0.64,0.17,0.62,237.72,beneficiary,Kotak Mahindra Bank
2023-10,99.44,0.29,0.13,0.27,175.96,beneficiary,Bank of India
2023-10,99.44,0.46,0.03,0.1,169.62,beneficiary,Indian Bank
2023-10,99.23,0.59,0.1,0.18,158.7,beneficiary,Airtel Payments Bank
2023-10,98.36,0.37,0.3,1.28,129.76,beneficiary,INDUSIND BANK
2023-10,98.51,0.39,0.04,1.1,96.97,beneficiary,India Post Payment Bank
2023-10,97.64,0.64,0.53,1.72,84.25,beneficiary,Central Bank Of India
2023-10,99.28,0.4,0.3,0.32,72.39,beneficiary,Indian Overseas Bank
2023-10,98.84,0.8,0.17,0.36,67.14,beneficiary,UCO Bank
2023-10,98.77,0.46,0.29,0.77,60.68,beneficiary,IDBI Bank Limited
2023-10,98.99,0.57,0.1,0.45,49.66,beneficiary,Bank of Maharashtra
2023-10,97.26,0.69,0.06,2.05,50.88,beneficiary,Fino Payments Bank Limited FIP
2023-10,98.47,0.71,0.05,0.82,39.45,beneficiary,Karnataka Bank
2023-10,98.85,1.07,0.0,0.08,52.06,beneficiary,IDFC FIRST Bank
2023-10,99.07,0.61,0.08,0.32,31.11,beneficiary,Karur Vysya Bank
2023-10,99.6,0.33,0.02,0.07,29.03,beneficiary,South Indian Bank
2023-10,85.26,0.4,0.17,14.34,25.96,beneficiary,Bandhan Bank
2023-10,97.95,1.9,0.14,0.15,22.86,beneficiary,AU small Finance Bank
2023-10,98.79,0.34,0.13,0.87,18.78,beneficiary,Tamilnad Mercantile Bank
2023-10,98.69,1.13,0.05,0.19,18.0,beneficiary,City Union Bank
2023-10,96.25,1.44,0.27,2.31,39.79,beneficiary,RBL Bank
2023-10,98.24,0.24,0.45,1.51,18.2,beneficiary,Ujjivan Small Finance Bank
2023-10,98.03,0.33,0.17,1.63,18.65,beneficiary,Jammu and Kashmir Bank
2023-10,97.38,2.52,0.01,0.1,13.31,beneficiary,Equitas Small Finance Bank
2023-10,91.02,0.21,0.58,8.77,13.64,beneficiary,Punjab and Sind Bank
2023-10,98.25,0.24,0.55,1.51,12.93,beneficiary,Kerala Gramin Bank
2023-10,98.38,0.41,0.49,1.22,11.58,beneficiary,Pragathi Krishna Gramin Bank
2023-10,99.87,0.0,0.14,0.13,9.77,beneficiary,CITIBANK
2023-10,98.92,0.73,0.07,0.35,11.32,beneficiary,Andhra Pradesh Grameena Vikas Bank
2023-10,97.67,1.69,0.04,0.64,10.0,beneficiary,DBS Bank India Limited
2023-10,96.48,0.47,0.24,3.04,10.08,beneficiary,Maharashtra Gramin Bank
2023-10,94.13,5.79,0.03,0.08,13.24,beneficiary,Tri O Tech Solutions Private Limited
2023-10,99.06,0.5,0.08,0.43,8.94,beneficiary,Rajasthan Marudhara Gramin Bank
2023-10,92.97,0.8,2.18,6.24,9.59,beneficiary,Baroda UP Gramin Bank
2023-10,99.67,0.14,0.23,0.19,9.26,beneficiary,ESAF Small Finance Bank Ltd.
2023-10,97.79,0.56,0.03,1.65,7.09,beneficiary,Andhra Pragathi Grameena Bank
2023-10,99.47,0.34,0.1,0.18,7.5,beneficiary,Saraswat Bank
2023-10,97.6,0.41,0.51,1.99,6.75,beneficiary,Sarva Haryana Gramin Bank
2023-10,97.7,1.07,0.26,1.24,5.26,beneficiary,Baroda Rajasthan Kshetriya Gramin Bank
2023-11,99.9,0.08,0.0,0.01,2617.76,beneficiary,Paytm Payments Bank
2023-11,99.96,0.03,0.0,0.01,2146.74,beneficiary,Yes Bank Ltd
2023-11,99.15,0.27,0.06,0.58,1163.73,beneficiary,State Bank Of India
2023-11,99.52,0.34,0.07,0.15,856.15,beneficiary,Axis Bank Ltd.
2023-11,99.28,0.6,0.01,0.12,651.71,beneficiary,ICICI Bank
2023-11,99.29,0.65,0.04,0.06,508.67,beneficiary,HDFC BANK LTD
2023-11,99.43,0.48,0.1,0.09,317.76,beneficiary,Bank of Baroda
2023-11,99.55,0.25,0.12,0.2,310.09,beneficiary,Union Bank of India
2023-11,99.4,0.32,0.04,0.29,266.3,beneficiary,Federal Bank
2023-11,99.39,0.47,0.24,0.14,254.47,beneficiary,Punjab National Bank
2023-11,99.05,0.53,0.13,0.42,252.28,beneficiary,Canara Bank
2023-11,99.31,0.64,0.06,0.05,219.84,beneficiary,Kotak Mahindra Bank
2023-11,96.65,0.31,0.43,3.04,173.07,beneficiary,Bank of India
2023-11,99.49,0.44,0.04,0.07,167.39,beneficiary,Indian Bank
2023-11,99.07,0.51,0.15,0.43,160.79,beneficiary,Airtel Payments Bank
2023-11,98.93,0.43,0.43,0.64,135.4,beneficiary,INDUSIND BANK
2023-11,98.67,0.42,0.14,0.9,100.15,beneficiary,India Post Payment Bank
2023-11,98.41,0.57,0.45,1.02,82.64,beneficiary,Central Bank Of India
2023-11,99.24,0.35,0.32,0.4,70.94,beneficiary,Indian Overseas Bank
2023-11,98.39,0.79,0.08,0.82,67.33,beneficiary,UCO Bank
2023-11,98.43,0.48,0.47,1.09,58.83,beneficiary,IDBI Bank Limited
2023-11,98.98,0.61,0.1,0.41,48.5,beneficiary,Bank of Maharashtra
2023-11,98.15,0.7,0.1,1.15,44.77,beneficiary,Fino Payments Bank Limited FIP
2023-11,98.76,0.67,0.02,0.58,39.12,beneficiary,Karnataka Bank
2023-11,98.45,1.39,0.15,0.16,48.61,beneficiary,IDFC FIRST Bank
2023-11,98.98,0.59,0.09,0.43,30.6,beneficiary,Karur Vysya Bank
2023-11,99.15,0.43,0.02,0.42,29.58,beneficiary,South Indian Bank
2023-11,98.07,0.53,0.0,1.4,26.18,beneficiary,Bandhan Bank
2023-11,97.6,2.24,0.11,0.16,22.96,beneficiary,AU small Finance Bank
2023-11,99.5,0.31,0.03,0.19,18.71,beneficiary,Tamilnad Mercantile Bank
2023-11,98.36,1.45,0.06,0.19,17.92,beneficiary,City Union Bank
2023-11,95.83,0.55,0.31,3.62,44.4,beneficiary,RBL Bank
2023-11,99.31,0.19,0.25,0.5,17.99,beneficiary,Ujjivan Small Finance Bank
2023-11,98.0,0.35,0.27,1.64,19.18,beneficiary,Jammu and Kashmir Bank
2023-11,97.55,2.37,0.0,0.08,12.5,beneficiary,Equitas Bank
2023-11,99.37,0.28,0.21,0.35,13.25,beneficiary,Punjab and Sind Bank
2023-11,98.41,0.22,0.59,1.38,13.43,beneficiary,Kerala Gramin Bank
2023-11,99.0,0.49,0.33,0.51,11.6,beneficiary,Pragathi Krishna Gramin Bank
2023-11,99.79,0.0,0.0,0.21,10.35,beneficiary,CITIBank
2023-11,98.76,0.87,0.07,0.37,11.19,beneficiary,Andhra Pradesh Grameena Vikas Bank
2023-11,98.21,1.7,0.04,0.08,9.6,beneficiary,DBS Bank India Limited
2023-11,98.29,0.26,0.14,1.45,9.6,beneficiary,Maharashtra Gramin Bank
2023-11,94.64,5.32,0.01,0.04,13.88,beneficiary,Tri O Tech Solutions Private Limited
2023-11,99.17,0.61,0.06,0.22,8.76,beneficiary,Rajasthan Marudhara Gramin Bank
2023-11,83.36,0.85,5.43,15.8,10.63,beneficiary,Baroda UP Gramin Bank
2023-11,99.66,0.17,0.05,0.18,9.33,beneficiary,ESAF Small Finance Bank Ltd.
2023-11,97.88,0.74,0.04,1.38,7.17,beneficiary,Andhra Pragathi Grameena Bank
2023-11,99.35,0.37,0.11,0.28,7.23,beneficiary,Saraswat Bank
2023-11,97.2,0.43,0.6,2.37,6.55,beneficiary,Sarva Haryana Gramin Bank
2023-11,94.07,1.31,1.32,4.62,5.2,beneficiary,Baroda Rajasthan Kshetriya Gramin Bank
2023-12,99.9,0.07,0.0,0.03,2835.27,beneficiary,Paytm Payments Bank
2023-12,99.95,0.04,0.0,0.01,2269.48,beneficiary,Yes Bank Ltd
2023-12,99.5,0.19,0.07,0.3,1252.21,beneficiary,State Bank Of India
2023-12,99.9,0.09,0.01,0.01,967.52,beneficiary,Axis Bank Ltd.
2023-12,99.36,0.48,0.07,0.16,647.97,beneficiary,ICICI Bank
2023-12,97.8,2.13,0.05,0.06,549.41,beneficiary,HDFC BANK LTD
2023-12,99.32,0.25,0.13,0.43,333.64,beneficiary,Bank of Baroda
2023-12,99.49,0.19,0.26,0.33,326.55,beneficiary,Union Bank of India
2023-12,99.65,0.29,0.0,0.06,291.79,beneficiary,Federal Bank
2023-12,99.41,0.51,0.11,0.08,270.17,beneficiary,Punjab National Bank
2023-12,99.06,0.67,0.12,0.27,268.75,beneficiary,Canara Bank
2023-12,99.28,0.46,0.22,0.26,233.06,beneficiary,Kotak Mahindra Bank
2023-12,98.93,0.67,0.04,0.4,182.11,beneficiary,Indian Bank
2023-12,99.58,0.24,0.08,0.17,179.9,beneficiary,Bank of India
2023-12,97.63,0.43,0.59,1.94,174.41,beneficiary,Airtel Payments Bank
2023-12,99.07,0.34,0.5,0.59,135.25,beneficiary,INDUSIND BANK
2023-12,96.76,0.37,0.25,2.87,108.03,beneficiary,India Post Payment Bank
2023-12,98.7,0.51,0.45,0.8,85.35,beneficiary,Central Bank Of India
2023-12,98.44,0.32,0.5,1.23,75.21,beneficiary,Indian Overseas Bank
2023-12,98.84,0.68,0.11,0.48,73.18,beneficiary,UCO Bank
2023-12,98.98,0.43,0.15,0.59,62.13,beneficiary,IDBI Bank Limited
2023-12,91.43,0.3,0.41,8.27,55.75,beneficiary,RBL Bank
2023-12,98.84,0.28,0.15,0.88,52.68,beneficiary,Bank of Maharashtra
2023-12,97.67,1.33,0.05,1.0,50.18,beneficiary,Fino Payments Bank Limited
2023-12,98.43,1.53,0.03,0.04,47.49,beneficiary,IDFC FIRST Bank
2023-12,98.09,0.54,0.23,1.37,42.03,beneficiary,Karnataka Bank
2023-12,99.52,0.41,0.01,0.07,31.89,beneficiary,South Indian Bank
2023-12,98.07,1.58,0.04,0.35,31.85,beneficiary,Karur Vysya Bank
2023-12,98.57,0.43,0.0,1.0,28.2,beneficiary,Bandhan Bank
2023-12,96.89,2.38,0.36,0.73,24.92,beneficiary,AU small Finance Bank
2023-12,99.35,0.19,0.03,0.47,19.9,beneficiary,Tamilnad Mercantile Bank
2023-12,98.6,0.82,0.26,0.59,19.06,beneficiary,Ujjivan Small Finance Bank
2023-12,98.56,1.13,0.05,0.31,18.56,beneficiary,City Union Bank
2023-12,97.22,0.37,1.04,2.41,17.46,beneficiary,Jammu and Kashmir Bank
2023-12,95.5,4.49,0.0,0.01,16.54,beneficiary,Tri O Tech Solutions Private Limited
2023-12,99.62,0.25,0.15,0.12,14.38,beneficiary,Kerala Gramin Bank
2023-12,97.23,0.45,0.95,2.32,14.18,beneficiary,Punjab and Sind Bank
2023-12,97.93,1.91,0.01,0.15,12.95,beneficiary,Equitas Bank
2023-12,99.42,0.42,0.2,0.17,12.34,beneficiary,Pragathi Krishna Gramin Bank
2023-12,98.71,0.97,0.07,0.32,11.92,beneficiary,Andhra Pradesh Grameena Vikas Bank
2023-12,71.76,0.67,10.95,27.57,10.8,beneficiary,Baroda UP Gramin Bank
2023-12,96.73,0.28,0.17,2.99,10.4,beneficiary,Maharashtra Gramin Bank
2023-12,98.53,1.44,0.03,0.03,10.08,beneficiary,DBS Bank India Limited
2023-12,99.62,0.13,0.11,0.24,10.01,beneficiary,ESAF Small Finance Bank Ltd.
2023-12,98.92,0.5,0.1,0.58,9.36,beneficiary,Rajasthan Marudhara Gramin Bank
2023-12,99.65,0.0,0.01,0.35,8.95,beneficiary,ONE MOBIKWIK SYSTEMS LIMITED
2023-12,95.75,1.02,0.18,3.22,7.8,beneficiary,Andhra Pragathi Grameena Bank
2023-12,99.25,0.19,0.18,0.56,7.54,beneficiary,Saraswat Bank
2023-12,99.82,0.0,0.22,0.18,7.31,beneficiary,CITI Bank
2023-12,95.9,1.92,0.01,2.17,7.26,beneficiary,Fincare Small Finance Bank Ltd
2024-01,99.9,0.07,0.0,0.03,2851.38,beneficiary,Paytm Payments Bank
2024-01,99.92,0.04,0.01,0.04,2105.87,beneficiary,Yes Bank Ltd
2024-01,99.64,0.18,0.04,0.18,1306.23,beneficiary,State Bank Of India
2024-01,99.76,0.18,0.1,0.06,1008.43,beneficiary,Axis Bank Ltd.
2024-01,99.42,0.54,0.02,0.04,647.71,beneficiary,ICICI Bank
2024-01,98.2,1.76,0.01,0.04,549.54,beneficiary,HDFC BANK LTD
2024-01,99.8,0.17,0.04,0.03,336.93,beneficiary,Bank of Baroda
2024-01,99.0,0.17,0.37,0.84,324.67,beneficiary,Union Bank of India
2024-01,99.53,0.34,0.01,0.13,301.12,beneficiary,Federal Bank
2024-01,99.49,0.38,0.23,0.13,271.75,beneficiary,Punjab National Bank
2024-01,98.43,1.3,0.17,0.28,268.36,beneficiary,Canara Bank
2024-01,98.61,0.47,0.39,0.92,236.42,beneficiary,Kotak Mahindra Bank
2024-01,98.96,0.77,0.1,0.27,192.09,beneficiary,Indian Bank
2024-01,99.03,0.39,0.33,0.58,184.67,beneficiary,Airtel Payments Bank
2024-01,99.64,0.25,0.04,0.11,179.8,beneficiary,Bank of India
2024-01,98.83,0.54,0.1,0.62,129.0,beneficiary,INDUSIND BANK
2024-01,98.17,0.38,0.16,1.45,113.35,beneficiary,India Post Payment Bank
2024-01,96.53,0.5,1.21,2.97,85.35,beneficiary,Central Bank Of India
2024-01,98.86,0.39,0.28,0.75,76.93,beneficiary,Indian Overseas Bank
2024-01,96.13,0.63,0.65,3.24,73.44,beneficiary,UCO Bank
2024-01,92.29,0.36,0.26,7.35,62.06,beneficiary,RBL
2024-01,97.83,0.43,0.4,1.74,62.06,beneficiary,IDBI Bank Limited
2024-01,98.92,0.24,0.14,0.84,53.88,beneficiary,Bank of Maharashtra
2024-01,97.49,1.88,0.07,0.62,45.27,beneficiary,Fino Payments Bank Limited FIP
2024-01,98.66,0.81,0.08,0.54,41.79,beneficiary,Karnataka Bank
2024-01,97.78,2.04,0.04,0.18,38.32,beneficiary,IDFC First Bank
2024-01,98.42,1.32,0.04,0.25,31.32,beneficiary,Karur Vysya Bank
2024-01,96.63,3.23,0.02,0.15,31.07,beneficiary,South Indian Bank
2024-01,94.91,0.24,0.46,4.85,28.56,beneficiary,Bandhan Bank
2024-01,96.53,3.24,0.04,0.23,26.21,beneficiary,AU small Finance Bank
2024-01,99.6,0.16,0.02,0.24,20.54,beneficiary,Tamilnad Mercantile Bank
2024-01,98.06,0.85,0.41,1.09,19.4,beneficiary,Ujjivan Small Finance Bank
2024-01,97.08,2.67,0.03,0.25,18.79,beneficiary,City Union Bank
2024-01,99.06,0.6,0.14,0.35,18.46,beneficiary,Jammu and Kashmir Bank
2024-01,95.28,4.12,0.26,0.6,17.98,beneficiary,Tri O Tech Solutions Private Limited
2024-01,89.31,0.24,0.88,10.46,14.38,beneficiary,Kerala Gramin Bank
2024-01,98.14,1.24,0.62,0.62,13.75,beneficiary,Punjab and Sind Bank
2024-01,84.28,0.32,0.47,15.4,13.28,beneficiary,Pragathi Krishna Gramin Bank
2024-01,97.83,2.03,0.01,0.13,12.96,beneficiary,Equitas Bank
2024-01,97.08,1.26,0.28,1.66,12.56,beneficiary,Andhra Pradesh Grameena Vikas Bank
2024-01,99.99,0.0,0.0,0.01,11.31,beneficiary,ONE MOBIKWIK SYSTEMS LIMITED
2024-01,96.11,0.28,0.33,3.62,10.74,beneficiary,Maharashtra Gramin Bank
2024-01,95.16,0.13,0.58,4.71,10.37,beneficiary,ESAF Small Finance Bank Ltd.
2024-01,98.38,1.56,0.06,0.06,10.3,beneficiary,DBS Bank India Limited
2024-01,71.46,0.61,8.74,27.93,10.21,beneficiary,Baroda UP Gramin Bank
2024-01,99.87,0.0,0.2,0.13,10.02,beneficiary,CITI
2024-01,99.41,0.3,0.1,0.29,9.82,beneficiary,Rajasthan Marudhara Gramin Bank
2024-01,99.33,0.31,0.31,0.36,9.12,beneficiary,Jio Payments Bank
2024-01,95.71,2.71,0.04,1.57,7.98,beneficiary,Fincare Small Finance Bank Ltd
2024-01,98.04,0.47,0.22,1.49,7.85,beneficiary,Andhra Pragathi Grameena Bank
2024-02,99.9,0.08,0.0,0.02,2543.04,beneficiary,Paytm Payments Bank
2024-02,99.95,0.03,0.0,0.01,2408.99,beneficiary,Yes Bank Ltd
2024-02,98.92,0.14,0.09,0.93,1350.11,beneficiary,State Bank Of India
2024-02,99.91,0.08,0.02,0.01,1029.01,beneficiary,Axis Bank Ltd.
2024-02,99.21,0.67,0.1,0.12,620.78,beneficiary,ICICI Bank
2024-02,98.17,1.46,0.14,0.37,553.52,beneficiary,HDFC BANK LTD
2024-02,99.14,0.32,0.52,0.54,336.67,beneficiary,Bank of Baroda
2024-02,98.9,0.13,0.43,0.97,322.91,beneficiary,Union Bank of India
2024-02,99.47,0.32,0.02,0.21,316.08,beneficiary,Federal Bank
2024-02,99.57,0.33,0.12,0.11,278.27,beneficiary,Punjab National Bank
2024-02,98.49,1.23,0.17,0.29,272.27,beneficiary,Canara Bank
2024-02,98.58,0.4,0.53,1.01,242.32,beneficiary,Kotak Mahindra Bank
2024-02,99.35,0.33,0.03,0.32,200.32,beneficiary,Airtel Payments Bank
2024-02,98.92,0.88,0.04,0.2,197.87,beneficiary,Indian Bank
2024-02,99.11,0.23,0.18,0.66,180.38,beneficiary,Bank of India
2024-02,99.25,0.31,0.21,0.44,134.71,beneficiary,INDUSIND BANK
2024-02,97.46,0.38,0.26,2.16,119.59,beneficiary,India Post Payment Bank
2024-02,94.84,0.45,1.23,4.71,84.86,beneficiary,Central Bank Of India
2024-02,98.46,0.47,0.45,1.07,78.84,beneficiary,Indian Overseas Bank
2024-02,99.21,0.7,0.04,0.08,74.07,beneficiary,UCO Bank
2024-02,93.78,0.54,0.93,5.67,60.85,beneficiary,IDBI Bank Limited
2024-02,96.19,0.21,0.32,3.6,54.57,beneficiary,Bank of Maharashtra
2024-02,94.24,0.42,0.49,5.34,52.57,beneficiary,RBL bank
2024-02,98.31,1.31,0.15,0.38,48.84,beneficiary,Fino Payments Bank Limited
2024-02,98.27,1.0,0.04,0.73,41.82,beneficiary,Karnataka Bank
2024-02,98.05,1.85,0.04,0.1,35.13,beneficiary,IDFC FIRST Bank
2024-02,98.6,1.16,0.06,0.23,31.92,beneficiary,Karur Vysya Bank
2024-02,97.88,2.1,0.01,0.02,29.77,beneficiary,South Indian Bank
2024-02,96.68,0.23,0.23,3.09,29.22,beneficiary,Bandhan Bank
2024-02,96.28,3.33,0.1,0.39,26.6,beneficiary,AU small Finance Bank
2024-02,99.35,0.17,0.04,0.48,21.42,beneficiary,Tamilnad Mercantile Bank
2024-02,99.07,0.45,0.46,0.48,20.34,beneficiary,Jammu and Kashmir Bank
2024-02,98.59,1.02,0.25,0.39,19.51,beneficiary,Ujjivan Small Finance Bank
2024-02,97.55,2.13,0.02,0.32,19.3,beneficiary,City Union Bank
2024-02,96.17,3.8,0.01,0.03,18.51,beneficiary,Tri O Tech Solutions Private Limited
2024-02,99.99,0.0,0.0,0.01,15.24,beneficiary,ONE MOBIKWIK SYSTEMS LIMITED
2024-02,96.07,1.14,0.61,2.79,14.14,beneficiary,Punjab and Sind Bank
2024-02,97.8,0.25,0.97,1.96,14.01,beneficiary,Kerala Gramin Bank
2024-02,97.9,1.85,0.01,0.25,13.15,beneficiary,Equitas Bank
2024-02,98.38,1.23,0.14,0.4,12.36,beneficiary,Andhra Pradesh Grameena Vikas Bank
2024-02,98.53,1.21,0.12,0.26,12.03,beneficiary,DBS Bank India Limited
2024-02,97.3,0.61,1.18,2.09,11.61,beneficiary,Pragathi Krishna Gramin Bank
2024-02,99.39,0.26,0.27,0.36,11.33,beneficiary,Jio Payments Bank
2024-02,99.84,0.0,0.24,0.16,10.68,beneficiary,CITI Bank
2024-02,98.15,0.32,0.17,1.53,10.56,beneficiary,Maharashtra Gramin Bank
2024-02,98.04,0.4,0.13,1.55,10.31,beneficiary,Rajasthan Marudhara Gramin Bank
2024-02,97.11,0.11,0.38,2.78,10.16,beneficiary,ESAF Small Finance Bank Ltd.
2024-02,92.84,0.82,1.71,6.34,9.18,beneficiary,Baroda UP Gramin Bank
2024-02,96.27,3.29,0.09,0.44,8.55,beneficiary,Fincare Small Finance Bank Ltd
2024-02,98.57,0.45,0.04,0.98,8.07,beneficiary,Andhra Pragathi Grameena Bank
2024-03,99.93,0.04,0.0,0.04,2638.46,beneficiary,Yes Bank Ltd
2024-03,99.83,0.16,0.0,0.02,2490.22,beneficiary,Paytm Payments Bank
2024-03,99.59,0.13,0.04,0.28,1524.71,beneficiary,State Bank Of India
2024-03,99.89,0.11,0.06,0.0,1230.7,beneficiary,Axis Bank Ltd.
2024-03,99.55,0.4,0.04,0.05,647.55,beneficiary,ICICI Bank
2024-03,98.79,1.19,0.02,0.02,643.37,beneficiary,HDFC BANK LTD
2024-03,99.56,0.31,0.18,0.13,372.75,beneficiary,Bank of Baroda
2024-03,99.62,0.28,0.01,0.11,370.03,beneficiary,Federal Bank
2024-03,99.01,0.13,0.3,0.86,357.49,beneficiary,Union Bank of India
2024-03,99.55,0.34,0.09,0.11,312.24,beneficiary,Punjab National Bank
2024-03,98.06,1.6,0.19,0.35,303.29,beneficiary,Canara Bank
2024-03,99.56,0.38,0.08,0.06,283.32,beneficiary,Kotak Mahindra Bank
2024-03,99.54,0.28,0.03,0.19,231.8,beneficiary,Airtel Payments Bank
2024-03,98.93,0.95,0.14,0.12,225.26,beneficiary,Indian Bank
2024-03,99.54,0.2,0.09,0.26,197.83,beneficiary,Bank of India
2024-03,99.2,0.45,0.12,0.36,131.65,beneficiary,INDUSIND BANK
2024-03,95.21,0.41,0.34,4.38,131.52,beneficiary,India Post Payment Bank
2024-03,98.14,0.4,0.58,1.46,93.29,beneficiary,Central Bank Of India
2024-03,97.75,0.47,0.57,1.78,87.87,beneficiary,Indian Overseas Bank
2024-03,98.67,0.85,0.25,0.48,84.0,beneficiary,UCO Bank
2024-03,98.13,0.74,0.16,1.13,65.49,beneficiary,IDBI Bank Limited
2024-03,96.0,2.83,0.19,1.17,63.82,beneficiary,Fino Payments Bank Limited
2024-03,95.97,0.19,0.41,3.84,61.24,beneficiary,Bank of Maharashtra
2024-03,94.08,2.96,0.93,2.96,49.38,beneficiary,RBL Bank Limited
2024-03,97.72,1.46,0.1,0.82,46.73,beneficiary,Karnataka Bank
2024-03,98.06,1.71,0.07,0.23,36.02,beneficiary,IDFC FIRST Bank
2024-03,97.58,1.21,0.21,1.21,35.22,beneficiary,Karur Vysya Bank
2024-03,98.6,0.26,0.01,1.14,32.36,beneficiary,Bandhan Bank
2024-03,98.07,1.87,0.02,0.06,32.16,beneficiary,South Indian Bank
2024-03,96.15,2.96,0.19,0.89,30.19,beneficiary,AU small Finance Bank
2024-03,98.96,0.78,0.21,0.26,25.44,beneficiary,Jammu and Kashmir Bank
2024-03,98.31,0.1,0.27,1.59,24.37,beneficiary,Tamilnad Mercantile Bank
2024-03,95.35,4.6,0.0,0.06,22.15,beneficiary,Tri O Tech Solutions Private Limited
2024-03,98.73,1.12,0.12,0.16,21.74,beneficiary,Ujjivan Small Finance Bank
2024-03,97.61,2.12,0.04,0.28,21.21,beneficiary,City Union Bank
2024-03,95.93,1.26,0.85,2.81,16.2,beneficiary,Punjab and Sind Bank
2024-03,99.27,0.28,0.3,0.45,15.07,beneficiary,Kerala Gramin Bank
2024-03,97.44,2.28,0.02,0.28,14.44,beneficiary,Equitas Bank
2024-03,97.46,0.65,0.3,1.89,13.56,beneficiary,Andhra Pradesh Grameena Vikas Bank
2024-03,98.57,0.39,0.67,1.04,12.98,beneficiary,Pragathi Krishna Gramin Bank
2024-03,97.79,1.75,0.15,0.46,12.36,beneficiary,DBS Bank India Limited
2024-03,99.11,0.35,0.09,0.54,11.89,beneficiary,Maharashtra Gramin Bank
2024-03,96.75,0.47,0.46,2.77,11.79,beneficiary,Rajasthan Marudhara Gramin Bank
2024-03,99.86,0.0,0.17,0.14,11.77,beneficiary,Citibank
2024-03,98.96,0.59,0.08,0.45,11.55,beneficiary,Jio Payments Bank
2024-03,88.76,0.7,3.51,10.54,11.16,beneficiary,Baroda UP Gramin Bank
2024-03,99.17,0.11,0.21,0.72,10.73,beneficiary,ESAF Small Finance Bank Ltd.
2024-03,97.42,0.68,0.05,1.9,9.12,beneficiary,Andhra Pragathi Grameena Bank
2024-03,99.22,0.43,0.0,0.34,7.84,beneficiary,Sarva Haryana Gramin Bank
2024-03,97.1,2.64,0.11,0.27,7.84,beneficiary,Saraswat Bank
2024-04,99.97,0.02,0.0,0.01,5076.4,beneficiary,Yes Bank Ltd
2024-04,99.01,0.11,0.18,0.89,1512.29,beneficiary,State Bank Of India
2024-04,99.92,0.08,0.04,0.0,1248.35,beneficiary,Axis Bank Ltd.
2024-04,98.74,1.19,0.02,0.07,625.05,beneficiary,HDFC BANK LTD
2024-04,99.58,0.4,0.02,0.02,606.73,beneficiary,ICICI Bank
2024-04,98.51,1.01,0.31,0.49,376.04,beneficiary,Bank of Baroda
2024-04,99.74,0.23,0.0,0.03,373.7,beneficiary,Federal Bank
2024-04,97.99,0.13,0.44,1.88,346.48,beneficiary,Union Bank of India
2024-04,98.62,0.39,0.2,0.99,311.53,beneficiary,Punjab National Bank
2024-04,98.17,1.24,0.21,0.59,297.27,beneficiary,Canara Bank
2024-04,97.82,1.13,0.33,1.05,283.22,beneficiary,Kotak Mahindra Bank
2024-04,99.19,0.23,0.12,0.58,253.57,beneficiary,Airtel Payments Bank
2024-04,98.97,0.91,0.13,0.11,220.9,beneficiary,Indian Bank
2024-04,98.76,0.4,0.16,0.84,197.52,beneficiary,Bank of India
2024-04,98.54,0.83,0.1,0.64,124.15,beneficiary,INDUSIND BANK
2024-04,98.04,1.3,0.31,0.65,111.72,beneficiary,India Post Payment Bank
2024-04,97.91,0.36,0.52,1.73,92.14,beneficiary,Central Bank Of India
2024-04,98.24,0.45,0.35,1.31,87.08,beneficiary,Indian Overseas Bank
2024-04,98.49,0.7,0.09,0.81,84.09,beneficiary,UCO Bank
2024-04,96.15,3.18,0.07,0.66,65.46,beneficiary,Fino Payments Bank Limited
2024-04,98.63,0.44,0.51,0.93,65.04,beneficiary,IDBI Bank Limited
2024-04,98.65,0.19,0.2,1.16,60.58,beneficiary,Bank of Maharashtra
2024-04,97.84,2.01,0.07,0.15,52.02,beneficiary,RBL Bank Limited
2024-04,97.89,1.23,0.09,0.88,46.09,beneficiary,Karnataka Bank
2024-04,98.6,1.28,0.04,0.11,35.26,beneficiary,IDFC FIRST Bank
2024-04,98.29,1.19,0.08,0.52,34.16,beneficiary,Karur Vysya Bank
2024-04,97.87,0.28,0.07,1.85,33.71,beneficiary,Bandhan Bank
2024-04,98.4,1.49,0.02,0.11,32.2,beneficiary,South Indian Bank
2024-04,96.21,3.06,0.13,0.73,28.54,beneficiary,AU small Finance Bank
2024-04,99.07,0.66,0.28,0.28,27.28,beneficiary,Jammu and Kashmir Bank
2024-04,99.39,0.1,0.03,0.51,23.83,beneficiary,Tamilnad Mercantile Bank
2024-04,95.36,4.5,0.02,0.15,23.07,beneficiary,Tri O Tech Solutions Private Limited
2024-04,98.93,0.92,0.11,0.15,21.39,beneficiary,Ujjivan Small Finance Bank
2024-04,97.95,1.82,0.02,0.24,20.6,beneficiary,City Union Bank
2024-04,98.92,0.3,0.54,0.77,14.82,beneficiary,Kerala Gramin Bank
2024-04,92.73,0.79,2.9,6.48,14.56,beneficiary,Punjab and Sind Bank
2024-04,98.23,1.5,0.02,0.27,14.05,beneficiary,Equitas Small Finance Bank
2024-04,98.85,0.56,0.08,0.59,13.65,beneficiary,Andhra Pradesh Grameena Vikas Bank
2024-04,97.54,0.4,1.21,2.07,13.14,beneficiary,Pragathi Krishna Gramin Bank
2024-04,98.77,0.37,0.47,0.86,13.01,beneficiary,Jio Payments Bank
2024-04,97.53,0.33,0.29,2.14,11.84,beneficiary,Maharashtra Gramin Bank
2024-04,97.26,1.79,0.08,0.95,11.43,beneficiary,DBS Bank India Limited
2024-04,99.43,0.38,0.04,0.19,11.34,beneficiary,Rajasthan Marudhara Gramin Bank
2024-04,88.1,0.65,2.49,11.26,11.01,beneficiary,Baroda UP Gramin Bank
2024-04,96.19,3.29,0.05,0.53,10.5,beneficiary,Fincare Small Finance Bank Ltd
2024-04,99.68,0.13,0.11,0.19,10.43,beneficiary,ESAF Small Finance Bank Ltd.
2024-04,99.81,0.0,0.24,0.19,9.88,beneficiary,Citi Bank
2024-04,95.43,1.17,0.12,3.4,9.29,beneficiary,Andhra Pragathi Grameena Bank
2024-04,99.0,0.38,0.16,0.62,7.88,beneficiary,Sarva Haryana Gramin Bank
2024-04,96.99,2.39,0.14,0.62,7.64,beneficiary,Saraswat Bank
2024-05,99.96,0.02,0.0,0.02,5597.32,beneficiary,Yes Bank Ltd
2024-05,99.76,0.1,0.05,0.15,1589.47,beneficiary,State Bank of India
2024-05,99.88,0.11,0.01,0.0,1290.76,beneficiary,Axis Bank Ltd
2024-05,98.85,1.1,0.03,0.06,652.69,beneficiary,HDFC Bank Ltd
2024-05,99.61,0.37,0.02,0.02,633.5,beneficiary,ICICI Bank
2024-05,99.31,0.25,0.14,0.45,400.48,beneficiary,Bank of Baroda
2024-05,99.36,0.24,0.07,0.41,391.25,beneficiary,Federal Bank
2024-05,99.46,0.11,0.04,0.43,356.69,beneficiary,Union Bank Of India
2024-05,99.36,0.29,0.17,0.36,326.47,beneficiary,Punjab national Bank
2024-05,97.98,1.15,0.36,0.87,305.13,beneficiary,Canara Bank
2024-05,99.27,0.44,0.11,0.29,285.74,beneficiary,Kotak Mahindra Bank
2024-05,99.41,0.25,0.09,0.35,264.42,beneficiary,Airtel Payments Bank
2024-05,98.47,1.32,0.21,0.22,230.91,beneficiary,Indian Bank
2024-05,98.08,0.82,0.4,1.1,203.54,beneficiary,Bank Of India
2024-05,99.39,0.28,0.06,0.33,136.48,beneficiary,India Post Payment Bank
2024-05,99.32,0.49,0.04,0.19,127.61,beneficiary,Indusind Bank
2024-05,98.67,0.57,0.2,0.77,94.86,beneficiary,Central Bank of India
2024-05,98.87,0.89,0.12,0.24,93.82,beneficiary,Indian Overseas Bank
2024-05,99.23,0.71,0.03,0.05,87.25,beneficiary,UCO Bank
2024-05,96.62,3.19,0.04,0.19,72.06,beneficiary,Fino Payments Bank Limited
2024-05,99.62,0.31,0.01,0.07,67.45,beneficiary,IDBI Bank Limited
2024-05,97.48,0.18,0.42,2.34,62.25,beneficiary,Bank of Maharashtra
2024-05,98.31,1.4,0.04,0.3,48.13,beneficiary,Karnataka Bank
2024-05,98.38,1.39,0.12,0.23,45.73,beneficiary,RBL Bank LTD
2024-05,98.76,1.17,0.01,0.07,36.08,beneficiary,IDFC First Bank
2024-05,98.62,1.22,0.04,0.16,35.56,beneficiary,Karur Vysya Bank
2024-05,97.94,0.41,0.06,1.65,35.28,beneficiary,Bandhan Bank
2024-05,98.76,1.15,0.02,0.09,34.01,beneficiary,South Indian Bank
2024-05,99.2,0.45,0.35,0.35,32.79,beneficiary,Jammu and Kashmir Bank
2024-05,99.96,0.02,0.0,0.03,31.71,beneficiary,ONE MOBIKWIK SYSTEMS LIMITED
2024-05,97.9,1.53,0.12,0.57,27.89,beneficiary,AU small Finance Bank
2024-05,99.55,0.09,0.04,0.36,25.26,beneficiary,Tamilnad Mercantile Bank
2024-05,96.07,3.8,0.03,0.13,24.56,beneficiary,Tri O Tech Solutions Private Limited
2024-05,98.74,0.89,0.25,0.37,22.36,beneficiary,Ujjivan Small Finance Bank
2024-05,97.73,2.0,0.0,0.27,21.65,beneficiary,City Union Bank
2024-05,98.68,1.02,0.1,0.3,16.69,beneficiary,Punjab and Sind Bank
2024-05,98.12,0.97,0.4,0.91,15.56,beneficiary,Kerala Gramin Bank
2024-05,98.49,1.32,0.06,0.19,14.39,beneficiary,Equitas Small Finance Bank
2024-05,98.87,0.45,0.15,0.67,13.89,beneficiary,Andhra Pradesh Grameena Vikas Bank
2024-05,99.05,0.5,0.18,0.46,13.39,beneficiary,Jio Payments Bank
2024-05,97.27,1.18,0.94,1.56,13.28,beneficiary,Pragathi Krishna Gramin Bank
2024-05,97.65,0.35,0.39,2.01,12.25,beneficiary,Maharashtra Gramin Bank
2024-05,99.79,0.0,0.3,0.21,12.1,beneficiary,CITI Bank
2024-05,97.7,0.42,0.42,1.88,12.01,beneficiary,Rajasthan Marudhara Gramin Bank
2024-05,90.43,0.62,2.7,8.96,11.53,beneficiary,Baroda Uttar Pradesh Gramin Bank
2024-05,97.72,0.09,0.58,2.2,11.39,beneficiary,The Cosmos Co-Operative Bank Ltd
2024-05,97.51,1.57,0.06,0.92,11.22,beneficiary,DBS Bank India Limited
2024-05,99.73,0.19,0.02,0.08,11.1,beneficiary,ESAF Small Finance Bank Ltd.
2024-05,96.43,3.15,0.06,0.41,10.07,beneficiary,Fincare Small Finance Bank Ltd
2024-05,97.03,0.88,0.37,2.1,9.22,beneficiary,Andhra Pragathi Grameena Bank
2024-06,99.98,0.02,0.0,0.0,5523.03,beneficiary,Yes Bank Ltd.
2024-06,99.76,0.1,0.05,0.14,1549.25,beneficiary,State Bank Of India
2024-06,99.88,0.12,0.02,0.0,1025.59,beneficiary,Axis Bank Ltd.
2024-06,98.79,1.06,0.05,0.15,653.68,beneficiary,HDFC Bank Ltd.
2024-06,99.5,0.48,0.02,0.02,624.6,beneficiary,ICICI Bank Ltd.
2024-06,99.78,0.08,0.17,0.14,400.13,beneficiary,Bank of Baroda
2024-06,99.75,0.23,0.0,0.03,383.4,beneficiary,Federal Bank
2024-06,99.72,0.11,0.1,0.17,351.85,beneficiary,Union Bank of India
2024-06,99.4,0.27,0.11,0.34,324.58,beneficiary,Punjab National Bank
2024-06,98.7,0.94,0.15,0.36,301.47,beneficiary,Canara Bank
2024-06,99.39,0.3,0.29,0.31,275.04,beneficiary,Kotak Mahindra Bank Ltd
2024-06,98.94,0.34,0.15,0.72,251.18,beneficiary,Airtel Payments Bank Ltd
2024-06,99.08,0.73,0.24,0.19,224.43,beneficiary,Indian Bank
2024-06,99.03,0.74,0.19,0.23,202.39,beneficiary,Bank of India
2024-06,98.92,0.28,0.17,0.8,137.69,beneficiary,India Post Payments Bank Ltd
2024-06,99.11,0.53,0.26,0.37,124.07,beneficiary,IndusInd Bank Ltd.
2024-06,97.52,1.46,0.37,1.02,93.75,beneficiary,Central Bank Of India
2024-06,98.65,0.52,0.38,0.82,93.03,beneficiary,Indian Overseas Bank
2024-06,99.14,0.66,0.1,0.2,87.05,beneficiary,UCO Bank
2024-06,96.29,3.29,0.07,0.43,73.74,beneficiary,Fino Payments Bank Ltd.
2024-06,99.24,0.36,0.17,0.4,66.26,beneficiary,IDBI Bank Ltd.
2024-06,98.97,0.32,0.16,0.71,60.84,beneficiary,Bank of Maharashtra
2024-06,98.5,1.13,0.11,0.37,47.71,beneficiary,Karnataka Bank Ltd
2024-06,98.24,1.11,0.07,0.65,36.29,beneficiary,Karur Vysya Bank
2024-06,98.79,0.9,0.17,0.31,36.15,beneficiary,RBL Bank Ltd.
2024-06,98.75,1.21,0.02,0.04,35.42,beneficiary,IDFC First Bank Ltd
2024-06,98.64,0.37,0.01,0.99,35.19,beneficiary,Bandhan Bank Ltd.
2024-06,99.93,0.02,0.0,0.04,35.03,beneficiary,One Mobikwik Systems Pvt - Ltd
2024-06,98.89,1.08,0.01,0.03,34.18,beneficiary,South Indian Bank
2024-06,99.05,0.37,0.28,0.58,33.89,beneficiary,Jammu and Kashmir Bank
2024-06,99.0,0.99,0.01,0.01,26.37,beneficiary,AU small Finance Bank
2024-06,98.76,0.09,0.18,1.15,25.76,beneficiary,Tamilnad Mercantile Bank
2024-06,96.49,3.43,0.04,0.09,25.21,beneficiary,Tri O Tech Solutions Private Ltd.
2024-06,99.11,0.74,0.14,0.15,22.07,beneficiary,Ujjivan Small Finance Bank
2024-06,97.81,2.04,0.0,0.15,21.49,beneficiary,City Union Bank
2024-06,98.79,0.99,0.03,0.22,16.82,beneficiary,Punjab and Sind Bank
2024-06,98.75,0.89,0.24,0.36,15.64,beneficiary,Kerala Gramin Bank
2024-06,95.46,0.07,0.6,4.47,15.14,beneficiary,Cosmos Bank
2024-06,97.75,1.34,0.17,0.91,13.81,beneficiary,Equitas Small Finance Bank Ltd
2024-06,97.85,0.52,0.85,1.63,13.6,beneficiary,Andhra Pradesh Grameena Vikas Bank
2024-06,98.52,0.39,1.06,1.09,13.28,beneficiary,Jio Payments Bank
2024-06,98.17,0.99,0.58,0.83,12.98,beneficiary,Pragathi Krishna Gramin Bank
2024-06,99.93,0.0,0.09,0.07,11.72,beneficiary,CITI bank
2024-06,87.69,0.64,3.82,11.68,11.7,beneficiary,Baroda Uttar Pradesh Gramin Bank
2024-06,98.84,0.18,0.11,0.98,11.6,beneficiary,Maharashtra Gramin Bank
2024-06,98.79,0.46,0.23,0.76,11.14,beneficiary,Rajasthan Marudhara Gramin Bank
2024-06,98.5,1.42,0.03,0.08,10.88,beneficiary,ESAF Small Finance Bank Ltd.
2024-06,98.41,1.44,0.02,0.15,10.36,beneficiary,DBS Bank India Ltd.
2024-06,95.48,4.17,0.08,0.35,9.22,beneficiary,Fincare Small Finance Bank Ltd
2024-06,95.03,1.16,0.12,3.81,9.05,beneficiary,Andhra Pragathi Grameena Bank
2024-07,99.93,0.01,0.01,0.06,5731.24,beneficiary,Yes Bank Ltd.
2024-07,99.66,0.11,0.04,0.23,1591.84,beneficiary,State Bank Of India
2024-07,99.91,0.09,0.01,0.0,1364.34,beneficiary,Axis bank Ltd.
2024-07,98.78,0.98,0.03,0.23,690.05,beneficiary,HDFC Bank Ltd.
2024-07,99.4,0.51,0.03,0.09,604.23,beneficiary,ICICI Bank Ltd.
2024-07,99.44,0.09,0.47,0.47,455.61,beneficiary,Bank of Baroda
2024-07,99.66,0.25,0.0,0.09,396.82,beneficiary,Federal Bank Ltd.
2024-07,99.59,0.12,0.08,0.29,368.24,beneficiary,Union Bank Of India
2024-07,99.53,0.3,0.23,0.18,334.33,beneficiary,Punjab national Bank
2024-07,98.95,0.83,0.17,0.21,326.46,beneficiary,Canara Bank
2024-07,99.33,0.31,0.18,0.36,284.52,beneficiary,Kotak Mahindra Bank Ltd
2024-07,99.25,0.34,0.05,0.41,267.22,beneficiary,Airtel Payments Bank Ltd
2024-07,99.12,0.74,0.16,0.13,247.02,beneficiary,Indian Bank
2024-07,98.47,0.71,0.56,0.82,212.52,beneficiary,Bank Of India
2024-07,98.01,0.28,0.18,1.71,145.2,beneficiary,India Post Payments Bank Ltd
2024-07,99.35,0.43,0.04,0.22,131.62,beneficiary,Indusind Bank Ltd.
2024-07,98.59,1.13,0.23,0.28,102.09,beneficiary,Indian Overseas Bank
2024-07,97.86,1.86,0.12,0.28,100.29,beneficiary,Central Bank of India
2024-07,98.56,0.73,0.19,0.71,90.28,beneficiary,UCO Bank
2024-07,96.5,3.07,0.04,0.43,76.94,beneficiary,Fino Payments Bank Ltd.
2024-07,99.22,0.35,0.16,0.43,69.43,beneficiary,IDBI Bank Ltd.
2024-07,98.4,0.39,0.32,1.21,64.74,beneficiary,Bank of Maharashtra
2024-07,98.83,0.58,0.15,0.59,51.19,beneficiary,RBL Bank Ltd.
2024-07,98.72,0.86,0.08,0.41,50.14,beneficiary,Karnataka Bank Ltd
2024-07,99.9,0.03,0.0,0.07,40.24,beneficiary,One Mobikwik Systems Pvt - Ltd
2024-07,98.72,1.05,0.08,0.24,39.8,beneficiary,Karur Vysya Bank
2024-07,98.58,1.28,0.05,0.14,38.86,beneficiary,IDFC First Bank Ltd
2024-07,98.39,0.36,0.03,1.25,37.36,beneficiary,Bandhan Bank Ltd.
2024-07,96.47,0.28,0.5,3.25,36.14,beneficiary,Jammu and Kashmir Bank
2024-07,98.76,0.96,0.06,0.27,35.99,beneficiary,South Indian Bank
2024-07,99.1,0.82,0.03,0.08,27.37,beneficiary,AU small Finance Bank
2024-07,99.27,0.1,0.15,0.63,27.15,beneficiary,Tamilnad Mercantile Bank
2024-07,96.21,3.75,0.0,0.03,25.53,beneficiary,Tri O Tech Solutions Private Ltd.
2024-07,98.08,1.61,0.05,0.31,22.9,beneficiary,City Union Bank
2024-07,98.57,0.7,0.29,0.74,22.88,beneficiary,Ujjivan Small Finance Bank
2024-07,99.2,0.25,0.09,0.55,18.6,beneficiary,Punjab and Sind Bank
2024-07,97.85,1.49,0.13,0.66,17.74,beneficiary,CITI Bank
2024-07,97.75,0.85,0.57,1.39,17.02,beneficiary,KERALA GRAMIN BANK
2024-07,98.92,0.16,0.09,0.92,15.36,beneficiary,Cosmos Bank
2024-07,97.83,1.65,0.08,0.52,14.09,beneficiary,Equitas Small Finance Bank Ltd
2024-07,97.2,0.91,1.07,1.89,13.72,beneficiary,Karnataka Gramin Bank (Erstwhile Pragathi Krishna Gramin Bank)
2024-07,95.15,0.7,0.1,4.14,13.16,beneficiary,Andhra Pradesh Grameena Vikas Bank
2024-07,85.13,0.18,0.49,14.68,12.26,beneficiary,Maharashtra Gramin Bank
2024-07,94.84,0.3,1.72,4.86,11.74,beneficiary,Baroda Uttar Pradesh Gramin Bank
2024-07,98.37,0.83,0.23,0.8,11.6,beneficiary,JIO PAYMENTS BANK LTD
2024-07,87.43,0.42,0.69,12.15,11.6,beneficiary,Rajasthan Marudhara Gramin Bank
2024-07,98.7,1.06,0.15,0.25,11.35,beneficiary,ESAF Small Finance Bank Ltd.
2024-07,98.42,1.33,0.01,0.24,10.79,beneficiary,DBS Bank India Ltd.
2024-07,87.24,0.39,0.08,12.37,9.58,beneficiary,Andhra Pragathi Grameena Bank
2024-07,95.02,4.32,0.02,0.65,9.16,beneficiary,Fincare Small Finance Bank Ltd
2024-08,99.99,0.01,0.0,0.0,6021.0,beneficiary,Yes Bank Ltd.
2024-08,99.73,0.11,0.03,0.15,1562.83,beneficiary,State Bank Of India
2024-08,99.93,0.07,0.01,0.0,1437.88,beneficiary,Axis bank Ltd.
2024-08,99.09,0.86,0.03,0.05,729.74,beneficiary,HDFC Bank Ltd.
2024-08,99.3,0.64,0.02,0.06,605.83,beneficiary,ICICI Bank Ltd.
2024-08,99.55,0.1,0.19,0.35,430.6,beneficiary,Bank of Baroda
2024-08,99.75,0.24,0.0,0.01,411.62,beneficiary,Federal Bank Ltd.
2024-08,99.45,0.11,0.09,0.43,379.29,beneficiary,Union Bank Of India
2024-08,98.59,0.79,0.13,0.62,364.14,beneficiary,Canara Bank
2024-08,99.7,0.29,0.07,0.02,336.13,beneficiary,Punjab national Bank
2024-08,99.62,0.28,0.07,0.1,292.43,beneficiary,Kotak Mahindra Bank Ltd
2024-08,99.61,0.3,0.03,0.09,285.48,beneficiary,Airtel Payments Bank Ltd
2024-08,99.0,0.94,0.08,0.07,235.76,beneficiary,Indian Bank
2024-08,98.71,0.84,0.17,0.45,207.96,beneficiary,Bank Of India
2024-08,99.15,0.3,0.04,0.55,156.65,beneficiary,India Post Payments Bank Ltd
2024-08,99.3,0.42,0.11,0.28,146.14,beneficiary,Indusind Bank Ltd.
2024-08,96.05,3.66,0.21,0.28,109.19,beneficiary,Central Bank of India
2024-08,96.86,1.84,0.55,1.3,107.88,beneficiary,Indian Overseas Bank
2024-08,99.31,0.57,0.03,0.12,90.38,beneficiary,UCO Bank
2024-08,95.99,3.57,0.06,0.44,85.69,beneficiary,Fino Payments Bank Ltd.
2024-08,99.54,0.33,0.14,0.13,70.75,beneficiary,IDBI Bank Ltd.
2024-08,99.31,0.34,0.07,0.34,67.17,beneficiary,Bank of Maharashtra
2024-08,99.27,0.42,0.19,0.32,60.49,beneficiary,RBL Bank Ltd.
2024-08,99.26,0.54,0.05,0.19,52.41,beneficiary,Karnataka Bank Ltd
2024-08,98.0,1.23,0.27,0.77,46.99,beneficiary,Karur Vysya Bank
2024-08,99.95,0.03,0.0,0.02,45.37,beneficiary,One Mobikwik Systems Pvt - Ltd
2024-08,98.68,1.2,0.06,0.12,39.12,beneficiary,IDFC First Bank Ltd
2024-08,99.08,0.87,0.01,0.04,38.46,beneficiary,South Indian Bank
2024-08,98.56,0.39,0.06,1.04,38.0,beneficiary,Bandhan Bank Ltd.
2024-08,99.23,0.25,0.52,0.53,37.39,beneficiary,Jammu and Kashmir Bank
2024-08,98.8,1.18,0.01,0.02,36.23,beneficiary,AU small Finance Bank
2024-08,99.48,0.09,0.08,0.43,28.01,beneficiary,Tamilnad Mercantile Bank
2024-08,96.28,3.7,0.0,0.02,27.57,beneficiary,Tri O Tech Solutions Private Ltd.
2024-08,97.8,1.7,0.01,0.5,23.98,beneficiary,City Union Bank
2024-08,98.91,0.77,0.15,0.32,22.97,beneficiary,Ujjivan Small Finance Bank
2024-08,98.57,1.06,0.08,0.37,20.54,beneficiary,Punjab and Sind Bank
2024-08,97.28,0.83,0.85,1.89,18.28,beneficiary,KERALA GRAMIN BANK
2024-08,98.67,1.22,0.04,0.11,17.18,beneficiary,CITI Bank
2024-08,98.2,0.85,0.43,0.94,14.7,beneficiary,JIO PAYMENTS BANK LTD
2024-08,94.83,0.91,2.26,4.26,13.94,beneficiary,Karnataka Gramin Bank (Erstwhile Pragathi Krishna Gramin Bank)
2024-08,97.69,1.97,0.04,0.34,13.8,beneficiary,Equitas Small Finance Bank Ltd
2024-08,98.64,0.41,0.07,0.95,12.97,beneficiary,Andhra Pradesh Grameena Vikas Bank
2024-08,97.54,0.33,0.6,2.13,12.43,beneficiary,Baroda Uttar Pradesh Gramin Bank
2024-08,98.74,1.06,0.04,0.2,11.85,beneficiary,ESAF Small Finance Bank Ltd.
2024-08,98.29,0.28,0.17,1.43,11.41,beneficiary,Maharashtra Gramin Bank
2024-08,98.65,1.33,0.01,0.02,10.91,beneficiary,DBS Bank India Ltd.
2024-08,97.75,0.51,0.23,1.74,10.52,beneficiary,Rajasthan Marudhara Gramin Bank
2024-08,98.06,0.23,0.13,1.71,8.91,beneficiary,Andhra Pragathi Grameena Bank
2024-08,95.16,0.36,0.39,4.48,8.71,beneficiary,SARVA HARYANA GRAMIN BANK
2024-08,97.57,0.34,1.2,2.09,8.61,beneficiary,Cosmos Bank
2024-09,99.99,0.01,0.0,0.0,6069.82,beneficiary,Yes Bank Ltd
2024-09,99.39,0.12,0.04,0.49,1544.1,beneficiary,State Bank Of India
2024-09,99.93,0.06,0.01,0.0,1469.29,beneficiary,Axis Bank Ltd.
2024-09,99.05,0.94,0.01,0.01,734.28,beneficiary,HDFC BANK LTD
2024-09,99.29,0.47,0.08,0.23,585.98,beneficiary,ICICI Bank
2024-09,99.89,0.07,0.09,0.04,423.28,beneficiary,Bank of Baroda
2024-09,99.78,0.21,0.0,0.02,398.62,beneficiary,Federal Bank
2024-09,98.88,0.1,0.23,1.01,376.52,beneficiary,Union Bank of India
2024-09,98.87,0.81,0.07,0.32,376.48,beneficiary,Canara Bank
2024-09,99.65,0.27,0.09,0.07,342.49,beneficiary,Punjab National Bank
2024-09,99.08,0.26,0.47,0.66,289.36,beneficiary,Kotak Mahindra Bank
2024-09,99.58,0.29,0.05,0.12,272.92,beneficiary,Airtel Payments Bank
2024-09,99.1,0.84,0.05,0.06,217.43,beneficiary,Indian Bank
2024-09,98.76,0.83,0.16,0.41,209.89,beneficiary,Bank of India
2024-09,99.62,0.26,0.02,0.12,165.82,beneficiary,India Post Payment Bank
2024-09,99.67,0.3,0.01,0.04,150.6,beneficiary,Indusind Bank Ltd.
2024-09,96.1,3.21,0.52,0.69,125.25,beneficiary,Central Bank Of India
2024-09,98.3,0.17,0.98,1.53,108.08,beneficiary,Indian Overseas Bank
2024-09,96.41,3.38,0.04,0.21,92.64,beneficiary,Fino Payments Bank Ltd.
2024-09,98.27,0.44,0.1,1.29,91.36,beneficiary,UCO Bank
2024-09,99.33,0.29,0.17,0.39,70.98,beneficiary,IDBI Bank Limited
2024-09,99.46,0.24,0.11,0.3,70.68,beneficiary,Bank of Maharashtra
2024-09,99.29,0.32,0.27,0.38,65.45,beneficiary,RBL Bank Limited
2024-09,99.46,0.32,0.03,0.22,53.43,beneficiary,Karnataka Bank
2024-09,99.8,0.04,0.01,0.16,47.98,beneficiary,One Mobikwik Systems Pvt - Ltd
2024-09,98.09,0.29,0.24,1.61,39.33,beneficiary,Bandhan Bank
2024-09,98.84,1.11,0.01,0.05,39.31,beneficiary,IDFC First Bank Ltd
2024-09,99.06,0.92,0.02,0.02,38.79,beneficiary,South Indian Bank
2024-09,97.81,1.46,0.17,0.73,38.19,beneficiary,Karur Vysya Bank
2024-09,99.35,0.17,0.46,0.48,38.05,beneficiary,Jammu and Kashmir Bank
2024-09,99.05,0.78,0.05,0.17,35.26,beneficiary,AU small Finance Bank
2024-09,96.18,3.81,0.0,0.0,28.83,beneficiary,Tri O Tech Solutions Private Limited
2024-09,124.22,0.08,0.07,0.29,28.12,beneficiary,Tamilnad Mercantile Bank
2024-09,97.59,1.9,0.03,0.5,24.24,beneficiary,City Union Bank
2024-09,98.95,0.82,0.17,0.23,23.05,beneficiary,Ujjivan Small Finance Bank
2024-09,99.16,0.38,0.15,0.45,21.6,beneficiary,Punjab and Sind Bank
2024-09,97.84,0.93,0.58,1.23,18.64,beneficiary,Kerala Gramin Bank
2024-09,99.27,0.66,0.03,0.07,17.54,beneficiary,CITI Bank
2024-09,99.25,0.37,0.21,0.38,17.18,beneficiary,Jio Payments Bank
2024-09,96.95,1.24,1.02,1.81,13.73,beneficiary,Pragathi Krishna Gramin Bank
2024-09,98.92,0.4,0.15,0.68,13.71,beneficiary,Andhra Pradesh Grameena Vikas Bank
2024-09,98.64,1.29,0.02,0.07,13.44,beneficiary,Equitas Bank
2024-09,99.48,0.32,0.06,0.21,13.13,beneficiary,Baroda UP Gramin Bank
2024-09,98.74,1.15,0.04,0.11,12.08,beneficiary,ESAF Small Finance Bank Ltd.
2024-09,97.96,0.2,0.18,1.84,12.02,beneficiary,Maharashtra Gramin Bank
2024-09,97.58,0.46,0.14,1.97,11.31,beneficiary,Rajasthan Marudhara Gramin Bank
2024-09,98.39,1.36,0.01,0.26,11.13,beneficiary,DBS Bank India Limited
2024-09,94.93,0.22,0.4,4.84,9.63,beneficiary,Andhra Pragathi Grameena Bank
2024-09,96.46,0.35,0.92,3.19,8.51,beneficiary,Sarva Haryana Gramin Bank
2024-09,96.43,0.51,0.96,3.07,8.11,beneficiary,Sarva UP Gramin Bank
2024-10,99.99,0.01,0.0,0.0,6665.2,beneficiary,Yes Bank Ltd
2024-10,99.11,0.12,0.37,0.77,1667.62,beneficiary,State Bank Of India
2024-10,99.86,0.06,0.01,0.07,1647.89,beneficiary,Axis Bank Ltd.
2024-10,98.94,1.04,0.01,0.02,814.86,beneficiary,HDFC BANK LTD
2024-10,99.48,0.49,0.02,0.03,637.79,beneficiary,ICICI Bank
2024-10,99.9,0.06,0.06,0.03,472.15,beneficiary,Bank of Baroda
2024-10,99.26,0.56,0.13,0.18,449.55,beneficiary,Canara Bank
2024-10,99.81,0.1,0.05,0.09,420.82,beneficiary,Union Bank of India
2024-10,99.75,0.2,0.0,0.04,418.03,beneficiary,Federal Bank
2024-10,99.68,0.28,0.14,0.05,386,beneficiary,Punjab National Bank
2024-10,99.64,0.29,0.07,0.07,328.27,beneficiary,Airtel Payments Bank
2024-10,98.62,1.35,0.04,0.03,322.09,beneficiary,Kotak Mahindra Bank
2024-10,98.61,0.85,0.16,0.54,235.92,beneficiary,Bank of India
2024-10,99.05,0.8,0.04,0.15,234.79,beneficiary,Indian Bank
2024-10,99.46,0.25,0.05,0.29,191.03,beneficiary,India Post Payment Bank
2024-10,99.21,0.64,0.04,0.15,175.04,beneficiary,Indusind Bank Ltd.
2024-10,98.17,0.47,0.77,1.36,122.14,beneficiary,Indian Overseas Bank
2024-10,98.07,1.42,0.28,0.51,116.32,beneficiary,Central Bank Of India
2024-10,96.33,3.56,0.03,0.11,102.43,beneficiary,Fino Payments Bank Limited FIP
2024-10,99.41,0.47,0.02,0.12,99.3,beneficiary,UCO Bank
2024-10,99.18,0.25,0.18,0.57,81.9,beneficiary,Bank of Maharashtra
2024-10,99.62,0.27,0.05,0.11,79.09,beneficiary,IDBI Bank Limited
2024-10,99.59,0.27,0.11,0.14,59.7,beneficiary,RBL Bank Limited
2024-10,98.87,0.62,0.05,0.51,58.52,beneficiary,Karnataka Bank
2024-10,99.96,0.03,0.0,0.02,51.06,beneficiary,One Mobikwik Systems Pvt - Ltd
2024-10,98.76,0.23,0.06,1.01,43.86,beneficiary,Bandhan Bank
2024-10,98.88,1.09,0.01,0.03,43.61,beneficiary,IDFC First Bank Ltd
2024-10,98.42,0.17,1.19,1.41,41.43,beneficiary,Jammu and Kashmir Bank
2024-10,99.32,0.63,0.01,0.05,40.76,beneficiary,South Indian Bank
2024-10,98.98,0.81,0.04,0.21,39.62,beneficiary,Karur Vysya Bank
2024-10,99.24,0.7,0.03,0.06,38.49,beneficiary,AU small Finance Bank
2024-10,95.65,4.35,0.0,0.0,33.06,beneficiary,Tri O Tech Solutions Private Limited
2024-10,99.62,0.08,0.05,0.29,30.48,beneficiary,Tamilnad Mercantile Bank
2024-10,98.95,0.92,0.0,0.12,26.07,beneficiary,City Union Bank
2024-10,99.52,0.21,0.17,0.27,25.03,beneficiary,Ujjivan Small Finance Bank
2024-10,99.12,0.71,0.03,0.18,22.43,beneficiary,Punjab and Sind Bank
2024-10,99.23,0.42,0.17,0.34,20.89,beneficiary,Jio Payments Bank
2024-10,98.6,0.93,0.31,0.47,20.67,beneficiary,Kerala Gramin Bank
2024-10,99.39,0.55,0.02,0.05,18.98,beneficiary,CITI Bank
2024-10,98.78,0.26,0.34,0.96,15.99,beneficiary,Baroda UP Gramin Bank
2024-10,98.99,0.57,0.13,0.44,15.15,beneficiary,Andhra Pradesh Grameena Vikas Bank
2024-10,97.87,1.05,0.76,1.08,14.38,beneficiary,Pragathi Krishna Gramin Bank
2024-10,98.67,1.18,0.01,0.15,14.34,beneficiary,Equitas Bank
2024-10,98.11,0.16,0.5,1.74,13.65,beneficiary,Maharashtra Gramin Bank
2024-10,99.06,0.83,0.02,0.11,13.14,beneficiary,ESAF Small Finance Bank Ltd.
2024-10,97.33,1.05,0.64,1.62,12.62,beneficiary,NSDL Payments Bank
2024-10,96.18,0.48,0.57,3.34,12.62,beneficiary,Rajasthan Marudhara Gramin Bank
2024-10,98.41,1.32,0.05,0.27,11.7,beneficiary,DBS Bank India Limited
2024-10,92.29,0.83,0.08,6.88,10.42,beneficiary,Andhra Pragathi Grameena Bank
2024-10,99.32,0.34,0.04,0.34,9.23,beneficiary,Sarva Haryana Gramin Bank
2024-11,99.99,0.01,0.0,0.01,6213.24,beneficiary,Yes Bank Ltd
2024-11,99.5,0.13,0.14,0.38,1566.68,beneficiary,State Bank of India
2024-11,99.92,0.07,0.01,0.01,1561.95,beneficiary,Axis Bank
2024-11,98.78,0.97,0.02,0.25,740.76,beneficiary,HDFC Bank
2024-11,99.49,0.41,0.05,0.1,591.09,beneficiary,ICICI Bank
2024-11,99.27,0.32,0.15,0.33,427.61,beneficiary,Canara Bank
2024-11,99.86,0.06,0.04,0.07,417.34,beneficiary,Bank of Baroda
2024-11,99.73,0.1,0.06,0.17,395.19,beneficiary,Union Bank Of India
2024-11,99.73,0.21,0.0,0.06,387.11,beneficiary,Federal Bank
2024-11,99.71,0.27,0.11,0.01,356.82,beneficiary,Punjab national Bank
2024-11,99.19,0.29,0.21,0.51,319.58,beneficiary,Airtel Payments Bank
2024-11,98.52,1.29,0.11,0.18,294.25,beneficiary,Kotak Mahindra Bank
2024-11,99.14,0.71,0.08,0.12,220.32,beneficiary,Indian Bank
2024-11,97.84,0.78,0.48,1.38,215.19,beneficiary,Bank Of India
2024-11,98.71,0.37,0.18,0.91,183.87,beneficiary,India Post Payment Bank
2024-11,99.4,0.32,0.17,0.28,152.52,beneficiary,Indusind Bank
2024-11,99.27,0.62,0.26,0.1,122.51,beneficiary,Indian Overseas Bank
2024-11,98.43,1.01,0.6,0.55,105.6,beneficiary,Central Bank of India
2024-11,95.72,4.12,0.06,0.16,93.78,beneficiary,Fino Payments Bank Limited
2024-11,99.1,0.39,0.03,0.51,92.37,beneficiary,UCO Bank
2024-11,99.63,0.24,0.03,0.13,85.17,beneficiary,Bank of Maharashtra
2024-11,99.61,0.27,0.04,0.12,73.44,beneficiary,IDBI Bank
2024-11,97.8,0.69,0.18,1.51,57.56,beneficiary,Karnataka Bank
2024-11,99.46,0.43,0.06,0.11,52.0,beneficiary,RBL Bank Limited
2024-11,99.96,0.01,0.0,0.03,44.12,beneficiary,One Mobikwik Systems Limited
2024-11,98.49,0.23,1.12,1.27,41.98,beneficiary,The Jammu & Kashmir Bank Limited
2024-11,98.54,0.21,0.19,1.26,41.87,beneficiary,Bandhan Bank limited
2024-11,99.07,0.89,0.01,0.04,40.46,beneficiary,IDFC First Bank Ltd
2024-11,99.86,0.11,0.01,0.04,39.73,beneficiary,The South Indian Bank Limited
2024-11,99.62,0.25,0.02,0.13,37.2,beneficiary,Karur Vysya Bank
2024-11,99.18,0.69,0.05,0.13,34.5,beneficiary,AU small Finance Bank
2024-11,96.11,3.88,0.0,0.01,31.76,beneficiary,Tri O Tech Solutions Private Limited
2024-11,99.53,0.09,0.1,0.39,28.98,beneficiary,Tamilnad Mercantile Bank Limited
2024-11,99.41,0.4,0.01,0.19,24.61,beneficiary,City Union Bank
2024-11,99.54,0.2,0.16,0.26,23.21,beneficiary,Ujjivan Small Finance Bank
2024-11,95.27,0.93,1.49,3.8,21.94,beneficiary,Kerala Gramin Bank
2024-11,97.62,2.28,0.01,0.1,21.92,beneficiary,Punjab and Sind Bank
2024-11,99.04,0.55,0.35,0.41,19.35,beneficiary,Jio Payments Bank
2024-11,99.41,0.47,0.13,0.13,18.46,beneficiary,CITI Bank
2024-11,98.54,0.28,0.54,1.18,15.14,beneficiary,Baroda UP Gramin Bank
2024-11,96.09,0.3,0.26,3.61,14.47,beneficiary,Andhra Pradesh Grameena Vikas Bank
2024-11,97.27,0.99,1.1,1.74,13.99,beneficiary,Pragathi Krishna Gramin Bank
2024-11,98.22,1.46,0.0,0.32,13.26,beneficiary,Equitas Bank
2024-11,99.7,0.18,0.04,0.12,12.77,beneficiary,ESAF Small Finance Bank Ltd.
2024-11,98.92,0.14,0.1,0.95,11.55,beneficiary,Maharashtra Gramin Bank
2024-11,99.11,0.33,0.08,0.56,11.16,beneficiary,Rajasthan Marudhara Gramin Bank
2024-11,98.08,1.19,0.31,0.73,11.06,beneficiary,NSDL Payments Bank Limited
2024-11,98.35,1.14,0.13,0.5,10.59,beneficiary,DBS Bank India Limited
2024-11,95.63,0.24,0.27,4.12,10.41,beneficiary,Andhra Pragathi Grameena Bank
2024-11,99.32,0.36,0.15,0.32,8.65,beneficiary,Sarva Haryana Gramin Bank
2024-12,99.99,0.01,0.0,0.0,6652.85,beneficiary,Yes Bank Ltd.
2024-12,99.84,0.15,0.01,0.01,1702.85,beneficiary,Axis Bank Ltd.
2024-12,99.49,0.13,0.1,0.38,1701.49,beneficiary,State Bank of India
2024-12,99.09,0.85,0.04,0.06,796.13,beneficiary,HDFC Bank Ltd.
2024-12,99.6,0.35,0.03,0.05,627.57,beneficiary,ICICI Bank Ltd.
2024-12,99.89,0.06,0.07,0.05,454.56,beneficiary,Bank of Baroda
2024-12,99.17,0.32,0.21,0.51,449.07,beneficiary,Canara Bank
2024-12,99.85,0.1,0.04,0.05,427.07,beneficiary,Union Bank of India
2024-12,99.82,0.15,0.0,0.03,409.53,beneficiary,Federal Bank Ltd.
2024-12,99.31,0.31,0.36,0.38,383.19,beneficiary,Punjab National Bank
2024-12,99.25,0.46,0.04,0.29,370.89,beneficiary,Airtel Payments Bank Limited
2024-12,98.82,1.17,0.01,0.01,325.18,beneficiary,Kotak Mahindra Bank
2024-12,99.46,0.42,0.12,0.12,240.43,beneficiary,Indian Bank
2024-12,99.14,0.79,0.04,0.07,233.85,beneficiary,Bank Of India
2024-12,96.06,0.92,0.39,3.01,201.4,beneficiary,India Post Payment Bank
2024-12,99.6,0.3,0.05,0.1,158.75,beneficiary,Indusind Bank Ltd.
2024-12,99.12,0.59,0.33,0.29,131.63,beneficiary,Indian Overseas Bank
2024-12,99.39,0.48,0.12,0.13,112.58,beneficiary,Central Bank of India
2024-12,97.53,2.41,0.02,0.06,108.05,beneficiary,Fino Payments Bank Ltd.
2024-12,99.33,0.31,0.14,0.37,100.67,beneficiary,Bank of Maharashtra
2024-12,99.53,0.41,0.02,0.05,100.39,beneficiary,UCO Bank
2024-12,99.56,0.26,0.09,0.18,80.48,beneficiary,IDBI Bank Ltd.
2024-12,99.61,0.27,0.09,0.13,64.54,beneficiary,RBL Bank Ltd.
2024-12,99.22,0.67,0.01,0.11,63.01,beneficiary,Karnataka Bank
2024-12,99.98,0.01,0.0,0.01,47.1,beneficiary,One Mobikwik Systems Limited
2024-12,97.37,0.21,0.58,2.41,45.22,beneficiary,Bandhan Bank limited
2024-12,98.29,0.46,0.56,1.25,44.08,beneficiary,The Jammu & Kashmir Bank Limited
2024-12,99.14,0.81,0.01,0.05,43.59,beneficiary,IDFC Bank Ltd.
2024-12,99.84,0.11,0.01,0.05,42.13,beneficiary,The South Indian Bank Limited
2024-12,99.26,0.38,0.03,0.36,40.67,beneficiary,Karur Vysya Bank
2024-12,95.97,4.02,0.0,0.0,36.48,beneficiary,Tri O Tech Solutions Private Limited
2024-12,99.01,0.74,0.09,0.26,35.71,beneficiary,AU Small Finance Bank
2024-12,99.7,0.08,0.11,0.22,32.23,beneficiary,Tamilnad Mercantile Bank Limited
2024-12,99.46,0.44,0.0,0.11,27.19,beneficiary,City Union Bank
2024-12,99.33,0.22,0.33,0.45,24.91,beneficiary,Ujjivan Small Finance Bank
2024-12,99.12,0.63,0.15,0.25,24.55,beneficiary,Jio Payments Bank
2024-12,97.65,2.14,0.03,0.21,23.93,beneficiary,Punjab and Sind Bank
2024-12,95.51,0.95,1.44,3.54,23.08,beneficiary,Kerala Gramin Bank
2024-12,99.49,0.42,0.05,0.09,19.75,beneficiary,CITI Bank
2024-12,98.84,0.32,0.22,0.84,16.63,beneficiary,Baroda U.P. Bank
2024-12,96.52,0.74,1.28,2.74,15.17,beneficiary,Karnataka Gramin Bank
2024-12,96.5,3.07,0.03,0.42,14.75,beneficiary,Equitas Bank
2024-12,93.69,0.3,0.3,6.01,14.14,beneficiary,Andhra Pradesh Grameena Vikas Bank
2024-12,99.77,0.18,0.01,0.05,13.83,beneficiary,ESAF Small Finance Bank Ltd.
2024-12,97.09,0.25,0.25,2.66,13.0,beneficiary,Maharashtra Gramin Bank
2024-12,99.01,0.31,0.27,0.68,12.41,beneficiary,Rajasthan Marudhara Gramin Bank
2024-12,92.8,0.42,0.12,6.78,11.85,beneficiary,Andhra Pragathi Grameena Bank
2024-12,97.96,1.18,0.33,0.86,11.85,beneficiary,NSDL Payments Bank Limited
2024-12,97.38,1.89,0.47,0.73,11.3,beneficiary,Suryodaya Small Finance Bank Limited
2024-12,98.75,1.16,0.04,0.09,11.28,beneficiary,DBS Bank India Limited
2025-01,1.0,0.0,0.0,0.0,6739.84,beneficiary,Yes Bank Ltd.
2025-01,1.0,0.0,0.0,0.0,1730.16,beneficiary,Axis Bank Ltd.
2025-01,1.0,0.0,0.0,0.0,1713.51,beneficiary,State Bank of India
2025-01,0.99,0.01,0.0,0.0,807.76,beneficiary,HDFC Bank Ltd.
2025-01,1.0,0.0,0.0,0.0,624.34,beneficiary,ICICI Bank Ltd.
2025-01,1.0,0.0,0.0,0.0,464.01,beneficiary,Bank of Baroda
2025-01,0.99,0.0,0.0,0.0,462.95,beneficiary,Canara Bank
2025-01,0.99,0.0,0.0,0.0,428.05,beneficiary,Union Bank of India
2025-01,1.0,0.0,0.0,0.0,403.79,beneficiary,Federal Bank Ltd.
2025-01,0.99,0.0,0.0,0.01,394.02,beneficiary,Airtel Payments Bank Limited
2025-01,1.0,0.0,0.0,0.0,389.95,beneficiary,Punjab National Bank
2025-01,0.99,0.01,0.0,0.0,331.14,beneficiary,Kotak Mahindra Bank
2025-01,1.0,0.0,0.0,0.0,244.02,beneficiary,Indian Bank
2025-01,0.99,0.01,0.0,0.0,240.7,beneficiary,Bank Of India
2025-01,0.98,0.01,0.01,0.01,212.25,beneficiary,India Post Payments Bank Ltd.
2025-01,1.0,0.0,0.0,0.0,163.47,beneficiary,Indusind Bank Ltd.
2025-01,0.99,0.01,0.0,0.0,137.06,beneficiary,Indian Overseas Bank
2025-01,0.99,0.01,0.0,0.01,114.31,beneficiary,Central Bank of India
2025-01,0.98,0.02,0.0,0.0,111.51,beneficiary,Fino Payments Bank Ltd.
2025-01,0.99,0.0,0.0,0.0,101.81,beneficiary,UCO Bank
2025-01,1.0,0.0,0.0,0.0,87.68,beneficiary,Bank of Maharashtra
2025-01,1.0,0.0,0.0,0.0,82.81,beneficiary,IDBI Bank Ltd.
2025-01,0.99,0.0,0.0,0.0,76.23,beneficiary,RBL Bank Ltd.
2025-01,0.99,0.01,0.0,0.0,64.93,beneficiary,Karnataka Bank
2025-01,1.0,0.0,0.0,0.0,47.73,beneficiary,One Mobikwik Systems Limited
2025-01,0.98,0.0,0.0,0.02,45.82,beneficiary,Bandhan Bank limited
2025-01,0.99,0.01,0.0,0.0,44.02,beneficiary,IDFC Bank Ltd.
2025-01,0.99,0.01,0.0,0.0,43.36,beneficiary,The Jammu & Kashmir Bank Limited
2025-01,1.0,0.0,0.0,0.0,42.61,beneficiary,The South Indian Bank Limited
2025-01,1.0,0.0,0.0,0.0,40.43,beneficiary,Karur Vysya Bank
2025-01,0.96,0.04,0.0,0.0,38.46,beneficiary,Tri O Tech Solutions Private Limited
2025-01,0.99,0.0,0.0,0.01,33.08,beneficiary,AU Small Finance Bank
2025-01,1.0,0.0,0.0,0.0,32.69,beneficiary,Tamilnad Mercantile Bank Limited
2025-01,0.99,0.01,0.0,0.0,27.07,beneficiary,City Union Bank
2025-01,0.99,0.0,0.0,0.0,25.12,beneficiary,Ujjivan Small Finance Bank Limited
2025-01,0.97,0.03,0.0,0.0,24.91,beneficiary,Punjab and Sind Bank
2025-01,0.99,0.01,0.0,0.0,24.79,beneficiary,JIO Payments Bank Ltd
2025-01,0.99,0.01,0.0,0.01,22.91,beneficiary,Kerala Gramin Bank
2025-01,0.92,0.04,0.0,0.04,21.12,beneficiary,NSDL Payments Bank Limited
2025-01,1.0,0.0,0.0,0.0,20.11,beneficiary,Citi Bank
2025-01,0.98,0.01,0.01,0.01,18.64,beneficiary,Suryoday Small Finance Bank Limited
2025-01,0.98,0.0,0.01,0.02,17.85,beneficiary,Baroda U.P. Bank
2025-01,0.96,0.0,0.01,0.03,15.31,beneficiary,Karnataka Gramin Bank
2025-01,0.96,0.04,0.0,0.0,14.64,beneficiary,Equitas Small Finance Bank
2025-01,1.0,0.0,0.0,0.0,14.11,beneficiary,ESAF Small Finance Bank Ltd
2025-01,0.99,0.0,0.0,0.01,13.84,beneficiary,Maharashtra Gramin Bank
2025-01,0.96,0.01,0.01,0.03,13.16,beneficiary,Rajasthan Marudhara Gramin Bank
2025-01,0.96,0.01,0.01,0.04,11.82,beneficiary,Telangana Grameena Bank
2025-01,0.93,0.0,0.01,0.07,11.77,beneficiary,Andhra Pragathi Grameena Bank
2025-01,1.0,0.0,0.0,0.0,11.67,beneficiary,Unity Small Finance Bank Limited
2025-02,99.99,0.01,0.0,0.0,6412.99,beneficiary,Yes Bank Ltd.
2025-02,99.84,0.15,0.01,0.01,1662.94,beneficiary,Axis Bank Ltd.
2025-02,99.68,0.1,0.07,0.22,1627.18,beneficiary,State Bank of India
2025-02,99.24,0.72,0.03,0.05,774.5,beneficiary,HDFC Bank Ltd.
2025-02,99.66,0.27,0.03,0.07,561.55,beneficiary,ICICI Bank Ltd.
2025-02,99.91,0.06,0.04,0.03,434.99,beneficiary,Bank of Baroda
2025-02,99.33,0.34,0.12,0.33,423.99,beneficiary,Canara Bank
2025-02,99.77,0.11,0.06,0.13,405.83,beneficiary,Union Bank of India
2025-02,99.82,0.15,0.0,0.03,374.29,beneficiary,Federal Bank Ltd.
2025-02,99.6,0.36,0.03,0.04,368.35,beneficiary,Punjab National Bank
2025-02,98.47,0.82,0.18,0.72,334.99,beneficiary,Airtel Payments Bank Limited
2025-02,98.88,1.04,0.06,0.08,313.8,beneficiary,Kotak Mahindra Bank
2025-02,99.68,0.28,0.02,0.04,235.01,beneficiary,Indian Bank
2025-02,98.4,0.83,0.28,0.78,225.76,beneficiary,Bank Of India
2025-02,98.74,0.82,0.22,0.44,210.46,beneficiary,India Post Payments Bank Ltd.
2025-02,99.28,0.3,0.23,0.42,157.73,beneficiary,Indusind Bank Ltd.
2025-02,99.41,0.48,0.08,0.11,128.46,beneficiary,Indian Overseas Bank
2025-02,99.21,0.57,0.1,0.22,108.51,beneficiary,Central Bank of India
2025-02,97.19,2.68,0.04,0.13,98.36,beneficiary,Fino Payments Bank Ltd.
2025-02,99.13,0.53,0.05,0.34,96.02,beneficiary,UCO Bank
2025-02,99.45,0.26,0.07,0.29,81.03,beneficiary,IDBI Bank Ltd.
2025-02,99.38,0.22,0.22,0.4,78.86,beneficiary,Bank of Maharashtra
2025-02,99.52,0.11,0.19,0.38,73.78,beneficiary,RBL Bank Ltd.
2025-02,98.87,0.58,0.13,0.54,59.83,beneficiary,Karnataka Bank
2025-02,99.95,0.0,0.0,0.04,46.1,beneficiary,One Mobikwik Systems Limited
2025-02,98.41,0.21,0.16,1.38,43.29,beneficiary,Bandhan Bank limited
2025-02,98.96,1.01,0.01,0.03,42.15,beneficiary,IDFC Bank Ltd.
2025-02,98.67,0.45,0.5,0.88,41.94,beneficiary,The Jammu & Kashmir Bank Limited
2025-02,99.2,0.13,0.02,0.67,39.59,beneficiary,The South Indian Bank Limited
2025-02,99.37,0.3,0.06,0.33,39.03,beneficiary,Karur Vysya Bank
2025-02,96.6,3.39,0.0,0.0,37.15,beneficiary,Tri O Tech Solutions Private Limited
2025-02,96.69,0.84,0.99,2.47,34.48,beneficiary,NSDL Payments Bank Limited
2025-02,99.52,0.08,0.09,0.4,31.84,beneficiary,Tamilnad Mercantile Bank Limited
2025-02,99.15,0.48,0.09,0.37,30.92,beneficiary,AU Small Finance Bank
2025-02,99.41,0.44,0.01,0.15,27.02,beneficiary,City Union Bank
2025-02,98.87,0.73,0.19,0.39,24.04,beneficiary,JIO Payments Bank Ltd
2025-02,99.6,0.23,0.17,0.17,23.56,beneficiary,Ujjivan Small Finance Bank Limited
2025-02,97.4,2.0,0.14,0.6,23.29,beneficiary,Punjab and Sind Bank
2025-02,99.37,0.2,0.23,0.43,21.85,beneficiary,Kerala Gramin Bank
2025-02,99.89,0.03,0.03,0.08,20.19,beneficiary,Unity Small Finance Bank Limited
2025-02,99.46,0.36,0.09,0.18,18.14,beneficiary,Citi Bank
2025-02,98.6,0.24,0.42,1.16,17.91,beneficiary,Baroda U.P. Bank
2025-02,97.85,1.01,0.59,1.13,17.22,beneficiary,Suryoday Small Finance Bank Limited
2025-02,97.13,0.9,1.05,1.96,14.25,beneficiary,Telangana Grameena Bank
2025-02,98.98,0.15,0.42,0.87,14.19,beneficiary,Karnataka Gramin Bank
2025-02,97.13,2.08,0.14,0.79,13.37,beneficiary,Equitas Small Finance Bank
2025-02,99.08,0.18,0.22,0.74,13.3,beneficiary,ESAF Small Finance Bank Ltd
2025-02,97.97,0.33,0.24,1.7,13.25,beneficiary,Maharashtra Gramin Bank
2025-02,95.08,1.32,1.16,3.6,12.35,beneficiary,Rajasthan Marudhara Gramin Bank
2025-02,97.78,0.37,0.01,1.85,11.26,beneficiary,Andhra Pragathi Grameena Bank
2025-03,99.98,0.01,0.0,0.01,7307.36,beneficiary,Yes Bank Ltd.
2025-03,99.7,0.17,0.09,0.14,1899.35,beneficiary,Axis Bank Ltd.
2025-03,99.14,0.1,0.16,0.75,1859.07,beneficiary,State Bank of India
2025-03,99.25,0.7,0.06,0.05,876.97,beneficiary,HDFC Bank Ltd.
2025-03,99.67,0.24,0.02,0.09,611.58,beneficiary,ICICI Bank Ltd.
2025-03,99.88,0.07,0.06,0.05,492.7,beneficiary,Bank of Baroda
2025-03,99.86,0.1,0.04,0.04,458.94,beneficiary,Union Bank of India
2025-03,99.68,0.2,0.04,0.12,440.1,beneficiary,Canara Bank
2025-03,98.88,0.91,0.08,0.21,419.54,beneficiary,Airtel Payments Bank Limited
2025-03,99.43,0.29,0.22,0.27,419.12,beneficiary,Punjab National Bank
2025-03,99.75,0.17,0.0,0.08,407.79,beneficiary,Federal Bank Ltd.
2025-03,98.89,1.09,0.02,0.02,354.55,beneficiary,Kotak Mahindra Bank
2025-03,99.47,0.33,0.09,0.2,272.99,beneficiary,Indian Bank
2025-03,98.53,1.02,0.14,0.46,256.53,beneficiary,Bank Of India
2025-03,98.59,1.06,0.16,0.35,248.71,beneficiary,India Post Payments Bank Limited
2025-03,99.6,0.3,0.05,0.11,176,beneficiary,Indusind Bank Ltd.
2025-03,99.28,0.48,0.21,0.25,144.84,beneficiary,Indian Overseas Bank
2025-03,99.3,0.55,0.09,0.15,123.4,beneficiary,Central Bank of India
2025-03,96.01,3.81,0.11,0.18,109.36,beneficiary,Fino Payments Bank Ltd.
2025-03,99.34,0.54,0.03,0.12,109.28,beneficiary,UCO Bank
2025-03,99.7,0.25,0.01,0.04,98.38,beneficiary,IDBI Bank Ltd.
2025-03,99.47,0.28,0.1,0.25,93.68,beneficiary,Bank of Maharashtra
2025-03,99.33,0.09,0.29,0.58,85.36,beneficiary,RBL Bank Ltd.
2025-03,99.14,0.3,0.17,0.56,69.07,beneficiary,Karnataka Bank
2025-03,99.95,0.0,0.0,0.04,51.92,beneficiary,One Mobikwik Systems Limited
2025-03,99.01,0.43,0.61,0.55,51.57,beneficiary,The Jammu & Kashmir Bank Limited
2025-03,97.22,0.33,0.39,2.45,48.45,beneficiary,Bandhan Bank limited
2025-03,98.91,1.05,0.02,0.05,45.9,beneficiary,IDFC Bank Ltd.
2025-03,99.46,0.28,0.04,0.26,44.17,beneficiary,Karur Vysya Bank
2025-03,97.67,2.31,0.02,0.02,43.48,beneficiary,Tri O Tech Solutions Private Limited
2025-03,99.78,0.13,0.02,0.09,43.07,beneficiary,The South Indian Bank Limited
2025-03,99.96,0.01,0.02,0.03,41.03,beneficiary,Unity Small Finance Bank Limited
2025-03,99.34,0.12,0.16,0.54,37.74,beneficiary,Tamilnad Mercantile Bank Limited
2025-03,99.44,0.52,0.03,0.04,34.42,beneficiary,AU Small Finance Bank
2025-03,96.45,0.83,1.2,2.72,32.6,beneficiary,NSDL Payments Bank Limited
2025-03,99.27,0.57,0.01,0.16,30.84,beneficiary,City Union Bank
2025-03,95.42,0.82,1.01,3.75,27.71,beneficiary,JIO Payments Bank Ltd
2025-03,96.87,2.47,0.19,0.66,26.55,beneficiary,Punjab and Sind Bank
2025-03,99.32,0.23,0.24,0.45,26.53,beneficiary,Ujjivan Small Finance Bank Limited
2025-03,98.87,0.16,0.58,0.97,24.7,beneficiary,Kerala Gramin Bank
2025-03,99.63,0.31,0.03,0.06,22.11,beneficiary,Citi Bank
2025-03,97.9,1.14,0.45,0.95,21.22,beneficiary,Suryoday Small Finance Bank Limited
2025-03,97.37,0.25,0.45,2.38,20.99,beneficiary,Baroda U.P. Bank
2025-03,97.58,0.64,0.58,1.78,16.74,beneficiary,Telangana Grameena Bank
2025-03,99.26,0.16,0.54,0.58,16.25,beneficiary,Karnataka Gramin Bank
2025-03,98.35,0.18,0.73,1.47,15.36,beneficiary,Maharashtra Gramin Bank
2025-03,97.88,1.66,0.04,0.46,14.84,beneficiary,Equitas Small Finance Bank
2025-03,96.16,0.18,0.53,3.66,14.74,beneficiary,ESAF Small Finance Bank Ltd
2025-03,94.97,3.85,0.24,1.18,13.49,beneficiary,Rajasthan Marudhara Gramin Bank
2025-03,97.61,0.29,0.16,2.1,13.42,beneficiary,Andhra Pragathi Grameena Bank
2025-04,99.99,0.01,0.0,0.0,7312.77,beneficiary,Yes Bank Ltd.
2025-04,99.95,0.05,0.01,0.0,1822.48,beneficiary,Axis Bank Ltd.
2025-04,99.26,0.1,0.28,0.64,1767.09,beneficiary,State Bank of India
2025-04,99.17,0.81,0.12,0.02,857.29,beneficiary,HDFC Bank Ltd.
2025-04,99.64,0.24,0.04,0.12,565.73,beneficiary,ICICI Bank Ltd.
2025-04,99.9,0.07,0.07,0.03,474.07,beneficiary,Bank of Baroda
2025-04,99.43,0.1,0.15,0.47,434.62,beneficiary,Union Bank of India
2025-04,98.77,0.97,0.12,0.26,414.65,beneficiary,Airtel Payments Bank Limited
2025-04,99.28,0.34,0.29,0.39,407.55,beneficiary,Punjab National Bank
2025-04,99.67,0.14,0.06,0.19,404.64,beneficiary,Canara Bank
2025-04,99.72,0.19,0.0,0.09,386.02,beneficiary,Federal Bank Ltd.
2025-04,98.92,1.04,0.04,0.04,345.82,beneficiary,Kotak Mahindra Bank
2025-04,99.59,0.32,0.08,0.08,264.85,beneficiary,Indian Bank
2025-04,97.89,1.14,0.31,0.97,243.98,beneficiary,Bank Of India
2025-04,97.74,1.29,0.13,0.98,241.01,beneficiary,India Post Payments Bank Limited
2025-04,99.48,0.33,0.11,0.2,177.35,beneficiary,Indusind Bank Ltd.
2025-04,99.31,0.56,0.22,0.13,140.85,beneficiary,Indian Overseas Bank
2025-04,98.85,0.5,0.17,0.65,117.91,beneficiary,Central Bank of India
2025-04,99.0,0.61,0.05,0.39,105.71,beneficiary,UCO Bank
2025-04,99.62,0.25,0.06,0.13,98.27,beneficiary,IDBI Bank Ltd.
2025-04,96.03,3.61,0.1,0.37,98,beneficiary,Fino Payments Bank Ltd.
2025-04,99.44,0.43,0.05,0.13,89.1,beneficiary,Bank of Maharashtra
2025-04,99.77,0.08,0.07,0.15,85.03,beneficiary,RBL Bank Ltd.
2025-04,98.1,0.36,0.45,1.54,68.1,beneficiary,Karnataka Bank
2025-04,99.98,0.01,0.03,0.01,56.73,beneficiary,Unity Small Finance Bank Limited
2025-04,99.96,0.0,0.0,0.04,51.12,beneficiary,One Mobikwik Systems Limited
2025-04,99.41,0.37,0.54,0.21,51.05,beneficiary,The Jammu & Kashmir Bank Limited
2025-04,98.66,0.52,0.14,0.83,47.15,beneficiary,Bandhan Bank limited
2025-04,98.54,1.37,0.03,0.1,45.76,beneficiary,IDFC Bank Ltd.
2025-04,99.09,0.91,0.0,0.0,45.31,beneficiary,Tri O Tech Solutions Private Limited
2025-04,99.28,0.35,0.34,0.37,45.21,beneficiary,NSDL Payments Bank Limited
2025-04,99.45,0.25,0.08,0.3,42.11,beneficiary,Karur Vysya Bank
2025-04,99.81,0.16,0.02,0.03,40.6,beneficiary,The South Indian Bank Limited
2025-04,99.73,0.08,0.13,0.19,37.32,beneficiary,Tamilnad Mercantile Bank Limited
2025-04,99.22,0.53,0.12,0.25,32.9,beneficiary,AU Small Finance Bank
2025-04,98.66,1.01,0.05,0.34,30.69,beneficiary,City Union Bank
2025-04,99.22,0.48,0.17,0.31,28.39,beneficiary,JIO Payments Bank Ltd
2025-04,96.48,2.56,0.11,0.96,25.15,beneficiary,Punjab and Sind Bank
2025-04,99.07,0.24,0.42,0.69,24.91,beneficiary,Ujjivan Small Finance Bank Limited
2025-04,98.46,0.23,0.44,1.31,23.54,beneficiary,Kerala Gramin Bank
2025-04,98.86,0.26,0.36,0.87,20.22,beneficiary,Baroda U.P. Bank
2025-04,98.43,1.18,0.26,0.4,19.78,beneficiary,Suryoday Small Finance Bank Limited
2025-04,99.49,0.33,0.03,0.17,18.28,beneficiary,Citi Bank
2025-04,98.83,0.48,0.22,0.69,16.35,beneficiary,Telangana Grameena Bank
2025-04,97.07,0.24,1.08,2.69,15.41,beneficiary,Karnataka Gramin Bank
2025-04,97.95,0.11,0.14,1.94,14.94,beneficiary,Maharashtra Gramin Bank
2025-04,97.44,1.89,0.05,0.66,13.79,beneficiary,Equitas Small Finance Bank
2025-04,99.53,0.3,0.03,0.17,13.73,beneficiary,ESAF Small Finance Bank Ltd
2025-04,94.59,0.65,0.41,4.76,13.36,beneficiary,Andhra Pragathi Grameena Bank
2025-04,96.74,2.97,0.05,0.29,12.86,beneficiary,Rajasthan Marudhara Gramin Bank
2025-05,99.99,0.01,0.0,0.0,7569.54,beneficiary,Yes Bank Ltd.
2025-05,99.95,0.04,0.01,0.0,1893.85,beneficiary,Axis Bank Ltd.
2025-05,99.77,0.09,0.04,0.14,1851.45,beneficiary,State Bank of India
2025-05,99.41,0.54,0.03,0.05,931.57,beneficiary,HDFC Bank Ltd.
2025-05,99.77,0.2,0.01,0.03,602.95,beneficiary,ICICI Bank Ltd.
2025-05,99.87,0.06,0.06,0.06,488.55,beneficiary,Bank of Baroda
2025-05,99.9,0.09,0.04,0.02,451.96,beneficiary,Union Bank of India
2025-05,99.62,0.25,0.13,0.13,428.8,beneficiary,Punjab National Bank
2025-05,98.93,0.85,0.12,0.22,423.33,beneficiary,Airtel Payments Bank Limited
2025-05,99.81,0.12,0.02,0.07,418.99,beneficiary,Canara Bank
2025-05,99.79,0.18,0.0,0.03,392.98,beneficiary,Federal Bank Ltd.
2025-05,98.94,0.92,0.08,0.14,359.3,beneficiary,Kotak Mahindra Bank
2025-05,99.42,0.27,0.1,0.31,274.77,beneficiary,Indian Bank
2025-05,98.52,1.01,0.05,0.47,257.72,beneficiary,India Post Payments Bank Limited
2025-05,98.2,0.94,0.3,0.86,250.87,beneficiary,Bank Of India
2025-05,99.54,0.28,0.11,0.18,176.4,beneficiary,Indusind Bank Ltd.
2025-05,99.42,0.44,0.13,0.14,148.53,beneficiary,Indian Overseas Bank
2025-05,99.08,0.56,0.14,0.37,123.28,beneficiary,Central Bank of India
2025-05,99.41,0.42,0.02,0.17,110.33,beneficiary,UCO Bank
2025-05,99.63,0.05,0.26,0.32,101.36,beneficiary,RBL Bank Ltd.
2025-05,98.22,1.65,0.11,0.13,100.21,beneficiary,Fino Payments Bank Ltd.
2025-05,99.4,0.24,0.11,0.37,96.22,beneficiary,IDBI Bank Ltd.
2025-05,99.47,0.42,0.08,0.11,86.07,beneficiary,Bank of Maharashtra
2025-05,100.0,0.0,0.0,0.0,75.73,beneficiary,Unity Small Finance Bank Limited
2025-05,99.37,0.31,0.05,0.32,74.49,beneficiary,Karnataka Bank
2025-05,98.92,0.71,0.27,0.37,53.93,beneficiary,The Jammu & Kashmir Bank Limited
2025-05,99.93,0.0,0.0,0.07,52.33,beneficiary,One Mobikwik Systems Limited
2025-05,99.49,0.38,0.03,0.13,50.9,beneficiary,NSDL Payments Bank Limited
2025-05,99.03,0.95,0.0,0.02,50.44,beneficiary,Tri O Tech Solutions Private Limited
2025-05,99.37,0.37,0.04,0.26,49.45,beneficiary,Bandhan Bank limited
2025-05,98.83,1.1,0.02,0.07,46.74,beneficiary,IDFC Bank Ltd.
2025-05,99.67,0.22,0.03,0.12,43.15,beneficiary,Karur Vysya Bank
2025-05,99.87,0.12,0.0,0.01,42.94,beneficiary,The South Indian Bank Limited
2025-05,99.61,0.26,0.02,0.14,37.27,beneficiary,Tamilnad Mercantile Bank Limited
2025-05,99.3,0.51,0.02,0.2,33.4,beneficiary,AU Small Finance Bank
2025-05,99.06,0.58,0.15,0.36,31.76,beneficiary,JIO Payments Bank Ltd
2025-05,99.42,0.33,0.01,0.25,31.51,beneficiary,City Union Bank
2025-05,97.76,1.78,0.09,0.46,25.66,beneficiary,Punjab and Sind Bank
2025-05,99.68,0.22,0.12,0.1,25.63,beneficiary,Ujjivan Small Finance Bank Limited
2025-05,98.81,0.51,0.53,0.68,25.62,beneficiary,Kerala Gramin Bank
2025-05,98.71,1.1,0.22,0.19,22.44,beneficiary,Suryoday Small Finance Bank Limited
2025-05,99.66,0.26,0.01,0.08,21.92,beneficiary,Citi Bank
2025-05,98.49,0.23,0.41,1.28,21.87,beneficiary,Baroda U.P. Bank
2025-05,99.3,0.41,0.11,0.3,17.48,beneficiary,Telangana Grameena Bank
2025-05,99.0,0.22,0.58,0.78,15.71,beneficiary,Karnataka Gramin Bank
2025-05,98.61,0.11,0.08,1.28,14.99,beneficiary,Maharashtra Gramin Bank
2025-05,99.65,0.2,0.02,0.15,14.55,beneficiary,ESAF Small Finance Bank Ltd
2025-05,97.72,1.84,0.0,0.44,14.22,beneficiary,Equitas Small Finance Bank
2025-05,97.27,0.74,0.32,1.99,13.58,beneficiary,Andhra Pragathi Grameena Bank
2025-05,97.89,1.81,0.15,0.3,13.15,beneficiary,Rajasthan Marudhara Gramin Bank
2025-06,99.99,0.01,0.0,0.0,7527.12,beneficiary,Yes Bank Ltd.
2025-06,99.47,0.1,0.14,0.43,1842.48,beneficiary,Axis Bank Ltd.
2025-06,99.71,0.09,0.15,0.2,1829.69,beneficiary,State Bank of India
2025-06,99.36,0.52,0.02,0.12,925.31,beneficiary,HDFC Bank Ltd.
2025-06,99.62,0.35,0.01,0.03,587.6,beneficiary,ICICI Bank Ltd.
2025-06,99.52,0.45,0.03,0.03,476.64,beneficiary,Bank of Baroda
2025-06,99.85,0.1,0.05,0.05,440.68,beneficiary,Union Bank of India
2025-06,98.89,0.9,0.05,0.21,437.39,beneficiary,Airtel Payments Bank Limited
2025-06,99.68,0.29,0.25,0.03,419.47,beneficiary,Punjab National Bank
2025-06,99.6,0.13,0.11,0.28,413.06,beneficiary,Canara Bank
2025-06,99.76,0.21,0.01,0.03,369.76,beneficiary,Federal Bank Ltd.
2025-06,98.86,1.11,0.02,0.04,338.36,beneficiary,Kotak Mahindra Bank
2025-06,99.66,0.2,0.05,0.14,269.49,beneficiary,Indian Bank
2025-06,98.65,1.08,0.06,0.27,259.53,beneficiary,India Post Payments Bank Limited
2025-06,97.79,0.95,0.48,1.27,245.22,beneficiary,Bank Of India
2025-06,98.94,0.35,0.32,0.71,164.6,beneficiary,Indusind Bank Ltd.
2025-06,99.21,0.54,0.18,0.25,145.41,beneficiary,Indian Overseas Bank
2025-06,99.11,0.69,0.14,0.19,122.5,beneficiary,Central Bank of India
2025-06,98.99,0.38,0.09,0.63,108.71,beneficiary,UCO Bank
2025-06,97.97,1.43,0.06,0.6,95,beneficiary,Fino Payments Bank Ltd.
2025-06,99.52,0.26,0.06,0.22,92.12,beneficiary,IDBI Bank Ltd.
2025-06,99.99,0.0,0.0,0.0,90.73,beneficiary,Unity Small Finance Bank Limited
2025-06,99.72,0.24,0.01,0.05,79.48,beneficiary,Bank of Maharashtra
2025-06,99.83,0.06,0.09,0.11,76.22,beneficiary,RBL Bank Ltd.
2025-06,99.31,0.35,0.05,0.34,70.21,beneficiary,Karnataka Bank
2025-06,99.16,0.65,0.28,0.19,57.68,beneficiary,The Jammu & Kashmir Bank Limited
2025-06,98.51,0.91,0.27,0.58,52.11,beneficiary,Tri O Tech Solutions Private Limited
2025-06,99.82,0.0,0.01,0.18,50.43,beneficiary,One Mobikwik Systems Limited
2025-06,99.04,0.83,0.06,0.13,49.27,beneficiary,NSDL Payments Bank Limited
2025-06,99.09,0.38,0.06,0.53,48.61,beneficiary,Bandhan Bank limited
2025-06,98.97,0.87,0.04,0.16,46.99,beneficiary,IDFC Bank Ltd.
2025-06,99.69,0.22,0.01,0.09,43.07,beneficiary,Karur Vysya Bank
2025-06,99.79,0.12,0.02,0.09,42.13,beneficiary,The South Indian Bank Limited
2025-06,99.45,0.41,0.01,0.14,35.79,beneficiary,Tamilnad Mercantile Bank Limited
2025-06,98.7,0.82,0.13,0.48,35.29,beneficiary,JIO Payments Bank Ltd
2025-06,99.41,0.57,0.03,0.02,32.26,beneficiary,AU Small Finance Bank
2025-06,99.35,0.37,0.01,0.27,29.81,beneficiary,City Union Bank
2025-06,98.92,0.3,0.63,0.78,25.46,beneficiary,Kerala Gramin Bank
2025-06,99.54,0.22,0.16,0.24,25.02,beneficiary,Ujjivan Small Finance Bank Limited
2025-06,97.11,1.91,0.18,0.98,24.81,beneficiary,Punjab and Sind Bank
2025-06,98.81,1.03,0.1,0.16,23.83,beneficiary,Suryoday Small Finance Bank Limited
2025-06,99.0,0.23,0.23,0.77,21.16,beneficiary,Baroda U.P. Bank
2025-06,99.63,0.35,0.04,0.02,20.77,beneficiary,Citi Bank
2025-06,99.04,0.5,0.14,0.46,17.75,beneficiary,Telangana Grameena Bank
2025-06,97.8,0.54,0.63,1.66,15.53,beneficiary,Karnataka Gramin Bank
2025-06,97.04,0.12,0.09,2.84,14.58,beneficiary,Maharashtra Gramin Bank
2025-06,99.63,0.27,0.02,0.1,14.24,beneficiary,ESAF Small Finance Bank Ltd
2025-06,92.43,1.11,0.15,6.46,13.91,beneficiary,Andhra Pragathi Grameena Bank
2025-06,98.0,1.87,0.0,0.12,13.46,beneficiary,Equitas Small Finance Bank
2025-06,98.16,1.53,0.08,0.31,13.03,beneficiary,Rajasthan Marudhara Gramin Bank
2025-07,99.99,0.01,0.0,0.0,7934.54,beneficiary,Yes Bank Ltd.
2025-07,99.51,0.1,0.1,0.39,1965.84,beneficiary,State Bank of India
2025-07,99.74,0.25,0.01,0.02,1946.32,beneficiary,Axis Bank Ltd.
2025-07,99.48,0.45,0.02,0.07,992.01,beneficiary,HDFC Bank Ltd.
2025-07,99.65,0.29,0.02,0.06,610.63,beneficiary,ICICI Bank Ltd.
2025-07,99.43,0.29,0.1,0.28,508.22,beneficiary,Bank of Baroda
2025-07,99.76,0.1,0.07,0.14,459.07,beneficiary,Union Bank of India
2025-07,98.8,1.02,0.03,0.18,457.82,beneficiary,Airtel Payments Bank Limited
2025-07,99.58,0.12,0.1,0.3,438.17,beneficiary,Canara Bank
2025-07,99.12,0.71,0.18,0.16,436.07,beneficiary,Punjab National Bank
2025-07,99.75,0.22,0.0,0.02,369.84,beneficiary,Federal Bank Ltd.
2025-07,98.87,1.07,0.04,0.06,361.38,beneficiary,Kotak Mahindra Bank
2025-07,99.33,0.24,0.04,0.43,284.6,beneficiary,Indian Bank
2025-07,98.74,1.13,0.06,0.13,282.13,beneficiary,India Post Payments Bank Limited
2025-07,97.07,0.79,0.37,2.15,258.79,beneficiary,Bank Of India
2025-07,99.55,0.34,0.05,0.11,179.93,beneficiary,Indusind Bank Ltd.
2025-07,98.24,1.03,0.43,0.73,144.42,beneficiary,Indian Overseas Bank
2025-07,98.84,0.64,0.19,0.52,132.56,beneficiary,Central Bank of India
2025-07,99.48,0.34,0.03,0.18,115.41,beneficiary,UCO Bank
2025-07,99.97,0.0,0.01,0.03,113.19,beneficiary,Unity Small Finance Bank Limited
2025-07,98.25,1.27,0.02,0.48,101.01,beneficiary,Fino Payments Bank Ltd.
2025-07,99.73,0.07,0.09,0.21,91.97,beneficiary,RBL Bank Ltd.
2025-07,99.5,0.34,0.08,0.16,87.99,beneficiary,IDBI Bank Ltd.
2025-07,99.58,0.23,0.04,0.19,82.78,beneficiary,Bank of Maharashtra
2025-07,98.95,0.27,0.1,0.79,62.4,beneficiary,Karnataka Bank
2025-07,98.57,1.05,0.19,0.38,57.3,beneficiary,Tri O Tech Solutions Private Limited
2025-07,97.55,0.42,1.41,2.03,56.5,beneficiary,The Jammu & Kashmir Bank Limited
2025-07,99.0,0.75,0.07,0.25,55.1,beneficiary,NSDL Payments Bank Limited
2025-07,99.92,0.0,0.0,0.08,53.86,beneficiary,One Mobikwik Systems Limited
2025-07,99.01,0.8,0.05,0.19,52.03,beneficiary,IDFC Bank Ltd.
2025-07,98.54,0.38,0.12,1.08,51.16,beneficiary,Bandhan Bank limited
2025-07,99.06,0.26,0.14,0.68,45.38,beneficiary,Karur Vysya Bank
2025-07,98.36,0.98,0.27,0.66,45.16,beneficiary,JIO Payments Bank Ltd
2025-07,99.79,0.12,0.01,0.1,44.96,beneficiary,The South Indian Bank Limited
2025-07,98.19,0.63,0.13,1.18,37.23,beneficiary,Tamilnad Mercantile Bank Limited
2025-07,98.7,0.72,0.24,0.58,34.9,beneficiary,Suryoday Small Finance Bank Limited
2025-07,98.93,0.47,0.09,0.59,34.22,beneficiary,AU Small Finance Bank
2025-07,99.45,0.39,0.01,0.16,31.46,beneficiary,City Union Bank
2025-07,98.75,0.4,0.64,0.85,28.55,beneficiary,Kerala Gramin Bank
2025-07,98.89,0.29,0.25,0.81,26.06,beneficiary,Ujjivan Small Finance Bank Limited
2025-07,97.97,1.12,0.18,0.91,25.51,beneficiary,Punjab and Sind Bank
2025-07,98.6,0.24,0.27,1.16,22.44,beneficiary,Baroda U.P. Bank
2025-07,99.75,0.21,0.03,0.03,21.97,beneficiary,Citi Bank
2025-07,99.09,0.33,0.13,0.58,17.85,beneficiary,Telangana Grameena Bank
2025-07,99.15,0.36,0.28,0.49,16.21,beneficiary,Karnataka Gramin Bank
2025-07,97.51,0.26,0.09,2.23,15.56,beneficiary,Maharashtra Gramin Bank
2025-07,99.6,0.32,0.02,0.08,15.19,beneficiary,ESAF Small Finance Bank Ltd
2025-07,97.92,2.02,0.0,0.07,14.56,beneficiary,Equitas Small Finance Bank
2025-07,96.32,1.12,0.32,2.55,14.2,beneficiary,Andhra Pragathi Grameena Bank
2025-07,96.48,1.48,0.25,2.04,14.07,beneficiary,Rajasthan Marudhara Gramin Bank
2025-08,99.95,0.0,0.0,0.04,8090.56,beneficiary,Yes Bank Ltd.
2025-08,99.53,0.16,0.11,0.31,2060.53,beneficiary,State Bank of India
2025-08,99.84,0.16,0.0,0.0,2034.5,beneficiary,Axis Bank Ltd.
2025-08,99.25,0.75,0.0,0.01,1018.91,beneficiary,HDFC Bank Ltd.
2025-08,99.53,0.24,0.06,0.24,555.6,beneficiary,ICICI Bank Ltd.
2025-08,99.71,0.26,0.05,0.03,528.94,beneficiary,Bank of Baroda
2025-08,98.09,1.86,0.04,0.05,489.64,beneficiary,Airtel Payments Bank Limited
2025-08,99.34,0.09,0.15,0.57,475.3,beneficiary,Union Bank of India
2025-08,99.55,0.11,0.06,0.34,453.65,beneficiary,Canara Bank
2025-08,99.54,0.25,0.09,0.21,446.99,beneficiary,Punjab National Bank
2025-08,98.66,1.16,0.02,0.18,372.03,beneficiary,Kotak Mahindra Bank
2025-08,99.36,0.2,0.02,0.44,368.44,beneficiary,Federal Bank Ltd.
2025-08,97.82,1.24,0.35,0.94,295.38,beneficiary,India Post Payments Bank Limited
2025-08,99.74,0.14,0.02,0.12,291.64,beneficiary,Indian Bank
2025-08,95.2,0.73,0.59,4.07,259.4,beneficiary,Bank Of India
2025-08,99.61,0.28,0.04,0.11,202.41,beneficiary,Indusind Bank Ltd.
2025-08,98.98,0.34,0.21,0.68,152.37,beneficiary,Indian Overseas Bank
2025-08,99.93,0.0,0.02,0.06,140.77,beneficiary,Unity Small Finance Bank Limited
2025-08,98.78,0.45,0.18,0.77,139.58,beneficiary,Central Bank of India
2025-08,99.29,0.34,0.05,0.37,120.45,beneficiary,UCO Bank
2025-08,99.64,0.05,0.12,0.31,96.09,beneficiary,RBL Bank Ltd.
2025-08,97.28,1.44,0.04,1.28,90.11,beneficiary,Fino Payments Bank Ltd.
2025-08,99.24,0.34,0.06,0.42,85.28,beneficiary,IDBI Bank Ltd.
2025-08,99.72,0.23,0.01,0.04,84.48,beneficiary,Bank of Maharashtra
2025-08,98.81,1.19,0.0,0.01,61.83,beneficiary,Tri O Tech Solutions Private Limited
2025-08,99.6,0.24,0.03,0.16,61.63,beneficiary,Karnataka Bank
2025-08,98.64,0.96,0.11,0.4,59.43,beneficiary,NSDL Payments Bank Limited
2025-08,95.93,0.43,1.37,3.64,55.98,beneficiary,Suryoday Small Finance Bank Limited
2025-08,99.85,0.0,0.0,0.15,55.53,beneficiary,One Mobikwik Systems Limited
2025-08,99.13,0.4,0.28,0.47,53.04,beneficiary,The Jammu & Kashmir Bank Limited
2025-08,99.05,0.87,0.03,0.08,52.91,beneficiary,IDFC Bank Ltd.
2025-08,99.43,0.44,0.06,0.13,52.76,beneficiary,Bandhan Bank limited
2025-08,97.18,0.99,0.21,1.83,52.59,beneficiary,JIO Payments Bank Ltd
2025-08,99.84,0.12,0.01,0.05,47.86,beneficiary,The South Indian Bank Limited
2025-08,99.29,0.31,0.05,0.4,45.74,beneficiary,Karur Vysya Bank
2025-08,98.56,0.18,0.15,1.26,37.31,beneficiary,Tamilnad Mercantile Bank Limited
2025-08,97.79,0.48,0.44,1.73,35.14,beneficiary,AU Small Finance Bank
2025-08,99.39,0.42,0.0,0.19,31.86,beneficiary,City Union Bank
2025-08,97.99,0.3,0.76,1.71,29.2,beneficiary,Kerala Gramin Bank
2025-08,99.76,0.2,0.02,0.04,26.55,beneficiary,Citi Bank
2025-08,98.48,0.21,0.2,1.31,26.46,beneficiary,Ujjivan Small Finance Bank Limited
2025-08,98.25,0.89,0.12,0.86,26.13,beneficiary,Punjab and Sind Bank
2025-08,94.27,0.23,1.05,5.5,25.04,beneficiary,Baroda U.P. Bank
2025-08,98.04,0.37,0.24,1.58,18.32,beneficiary,Telangana Grameena Bank
2025-08,98.92,0.25,0.33,0.83,16.55,beneficiary,Karnataka Gramin Bank
2025-08,99.4,0.5,0.01,0.1,15.98,beneficiary,ESAF Small Finance Bank Ltd
2025-08,96.71,0.18,0.2,3.11,15.93,beneficiary,Maharashtra Gramin Bank
2025-08,84.53,1.67,0.32,13.8,14.83,beneficiary,Rajasthan Marudhara Gramin Bank
2025-08,97.67,1.98,0.11,0.35,14.82,beneficiary,Equitas Small Finance Bank
2025-08,95.89,1.01,0.16,3.1,14.55,beneficiary,Andhra Pragathi Grameena Bank
2025-09,99.99,0.0,0.0,0.01,7907.07,beneficiary,Yes Bank Ltd.
2025-09,99.3,0.14,0.13,0.57,2074.86,beneficiary,State Bank of India
2025-09,99.85,0.13,0.02,0.02,2009.94,beneficiary,Axis Bank Ltd.
2025-09,99.03,0.91,0.01,0.06,997.25,beneficiary,HDFC Bank Ltd.
2025-09,99.63,0.22,0.04,0.14,548.0,beneficiary,ICICI Bank Ltd.
2025-09,99.68,0.15,0.06,0.17,528.86,beneficiary,Bank of Baroda
2025-09,98.06,1.87,0.04,0.07,486.04,beneficiary,Airtel Payments Bank Limited
2025-09,99.83,0.09,0.03,0.08,474.03,beneficiary,Union Bank of India
2025-09,99.59,0.12,0.05,0.29,451.48,beneficiary,Canara Bank
2025-09,99.65,0.29,0.08,0.06,442.62,beneficiary,Punjab National Bank
2025-09,98.72,1.18,0.03,0.1,370.12,beneficiary,Kotak Mahindra Bank
2025-09,99.76,0.21,0.0,0.02,352.84,beneficiary,Federal Bank Ltd.
2025-09,98.69,0.18,0.09,1.12,292.45,beneficiary,Indian Bank
2025-09,96.6,1.49,0.44,1.91,290.25,beneficiary,India Post Payments Bank Limited
2025-09,98.83,0.89,0.07,0.28,261.46,beneficiary,Bank Of India
2025-09,99.54,0.34,0.08,0.12,191.3,beneficiary,Indusind Bank Ltd.
2025-09,99.48,0.26,0.11,0.26,158.61,beneficiary,Indian Overseas Bank
2025-09,99.98,0.0,0.0,0.02,156.81,beneficiary,Unity Small Finance Bank Limited
2025-09,99.12,0.63,0.13,0.25,142.32,beneficiary,Central Bank of India
2025-09,98.87,0.35,0.2,0.78,120.52,beneficiary,UCO Bank
2025-09,98.66,0.72,0.03,0.63,82.61,beneficiary,IDBI Bank Ltd.
2025-09,99.17,0.5,0.11,0.33,82.49,beneficiary,Bank of Maharashtra
2025-09,96.9,1.69,0.05,1.41,79.47,beneficiary,Fino Payments Bank Ltd.
2025-09,98.36,1.34,0.13,0.29,62.77,beneficiary,Tri O Tech Solutions Private Limited
2025-09,99.68,0.23,0.03,0.09,61.0,beneficiary,Karnataka Bank
2025-09,99.36,0.38,0.1,0.27,53.86,beneficiary,BANDHAN BANK LIMITED
2025-09,98.6,1.31,0.04,0.08,52.57,beneficiary,JIO Payments Bank Ltd
2025-09,99.33,0.44,0.16,0.23,51.83,beneficiary,The Jammu & Kashmir Bank Limited
2025-09,98.48,1.42,0.02,0.1,51.54,beneficiary,IDFC Bank Ltd.
2025-09,99.92,0.0,0.0,0.07,51.5,beneficiary,One Mobikwik Systems Limited
2025-09,98.13,1.41,0.16,0.46,51.0,beneficiary,NSDL Payments Bank Limited
2025-09,99.49,0.15,0.02,0.36,46.73,beneficiary,The South Indian Bank Limited
2025-09,99.72,0.13,0.03,0.15,45.05,beneficiary,RBL Bank Ltd.
2025-09,99.58,0.23,0.03,0.19,44.58,beneficiary,Karur Vysya Bank
2025-09,99.5,0.22,0.03,0.28,36.49,beneficiary,Tamilnad Mercantile Bank Limited
2025-09,98.83,0.52,0.1,0.65,34.57,beneficiary,AU Small Finance Bank
2025-09,99.31,0.38,0.01,0.31,30.82,beneficiary,City Union Bank
2025-09,95.21,0.36,1.31,4.44,28.48,beneficiary,Kerala Gramin Bank
2025-09,91.39,0.29,1.64,8.31,26.7,beneficiary,Uttar Pradesh Gramin Bank
2025-09,97.99,0.74,0.15,1.28,26.45,beneficiary,Punjab and Sind Bank
2025-09,99.5,0.2,0.15,0.3,26.1,beneficiary,Ujjivan Small Finance Bank Limited
2025-09,97.57,0.92,0.72,1.51,25.22,beneficiary,Suryoday Small Finance Bank Limited
2025-09,77.86,1.25,0.85,20.89,25.11,beneficiary,Karnataka Gramin Bank
2025-09,99.72,0.24,0.04,0.04,19.87,beneficiary,Citi Bank
2025-09,97.73,0.4,0.34,1.87,18.56,beneficiary,Telangana Grameena Bank
2025-09,97.1,2.05,0.24,0.86,18.11,beneficiary,Rajasthan Gramin Bank
2025-09,99.42,0.48,0.04,0.1,15.56,beneficiary,ESAF Small Finance Bank Ltd
2025-09,83.16,0.08,0.12,16.76,14.82,beneficiary,Maharashtra Gramin Bank
2025-09,96.17,1.08,0.09,2.75,14.27,beneficiary,Andhra Pragathi Grameena Bank
2025-09,97.99,1.8,0.05,0.21,14.11,beneficiary,Equitas Small Finance Bank
2025-10,99.99,0.0,0.0,0.0,8305.17,beneficiary,Yes Bank Ltd.
2025-10,99.23,0.16,0.07,0.62,2174.27,beneficiary,State Bank of India
2025-10,99.86,0.14,0.0,0.0,2122.95,beneficiary,Axis Bank Ltd.
2025-10,99.29,0.7,0.0,0.01,1097.48,beneficiary,HDFC Bank Ltd.
2025-10,99.67,0.25,0.03,0.08,575.75,beneficiary,ICICI Bank Ltd.
2025-10,99.79,0.19,0.04,0.02,565.43,beneficiary,Bank of Baroda
2025-10,99.89,0.09,0.02,0.02,499.28,beneficiary,Union Bank of India
2025-10,97.87,2.11,0.01,0.02,496.22,beneficiary,Airtel Payments Bank Limited
2025-10,99.84,0.15,0.01,0.02,474.74,beneficiary,Canara Bank
2025-10,99.57,0.33,0.03,0.1,466.74,beneficiary,Punjab National Bank
2025-10,98.76,1.21,0.01,0.03,395.39,beneficiary,Kotak Mahindra Bank
2025-10,99.76,0.23,0.0,0.01,373.37,beneficiary,Federal Bank Ltd.
2025-10,97.5,1.72,0.39,0.78,317.04,beneficiary,India Post Payments Bank Limited
2025-10,99.74,0.18,0.01,0.07,302.58,beneficiary,Indian Bank
2025-10,98.74,0.97,0.07,0.29,278.78,beneficiary,Bank Of India
2025-10,99.37,0.45,0.11,0.18,195.0,beneficiary,Indusind Bank Ltd.
2025-10,99.94,0.0,0.0,0.06,175.73,beneficiary,Unity Small Finance Bank Limited
2025-10,99.65,0.29,0.03,0.06,169.26,beneficiary,Indian Overseas Bank
2025-10,99.14,0.59,0.16,0.27,153.36,beneficiary,Central Bank of India
2025-10,99.01,0.37,0.04,0.62,126.71,beneficiary,UCO Bank
2025-10,98.42,1.47,0.04,0.12,87.52,beneficiary,Bank of Maharashtra
2025-10,96.58,1.55,0.03,1.87,86.13,beneficiary,Fino Payments Bank Ltd.
2025-10,99.33,0.43,0.01,0.23,84.93,beneficiary,IDBI Bank Ltd.
2025-10,98.32,1.61,0.02,0.07,66.48,beneficiary,Tri O Tech Solutions Private Limited
2025-10,98.27,1.6,0.05,0.13,63.87,beneficiary,JIO Payments Bank Ltd
2025-10,98.18,1.68,0.07,0.14,63.53,beneficiary,NSDL Payments Bank Limited
2025-10,99.62,0.26,0.02,0.13,62.88,beneficiary,Karnataka Bank
2025-10,98.85,0.61,0.25,0.53,56.86,beneficiary,The Jammu & Kashmir Bank Limited
2025-10,99.47,0.28,0.12,0.25,55.87,beneficiary,BANDHAN BANK LIMITED
2025-10,98.36,1.52,0.02,0.12,53.86,beneficiary,IDFC Bank Ltd.
2025-10,99.91,0.0,0.0,0.09,49.38,beneficiary,One Mobikwik Systems Limited
2025-10,99.84,0.13,0.01,0.02,48.44,beneficiary,The South Indian Bank Limited
2025-10,99.49,0.32,0.02,0.19,45.31,beneficiary,Karur Vysya Bank
2025-10,98.67,0.98,0.03,0.35,37.92,beneficiary,Tamilnad Mercantile Bank Limited
2025-10,97.94,0.52,0.38,1.53,36.7,beneficiary,AU Small Finance Bank
2025-10,99.82,0.16,0.01,0.02,36.4,beneficiary,RBL Bank Ltd.
2025-10,99.5,0.3,0.01,0.2,31.5,beneficiary,City Union Bank
2025-10,96.3,0.4,0.67,3.3,30.67,beneficiary,Uttar Pradesh Gramin Bank
2025-10,97.98,0.24,0.39,1.78,29.72,beneficiary,Kerala Gramin Bank
2025-10,94.69,0.53,0.63,4.78,27.74,beneficiary,Punjab and Sind Bank
2025-10,99.32,0.23,0.21,0.45,26.99,beneficiary,Ujjivan Small Finance Bank Limited
2025-10,94.02,3.43,1.19,2.54,21.83,beneficiary,Karnataka Gramin Bank
2025-10,97.77,1.99,0.1,0.25,20.76,beneficiary,Rajasthan Gramin Bank
2025-10,97.74,0.5,0.44,1.76,19.64,beneficiary,Telangana Grameena Bank
2025-10,99.74,0.24,0.03,0.02,19.5,beneficiary,Citi Bank
2025-10,98.07,1.57,0.16,0.36,16.74,beneficiary,Suryoday Small Finance Bank Limited
2025-10,96.69,2.88,0.25,0.43,16.42,beneficiary,Slice Small Finance Bank
2025-10,99.37,0.45,0.05,0.18,16.15,beneficiary,ESAF Small Finance Bank Ltd
2025-10,98.72,0.13,0.3,1.14,15.98,beneficiary,Maharashtra Gramin Bank
2025-10,97.83,1.93,0.06,0.24,15.34,beneficiary,Equitas Small Finance Bank
2025-11,99.99,0.0,0.0,0.0,8281.16,beneficiary,Yes Bank Ltd.
2025-11,99.87,0.13,0.01,0.0,2082.22,beneficiary,Axis Bank Ltd.
2025-11,99.63,0.15,0.08,0.21,2080.6,beneficiary,State Bank of India
2025-11,99.27,0.65,0.03,0.09,1041.18,beneficiary,HDFC Bank Ltd.
2025-11,99.4,0.47,0.07,0.13,555.54,beneficiary,Bank of Baroda
2025-11,99.7,0.23,0.02,0.07,542.1,beneficiary,ICICI Bank Ltd.
2025-11,99.74,0.09,0.04,0.17,496.61,beneficiary,Union Bank of India
2025-11,96.32,3.4,0.09,0.28,484.49,beneficiary,Airtel Payments Bank Limited
2025-11,99.07,0.18,0.1,0.74,476.54,beneficiary,Canara Bank
2025-11,99.47,0.33,0.12,0.19,462.1,beneficiary,Punjab National Bank
2025-11,98.84,0.77,0.1,0.39,402.42,beneficiary,Kotak Mahindra Bank
2025-11,99.75,0.23,0.0,0.03,371.67,beneficiary,Federal Bank Ltd.
2025-11,96.59,2.79,0.17,0.62,325.72,beneficiary,India Post Payments Bank Limited
2025-11,99.66,0.16,0.01,0.19,300.3,beneficiary,Indian Bank
2025-11,98.37,1.08,0.12,0.55,275.45,beneficiary,Bank Of India
2025-11,98.97,0.52,0.18,0.51,186.6,beneficiary,Indusind Bank Ltd.
2025-11,99.96,0.02,0.0,0.03,184.26,beneficiary,Unity Small Finance Bank Limited
2025-11,98.44,0.32,0.53,1.23,181.82,beneficiary,Indian Overseas Bank
2025-11,98.83,0.51,0.16,0.65,151.51,beneficiary,Central Bank of India
2025-11,99.52,0.38,0.02,0.1,125.29,beneficiary,UCO Bank
2025-11,94.21,4.28,0.0,1.52,92.55,beneficiary,Fino Payments Bank Ltd.
2025-11,98.38,1.57,0.03,0.06,85.74,beneficiary,Bank of Maharashtra
2025-11,99.38,0.51,0.01,0.11,83.63,beneficiary,IDBI Bank Ltd.
2025-11,98.06,1.67,0.11,0.26,77.44,beneficiary,NSDL Payments Bank Limited
2025-11,97.6,1.66,0.1,0.74,75.03,beneficiary,JIO Payments Bank Ltd
2025-11,97.88,1.71,0.21,0.41,67.62,beneficiary,Tri O Tech Solutions Private Limited
2025-11,99.65,0.27,0.0,0.08,62.94,beneficiary,Karnataka Bank
2025-11,98.76,0.81,0.28,0.43,57.59,beneficiary,The Jammu & Kashmir Bank Limited
2025-11,98.69,0.27,0.36,1.04,55.78,beneficiary,BANDHAN BANK LIMITED
2025-11,98.4,1.56,0.02,0.04,55.14,beneficiary,IDFC Bank Ltd.
2025-11,99.59,0.2,0.04,0.21,48.33,beneficiary,The South Indian Bank Limited
2025-11,99.87,0.0,0.01,0.13,48.3,beneficiary,One Mobikwik Systems Limited
2025-11,99.65,0.25,0.02,0.1,45.73,beneficiary,Karur Vysya Bank
2025-11,99.71,0.15,0.03,0.14,41.2,beneficiary,RBL Bank Ltd.
2025-11,98.43,1.1,0.06,0.47,37.78,beneficiary,Tamilnad Mercantile Bank Limited
2025-11,98.56,0.64,0.17,0.8,35.71,beneficiary,AU Small Finance Bank
2025-11,97.62,0.26,0.67,2.11,32.83,beneficiary,Uttar Pradesh Gramin Bank
2025-11,99.51,0.31,0.02,0.18,30.57,beneficiary,City Union Bank
2025-11,99.27,0.2,0.34,0.53,29.29,beneficiary,Kerala Gramin Bank
2025-11,98.6,0.6,0.04,0.8,27.04,beneficiary,Punjab and Sind Bank
2025-11,99.62,0.28,0.12,0.1,26.68,beneficiary,Ujjivan Small Finance Bank Limited
2025-11,97.24,1.43,0.68,1.33,23.78,beneficiary,Karnataka Gramin Bank
2025-11,97.35,2.04,0.34,0.6,20.88,beneficiary,Rajasthan Gramin Bank
2025-11,96.62,2.96,0.17,0.42,20.24,beneficiary,Telangana Grameena Bank
2025-11,93.72,5.9,0.3,0.38,19.93,beneficiary,Slice Small Finance Bank Ltd
2025-11,99.78,0.2,0.02,0.03,18.89,beneficiary,Citi Bank
2025-11,99.2,0.43,0.08,0.37,16.0,beneficiary,ESAF Small Finance Bank Ltd
2025-11,99.37,0.1,0.21,0.54,15.51,beneficiary,Maharashtra Gramin Bank
2025-11,98.44,0.49,0.37,1.07,15.15,beneficiary,Andhra Pradesh Grameena Bank
2025-11,97.4,1.97,0.04,0.63,14.63,beneficiary,Equitas Small Finance Bank
2025-12,99.99,0.01,0.0,0.0,8682.85,beneficiary,Yes Bank Ltd.
2025-12,99.87,0.13,0.02,0.01,2211.88,beneficiary,Axis Bank Ltd.
2025-12,99.6,0.18,0.21,0.22,2182.07,beneficiary,State Bank of India
2025-12,99.28,0.7,0.01,0.02,1089.85,beneficiary,HDFC Bank Ltd.
2025-12,99.43,0.45,0.06,0.12,591.65,beneficiary,Bank of Baroda
2025-12,99.73,0.23,0.01,0.04,557.96,beneficiary,ICICI Bank Ltd.
2025-12,99.24,0.17,0.17,0.59,527.83,beneficiary,Union Bank of India
2025-12,99.0,0.24,0.1,0.77,505.97,beneficiary,Canara Bank
2025-12,96.02,3.88,0.03,0.09,501.54,beneficiary,Airtel Payments Bank Limited
2025-12,99.22,0.35,0.1,0.43,496.1,beneficiary,Punjab National Bank
2025-12,99.59,0.39,0.02,0.01,441.01,beneficiary,Kotak Mahindra Bank
2025-12,99.68,0.22,0.0,0.1,393.94,beneficiary,Federal Bank Ltd.
2025-12,95.49,2.95,0.17,1.56,354.62,beneficiary,India Post Payments Bank Limited
2025-12,99.56,0.18,0.05,0.26,321.26,beneficiary,Indian Bank
2025-12,98.66,1.08,0.04,0.26,293.41,beneficiary,Bank Of India
2025-12,99.43,0.39,0.12,0.18,197.99,beneficiary,Indusind Bank Ltd.
2025-12,99.88,0.04,0.06,0.08,195.3,beneficiary,Unity Small Finance Bank Limited
2025-12,97.47,0.53,0.07,2.0,190.92,beneficiary,Indian Overseas Bank
2025-12,99.04,0.54,0.16,0.41,163.37,beneficiary,Central Bank of India
2025-12,99.3,0.43,0.05,0.27,133.91,beneficiary,UCO Bank
2025-12,96.38,3.01,0.11,0.61,103.03,beneficiary,Fino Payments Bank Ltd.
2025-12,98.09,1.34,0.16,0.57,97.83,beneficiary,NSDL Payments Bank Limited
2025-12,98.87,0.83,0.09,0.3,91.51,beneficiary,Bank of Maharashtra
2025-12,98.57,0.86,0.04,0.57,87.64,beneficiary,IDBI Bank Ltd.
2025-12,97.45,1.99,0.12,0.56,86.94,beneficiary,JIO Payments Bank Ltd
2025-12,98.08,1.88,0.04,0.04,72.34,beneficiary,Tri O Tech Solutions Private Limited
2025-12,99.55,0.36,0.01,0.09,66.69,beneficiary,Karnataka Bank
2025-12,99.04,0.76,0.1,0.2,59.26,beneficiary,The Jammu & Kashmir Bank Limited
2025-12,99.58,0.32,0.09,0.1,59.05,beneficiary,BANDHAN BANK LIMITED
2025-12,98.34,1.58,0.03,0.08,55.78,beneficiary,IDFC Bank Ltd.
2025-12,99.84,0.13,0.02,0.03,53.69,beneficiary,RBL Bank Ltd.
2025-12,99.54,0.03,0.0,0.43,51.77,beneficiary,One Mobikwik Systems Limited
2025-12,99.83,0.17,0.0,0.01,51.4,beneficiary,The South Indian Bank Limited
2025-12,99.65,0.27,0.05,0.08,48.88,beneficiary,Karur Vysya Bank
2025-12,98.15,1.11,0.09,0.74,41.08,beneficiary,Tamilnad Mercantile Bank Limited
2025-12,99.16,0.67,0.04,0.17,38.17,beneficiary,AU Small Finance Bank
2025-12,96.84,0.28,0.74,2.88,36.45,beneficiary,Uttar Pradesh Gramin Bank
2025-12,99.46,0.37,0.01,0.17,32.36,beneficiary,City Union Bank
2025-12,99.69,0.19,0.18,0.12,31.22,beneficiary,Kerala Gramin Bank
2025-12,97.78,0.66,0.36,1.57,28.47,beneficiary,Punjab and Sind Bank
2025-12,99.67,0.27,0.07,0.06,28.22,beneficiary,Ujjivan Small Finance Bank Limited
2025-12,98.86,1.0,0.12,0.15,26.11,beneficiary,Karnataka Gramin Bank
2025-12,96.72,2.02,0.49,1.26,23.29,beneficiary,Rajasthan Gramin Bank
2025-12,92.32,7.52,0.13,0.16,23.2,beneficiary,Slice Small Finance Bank
2025-12,97.09,2.75,0.14,0.16,21.31,beneficiary,Telangana Grameena Bank
2025-12,99.77,0.2,0.03,0.03,19.89,beneficiary,Citi Bank
2025-12,99.06,0.39,0.18,0.55,19.48,beneficiary,Andhra Pradesh Grameena Bank
2025-12,97.75,2.14,0.04,0.12,17.45,beneficiary,Suryoday Small Finance Bank Limited
2025-12,99.37,0.38,0.05,0.25,17.02,beneficiary,ESAF Small Finance Bank Ltd
2025-12,98.94,0.09,0.43,0.97,16.31,beneficiary,Maharashtra Gramin Bank
2026-01,99.99,0.01,0.0,0.0,8773.33,beneficiary,Yes Bank Ltd.
2026-01,99.83,0.15,0.02,0.02,2207.24,beneficiary,Axis Bank Ltd.
2026-01,99.41,0.19,0.1,0.4,2169.71,beneficiary,State Bank of India
2026-01,99.26,0.68,0.01,0.06,1110.69,beneficiary,HDFC Bank Ltd.
2026-01,99.46,0.53,0.02,0.01,592.69,beneficiary,Bank of Baroda
2026-01,99.27,0.23,0.12,0.51,556.23,beneficiary,ICICI Bank Ltd.
2026-01,93.77,6.15,0.02,0.08,522.28,beneficiary,Airtel Payments Bank Limited
2026-01,99.62,0.14,0.08,0.24,517.54,beneficiary,Union Bank of India
2026-01,99.3,0.22,0.07,0.48,503.78,beneficiary,Canara Bank
2026-01,99.27,0.35,0.12,0.38,497.29,beneficiary,Punjab National Bank
2026-01,99.58,0.42,0.01,0.0,441.71,beneficiary,Kotak Mahindra Bank
2026-01,99.77,0.21,0.0,0.01,388.29,beneficiary,Federal Bank Ltd.
2026-01,95.86,3.55,0.22,0.59,368.73,beneficiary,INDIA POST PAYMENTS BANK LIMITED
2026-01,99.61,0.18,0.02,0.21,317.41,beneficiary,Indian Bank
2026-01,98.51,1.4,0.04,0.09,294.9,beneficiary,Bank Of India
2026-01,99.32,0.36,0.15,0.32,189.2,beneficiary,Indusind Bank Ltd.
2026-01,99.75,0.04,0.07,0.21,183.22,beneficiary,Unity Small Finance Bank Limited
2026-01,99.34,0.52,0.09,0.14,167.02,beneficiary,Indian Overseas Bank
2026-01,99.33,0.53,0.08,0.14,165.55,beneficiary,Central Bank of India
2026-01,99.53,0.45,0.01,0.02,133.65,beneficiary,UCO Bank
2026-01,97.32,2.17,0.2,0.51,117.09,beneficiary,NSDL Payments Bank Limited
2026-01,98.17,1.67,0.12,0.17,105.42,beneficiary,JIO PAYMENTS BANK LTD
2026-01,88.97,4.08,0.34,6.95,92.44,beneficiary,Fino Payments Bank Ltd.
2026-01,99.62,0.35,0.03,0.03,91.56,beneficiary,Bank of Maharashtra
2026-01,99.36,0.59,0.03,0.05,86.23,beneficiary,IDBI Bank Ltd.
2026-01,97.78,2.15,0.05,0.06,74.02,beneficiary,Tri O Tech Solutions Private Limited
2026-01,98.98,0.3,0.01,0.72,64.82,beneficiary,Karnataka Bank
2026-01,99.51,0.28,0.21,0.2,59.6,beneficiary,BANDHAN BANK LIMITED
2026-01,98.39,1.57,0.01,0.04,55.86,beneficiary,IDFC Bank Ltd.
2026-01,98.98,0.85,0.13,0.17,54.78,beneficiary,The Jammu & Kashmir Bank Limited
2026-01,99.8,0.01,0.0,0.19,53.34,beneficiary,ONE MOBIKWIK SYSTEMS LIMITED
2026-01,99.82,0.14,0.0,0.04,51.08,beneficiary,The South Indian Bank Limited
2026-01,99.6,0.19,0.01,0.21,48.37,beneficiary,RBL Bank Ltd.
2026-01,99.58,0.24,0.02,0.18,46.66,beneficiary,Karur Vysya Bank
2026-01,98.75,1.15,0.02,0.1,39.7,beneficiary,Tamilnad Mercantile Bank Limited
2026-01,98.77,0.78,0.14,0.45,38.33,beneficiary,AU small Finance Bank
2026-01,97.89,0.26,0.56,1.85,38.03,beneficiary,Baroda U.P. Bank
2026-01,99.54,0.15,0.1,0.32,31.57,beneficiary,KERALA GRAMIN BANK
2026-01,98.44,1.42,0.01,0.14,31.08,beneficiary,City Union Bank
2026-01,99.66,0.26,0.06,0.08,28.31,beneficiary,UJJIVAN SMALL FINANCE BANK LIMITED
2026-01,98.57,0.76,0.05,0.67,27.98,beneficiary,Punjab and Sind Bank
2026-01,98.4,0.86,0.26,0.74,27.43,beneficiary,Karnataka Gramin Bank
2026-01,91.55,8.29,0.13,0.16,26.5,beneficiary,Slice Small Finance Bank Ltd
2026-01,97.51,2.13,0.16,0.36,24.36,beneficiary,Rajasthan Marudhara Gramin Bank
2026-01,97.37,2.5,0.05,0.13,21.76,beneficiary,SURYODAY SMALL FINANCE BANK LIMITED
2026-01,97.04,1.72,0.46,1.25,21.72,beneficiary,TELANGANA GRAMEENA BANK
2026-01,99.47,0.45,0.06,0.07,21.45,beneficiary,CITIBANK CORPORATE
2026-01,98.88,0.5,0.11,0.62,21.34,beneficiary,CHAITANYA GODAVARI GRAMEENA BANK
2026-01,98.51,0.07,0.41,1.41,17.24,beneficiary,Maharashtra Gramin Bank
2026-01,99.27,0.25,0.13,0.49,16.81,beneficiary,ESAF SMALL FINANCE BANK LTD
2026-02,99.99,0.01,0.0,0.01,8294.2,beneficiary,Yes Bank Ltd.
2026-02,99.83,0.15,0.01,0.02,2085.54,beneficiary,Axis Bank Ltd.
2026-02,99.75,0.2,0.06,0.06,2036.74,beneficiary,State Bank of India
2026-02,99.24,0.65,0.04,0.11,1020.13,beneficiary,HDFC Bank Ltd.
2026-02,99.44,0.51,0.03,0.05,558.72,beneficiary,Bank of Baroda
2026-02,99.8,0.13,0.03,0.07,490.27,beneficiary,Union Bank of India
2026-02,94.31,5.46,0.04,0.23,486.46,beneficiary,Airtel Payments Bank Limited
2026-02,99.57,0.22,0.04,0.21,477.56,beneficiary,Canara Bank
2026-02,99.05,0.36,0.06,0.59,470.22,beneficiary,Punjab National Bank
2026-02,99.67,0.25,0.02,0.08,454.62,beneficiary,ICICI Bank Ltd.
2026-02,99.45,0.46,0.03,0.09,408.03,beneficiary,Kotak Mahindra Bank
2026-02,99.79,0.2,0.0,0.0,356.08,beneficiary,Federal Bank Ltd.
2026-02,95.75,3.86,0.12,0.39,345.01,beneficiary,INDIA POST PAYMENTS BANK LIMITED
2026-02,99.81,0.17,0.01,0.02,303.8,beneficiary,Indian Bank
2026-02,97.9,1.38,0.12,0.72,275.61,beneficiary,Bank Of India
2026-02,99.37,0.34,0.13,0.29,186.34,beneficiary,Indusind Bank Ltd.
2026-02,99.78,0.05,0.09,0.17,163.64,beneficiary,Unity Small Finance Bank Limited
2026-02,98.73,0.68,0.19,0.59,157.65,beneficiary,Central Bank of India
2026-02,99.5,0.28,0.06,0.22,154.43,beneficiary,Indian Overseas Bank
2026-02,99.28,0.41,0.07,0.31,125.0,beneficiary,UCO Bank
2026-02,96.01,2.39,0.27,1.6,110.76,beneficiary,NSDL Payments Bank Limited
2026-02,98.05,1.72,0.07,0.23,100.0,beneficiary,JIO PAYMENTS BANK LTD
2026-02,96.54,3.24,0.22,0.22,89.52,beneficiary,Fino Payments Bank Ltd.
2026-02,97.87,2.0,0.02,0.13,85.55,beneficiary,Bank of Maharashtra
2026-02,99.25,0.53,0.01,0.21,80.75,beneficiary,IDBI Bank Ltd.
2026-02,97.86,2.13,0.01,0.01,67.88,beneficiary,Tri O Tech Solutions Private Limited
2026-02,99.02,0.29,0.05,0.69,60.37,beneficiary,Karnataka Bank
2026-02,99.38,0.27,0.18,0.35,55.97,beneficiary,BANDHAN BANK LIMITED
2026-02,98.0,1.46,0.07,0.55,52.75,beneficiary,IDFC Bank Ltd.
2026-02,98.86,1.06,0.07,0.09,51.88,beneficiary,The Jammu & Kashmir Bank Limited
2026-02,99.7,0.01,0.01,0.29,51.14,beneficiary,ONE MOBIKWIK SYSTEMS LIMITED
2026-02,99.53,0.41,0.01,0.05,47.09,beneficiary,The South Indian Bank Limited
2026-02,99.72,0.12,0.05,0.16,46.99,beneficiary,RBL Bank Ltd.
2026-02,99.65,0.23,0.03,0.12,44.68,beneficiary,Karur Vysya Bank
2026-02,94.54,0.25,1.41,5.22,38.59,beneficiary,Baroda U.P. Bank
2026-02,98.23,1.1,0.03,0.67,37.98,beneficiary,Tamilnad Mercantile Bank Limited
2026-02,99.05,0.79,0.05,0.16,36.08,beneficiary,AU small Finance Bank
2026-02,97.74,2.2,0.02,0.06,30.99,beneficiary,SURYODAY SMALL FINANCE BANK LIMITED
2026-02,98.34,1.41,0.01,0.25,29.61,beneficiary,City Union Bank
2026-02,99.42,0.15,0.13,0.43,29.16,beneficiary,KERALA GRAMIN BANK
2026-02,91.53,8.35,0.09,0.12,27.83,beneficiary,Slice Small Finance Bank Limited
2026-02,98.89,0.76,0.07,0.35,26.85,beneficiary,Punjab and Sind Bank
2026-02,99.68,0.26,0.06,0.07,26.8,beneficiary,UJJIVAN SMALL FINANCE BANK LIMITED
2026-02,98.04,0.47,0.18,1.49,25.1,beneficiary,Karnataka Gramin Bank
2026-02,98.84,0.5,0.26,0.66,23.41,beneficiary,Rajasthan Marudhara Gramin Bank
2026-02,98.1,0.63,0.34,1.28,20.55,beneficiary,CHAITANYA GODAVARI GRAMEENA BANK
2026-02,99.11,0.25,0.3,0.63,20.23,beneficiary,TELANGANA GRAMEENA BANK
2026-02,99.38,0.51,0.07,0.11,18.59,beneficiary,CITIBANK CORPORATE
2026-02,98.84,0.08,0.45,1.08,16.05,beneficiary,Maharashtra Gramin Bank
2026-02,99.49,0.22,0.07,0.29,15.42,beneficiary,ESAF SMALL FINANCE BANK LTD
2026-03,99.99,0.0,0.0,0.0,9194.26,beneficiary,Yes Bank Ltd.
2026-03,99.85,0.15,0.01,0.0,2395.49,beneficiary,Axis Bank Ltd.
2026-03,99.74,0.18,0.06,0.07,2278.68,beneficiary,State Bank Of India
2026-03,99.3,0.69,0.0,0.01,1083.7,beneficiary,Hdfc Bank Ltd.
2026-03,99.34,0.58,0.05,0.08,623.77,beneficiary,Bank Of Baroda
2026-03,99.6,0.11,0.1,0.28,547.72,beneficiary,Union Bank Of India
2026-03,94.31,5.51,0.03,0.18,541.84,beneficiary,Airtel Payments Bank Limited
2026-03,99.71,0.17,0.03,0.12,529.58,beneficiary,Canara Bank
2026-03,99.64,0.32,0.04,0.03,526.72,beneficiary,Punjab National Bank
2026-03,99.23,0.61,0.02,0.16,460.68,beneficiary,Kotak Mahindra Bank
2026-03,99.41,0.39,0.05,0.2,445.37,beneficiary,Icici Bank Ltd.
2026-03,99.73,0.18,0.0,0.1,393.52,beneficiary,Federal Bank Ltd.
2026-03,97.6,2.16,0.08,0.24,392.7,beneficiary,India Post Payments Bank Limited
2026-03,99.83,0.11,0.02,0.06,337.21,beneficiary,Indian Bank
2026-03,98.21,1.24,0.05,0.55,305.48,beneficiary,Bank Of India
2026-03,99.59,0.31,0.07,0.1,190.51,beneficiary,Indusind Bank Ltd.
2026-03,98.85,0.05,0.2,1.1,180.27,beneficiary,Unity Small Finance Bank Limited
2026-03,98.73,0.62,0.24,0.65,177.66,beneficiary,Central Bank Of India
2026-03,99.7,0.28,0.01,0.02,172.5,beneficiary,Indian Overseas Bank
2026-03,99.46,0.44,0.02,0.11,137.84,beneficiary,Uco Bank
2026-03,96.9,2.62,0.16,0.48,131.73,beneficiary,Nsdl Payments Bank Limited
2026-03,97.8,2.04,0.05,0.16,95.31,beneficiary,Jio Payments Bank Ltd
2026-03,98.21,1.47,0.04,0.32,93.4,beneficiary,Bank Of Maharashtra
2026-03,98.49,0.48,0.13,1.03,88.75,beneficiary,Idbi Bank Ltd.
2026-03,95.45,4.35,0.06,0.2,83.77,beneficiary,Fino Payments Bank Ltd.
2026-03,97.67,2.33,0.0,0.0,77.31,beneficiary,Tri O Tech Solutions Private Limited
2026-03,99.57,0.26,0.03,0.17,66.46,beneficiary,Karnataka Bank
2026-03,99.17,0.22,0.24,0.61,62.21,beneficiary,Bandhan Bank Limited
2026-03,98.57,1.34,0.01,0.08,59.09,beneficiary,Idfc Bank Ltd.
2026-03,98.96,0.91,0.07,0.14,57.86,beneficiary,The Jammu & Kashmir Bank Limited
2026-03,99.63,0.01,0.02,0.37,57.43,beneficiary,One Mobikwik Systems Limited
2026-03,99.81,0.1,0.03,0.1,52.38,beneficiary,Rbl Bank Ltd.
2026-03,99.76,0.2,0.01,0.05,51.86,beneficiary,The South Indian Bank Limited
2026-03,99.69,0.17,0.05,0.13,51.71,beneficiary,Karur Vysya Bank
2026-03,93.21,0.25,1.94,6.55,45.83,beneficiary,Baroda U.P. Bank
2026-03,98.54,0.88,0.02,0.58,41.72,beneficiary,Tamilnad Mercantile Bank Limited
2026-03,98.97,0.97,0.02,0.06,39.84,beneficiary,Au Small Finance Bank
2026-03,97.64,2.29,0.03,0.07,39.12,beneficiary,Suryoday Small Finance Bank Limited
2026-03,90.9,8.65,0.11,0.45,33.12,beneficiary,Slice Small Finance Bank Limited
2026-03,99.71,0.16,0.08,0.13,32.47,beneficiary,Kerala Gramin Bank
2026-03,97.96,1.62,0.06,0.42,31.92,beneficiary,City Union Bank
2026-03,99.69,0.18,0.09,0.12,29.71,beneficiary,Ujjivan Small Finance Bank Limited
2026-03,99.04,0.71,0.08,0.25,29.59,beneficiary,Punjab And Sind Bank
2026-03,98.89,0.33,0.29,0.78,27.85,beneficiary,Karnataka Gramin Bank
2026-03,99.45,0.45,0.12,0.1,26.15,beneficiary,Rajasthan Marudhara Gramin Bank
2026-03,98.75,0.43,0.29,0.82,23.6,beneficiary,Chaitanya Godavari Grameena Bank
2026-03,99.35,0.56,0.07,0.09,23.58,beneficiary,Citibank Corporate
2026-03,98.56,0.2,0.22,1.25,23.1,beneficiary,Telangana Grameena Bank
2026-03,96.9,0.26,0.67,2.84,18.53,beneficiary,Maharashtra Gramin Bank
2026-03,99.29,0.19,0.15,0.52,17.13,beneficiary,Esaf Small Finance Bank Ltd
2026-04,99.99,0.01,0.0,0.0,9176.6,beneficiary,Yes Bank Ltd.
2026-04,99.89,0.11,0.0,0.0,2351.68,beneficiary,Axis Bank Ltd.
2026-04,99.66,0.28,0.08,0.07,2212.43,beneficiary,State Bank Of India
2026-04,99.37,0.61,0.0,0.02,1061.72,beneficiary,Hdfc Bank Ltd.
2026-04,99.47,0.45,0.03,0.08,611.46,beneficiary,Bank Of Baroda
2026-04,99.86,0.11,0.01,0.03,537.18,beneficiary,Union Bank Of India
2026-04,99.51,0.28,0.12,0.21,530.67,beneficiary,Punjab National Bank
2026-04,99.64,0.14,0.04,0.21,518.33,beneficiary,Canara Bank
2026-04,94.4,5.36,0.08,0.24,514.25,beneficiary,Airtel Payments Bank Limited
2026-04,99.48,0.52,0.0,0.0,454.02,beneficiary,Kotak Mahindra Bank
2026-04,99.55,0.43,0.0,0.02,436.88,beneficiary,Icici Bank Ltd.
2026-04,99.81,0.18,0.0,0.01,387.57,beneficiary,Federal Bank Ltd.
2026-04,98.83,0.68,0.09,0.49,372.26,beneficiary,India Post Payments Bank Limited
2026-04,99.84,0.1,0.03,0.06,325.72,beneficiary,Indian Bank
2026-04,99.08,0.91,0.11,0.01,297.72,beneficiary,Bank Of India
2026-04,98.57,1.36,0.08,0.07,197.81,beneficiary,Indusind Bank Ltd.
2026-04,99.47,0.02,0.12,0.51,183.75,beneficiary,Unity Small Finance Bank Limited
2026-04,98.7,0.44,0.34,0.86,174.56,beneficiary,Central Bank Of India
2026-04,99.53,0.31,0.06,0.16,168.04,beneficiary,Indian Overseas Bank
2026-04,99.36,0.43,0.08,0.21,132.74,beneficiary,Uco Bank
2026-04,98.09,0.84,0.3,1.06,117.56,beneficiary,Nsdl Payments Bank Limited
2026-04,97.82,1.94,0.06,0.24,91.58,beneficiary,Bank Of Maharashtra
2026-04,99.36,0.47,0.01,0.17,85.79,beneficiary,Idbi Bank Ltd.
2026-04,98.91,0.86,0.08,0.23,83.96,beneficiary,Jio Payments Bank Ltd
2026-04,99.17,0.48,0.12,0.35,80.01,beneficiary,Tri O Tech Solutions Private Limited
2026-04,96.12,3.16,0.06,0.72,78.2,beneficiary,Fino Payments Bank Ltd.
2026-04,99.68,0.26,0.02,0.06,64.69,beneficiary,Karnataka Bank
2026-04,99.15,0.8,0.04,0.05,62.47,beneficiary,The Jammu & Kashmir Bank Limited
2026-04,99.46,0.21,0.21,0.32,60.31,beneficiary,Bandhan Bank Limited
2026-04,98.77,1.18,0.02,0.05,58.42,beneficiary,Idfc Bank Ltd.
2026-04,99.79,0.01,0.02,0.2,58.06,beneficiary,One Mobikwik Systems Limited
2026-04,99.68,0.15,0.08,0.17,55.07,beneficiary,Karur Vysya Bank
2026-04,99.8,0.13,0.01,0.07,49.43,beneficiary,The South Indian Bank Limited
2026-04,99.64,0.12,0.03,0.24,49.02,beneficiary,Rbl Bank Ltd.
2026-04,97.61,0.27,0.69,2.12,44.67,beneficiary,Baroda U.P. Bank
2026-04,98.44,1.46,0.03,0.1,40.28,beneficiary,Suryoday Small Finance Bank Limited
2026-04,98.78,0.86,0.01,0.35,39.69,beneficiary,Tamilnad Mercantile Bank Limited
2026-04,97.92,1.42,0.03,0.66,38.85,beneficiary,Au Small Finance Bank
2026-04,93.01,6.62,0.06,0.37,35.78,beneficiary,Slice Small Finance Bank Limited
2026-04,99.17,0.55,0.03,0.28,31.12,beneficiary,City Union Bank
2026-04,99.64,0.12,0.14,0.24,31.06,beneficiary,Kerala Gramin Bank
2026-04,99.12,0.66,0.06,0.22,29.02,beneficiary,Punjab And Sind Bank
2026-04,99.19,0.19,0.11,0.61,28.89,beneficiary,Ujjivan Small Finance Bank Limited
2026-04,97.74,0.5,0.73,1.77,27.31,beneficiary,Karnataka Gramin Bank
2026-04,98.08,0.48,0.65,1.44,25.72,beneficiary,Rajasthan Marudhara Gramin Bank
2026-04,98.72,0.58,0.26,0.7,24.07,beneficiary,Chaitanya Godavari Grameena Bank
2026-04,99.36,0.27,0.29,0.38,22.94,beneficiary,Telangana Grameena Bank
2026-04,99.2,0.51,0.18,0.29,21.62,beneficiary,Citibank Corporate
2026-04,99.17,0.07,0.43,0.76,18.79,beneficiary,Maharashtra Gramin Bank
2026-04,98.58,0.15,0.34,1.27,16.37,beneficiary,Esaf Small Finance Bank Ltd
2026-05,99.99,0.0,0.0,0.01,9564.11,beneficiary,Yes Bank Ltd.
2026-05,99.88,0.12,0.01,0.0,2458.89,beneficiary,Axis Bank Ltd.
2026-05,99.7,0.15,0.06,0.15,2286.02,beneficiary,State Bank Of India
2026-05,99.57,0.38,0.01,0.05,1091.04,beneficiary,Hdfc Bank Ltd.
2026-05,99.39,0.55,0.02,0.07,631.12,beneficiary,Bank Of Baroda
2026-05,98.95,0.3,0.08,0.75,567.96,beneficiary,Punjab National Bank
2026-05,99.85,0.11,0.01,0.04,555.52,beneficiary,Union Bank Of India
2026-05,99.76,0.16,0.02,0.08,532.98,beneficiary,Canara Bank
2026-05,93.59,6.17,0.13,0.24,522.26,beneficiary,Airtel Payments Bank Limited
2026-05,99.39,0.61,0.01,0.0,467.2,beneficiary,Kotak Mahindra Bank
2026-05,99.62,0.36,0.0,0.01,448.6,beneficiary,Icici Bank Ltd.
2026-05,99.79,0.17,0.01,0.04,388.37,beneficiary,Federal Bank Ltd.
2026-05,98.85,0.7,0.07,0.44,384.69,beneficiary,India Post Payments Bank Limited
2026-05,96.81,2.7,0.14,0.49,320.56,beneficiary,Indian Bank
2026-05,98.88,1.08,0.02,0.04,307.1,beneficiary,Bank Of India
2026-05,99.61,0.01,0.09,0.38,221.57,beneficiary,Unity Small Finance Bank Limited
2026-05,99.54,0.37,0.05,0.09,200.34,beneficiary,Indusind Bank Ltd.
2026-05,98.58,0.47,0.58,0.95,181.28,beneficiary,Central Bank Of India
2026-05,99.58,0.4,0.01,0.02,178.88,beneficiary,Indian Overseas Bank
2026-05,99.36,0.33,0.02,0.31,138.97,beneficiary,Uco Bank
2026-05,97.42,2.4,0.07,0.17,129.13,beneficiary,Nsdl Payments Bank Limited
2026-05,97.29,1.74,0.05,0.98,92.89,beneficiary,Bank Of Maharashtra
2026-05,98.45,0.5,0.03,1.04,88.1,beneficiary,Idbi Bank Ltd.
2026-05,99.14,0.48,0.1,0.38,85.84,beneficiary,Tri O Tech Solutions Private Limited
2026-05,98.47,1.46,0.03,0.06,83.5,beneficiary,Jio Payments Bank Ltd
2026-05,95.91,3.62,0.04,0.47,82.13,beneficiary,Fino Payments Bank Ltd.
2026-05,99.21,0.78,0.03,0.02,69.92,beneficiary,The Jammu & Kashmir Bank Limited
2026-05,99.47,0.3,0.07,0.23,66.56,beneficiary,Karnataka Bank
2026-05,99.8,0.01,0.02,0.19,60.57,beneficiary,One Mobikwik Systems Limited
2026-05,98.72,0.22,0.3,1.07,60.53,beneficiary,Bandhan Bank Limited
2026-05,98.77,1.18,0.01,0.05,58.16,beneficiary,Idfc Bank Ltd.
2026-05,99.79,0.1,0.03,0.11,55.45,beneficiary,Rbl Bank Ltd.
2026-05,99.7,0.16,0.04,0.14,54.5,beneficiary,Karur Vysya Bank
2026-05,99.26,0.26,0.05,0.48,52.17,beneficiary,The South Indian Bank Limited
2026-05,96.09,0.29,0.97,3.61,49.16,beneficiary,Baroda U.P. Bank
2026-05,98.51,0.77,0.03,0.72,41.33,beneficiary,Tamilnad Mercantile Bank Limited
2026-05,99.25,0.6,0.04,0.14,40.21,beneficiary,Au Small Finance Bank
2026-05,93.39,2.79,0.04,3.82,40.19,beneficiary,Slice Small Finance Bank Limited
2026-05,99.7,0.13,0.11,0.17,33.28,beneficiary,Kerala Gramin Bank
2026-05,99.34,0.49,0.01,0.16,32.25,beneficiary,City Union Bank
2026-05,98.83,0.9,0.08,0.28,30.79,beneficiary,Punjab And Sind Bank
2026-05,99.63,0.23,0.11,0.14,29.84,beneficiary,Ujjivan Small Finance Bank Limited
2026-05,98.5,0.28,0.52,1.22,28.52,beneficiary,Karnataka Gramin Bank
2026-05,98.08,1.85,0.04,0.07,27.32,beneficiary,Suryoday Small Finance Bank Limited
2026-05,99.37,0.49,0.14,0.15,27.23,beneficiary,Rajasthan Marudhara Gramin Bank
2026-05,98.77,0.62,0.09,0.61,25.1,beneficiary,Chaitanya Godavari Grameena Bank
2026-05,98.71,0.38,0.33,0.91,23.73,beneficiary,Telangana Grameena Bank
2026-05,99.27,0.58,0.11,0.15,20.89,beneficiary,Citibank Corporate
2026-05,99.22,0.06,0.41,0.72,19.45,beneficiary,Maharashtra Gramin Bank
2026-05,98.54,0.16,0.19,1.3,17.27,beneficiary,Esaf Small Finance Bank Ltd
2026-06,99.99,0.0,0.0,0.0,9375.26,beneficiary,Yes Bank Ltd.
2026-06,99.88,0.12,0.0,0.0,2384.43,beneficiary,Axis Bank Ltd.
2026-06,99.59,0.19,0.09,0.22,2245.46,beneficiary,State Bank of India
2026-06,99.76,0.23,0.0,0.01,1081.79,beneficiary,HDFC Bank Ltd.
2026-06,99.0,0.48,0.05,0.52,615.44,beneficiary,Bank of Baroda
2026-06,98.37,0.38,0.11,1.25,561.06,beneficiary,Punjab National Bank
2026-06,99.73,0.14,0.02,0.13,543.66,beneficiary,Union Bank of India
2026-06,99.73,0.2,0.01,0.06,516.05,beneficiary,Canara Bank
2026-06,94.53,5.4,0.03,0.07,502.3,beneficiary,Airtel Payments Bank Limited
2026-06,99.29,0.7,0.01,0.01,459.42,beneficiary,Kotak Mahindra Bank
2026-06,99.57,0.4,0.01,0.03,441.77,beneficiary,ICICI Bank Ltd.
2026-06,99.1,0.78,0.02,0.11,377.75,beneficiary,India Post Payments Bank Limited
2026-06,99.81,0.18,0.0,0.01,362.31,beneficiary,Federal Bank Ltd.
2026-06,99.38,0.4,0.07,0.22,310.22,beneficiary,Indian Bank
2026-06,98.77,0.96,0.04,0.27,300.17,beneficiary,Bank Of India
2026-06,99.97,0.01,0.0,0.02,232.38,beneficiary,Unity Small Finance Bank Limited
2026-06,99.43,0.54,0.03,0.03,192.31,beneficiary,Indusind Bank Ltd.
2026-06,98.57,0.65,0.35,0.77,180.79,beneficiary,Central Bank of India
2026-06,98.77,0.42,0.16,0.81,178.92,beneficiary,Indian Overseas Bank
2026-06,99.61,0.31,0.01,0.08,138.33,beneficiary,UCO Bank
2026-06,96.97,2.53,0.11,0.5,121.91,beneficiary,NSDL Payments Bank Limited
2026-06,98.54,1.15,0.06,0.31,89.35,beneficiary,Bank of Maharashtra
2026-06,99.28,0.54,0.01,0.18,85.81,beneficiary,IDBI Bank Ltd.
2026-06,99.3,0.69,0.01,0.01,85.17,beneficiary,Tri O Tech Solutions Private Limited
2026-06,94.9,4.54,0.04,0.56,81.62,beneficiary,Fino Payments Bank Ltd.
2026-06,97.71,2.15,0.05,0.14,79.95,beneficiary,JIO PAYMENTS BANK LTD
2026-06,99.13,0.83,0.04,0.04,67.57,beneficiary,The Jammu & Kashmir Bank Limited
2026-06,99.62,0.28,0.0,0.1,64.88,beneficiary,Karnataka Bank
2026-06,99.79,0.01,0.02,0.2,61.79,beneficiary,One Mobikwik Systems Limited
2026-06,99.59,0.22,0.1,0.19,58.67,beneficiary,BANDHAN BANK LIMITED
2026-06,99.64,0.15,0.06,0.21,58.23,beneficiary,Karur Vysya Bank
2026-06,99.8,0.09,0.03,0.11,56.62,beneficiary,RBL Bank Ltd.
2026-06,98.74,1.2,0.01,0.06,55.83,beneficiary,IDFC Bank Ltd.
2026-06,99.81,0.16,0.01,0.03,51.37,beneficiary,The South Indian Bank Limited
2026-06,96.92,0.34,0.76,2.74,48.71,beneficiary,Baroda U.P. Bank
2026-06,92.51,3.79,0.02,3.7,41.67,beneficiary,Slice Small Finance Bank
2026-06,98.04,0.79,0.1,1.18,41.63,beneficiary,Tamilnad Mercantile Bank Limited
2026-06,99.3,0.54,0.05,0.16,39.82,beneficiary,AU small Finance Bank
2026-06,99.18,0.17,0.21,0.65,33.43,beneficiary,KERALA GRAMIN BANK
2026-06,99.33,0.39,0.03,0.27,31.27,beneficiary,City Union Bank
2026-06,96.58,0.5,0.37,2.92,29.82,beneficiary,Punjab and Sind Bank
2026-06,99.6,0.24,0.1,0.15,29.34,beneficiary,UJJIVAN SMALL FINANCE BANK LIMITED
2026-06,98.62,0.38,0.5,1.0,27.78,beneficiary,Karnataka Gramin Bank
2026-06,99.01,0.59,0.26,0.4,27.76,beneficiary,Rajasthan Marudhara Gramin Bank
2026-06,99.36,0.55,0.04,0.09,24.25,beneficiary,CHAITANYA GODAVARI GRAMEENA BANK
2026-06,97.7,0.25,0.78,2.05,23.07,beneficiary,TELANGANA GRAMEENA BANK
2026-06,99.06,0.6,0.49,0.34,21.5,beneficiary,CITIBANK CORPORATE
2026-06,98.08,0.18,0.72,1.75,18.4,beneficiary,Maharashtra Gramin Bank
2026-06,98.28,0.15,0.43,1.57,17.1,beneficiary,ESAF SMALL FINANCE BANK LTD
2026-06,99.36,0.26,0.09,0.39,16.97,beneficiary,JANA SMALL FINANCE BANK LTD
2026-07,99.99,0.0,0.01,0.01,9707.360567,beneficiary,Yes Bank Ltd.
2026-07,99.87,0.13,0.0,0.0,2419.157844,beneficiary,Axis Bank Ltd.
2026-07,99.34,0.17,0.05,0.49,2356.93397,beneficiary,State Bank of India
2026-07,99.75,0.25,0.0,0.01,1155.150876,beneficiary,HDFC Bank Ltd.
2026-07,99.45,0.39,0.09,0.16,630.767952,beneficiary,Bank of Baroda
2026-07,99.22,0.36,0.19,0.42,590.530167,beneficiary,Punjab National Bank
2026-07,99.73,0.17,0.04,0.09,564.2555,beneficiary,Union Bank of India
2026-07,95.01,4.69,0.11,0.29,552.564268,beneficiary,Airtel Payments Bank Limited
2026-07,99.65,0.19,0.04,0.16,545.086312,beneficiary,Canara Bank
2026-07,99.27,0.71,0.04,0.01,486.649561,beneficiary,Kotak Mahindra Bank
2026-07,99.46,0.43,0.03,0.11,454.238641,beneficiary,ICICI Bank Ltd.
2026-07,98.37,1.09,0.23,0.54,399.926489,beneficiary,India Post Payments Bank Limited
2026-07,99.76,0.21,0.01,0.03,357.94067,beneficiary,Federal Bank Ltd.
2026-07,99.68,0.25,0.01,0.06,334.606419,beneficiary,Indian Bank
2026-07,98.17,1.14,0.12,0.68,313.918195,beneficiary,Bank of India
2026-07,99.97,0.0,0.0,0.02,270.554679,beneficiary,Unity Small Finance Bank Limited
2026-07,99.07,0.77,0.08,0.16,198.114641,beneficiary,Indusind Bank Ltd.
2026-07,97.11,1.33,0.35,1.56,192.280228,beneficiary,Central Bank of India
2026-07,99.49,0.41,0.05,0.09,187.836517,beneficiary,Indian Overseas Bank
2026-07,99.52,0.36,0.01,0.12,145.882982,beneficiary,UCO Bank
2026-07,95.6,4.14,0.07,0.27,125.620492,beneficiary,NSDL Payments Bank Limited
2026-07,99.02,0.96,0.0,0.02,91.369286,beneficiary,Bank of Maharashtra
2026-07,99.04,0.95,0.0,0.01,91.190404,beneficiary,Tri O Tech Solutions Private Limited
2026-07,98.11,0.71,0.22,1.18,88.808248,beneficiary,IDBI Bank Ltd.
2026-07,94.27,5.66,0.1,0.07,88.09896,beneficiary,Fino Payments Bank Ltd.
2026-07,95.68,4.28,0.02,0.04,82.700157,beneficiary,Jio Payments Bank Ltd
2026-07,99.15,0.77,0.06,0.08,71.580309,beneficiary,The Jammu & Kashmir Bank Limited
2026-07,99.72,0.01,0.03,0.27,68.7162,beneficiary,One Mobikwik Systems Limited
2026-07,98.94,0.28,0.02,0.78,67.686114,beneficiary,Karnataka Bank
2026-07,99.29,0.27,0.17,0.44,62.164573,beneficiary,Bandhan Bank Limited
2026-07,98.7,1.24,0.03,0.06,58.123691,beneficiary,Idfc Bank Ltd.
2026-07,99.8,0.09,0.02,0.11,55.459215,beneficiary,Rbl Bank Ltd.
2026-07,99.77,0.14,0.01,0.08,54.500104,beneficiary,The South Indian Bank Limited
2026-07,99.74,0.17,0.02,0.09,53.845302,beneficiary,Karur Vysya Bank
2026-07,98.16,0.36,0.4,1.47,52.0536,beneficiary,Baroda U.P. Bank
2026-07,92.22,5.65,0.01,2.14,47.097542,beneficiary,Slice Small Finance Bank Limited
2026-07,98.18,0.77,0.04,1.05,44.028009,beneficiary,Tamilnad Mercantile Bank Limited
2026-07,99.21,0.61,0.03,0.18,42.893436,beneficiary,AU Small Finance Bank
2026-07,99.75,0.12,0.12,0.13,36.455753,beneficiary,Kerala Gramin Bank
2026-07,99.51,0.29,0.02,0.2,33.375493,beneficiary,City Union Bank
2026-07,99.37,0.25,0.1,0.38,30.94294,beneficiary,Ujjivan Small Finance Bank Limited
2026-07,99.11,0.59,0.05,0.3,30.651898,beneficiary,Punjab And Sind Bank
2026-07,96.77,0.82,1.22,2.41,29.604638,beneficiary,Rajasthan Marudhara Gramin Bank
2026-07,99.46,0.26,0.18,0.29,29.166987,beneficiary,Karnataka Gramin Bank
2026-07,99.33,0.6,0.03,0.07,26.307314,beneficiary,Chaitanya Godavari Grameena Bank
2026-07,96.67,1.02,0.62,2.31,23.781875,beneficiary,Telangana Grameena Bank
2026-07,99.28,0.62,0.06,0.1,23.779068,beneficiary,Citibank Corporate
2026-07,99.54,0.22,0.05,0.24,19.278508,beneficiary,Jana Small Finance Bank Ltd
2026-07,98.94,0.07,0.46,0.99,18.715132,beneficiary,Maharashtra Gramin Bank
2026-07,99.2,0.14,0.12,0.65,17.781454,beneficiary,Esaf Small Finance Bank Ltd
2026-08,99.99,0.0,0.01,0.01,10002.580901,beneficiary,Yes Bank Ltd.
2026-08,99.85,0.15,0.01,0.0,2483.836989,beneficiary,Axis Bank Ltd.
2026-08,99.75,0.21,0.04,0.04,2440.226428,beneficiary,State Bank of India
2026-08,99.69,0.29,0.01,0.02,1227.7143,beneficiary,HDFC Bank Ltd.
2026-08,99.61,0.37,0.05,0.02,649.871783,beneficiary,Bank of Baroda
2026-08,99.54,0.38,0.04,0.08,625.446946,beneficiary,Punjab National Bank
2026-08,95.69,4.26,0.03,0.04,592.795602,beneficiary,Airtel Payments Bank Limited
2026-08,99.69,0.16,0.07,0.15,586.319738,beneficiary,Union Bank of India
2026-08,98.9,0.3,0.08,0.79,563.759425,beneficiary,Canara Bank
2026-08,99.26,0.7,0.03,0.03,502.927074,beneficiary,Kotak Mahindra Bank
2026-08,99.49,0.46,0.01,0.05,451.179094,beneficiary,ICICI Bank Ltd.
2026-08,98.71,1.09,0.03,0.19,418.521053,beneficiary,India Post Payments Bank Limited
2026-08,99.6,0.24,0.02,0.16,351.122581,beneficiary,Federal Bank Ltd.
2026-08,99.5,0.24,0.1,0.26,347.964976,beneficiary,Indian Bank
2026-08,98.73,1.18,0.02,0.09,323.662484,beneficiary,Bank Of India
2026-08,99.98,0.0,0.0,0.02,319.110452,beneficiary,Unity Small Finance Bank Limited
2026-08,99.18,0.71,0.08,0.12,203.990134,beneficiary,Indusind Bank Ltd.
2026-08,96.83,1.38,0.76,1.79,198.722242,beneficiary,Central Bank of India
2026-08,99.38,0.37,0.07,0.25,194.766168,beneficiary,Indian Overseas Bank
2026-08,99.55,0.28,0.03,0.17,152.159326,beneficiary,UCO Bank
2026-08,95.82,3.54,0.17,0.64,122.743063,beneficiary,NSDL Payments Bank Limited
2026-08,98.85,1.13,0.01,0.03,98.188159,beneficiary,Tri O Tech Solutions Private Limited
2026-08,99.14,0.53,0.02,0.32,95.165877,beneficiary,Bank of Maharashtra
2026-08,93.15,6.64,0.13,0.21,91.109121,beneficiary,Fino Payments Bank Ltd.
2026-08,99.25,0.52,0.02,0.22,90.626262,beneficiary,IDBI Bank Ltd.
2026-08,97.55,2.37,0.05,0.08,80.266435,beneficiary,Jio Payments Bank Ltd
2026-08,99.18,0.78,0.03,0.05,74.323874,beneficiary,The Jammu & Kashmir Bank Limited
2026-08,99.85,0.01,0.02,0.14,73.445494,beneficiary,One Mobikwik Systems Limited
2026-08,99.32,0.46,0.03,0.22,69.153096,beneficiary,Karnataka Bank Ltd.
2026-08,99.2,0.24,0.19,0.56,64.039835,beneficiary,Bandhan Bank Limited
2026-08,98.71,1.26,0.01,0.03,60.016621,beneficiary,IDFC Bank Ltd.
2026-08,97.66,0.35,0.57,1.99,57.071791,beneficiary,Baroda U.P. Bank
2026-08,99.67,0.2,0.02,0.13,56.012053,beneficiary,The South Indian Bank Limited
2026-08,99.82,0.11,0.01,0.07,55.663434,beneficiary,RBL Bank Ltd.
2026-08,93.77,6.18,0.02,0.05,55.038482,beneficiary,slice Small Finance Bank Limited
2026-08,99.73,0.19,0.02,0.08,51.518031,beneficiary,Karur Vysya Bank
2026-08,99.08,0.82,0.02,0.1,45.291816,beneficiary,AU small Finance Bank
2026-08,98.85,0.73,0.02,0.42,45.009736,beneficiary,Tamilnad Mercantile Bank Limited
2026-08,99.2,0.13,0.27,0.67,38.990573,beneficiary,Kerala Gramin Bank
2026-08,99.58,0.27,0.0,0.15,34.648664,beneficiary,City Union Bank
2026-08,97.06,0.62,0.51,2.32,31.989084,beneficiary,Punjab and Sind Bank
2026-08,98.68,0.81,0.19,0.52,31.924956,beneficiary,Rajasthan Marudhara Gramin Bank
2026-08,99.61,0.26,0.06,0.13,31.768294,beneficiary,Ujjivan Small Finance Bank Limited
2026-08,98.83,0.57,0.3,0.6,30.271637,beneficiary,Karnataka Gramin Bank
2026-08,99.41,0.49,0.05,0.1,27.85114,beneficiary,Chaitanya Godavari Grameena Bank
2026-08,99.33,0.31,0.11,0.36,23.711857,beneficiary,Telangana Grameena Bank
2026-08,99.16,0.81,0.03,0.04,23.611,beneficiary,Citibank Corporate
2026-08,98.71,0.24,0.58,1.05,19.294174,beneficiary,Maharashtra Gramin Bank
2026-08,99.48,0.27,0.06,0.25,19.250069,beneficiary,Jana Small Finance Bank Ltd
2026-08,98.22,0.38,0.24,1.4,18.788031,beneficiary,Dakshin Bihar Gramin Bank (Erstwhile Madhya Bihar Gramin Bank)
